Name,Item No,Vf,Imax,CCT,CRI,Cutout,Beam Angle,Wattage,Batch Code,Stock Code,BIS No,BIS SEC,MRP,MFG BY,IMAGE
Olyn 9,DTZ075X,12V DC,700mA,2700K, CRI>90,Φ82*H120mm,6°,9W,AJ/CG,ARAD0975/27/06/W,R-41159492,IS 10322 (PART 5/SEC1):2012,6399,"Guangdong Sat Technology Co. Ltd., No. 11 Lianbao Rd, Shengfeng District, Xiaolan Town, Zhongshan City, Guangdong, China – 528400",https://wsrv.nl/?url=https%3A%2F%2Fi.ibb.co%2FB2QN5Jpy%2FOlyn-9-white.png&output=webp&q=78
Olyn 9,DTZ075X,12V DC,700mA,2700K, CRI>90,Φ82*H120mm,6°,9W,AJ/CG,ARAD0975/27/06/B,R-41159492,IS 10322 (PART 5/SEC1):2012,6399,"Guangdong Sat Technology Co. Ltd., No. 11 Lianbao Rd, Shengfeng District, Xiaolan Town, Zhongshan City, Guangdong, China – 528400",https://wsrv.nl/?url=https%3A%2F%2Fi.ibb.co%2Fh1sqkkrV%2FOlyn-9-black.png&output=webp&q=78
Olyn 9,DTZ075X,12V DC,700mA,3000K, CRI>90,Φ82*H120mm,6°,9W,AJ/CG,ARAD0975/30/06/W,R-41159492,IS 10322 (PART 5/SEC1):2012,6399,"Guangdong Sat Technology Co. Ltd., No. 11 Lianbao Rd, Shengfeng District, Xiaolan Town, Zhongshan City, Guangdong, China – 528400",https://wsrv.nl/?url=https%3A%2F%2Fi.ibb.co%2FB2QN5Jpy%2FOlyn-9-white.png&output=webp&q=78
Olyn 9,DTZ075X,12V DC,700mA,3000K, CRI>90,Φ82*H120mm,6°,9W,AJ/CG,ARAD0975/30/06/B,R-41159492,IS 10322 (PART 5/SEC1):2012,6399,"Guangdong Sat Technology Co. Ltd., No. 11 Lianbao Rd, Shengfeng District, Xiaolan Town, Zhongshan City, Guangdong, China – 528400",https://wsrv.nl/?url=https%3A%2F%2Fi.ibb.co%2Fh1sqkkrV%2FOlyn-9-black.png&output=webp&q=78
Olyn 9,DTZ075X,12V DC,700mA,3500K, CRI>90,Φ82*H120mm,6°,9W,AJ/CG,ARAD0975/35/06/W,R-41159492,IS 10322 (PART 5/SEC1):2012,6399,"Guangdong Sat Technology Co. Ltd., No. 11 Lianbao Rd, Shengfeng District, Xiaolan Town, Zhongshan City, Guangdong, China – 528400",https://wsrv.nl/?url=https%3A%2F%2Fi.ibb.co%2FB2QN5Jpy%2FOlyn-9-white.png&output=webp&q=78
Olyn 9,DTZ075X,12V DC,700mA,3500K, CRI>90,Φ82*H120mm,6°,9W,AJ/CG,ARAD0975/35/06/B,R-41159492,IS 10322 (PART 5/SEC1):2012,6399,"Guangdong Sat Technology Co. Ltd., No. 11 Lianbao Rd, Shengfeng District, Xiaolan Town, Zhongshan City, Guangdong, China – 528400",https://wsrv.nl/?url=https%3A%2F%2Fi.ibb.co%2Fh1sqkkrV%2FOlyn-9-black.png&output=webp&q=78
Olyn 9,DTZ075X,12V DC,700mA,4000K, CRI>90,Φ82*H120mm,6°,9W,AJ/CG,ARAD0975/40/06/W,R-41159492,IS 10322 (PART 5/SEC1):2012,6399,"Guangdong Sat Technology Co. Ltd., No. 11 Lianbao Rd, Shengfeng District, Xiaolan Town, Zhongshan City, Guangdong, China – 528400",https://wsrv.nl/?url=https%3A%2F%2Fi.ibb.co%2FB2QN5Jpy%2FOlyn-9-white.png&output=webp&q=78
Olyn 9,DTZ075X,12V DC,700mA,4000K, CRI>90,Φ82*H120mm,6°,9W,AJ/CG,ARAD0975/40/06/B,R-41159492,IS 10322 (PART 5/SEC1):2012,6399,"Guangdong Sat Technology Co. Ltd., No. 11 Lianbao Rd, Shengfeng District, Xiaolan Town, Zhongshan City, Guangdong, China – 528400",https://wsrv.nl/?url=https%3A%2F%2Fi.ibb.co%2Fh1sqkkrV%2FOlyn-9-black.png&output=webp&q=78
Olyn 9,DTZ075X,12V DC,700mA,5000K, CRI>90,Φ82*H120mm,6°,9W,AJ/CG,ARAD0975/50/06/W,R-41159492,IS 10322 (PART 5/SEC1):2012,6399,"Guangdong Sat Technology Co. Ltd., No. 11 Lianbao Rd, Shengfeng District, Xiaolan Town, Zhongshan City, Guangdong, China – 528400",https://wsrv.nl/?url=https%3A%2F%2Fi.ibb.co%2FB2QN5Jpy%2FOlyn-9-white.png&output=webp&q=78
Olyn 9,DTZ075X,12V DC,700mA,5000K, CRI>90,Φ82*H120mm,6°,9W,AJ/CG,ARAD0975/50/06/B,R-41159492,IS 10322 (PART 5/SEC1):2012,6399,"Guangdong Sat Technology Co. Ltd., No. 11 Lianbao Rd, Shengfeng District, Xiaolan Town, Zhongshan City, Guangdong, China – 528400",https://wsrv.nl/?url=https%3A%2F%2Fi.ibb.co%2Fh1sqkkrV%2FOlyn-9-black.png&output=webp&q=78
Olyn 9,DTZ075X,36V DC,200mA,2700K, CRI>97,Φ82*H120mm,15°,9W,AJ/CG,ARAD0975/27/15/W,R-41159492,IS 10322 (PART 5/SEC1):2012,6399,"Guangdong Sat Technology Co. Ltd., No. 11 Lianbao Rd, Shengfeng District, Xiaolan Town, Zhongshan City, Guangdong, China – 528400",https://wsrv.nl/?url=https%3A%2F%2Fi.ibb.co%2FB2QN5Jpy%2FOlyn-9-white.png&output=webp&q=78
Olyn 9,DTZ075X,36V DC,200mA,2700K, CRI>97,Φ82*H120mm,15°,9W,AJ/CG,ARAD0975/27/15/B,R-41159492,IS 10322 (PART 5/SEC1):2012,6399,"Guangdong Sat Technology Co. Ltd., No. 11 Lianbao Rd, Shengfeng District, Xiaolan Town, Zhongshan City, Guangdong, China – 528400",https://wsrv.nl/?url=https%3A%2F%2Fi.ibb.co%2Fh1sqkkrV%2FOlyn-9-black.png&output=webp&q=78
Olyn 9,DTZ075X,36V DC,200mA,3000K, CRI>97,Φ82*H120mm,15°,9W,AJ/CG,ARAD0975/30/15/W,R-41159492,IS 10322 (PART 5/SEC1):2012,6399,"Guangdong Sat Technology Co. Ltd., No. 11 Lianbao Rd, Shengfeng District, Xiaolan Town, Zhongshan City, Guangdong, China – 528400",https://wsrv.nl/?url=https%3A%2F%2Fi.ibb.co%2FB2QN5Jpy%2FOlyn-9-white.png&output=webp&q=78
Olyn 9,DTZ075X,36V DC,200mA,3000K, CRI>97,Φ82*H120mm,15°,9W,AJ/CG,ARAD0975/30/15/B,R-41159492,IS 10322 (PART 5/SEC1):2012,6399,"Guangdong Sat Technology Co. Ltd., No. 11 Lianbao Rd, Shengfeng District, Xiaolan Town, Zhongshan City, Guangdong, China – 528400",https://wsrv.nl/?url=https%3A%2F%2Fi.ibb.co%2Fh1sqkkrV%2FOlyn-9-black.png&output=webp&q=78
Olyn 9,DTZ075X,36V DC,200mA,3500K, CRI>97,Φ82*H120mm,15°,9W,AJ/CG,ARAD0975/35/15/W,R-41159492,IS 10322 (PART 5/SEC1):2012,6399,"Guangdong Sat Technology Co. Ltd., No. 11 Lianbao Rd, Shengfeng District, Xiaolan Town, Zhongshan City, Guangdong, China – 528400",https://wsrv.nl/?url=https%3A%2F%2Fi.ibb.co%2FB2QN5Jpy%2FOlyn-9-white.png&output=webp&q=78
Olyn 9,DTZ075X,36V DC,200mA,3500K, CRI>97,Φ82*H120mm,15°,9W,AJ/CG,ARAD0975/35/15/B,R-41159492,IS 10322 (PART 5/SEC1):2012,6399,"Guangdong Sat Technology Co. Ltd., No. 11 Lianbao Rd, Shengfeng District, Xiaolan Town, Zhongshan City, Guangdong, China – 528400",https://wsrv.nl/?url=https%3A%2F%2Fi.ibb.co%2Fh1sqkkrV%2FOlyn-9-black.png&output=webp&q=78
Olyn 9,DTZ075X,36V DC,200mA,4000K, CRI>97,Φ82*H120mm,15°,9W,AJ/CG,ARAD0975/40/15/W,R-41159492,IS 10322 (PART 5/SEC1):2012,6399,"Guangdong Sat Technology Co. Ltd., No. 11 Lianbao Rd, Shengfeng District, Xiaolan Town, Zhongshan City, Guangdong, China – 528400",https://wsrv.nl/?url=https%3A%2F%2Fi.ibb.co%2FB2QN5Jpy%2FOlyn-9-white.png&output=webp&q=78
Olyn 9,DTZ075X,36V DC,200mA,4000K, CRI>97,Φ82*H120mm,15°,9W,AJ/CG,ARAD0975/40/15/B,R-41159492,IS 10322 (PART 5/SEC1):2012,6399,"Guangdong Sat Technology Co. Ltd., No. 11 Lianbao Rd, Shengfeng District, Xiaolan Town, Zhongshan City, Guangdong, China – 528400",https://wsrv.nl/?url=https%3A%2F%2Fi.ibb.co%2Fh1sqkkrV%2FOlyn-9-black.png&output=webp&q=78
Olyn 9,DTZ075X,36V DC,200mA,5000K, CRI>97,Φ82*H120mm,15°,9W,AJ/CG,ARAD0975/50/15/W,R-41159492,IS 10322 (PART 5/SEC1):2012,6399,"Guangdong Sat Technology Co. Ltd., No. 11 Lianbao Rd, Shengfeng District, Xiaolan Town, Zhongshan City, Guangdong, China – 528400",https://wsrv.nl/?url=https%3A%2F%2Fi.ibb.co%2FB2QN5Jpy%2FOlyn-9-white.png&output=webp&q=78
Olyn 9,DTZ075X,36V DC,200mA,5000K, CRI>97,Φ82*H120mm,15°,9W,AJ/CG,ARAD0975/50/15/B,R-41159492,IS 10322 (PART 5/SEC1):2012,6399,"Guangdong Sat Technology Co. Ltd., No. 11 Lianbao Rd, Shengfeng District, Xiaolan Town, Zhongshan City, Guangdong, China – 528400",https://wsrv.nl/?url=https%3A%2F%2Fi.ibb.co%2Fh1sqkkrV%2FOlyn-9-black.png&output=webp&q=78
Olyn 9,DTZ075X,36V DC,200mA,2700K, CRI>97,Φ82*H120mm,24°,9W,AJ/CG,ARAD0975/27/24/W,R-41159492,IS 10322 (PART 5/SEC1):2012,6399,"Guangdong Sat Technology Co. Ltd., No. 11 Lianbao Rd, Shengfeng District, Xiaolan Town, Zhongshan City, Guangdong, China – 528400",https://wsrv.nl/?url=https%3A%2F%2Fi.ibb.co%2FB2QN5Jpy%2FOlyn-9-white.png&output=webp&q=78
Olyn 9,DTZ075X,36V DC,200mA,2700K, CRI>97,Φ82*H120mm,24°,9W,AJ/CG,ARAD0975/27/24/B,R-41159492,IS 10322 (PART 5/SEC1):2012,6399,"Guangdong Sat Technology Co. Ltd., No. 11 Lianbao Rd, Shengfeng District, Xiaolan Town, Zhongshan City, Guangdong, China – 528400",https://wsrv.nl/?url=https%3A%2F%2Fi.ibb.co%2Fh1sqkkrV%2FOlyn-9-black.png&output=webp&q=78
Olyn 9,DTZ075X,36V DC,200mA,3000K, CRI>97,Φ82*H120mm,24°,9W,AJ/CG,ARAD0975/30/24/W,R-41159492,IS 10322 (PART 5/SEC1):2012,6399,"Guangdong Sat Technology Co. Ltd., No. 11 Lianbao Rd, Shengfeng District, Xiaolan Town, Zhongshan City, Guangdong, China – 528400",https://wsrv.nl/?url=https%3A%2F%2Fi.ibb.co%2FB2QN5Jpy%2FOlyn-9-white.png&output=webp&q=78
Olyn 9,DTZ075X,36V DC,200mA,3000K, CRI>97,Φ82*H120mm,24°,9W,AJ/CG,ARAD0975/30/24/B,R-41159492,IS 10322 (PART 5/SEC1):2012,6399,"Guangdong Sat Technology Co. Ltd., No. 11 Lianbao Rd, Shengfeng District, Xiaolan Town, Zhongshan City, Guangdong, China – 528400",https://wsrv.nl/?url=https%3A%2F%2Fi.ibb.co%2Fh1sqkkrV%2FOlyn-9-black.png&output=webp&q=78
Olyn 9,DTZ075X,36V DC,200mA,3500K, CRI>97,Φ82*H120mm,24°,9W,AJ/CG,ARAD0975/35/24/W,R-41159492,IS 10322 (PART 5/SEC1):2012,6399,"Guangdong Sat Technology Co. Ltd., No. 11 Lianbao Rd, Shengfeng District, Xiaolan Town, Zhongshan City, Guangdong, China – 528400",https://wsrv.nl/?url=https%3A%2F%2Fi.ibb.co%2FB2QN5Jpy%2FOlyn-9-white.png&output=webp&q=78
Olyn 9,DTZ075X,36V DC,200mA,3500K, CRI>97,Φ82*H120mm,24°,9W,AJ/CG,ARAD0975/35/24/B,R-41159492,IS 10322 (PART 5/SEC1):2012,6399,"Guangdong Sat Technology Co. Ltd., No. 11 Lianbao Rd, Shengfeng District, Xiaolan Town, Zhongshan City, Guangdong, China – 528400",https://wsrv.nl/?url=https%3A%2F%2Fi.ibb.co%2Fh1sqkkrV%2FOlyn-9-black.png&output=webp&q=78
Olyn 9,DTZ075X,36V DC,200mA,4000K, CRI>97,Φ82*H120mm,24°,9W,AJ/CG,ARAD0975/40/24/W,R-41159492,IS 10322 (PART 5/SEC1):2012,6399,"Guangdong Sat Technology Co. Ltd., No. 11 Lianbao Rd, Shengfeng District, Xiaolan Town, Zhongshan City, Guangdong, China – 528400",https://wsrv.nl/?url=https%3A%2F%2Fi.ibb.co%2FB2QN5Jpy%2FOlyn-9-white.png&output=webp&q=78
Olyn 9,DTZ075X,36V DC,200mA,4000K, CRI>97,Φ82*H120mm,24°,9W,AJ/CG,ARAD0975/40/24/B,R-41159492,IS 10322 (PART 5/SEC1):2012,6399,"Guangdong Sat Technology Co. Ltd., No. 11 Lianbao Rd, Shengfeng District, Xiaolan Town, Zhongshan City, Guangdong, China – 528400",https://wsrv.nl/?url=https%3A%2F%2Fi.ibb.co%2Fh1sqkkrV%2FOlyn-9-black.png&output=webp&q=78
Olyn 9,DTZ075X,36V DC,200mA,5000K, CRI>97,Φ82*H120mm,24°,9W,AJ/CG,ARAD0975/50/24/W,R-41159492,IS 10322 (PART 5/SEC1):2012,6399,"Guangdong Sat Technology Co. Ltd., No. 11 Lianbao Rd, Shengfeng District, Xiaolan Town, Zhongshan City, Guangdong, China – 528400",https://wsrv.nl/?url=https%3A%2F%2Fi.ibb.co%2FB2QN5Jpy%2FOlyn-9-white.png&output=webp&q=78
Olyn 9,DTZ075X,36V DC,200mA,5000K, CRI>97,Φ82*H120mm,24°,9W,AJ/CG,ARAD0975/50/24/B,R-41159492,IS 10322 (PART 5/SEC1):2012,6399,"Guangdong Sat Technology Co. Ltd., No. 11 Lianbao Rd, Shengfeng District, Xiaolan Town, Zhongshan City, Guangdong, China – 528400",https://wsrv.nl/?url=https%3A%2F%2Fi.ibb.co%2Fh1sqkkrV%2FOlyn-9-black.png&output=webp&q=78
Olyn 9,DTZ075X,36V DC,200mA,2700K, CRI>97,Φ82*H120mm,36°,9W,AJ/CG,ARAD0975/27/36/W,R-41159492,IS 10322 (PART 5/SEC1):2012,6399,"Guangdong Sat Technology Co. Ltd., No. 11 Lianbao Rd, Shengfeng District, Xiaolan Town, Zhongshan City, Guangdong, China – 528400",https://wsrv.nl/?url=https%3A%2F%2Fi.ibb.co%2FB2QN5Jpy%2FOlyn-9-white.png&output=webp&q=78
Olyn 9,DTZ075X,36V DC,200mA,2700K, CRI>97,Φ82*H120mm,36°,9W,AJ/CG,ARAD0975/27/36/B,R-41159492,IS 10322 (PART 5/SEC1):2012,6399,"Guangdong Sat Technology Co. Ltd., No. 11 Lianbao Rd, Shengfeng District, Xiaolan Town, Zhongshan City, Guangdong, China – 528400",https://wsrv.nl/?url=https%3A%2F%2Fi.ibb.co%2Fh1sqkkrV%2FOlyn-9-black.png&output=webp&q=78
Olyn 9,DTZ075X,36V DC,200mA,3000K, CRI>97,Φ82*H120mm,36°,9W,AJ/CG,ARAD0975/30/36/W,R-41159492,IS 10322 (PART 5/SEC1):2012,6399,"Guangdong Sat Technology Co. Ltd., No. 11 Lianbao Rd, Shengfeng District, Xiaolan Town, Zhongshan City, Guangdong, China – 528400",https://wsrv.nl/?url=https%3A%2F%2Fi.ibb.co%2FB2QN5Jpy%2FOlyn-9-white.png&output=webp&q=78
Olyn 9,DTZ075X,36V DC,200mA,3000K, CRI>97,Φ82*H120mm,36°,9W,AJ/CG,ARAD0975/30/36/B,R-41159492,IS 10322 (PART 5/SEC1):2012,6399,"Guangdong Sat Technology Co. Ltd., No. 11 Lianbao Rd, Shengfeng District, Xiaolan Town, Zhongshan City, Guangdong, China – 528400",https://wsrv.nl/?url=https%3A%2F%2Fi.ibb.co%2Fh1sqkkrV%2FOlyn-9-black.png&output=webp&q=78
Olyn 9,DTZ075X,36V DC,200mA,3500K, CRI>97,Φ82*H120mm,36°,9W,AJ/CG,ARAD0975/35/36/W,R-41159492,IS 10322 (PART 5/SEC1):2012,6399,"Guangdong Sat Technology Co. Ltd., No. 11 Lianbao Rd, Shengfeng District, Xiaolan Town, Zhongshan City, Guangdong, China – 528400",https://wsrv.nl/?url=https%3A%2F%2Fi.ibb.co%2FB2QN5Jpy%2FOlyn-9-white.png&output=webp&q=78
Olyn 9,DTZ075X,36V DC,200mA,3500K, CRI>97,Φ82*H120mm,36°,9W,AJ/CG,ARAD0975/35/36/B,R-41159492,IS 10322 (PART 5/SEC1):2012,6399,"Guangdong Sat Technology Co. Ltd., No. 11 Lianbao Rd, Shengfeng District, Xiaolan Town, Zhongshan City, Guangdong, China – 528400",https://wsrv.nl/?url=https%3A%2F%2Fi.ibb.co%2Fh1sqkkrV%2FOlyn-9-black.png&output=webp&q=78
Olyn 9,DTZ075X,36V DC,200mA,4000K, CRI>97,Φ82*H120mm,36°,9W,AJ/CG,ARAD0975/40/36/W,R-41159492,IS 10322 (PART 5/SEC1):2012,6399,"Guangdong Sat Technology Co. Ltd., No. 11 Lianbao Rd, Shengfeng District, Xiaolan Town, Zhongshan City, Guangdong, China – 528400",https://wsrv.nl/?url=https%3A%2F%2Fi.ibb.co%2FB2QN5Jpy%2FOlyn-9-white.png&output=webp&q=78
Olyn 9,DTZ075X,36V DC,200mA,4000K, CRI>97,Φ82*H120mm,36°,9W,AJ/CG,ARAD0975/40/36/B,R-41159492,IS 10322 (PART 5/SEC1):2012,6399,"Guangdong Sat Technology Co. Ltd., No. 11 Lianbao Rd, Shengfeng District, Xiaolan Town, Zhongshan City, Guangdong, China – 528400",https://wsrv.nl/?url=https%3A%2F%2Fi.ibb.co%2Fh1sqkkrV%2FOlyn-9-black.png&output=webp&q=78
Olyn 9,DTZ075X,36V DC,200mA,5000K, CRI>97,Φ82*H120mm,36°,9W,AJ/CG,ARAD0975/50/36/W,R-41159492,IS 10322 (PART 5/SEC1):2012,6399,"Guangdong Sat Technology Co. Ltd., No. 11 Lianbao Rd, Shengfeng District, Xiaolan Town, Zhongshan City, Guangdong, China – 528400",https://wsrv.nl/?url=https%3A%2F%2Fi.ibb.co%2FB2QN5Jpy%2FOlyn-9-white.png&output=webp&q=78
Olyn 9,DTZ075X,36V DC,200mA,5000K, CRI>97,Φ82*H120mm,36°,9W,AJ/CG,ARAD0975/50/36/B,R-41159492,IS 10322 (PART 5/SEC1):2012,6399,"Guangdong Sat Technology Co. Ltd., No. 11 Lianbao Rd, Shengfeng District, Xiaolan Town, Zhongshan City, Guangdong, China – 528400",https://wsrv.nl/?url=https%3A%2F%2Fi.ibb.co%2Fh1sqkkrV%2FOlyn-9-black.png&output=webp&q=78
Olyn 9,DTZ075X,36V DC,200mA,2700K, CRI>97,Φ82*H120mm,45°,9W,AJ/CG,ARAD0975/27/45/W,R-41159492,IS 10322 (PART 5/SEC1):2012,6399,"Guangdong Sat Technology Co. Ltd., No. 11 Lianbao Rd, Shengfeng District, Xiaolan Town, Zhongshan City, Guangdong, China – 528400",https://wsrv.nl/?url=https%3A%2F%2Fi.ibb.co%2FB2QN5Jpy%2FOlyn-9-white.png&output=webp&q=78
Olyn 9,DTZ075X,36V DC,200mA,2700K, CRI>97,Φ82*H120mm,45°,9W,AJ/CG,ARAD0975/27/45/B,R-41159492,IS 10322 (PART 5/SEC1):2012,6399,"Guangdong Sat Technology Co. Ltd., No. 11 Lianbao Rd, Shengfeng District, Xiaolan Town, Zhongshan City, Guangdong, China – 528400",https://wsrv.nl/?url=https%3A%2F%2Fi.ibb.co%2Fh1sqkkrV%2FOlyn-9-black.png&output=webp&q=78
Olyn 9,DTZ075X,36V DC,200mA,3000K, CRI>97,Φ82*H120mm,45°,9W,AJ/CG,ARAD0975/30/45/W,R-41159492,IS 10322 (PART 5/SEC1):2012,6399,"Guangdong Sat Technology Co. Ltd., No. 11 Lianbao Rd, Shengfeng District, Xiaolan Town, Zhongshan City, Guangdong, China – 528400",https://wsrv.nl/?url=https%3A%2F%2Fi.ibb.co%2FB2QN5Jpy%2FOlyn-9-white.png&output=webp&q=78
Olyn 9,DTZ075X,36V DC,200mA,3000K, CRI>97,Φ82*H120mm,45°,9W,AJ/CG,ARAD0975/30/45/B,R-41159492,IS 10322 (PART 5/SEC1):2012,6399,"Guangdong Sat Technology Co. Ltd., No. 11 Lianbao Rd, Shengfeng District, Xiaolan Town, Zhongshan City, Guangdong, China – 528400",https://wsrv.nl/?url=https%3A%2F%2Fi.ibb.co%2Fh1sqkkrV%2FOlyn-9-black.png&output=webp&q=78
Olyn 9,DTZ075X,36V DC,200mA,3500K, CRI>97,Φ82*H120mm,45°,9W,AJ/CG,ARAD0975/35/45/W,R-41159492,IS 10322 (PART 5/SEC1):2012,6399,"Guangdong Sat Technology Co. Ltd., No. 11 Lianbao Rd, Shengfeng District, Xiaolan Town, Zhongshan City, Guangdong, China – 528400",https://wsrv.nl/?url=https%3A%2F%2Fi.ibb.co%2FB2QN5Jpy%2FOlyn-9-white.png&output=webp&q=78
Olyn 9,DTZ075X,36V DC,200mA,3500K, CRI>97,Φ82*H120mm,45°,9W,AJ/CG,ARAD0975/35/45/B,R-41159492,IS 10322 (PART 5/SEC1):2012,6399,"Guangdong Sat Technology Co. Ltd., No. 11 Lianbao Rd, Shengfeng District, Xiaolan Town, Zhongshan City, Guangdong, China – 528400",https://wsrv.nl/?url=https%3A%2F%2Fi.ibb.co%2Fh1sqkkrV%2FOlyn-9-black.png&output=webp&q=78
Olyn 9,DTZ075X,36V DC,200mA,4000K, CRI>97,Φ82*H120mm,45°,9W,AJ/CG,ARAD0975/40/45/W,R-41159492,IS 10322 (PART 5/SEC1):2012,6399,"Guangdong Sat Technology Co. Ltd., No. 11 Lianbao Rd, Shengfeng District, Xiaolan Town, Zhongshan City, Guangdong, China – 528400",https://wsrv.nl/?url=https%3A%2F%2Fi.ibb.co%2FB2QN5Jpy%2FOlyn-9-white.png&output=webp&q=78
Olyn 9,DTZ075X,36V DC,200mA,4000K, CRI>97,Φ82*H120mm,45°,9W,AJ/CG,ARAD0975/40/45/B,R-41159492,IS 10322 (PART 5/SEC1):2012,6399,"Guangdong Sat Technology Co. Ltd., No. 11 Lianbao Rd, Shengfeng District, Xiaolan Town, Zhongshan City, Guangdong, China – 528400",https://wsrv.nl/?url=https%3A%2F%2Fi.ibb.co%2Fh1sqkkrV%2FOlyn-9-black.png&output=webp&q=78
Olyn 9,DTZ075X,36V DC,200mA,5000K, CRI>97,Φ82*H120mm,45°,9W,AJ/CG,ARAD0975/50/45/W,R-41159492,IS 10322 (PART 5/SEC1):2012,6399,"Guangdong Sat Technology Co. Ltd., No. 11 Lianbao Rd, Shengfeng District, Xiaolan Town, Zhongshan City, Guangdong, China – 528400",https://wsrv.nl/?url=https%3A%2F%2Fi.ibb.co%2FB2QN5Jpy%2FOlyn-9-white.png&output=webp&q=78
Olyn 9,DTZ075X,36V DC,200mA,5000K, CRI>97,Φ82*H120mm,45°,9W,AJ/CG,ARAD0975/50/45/B,R-41159492,IS 10322 (PART 5/SEC1):2012,6399,"Guangdong Sat Technology Co. Ltd., No. 11 Lianbao Rd, Shengfeng District, Xiaolan Town, Zhongshan City, Guangdong, China – 528400",https://wsrv.nl/?url=https%3A%2F%2Fi.ibb.co%2Fh1sqkkrV%2FOlyn-9-black.png&output=webp&q=78
Olyn 9 Houdini,DTZ075X,36V DC,200mA,2700K, CRI>90,Φ82*H120mm,6°,9W,AJ/CG,ARAD0975/27/06/TL,R-41159492,IS 10322 (PART 5/SEC1):2012,6999,"Guangdong Sat Technology Co. Ltd., No. 11 Lianbao Rd, Shengfeng District, Xiaolan Town, Zhongshan City, Guangdong, China – 528400",https://wsrv.nl/?url=https%3A%2F%2Fi.ibb.co%2FspKjWhq4%2FOlyn-houdini-9-TL-Black.png&output=webp&q=78
Olyn 9 Houdini,DTZ075X,36V DC,200mA,3000K, CRI>90,Φ82*H120mm,6°,9W,AJ/CG,ARAD0975/30/06/TL,R-41159492,IS 10322 (PART 5/SEC1):2012,6999,"Guangdong Sat Technology Co. Ltd., No. 11 Lianbao Rd, Shengfeng District, Xiaolan Town, Zhongshan City, Guangdong, China – 528400",https://wsrv.nl/?url=https%3A%2F%2Fi.ibb.co%2FspKjWhq4%2FOlyn-houdini-9-TL-Black.png&output=webp&q=78
Olyn 9 Houdini,DTZ075X,36V DC,200mA,3500K, CRI>90,Φ82*H120mm,6°,9W,AJ/CG,ARAD0975/35/06/TL,R-41159492,IS 10322 (PART 5/SEC1):2012,6999,"Guangdong Sat Technology Co. Ltd., No. 11 Lianbao Rd, Shengfeng District, Xiaolan Town, Zhongshan City, Guangdong, China – 528400",https://wsrv.nl/?url=https%3A%2F%2Fi.ibb.co%2FspKjWhq4%2FOlyn-houdini-9-TL-Black.png&output=webp&q=78
Olyn 9 Houdini,DTZ075X,36V DC,200mA,4000K, CRI>90,Φ82*H120mm,6°,9W,AJ/CG,ARAD0975/40/06/TL,R-41159492,IS 10322 (PART 5/SEC1):2012,6999,"Guangdong Sat Technology Co. Ltd., No. 11 Lianbao Rd, Shengfeng District, Xiaolan Town, Zhongshan City, Guangdong, China – 528400",https://wsrv.nl/?url=https%3A%2F%2Fi.ibb.co%2FspKjWhq4%2FOlyn-houdini-9-TL-Black.png&output=webp&q=78
Olyn 9 Houdini,DTZ075X,36V DC,200mA,5000K, CRI>90,Φ82*H120mm,6°,9W,AJ/CG,ARAD0975/50/06/TL,R-41159492,IS 10322 (PART 5/SEC1):2012,6999,"Guangdong Sat Technology Co. Ltd., No. 11 Lianbao Rd, Shengfeng District, Xiaolan Town, Zhongshan City, Guangdong, China – 528400",https://wsrv.nl/?url=https%3A%2F%2Fi.ibb.co%2FspKjWhq4%2FOlyn-houdini-9-TL-Black.png&output=webp&q=78
Olyn 9 Houdini,DTZ075X,36V DC,200mA,2700K, CRI>97,Φ82*H120mm,15°,9W,AJ/CG,ARAD0975/27/15/TL,R-41159492,IS 10322 (PART 5/SEC1):2012,6999,"Guangdong Sat Technology Co. Ltd., No. 11 Lianbao Rd, Shengfeng District, Xiaolan Town, Zhongshan City, Guangdong, China – 528400",https://wsrv.nl/?url=https%3A%2F%2Fi.ibb.co%2FspKjWhq4%2FOlyn-houdini-9-TL-Black.png&output=webp&q=78
Olyn 9 Houdini,DTZ075X,36V DC,200mA,3000K, CRI>97,Φ82*H120mm,15°,9W,AJ/CG,ARAD0975/30/15/TL,R-41159492,IS 10322 (PART 5/SEC1):2012,6999,"Guangdong Sat Technology Co. Ltd., No. 11 Lianbao Rd, Shengfeng District, Xiaolan Town, Zhongshan City, Guangdong, China – 528400",https://wsrv.nl/?url=https%3A%2F%2Fi.ibb.co%2FspKjWhq4%2FOlyn-houdini-9-TL-Black.png&output=webp&q=78
Olyn 9 Houdini,DTZ075X,36V DC,200mA,3500K, CRI>97,Φ82*H120mm,15°,9W,AJ/CG,ARAD0975/35/15/TL,R-41159492,IS 10322 (PART 5/SEC1):2012,6999,"Guangdong Sat Technology Co. Ltd., No. 11 Lianbao Rd, Shengfeng District, Xiaolan Town, Zhongshan City, Guangdong, China – 528400",https://wsrv.nl/?url=https%3A%2F%2Fi.ibb.co%2FspKjWhq4%2FOlyn-houdini-9-TL-Black.png&output=webp&q=78
Olyn 9 Houdini,DTZ075X,36V DC,200mA,4000K, CRI>97,Φ82*H120mm,15°,9W,AJ/CG,ARAD0975/40/15/TL,R-41159492,IS 10322 (PART 5/SEC1):2012,6999,"Guangdong Sat Technology Co. Ltd., No. 11 Lianbao Rd, Shengfeng District, Xiaolan Town, Zhongshan City, Guangdong, China – 528400",https://wsrv.nl/?url=https%3A%2F%2Fi.ibb.co%2FspKjWhq4%2FOlyn-houdini-9-TL-Black.png&output=webp&q=78
Olyn 9 Houdini,DTZ075X,36V DC,200mA,5000K, CRI>97,Φ82*H120mm,15°,9W,AJ/CG,ARAD0975/50/15/TL,R-41159492,IS 10322 (PART 5/SEC1):2012,6999,"Guangdong Sat Technology Co. Ltd., No. 11 Lianbao Rd, Shengfeng District, Xiaolan Town, Zhongshan City, Guangdong, China – 528400",https://wsrv.nl/?url=https%3A%2F%2Fi.ibb.co%2FspKjWhq4%2FOlyn-houdini-9-TL-Black.png&output=webp&q=78
Olyn 9 Houdini,DTZ075X,36V DC,200mA,2700K, CRI>97,Φ82*H120mm,24°,9W,AJ/CG,ARAD0975/27/24/TL,R-41159492,IS 10322 (PART 5/SEC1):2012,6999,"Guangdong Sat Technology Co. Ltd., No. 11 Lianbao Rd, Shengfeng District, Xiaolan Town, Zhongshan City, Guangdong, China – 528400",https://wsrv.nl/?url=https%3A%2F%2Fi.ibb.co%2FspKjWhq4%2FOlyn-houdini-9-TL-Black.png&output=webp&q=78
Olyn 9 Houdini,DTZ075X,36V DC,200mA,3000K, CRI>97,Φ82*H120mm,24°,9W,AJ/CG,ARAD0975/30/24/TL,R-41159492,IS 10322 (PART 5/SEC1):2012,6999,"Guangdong Sat Technology Co. Ltd., No. 11 Lianbao Rd, Shengfeng District, Xiaolan Town, Zhongshan City, Guangdong, China – 528400",https://wsrv.nl/?url=https%3A%2F%2Fi.ibb.co%2FspKjWhq4%2FOlyn-houdini-9-TL-Black.png&output=webp&q=78
Olyn 9 Houdini,DTZ075X,36V DC,200mA,3500K, CRI>97,Φ82*H120mm,24°,9W,AJ/CG,ARAD0975/35/24/TL,R-41159492,IS 10322 (PART 5/SEC1):2012,6999,"Guangdong Sat Technology Co. Ltd., No. 11 Lianbao Rd, Shengfeng District, Xiaolan Town, Zhongshan City, Guangdong, China – 528400",https://wsrv.nl/?url=https%3A%2F%2Fi.ibb.co%2FspKjWhq4%2FOlyn-houdini-9-TL-Black.png&output=webp&q=78
Olyn 9 Houdini,DTZ075X,36V DC,200mA,4000K, CRI>97,Φ82*H120mm,24°,9W,AJ/CG,ARAD0975/40/24/TL,R-41159492,IS 10322 (PART 5/SEC1):2012,6999,"Guangdong Sat Technology Co. Ltd., No. 11 Lianbao Rd, Shengfeng District, Xiaolan Town, Zhongshan City, Guangdong, China – 528400",https://wsrv.nl/?url=https%3A%2F%2Fi.ibb.co%2FspKjWhq4%2FOlyn-houdini-9-TL-Black.png&output=webp&q=78
Olyn 9 Houdini,DTZ075X,36V DC,200mA,5000K, CRI>97,Φ82*H120mm,24°,9W,AJ/CG,ARAD0975/50/24/TL,R-41159492,IS 10322 (PART 5/SEC1):2012,6999,"Guangdong Sat Technology Co. Ltd., No. 11 Lianbao Rd, Shengfeng District, Xiaolan Town, Zhongshan City, Guangdong, China – 528400",https://wsrv.nl/?url=https%3A%2F%2Fi.ibb.co%2FspKjWhq4%2FOlyn-houdini-9-TL-Black.png&output=webp&q=78
Olyn 9 Houdini,DTZ075X,36V DC,200mA,2700K, CRI>97,Φ82*H120mm,36°,9W,AJ/CG,ARAD0975/27/36/TL,R-41159492,IS 10322 (PART 5/SEC1):2012,6999,"Guangdong Sat Technology Co. Ltd., No. 11 Lianbao Rd, Shengfeng District, Xiaolan Town, Zhongshan City, Guangdong, China – 528400",https://wsrv.nl/?url=https%3A%2F%2Fi.ibb.co%2FspKjWhq4%2FOlyn-houdini-9-TL-Black.png&output=webp&q=78
Olyn 9 Houdini,DTZ075X,36V DC,200mA,3000K, CRI>97,Φ82*H120mm,36°,9W,AJ/CG,ARAD0975/30/36/TL,R-41159492,IS 10322 (PART 5/SEC1):2012,6999,"Guangdong Sat Technology Co. Ltd., No. 11 Lianbao Rd, Shengfeng District, Xiaolan Town, Zhongshan City, Guangdong, China – 528400",https://wsrv.nl/?url=https%3A%2F%2Fi.ibb.co%2FspKjWhq4%2FOlyn-houdini-9-TL-Black.png&output=webp&q=78
Olyn 9 Houdini,DTZ075X,36V DC,200mA,3500K, CRI>97,Φ82*H120mm,36°,9W,AJ/CG,ARAD0975/35/36/TL,R-41159492,IS 10322 (PART 5/SEC1):2012,6999,"Guangdong Sat Technology Co. Ltd., No. 11 Lianbao Rd, Shengfeng District, Xiaolan Town, Zhongshan City, Guangdong, China – 528400",https://wsrv.nl/?url=https%3A%2F%2Fi.ibb.co%2FspKjWhq4%2FOlyn-houdini-9-TL-Black.png&output=webp&q=78
Olyn 9 Houdini,DTZ075X,36V DC,200mA,4000K, CRI>97,Φ82*H120mm,36°,9W,AJ/CG,ARAD0975/40/36/TL,R-41159492,IS 10322 (PART 5/SEC1):2012,6999,"Guangdong Sat Technology Co. Ltd., No. 11 Lianbao Rd, Shengfeng District, Xiaolan Town, Zhongshan City, Guangdong, China – 528400",https://wsrv.nl/?url=https%3A%2F%2Fi.ibb.co%2FspKjWhq4%2FOlyn-houdini-9-TL-Black.png&output=webp&q=78
Olyn 9 Houdini,DTZ075X,36V DC,200mA,5000K, CRI>97,Φ82*H120mm,36°,9W,AJ/CG,ARAD0975/50/36/TL,R-41159492,IS 10322 (PART 5/SEC1):2012,6999,"Guangdong Sat Technology Co. Ltd., No. 11 Lianbao Rd, Shengfeng District, Xiaolan Town, Zhongshan City, Guangdong, China – 528400",https://wsrv.nl/?url=https%3A%2F%2Fi.ibb.co%2FspKjWhq4%2FOlyn-houdini-9-TL-Black.png&output=webp&q=78
Olyn 9 Houdini,DTZ075X,36V DC,200mA,2700K, CRI>97,Φ82*H120mm,45°,9W,AJ/CG,ARAD0975/27/45/TL,R-41159492,IS 10322 (PART 5/SEC1):2012,6999,"Guangdong Sat Technology Co. Ltd., No. 11 Lianbao Rd, Shengfeng District, Xiaolan Town, Zhongshan City, Guangdong, China – 528400",https://wsrv.nl/?url=https%3A%2F%2Fi.ibb.co%2FspKjWhq4%2FOlyn-houdini-9-TL-Black.png&output=webp&q=78
Olyn 9 Houdini,DTZ075X,36V DC,200mA,3000K, CRI>97,Φ82*H120mm,45°,9W,AJ/CG,ARAD0975/30/45/TL,R-41159492,IS 10322 (PART 5/SEC1):2012,6999,"Guangdong Sat Technology Co. Ltd., No. 11 Lianbao Rd, Shengfeng District, Xiaolan Town, Zhongshan City, Guangdong, China – 528400",https://wsrv.nl/?url=https%3A%2F%2Fi.ibb.co%2FspKjWhq4%2FOlyn-houdini-9-TL-Black.png&output=webp&q=78
Olyn 9 Houdini,DTZ075X,36V DC,200mA,3500K, CRI>97,Φ82*H120mm,45°,9W,AJ/CG,ARAD0975/35/45/TL,R-41159492,IS 10322 (PART 5/SEC1):2012,6999,"Guangdong Sat Technology Co. Ltd., No. 11 Lianbao Rd, Shengfeng District, Xiaolan Town, Zhongshan City, Guangdong, China – 528400",https://wsrv.nl/?url=https%3A%2F%2Fi.ibb.co%2FspKjWhq4%2FOlyn-houdini-9-TL-Black.png&output=webp&q=78
Olyn 9 Houdini,DTZ075X,36V DC,200mA,4000K, CRI>97,Φ82*H120mm,45°,9W,AJ/CG,ARAD0975/40/45/TL,R-41159492,IS 10322 (PART 5/SEC1):2012,6999,"Guangdong Sat Technology Co. Ltd., No. 11 Lianbao Rd, Shengfeng District, Xiaolan Town, Zhongshan City, Guangdong, China – 528400",https://wsrv.nl/?url=https%3A%2F%2Fi.ibb.co%2FspKjWhq4%2FOlyn-houdini-9-TL-Black.png&output=webp&q=78
Olyn 9 Houdini,DTZ075X,36V DC,200mA,5000K, CRI>97,Φ82*H120mm,45°,9W,AJ/CG,ARAD0975/50/45/TL,R-41159492,IS 10322 (PART 5/SEC1):2012,6999,"Guangdong Sat Technology Co. Ltd., No. 11 Lianbao Rd, Shengfeng District, Xiaolan Town, Zhongshan City, Guangdong, China – 528400",https://wsrv.nl/?url=https%3A%2F%2Fi.ibb.co%2FspKjWhq4%2FOlyn-houdini-9-TL-Black.png&output=webp&q=78
Olyn 9 Tunable,DTZ075X,36V DC,200mA,2700K~6500K, CRI>97,Φ82*H120mm,15°,9W,AJ/CG,ARAD0975/CT/15/W,R-41159492,IS 10322 (PART 5/SEC1):2012,7599,"Guangdong Sat Technology Co. Ltd., No. 11 Lianbao Rd, Shengfeng District, Xiaolan Town, Zhongshan City, Guangdong, China – 528400",https://wsrv.nl/?url=https%3A%2F%2Fi.ibb.co%2FB2QN5Jpy%2FOlyn-9-white.png&output=webp&q=78
Olyn 9 Tunable,DTZ075X,36V DC,200mA,2700K~6500K, CRI>97,Φ82*H120mm,15°,9W,AJ/CG,ARAD0975/CT/15/B,R-41159492,IS 10322 (PART 5/SEC1):2012,7599,"Guangdong Sat Technology Co. Ltd., No. 11 Lianbao Rd, Shengfeng District, Xiaolan Town, Zhongshan City, Guangdong, China – 528400",https://wsrv.nl/?url=https%3A%2F%2Fi.ibb.co%2Fh1sqkkrV%2FOlyn-9-black.png&output=webp&q=78
Olyn 9 Tunable,DTZ075X,36V DC,200mA,2700K~6500K, CRI>97,Φ82*H120mm,24°,9W,AJ/CG,ARAD0975/CT/24/W,R-41159492,IS 10322 (PART 5/SEC1):2012,7599,"Guangdong Sat Technology Co. Ltd., No. 11 Lianbao Rd, Shengfeng District, Xiaolan Town, Zhongshan City, Guangdong, China – 528400",https://wsrv.nl/?url=https%3A%2F%2Fi.ibb.co%2FB2QN5Jpy%2FOlyn-9-white.png&output=webp&q=78
Olyn 9 Tunable,DTZ075X,36V DC,200mA,2700K~6500K, CRI>97,Φ82*H120mm,24°,9W,AJ/CG,ARAD0975/CT/24/B,R-41159492,IS 10322 (PART 5/SEC1):2012,7599,"Guangdong Sat Technology Co. Ltd., No. 11 Lianbao Rd, Shengfeng District, Xiaolan Town, Zhongshan City, Guangdong, China – 528400",https://wsrv.nl/?url=https%3A%2F%2Fi.ibb.co%2Fh1sqkkrV%2FOlyn-9-black.png&output=webp&q=78
Olyn 9 Tunable,DTZ075X,36V DC,200mA,2700K~6500K, CRI>97,Φ82*H120mm,36°,9W,AJ/CG,ARAD0975/CT/36/W,R-41159492,IS 10322 (PART 5/SEC1):2012,7599,"Guangdong Sat Technology Co. Ltd., No. 11 Lianbao Rd, Shengfeng District, Xiaolan Town, Zhongshan City, Guangdong, China – 528400",https://wsrv.nl/?url=https%3A%2F%2Fi.ibb.co%2FB2QN5Jpy%2FOlyn-9-white.png&output=webp&q=78
Olyn 9 Tunable,DTZ075X,36V DC,200mA,2700K~6500K, CRI>97,Φ82*H120mm,36°,9W,AJ/CG,ARAD0975/CT/36/B,R-41159492,IS 10322 (PART 5/SEC1):2012,7599,"Guangdong Sat Technology Co. Ltd., No. 11 Lianbao Rd, Shengfeng District, Xiaolan Town, Zhongshan City, Guangdong, China – 528400",https://wsrv.nl/?url=https%3A%2F%2Fi.ibb.co%2Fh1sqkkrV%2FOlyn-9-black.png&output=webp&q=78
Olyn 9 Tunable,DTZ075X,36V DC,200mA,2700K~6500K, CRI>97,Φ82*H120mm,45°,9W,AJ/CG,ARAD0975/CT/45/W,R-41159492,IS 10322 (PART 5/SEC1):2012,7599,"Guangdong Sat Technology Co. Ltd., No. 11 Lianbao Rd, Shengfeng District, Xiaolan Town, Zhongshan City, Guangdong, China – 528400",https://wsrv.nl/?url=https%3A%2F%2Fi.ibb.co%2FB2QN5Jpy%2FOlyn-9-white.png&output=webp&q=78
Olyn 9 Tunable,DTZ075X,36V DC,200mA,2700K~6500K, CRI>97,Φ82*H120mm,45°,9W,AJ/CG,ARAD0975/CT/45/B,R-41159492,IS 10322 (PART 5/SEC1):2012,7599,"Guangdong Sat Technology Co. Ltd., No. 11 Lianbao Rd, Shengfeng District, Xiaolan Town, Zhongshan City, Guangdong, China – 528400",https://wsrv.nl/?url=https%3A%2F%2Fi.ibb.co%2Fh1sqkkrV%2FOlyn-9-black.png&output=webp&q=78
Olyn 9 Houdini Tunable,DTZ075X,36V DC,200mA,2700K~6500K, CRI>97,Φ82*H120mm,15°,9W,AJ/CG,ARAD0975/CT/15/TL,R-41159492,IS 10322 (PART 5/SEC1):2012,8199,"Guangdong Sat Technology Co. Ltd., No. 11 Lianbao Rd, Shengfeng District, Xiaolan Town, Zhongshan City, Guangdong, China – 528400",https://wsrv.nl/?url=https%3A%2F%2Fi.ibb.co%2FspKjWhq4%2FOlyn-houdini-9-TL-Black.png&output=webp&q=78
Olyn 9 Houdini Tunable,DTZ075X,36V DC,200mA,2700K~6500K, CRI>97,Φ82*H120mm,24°,9W,AJ/CG,ARAD0975/CT/24/TL,R-41159492,IS 10322 (PART 5/SEC1):2012,8199,"Guangdong Sat Technology Co. Ltd., No. 11 Lianbao Rd, Shengfeng District, Xiaolan Town, Zhongshan City, Guangdong, China – 528400",https://wsrv.nl/?url=https%3A%2F%2Fi.ibb.co%2FspKjWhq4%2FOlyn-houdini-9-TL-Black.png&output=webp&q=78
Olyn 9 Houdini Tunable,DTZ075X,36V DC,200mA,2700K~6500K, CRI>97,Φ82*H120mm,36°,9W,AJ/CG,ARAD0975/CT/36/TL,R-41159492,IS 10322 (PART 5/SEC1):2012,8199,"Guangdong Sat Technology Co. Ltd., No. 11 Lianbao Rd, Shengfeng District, Xiaolan Town, Zhongshan City, Guangdong, China – 528400",https://wsrv.nl/?url=https%3A%2F%2Fi.ibb.co%2FspKjWhq4%2FOlyn-houdini-9-TL-Black.png&output=webp&q=78
Olyn 9 Houdini Tunable,DTZ075X,36V DC,200mA,2700K~6500K, CRI>97,Φ82*H120mm,45°,9W,AJ/CG,ARAD0975/CT/45/TL,R-41159492,IS 10322 (PART 5/SEC1):2012,8199,"Guangdong Sat Technology Co. Ltd., No. 11 Lianbao Rd, Shengfeng District, Xiaolan Town, Zhongshan City, Guangdong, China – 528400",https://wsrv.nl/?url=https%3A%2F%2Fi.ibb.co%2FspKjWhq4%2FOlyn-houdini-9-TL-Black.png&output=webp&q=78
Olyn 15,DTZ075X,36V DC,350mA,2700K, CRI>97,Φ82*H120mm,15°,15W,AJ/CG,ARAD1575/27/15/W,R-41159492,IS 10322 (PART 5/SEC1):2012,7399,"Guangdong Sat Technology Co. Ltd., No. 11 Lianbao Rd, Shengfeng District, Xiaolan Town, Zhongshan City, Guangdong, China – 528400",https://wsrv.nl/?url=https%3A%2F%2Fi.ibb.co%2FB2QN5Jpy%2FOlyn-15-white.png&output=webp&q=78
Olyn 15,DTZ075X,36V DC,350mA,2700K, CRI>97,Φ82*H120mm,15°,15W,AJ/CG,ARAD1575/27/15/B,R-41159492,IS 10322 (PART 5/SEC1):2012,7399,"Guangdong Sat Technology Co. Ltd., No. 11 Lianbao Rd, Shengfeng District, Xiaolan Town, Zhongshan City, Guangdong, China – 528400",https://wsrv.nl/?url=https%3A%2F%2Fi.ibb.co%2FJRfvfJFX%2FOlyn-15-black.png&output=webp&q=78
Olyn 15,DTZ075X,36V DC,350mA,3000K, CRI>97,Φ82*H120mm,15°,15W,AJ/CG,ARAD1575/30/15/W,R-41159492,IS 10322 (PART 5/SEC1):2012,7399,"Guangdong Sat Technology Co. Ltd., No. 11 Lianbao Rd, Shengfeng District, Xiaolan Town, Zhongshan City, Guangdong, China – 528400",https://wsrv.nl/?url=https%3A%2F%2Fi.ibb.co%2FB2QN5Jpy%2FOlyn-15-white.png&output=webp&q=78
Olyn 15,DTZ075X,36V DC,350mA,3000K, CRI>97,Φ82*H120mm,15°,15W,AJ/CG,ARAD1575/30/15/B,R-41159492,IS 10322 (PART 5/SEC1):2012,7399,"Guangdong Sat Technology Co. Ltd., No. 11 Lianbao Rd, Shengfeng District, Xiaolan Town, Zhongshan City, Guangdong, China – 528400",https://wsrv.nl/?url=https%3A%2F%2Fi.ibb.co%2FJRfvfJFX%2FOlyn-15-black.png&output=webp&q=78
Olyn 15,DTZ075X,36V DC,350mA,3500K, CRI>97,Φ82*H120mm,15°,15W,AJ/CG,ARAD1575/35/15/W,R-41159492,IS 10322 (PART 5/SEC1):2012,7399,"Guangdong Sat Technology Co. Ltd., No. 11 Lianbao Rd, Shengfeng District, Xiaolan Town, Zhongshan City, Guangdong, China – 528400",https://wsrv.nl/?url=https%3A%2F%2Fi.ibb.co%2FB2QN5Jpy%2FOlyn-15-white.png&output=webp&q=78
Olyn 15,DTZ075X,36V DC,350mA,3500K, CRI>97,Φ82*H120mm,15°,15W,AJ/CG,ARAD1575/35/15/B,R-41159492,IS 10322 (PART 5/SEC1):2012,7399,"Guangdong Sat Technology Co. Ltd., No. 11 Lianbao Rd, Shengfeng District, Xiaolan Town, Zhongshan City, Guangdong, China – 528400",https://wsrv.nl/?url=https%3A%2F%2Fi.ibb.co%2FJRfvfJFX%2FOlyn-15-black.png&output=webp&q=78
Olyn 15,DTZ075X,36V DC,350mA,4000K, CRI>97,Φ82*H120mm,15°,15W,AJ/CG,ARAD1575/40/15/W,R-41159492,IS 10322 (PART 5/SEC1):2012,7399,"Guangdong Sat Technology Co. Ltd., No. 11 Lianbao Rd, Shengfeng District, Xiaolan Town, Zhongshan City, Guangdong, China – 528400",https://wsrv.nl/?url=https%3A%2F%2Fi.ibb.co%2FB2QN5Jpy%2FOlyn-15-white.png&output=webp&q=78
Olyn 15,DTZ075X,36V DC,350mA,4000K, CRI>97,Φ82*H120mm,15°,15W,AJ/CG,ARAD1575/40/15/B,R-41159492,IS 10322 (PART 5/SEC1):2012,7399,"Guangdong Sat Technology Co. Ltd., No. 11 Lianbao Rd, Shengfeng District, Xiaolan Town, Zhongshan City, Guangdong, China – 528400",https://wsrv.nl/?url=https%3A%2F%2Fi.ibb.co%2FJRfvfJFX%2FOlyn-15-black.png&output=webp&q=78
Olyn 15,DTZ075X,36V DC,350mA,5000K, CRI>97,Φ82*H120mm,15°,15W,AJ/CG,ARAD1575/50/15/W,R-41159492,IS 10322 (PART 5/SEC1):2012,7399,"Guangdong Sat Technology Co. Ltd., No. 11 Lianbao Rd, Shengfeng District, Xiaolan Town, Zhongshan City, Guangdong, China – 528400",https://wsrv.nl/?url=https%3A%2F%2Fi.ibb.co%2FB2QN5Jpy%2FOlyn-15-white.png&output=webp&q=78
Olyn 15,DTZ075X,36V DC,350mA,5000K, CRI>97,Φ82*H120mm,15°,15W,AJ/CG,ARAD1575/50/15/B,R-41159492,IS 10322 (PART 5/SEC1):2012,7399,"Guangdong Sat Technology Co. Ltd., No. 11 Lianbao Rd, Shengfeng District, Xiaolan Town, Zhongshan City, Guangdong, China – 528400",https://wsrv.nl/?url=https%3A%2F%2Fi.ibb.co%2FJRfvfJFX%2FOlyn-15-black.png&output=webp&q=78
Olyn 15,DTZ075X,36V DC,350mA,2700K, CRI>97,Φ82*H120mm,24°,15W,AJ/CG,ARAD1575/27/24/W,R-41159492,IS 10322 (PART 5/SEC1):2012,7399,"Guangdong Sat Technology Co. Ltd., No. 11 Lianbao Rd, Shengfeng District, Xiaolan Town, Zhongshan City, Guangdong, China – 528400",https://wsrv.nl/?url=https%3A%2F%2Fi.ibb.co%2FB2QN5Jpy%2FOlyn-15-white.png&output=webp&q=78
Olyn 15,DTZ075X,36V DC,350mA,2700K, CRI>97,Φ82*H120mm,24°,15W,AJ/CG,ARAD1575/27/24/B,R-41159492,IS 10322 (PART 5/SEC1):2012,7399,"Guangdong Sat Technology Co. Ltd., No. 11 Lianbao Rd, Shengfeng District, Xiaolan Town, Zhongshan City, Guangdong, China – 528400",https://wsrv.nl/?url=https%3A%2F%2Fi.ibb.co%2FJRfvfJFX%2FOlyn-15-black.png&output=webp&q=78
Olyn 15,DTZ075X,36V DC,350mA,3000K, CRI>97,Φ82*H120mm,24°,15W,AJ/CG,ARAD1575/30/24/W,R-41159492,IS 10322 (PART 5/SEC1):2012,7399,"Guangdong Sat Technology Co. Ltd., No. 11 Lianbao Rd, Shengfeng District, Xiaolan Town, Zhongshan City, Guangdong, China – 528400",https://wsrv.nl/?url=https%3A%2F%2Fi.ibb.co%2FB2QN5Jpy%2FOlyn-15-white.png&output=webp&q=78
Olyn 15,DTZ075X,36V DC,350mA,3000K, CRI>97,Φ82*H120mm,24°,15W,AJ/CG,ARAD1575/30/24/B,R-41159492,IS 10322 (PART 5/SEC1):2012,7399,"Guangdong Sat Technology Co. Ltd., No. 11 Lianbao Rd, Shengfeng District, Xiaolan Town, Zhongshan City, Guangdong, China – 528400",https://wsrv.nl/?url=https%3A%2F%2Fi.ibb.co%2FJRfvfJFX%2FOlyn-15-black.png&output=webp&q=78
Olyn 15,DTZ075X,36V DC,350mA,3500K, CRI>97,Φ82*H120mm,24°,15W,AJ/CG,ARAD1575/35/24/W,R-41159492,IS 10322 (PART 5/SEC1):2012,7399,"Guangdong Sat Technology Co. Ltd., No. 11 Lianbao Rd, Shengfeng District, Xiaolan Town, Zhongshan City, Guangdong, China – 528400",https://wsrv.nl/?url=https%3A%2F%2Fi.ibb.co%2FB2QN5Jpy%2FOlyn-15-white.png&output=webp&q=78
Olyn 15,DTZ075X,36V DC,350mA,3500K, CRI>97,Φ82*H120mm,24°,15W,AJ/CG,ARAD1575/35/24/B,R-41159492,IS 10322 (PART 5/SEC1):2012,7399,"Guangdong Sat Technology Co. Ltd., No. 11 Lianbao Rd, Shengfeng District, Xiaolan Town, Zhongshan City, Guangdong, China – 528400",https://wsrv.nl/?url=https%3A%2F%2Fi.ibb.co%2FJRfvfJFX%2FOlyn-15-black.png&output=webp&q=78
Olyn 15,DTZ075X,36V DC,350mA,4000K, CRI>97,Φ82*H120mm,24°,15W,AJ/CG,ARAD1575/40/24/W,R-41159492,IS 10322 (PART 5/SEC1):2012,7399,"Guangdong Sat Technology Co. Ltd., No. 11 Lianbao Rd, Shengfeng District, Xiaolan Town, Zhongshan City, Guangdong, China – 528400",https://wsrv.nl/?url=https%3A%2F%2Fi.ibb.co%2FB2QN5Jpy%2FOlyn-15-white.png&output=webp&q=78
Olyn 15,DTZ075X,36V DC,350mA,4000K, CRI>97,Φ82*H120mm,24°,15W,AJ/CG,ARAD1575/40/24/B,R-41159492,IS 10322 (PART 5/SEC1):2012,7399,"Guangdong Sat Technology Co. Ltd., No. 11 Lianbao Rd, Shengfeng District, Xiaolan Town, Zhongshan City, Guangdong, China – 528400",https://wsrv.nl/?url=https%3A%2F%2Fi.ibb.co%2FJRfvfJFX%2FOlyn-15-black.png&output=webp&q=78
Olyn 15,DTZ075X,36V DC,350mA,5000K, CRI>97,Φ82*H120mm,24°,15W,AJ/CG,ARAD1575/50/24/W,R-41159492,IS 10322 (PART 5/SEC1):2012,7399,"Guangdong Sat Technology Co. Ltd., No. 11 Lianbao Rd, Shengfeng District, Xiaolan Town, Zhongshan City, Guangdong, China – 528400",https://wsrv.nl/?url=https%3A%2F%2Fi.ibb.co%2FB2QN5Jpy%2FOlyn-15-white.png&output=webp&q=78
Olyn 15,DTZ075X,36V DC,350mA,5000K, CRI>97,Φ82*H120mm,24°,15W,AJ/CG,ARAD1575/50/24/B,R-41159492,IS 10322 (PART 5/SEC1):2012,7399,"Guangdong Sat Technology Co. Ltd., No. 11 Lianbao Rd, Shengfeng District, Xiaolan Town, Zhongshan City, Guangdong, China – 528400",https://wsrv.nl/?url=https%3A%2F%2Fi.ibb.co%2FJRfvfJFX%2FOlyn-15-black.png&output=webp&q=78
Olyn 15,DTZ075X,36V DC,350mA,2700K, CRI>97,Φ82*H120mm,36°,15W,AJ/CG,ARAD1575/27/36/W,R-41159492,IS 10322 (PART 5/SEC1):2012,7399,"Guangdong Sat Technology Co. Ltd., No. 11 Lianbao Rd, Shengfeng District, Xiaolan Town, Zhongshan City, Guangdong, China – 528400",https://wsrv.nl/?url=https%3A%2F%2Fi.ibb.co%2FB2QN5Jpy%2FOlyn-15-white.png&output=webp&q=78
Olyn 15,DTZ075X,36V DC,350mA,2700K, CRI>97,Φ82*H120mm,36°,15W,AJ/CG,ARAD1575/27/36/B,R-41159492,IS 10322 (PART 5/SEC1):2012,7399,"Guangdong Sat Technology Co. Ltd., No. 11 Lianbao Rd, Shengfeng District, Xiaolan Town, Zhongshan City, Guangdong, China – 528400",https://wsrv.nl/?url=https%3A%2F%2Fi.ibb.co%2FJRfvfJFX%2FOlyn-15-black.png&output=webp&q=78
Olyn 15,DTZ075X,36V DC,350mA,3000K, CRI>97,Φ82*H120mm,36°,15W,AJ/CG,ARAD1575/30/36/W,R-41159492,IS 10322 (PART 5/SEC1):2012,7399,"Guangdong Sat Technology Co. Ltd., No. 11 Lianbao Rd, Shengfeng District, Xiaolan Town, Zhongshan City, Guangdong, China – 528400",https://wsrv.nl/?url=https%3A%2F%2Fi.ibb.co%2FB2QN5Jpy%2FOlyn-15-white.png&output=webp&q=78
Olyn 15,DTZ075X,36V DC,350mA,3000K, CRI>97,Φ82*H120mm,36°,15W,AJ/CG,ARAD1575/30/36/B,R-41159492,IS 10322 (PART 5/SEC1):2012,7399,"Guangdong Sat Technology Co. Ltd., No. 11 Lianbao Rd, Shengfeng District, Xiaolan Town, Zhongshan City, Guangdong, China – 528400",https://wsrv.nl/?url=https%3A%2F%2Fi.ibb.co%2FJRfvfJFX%2FOlyn-15-black.png&output=webp&q=78
Olyn 15,DTZ075X,36V DC,350mA,3500K, CRI>97,Φ82*H120mm,36°,15W,AJ/CG,ARAD1575/35/36/W,R-41159492,IS 10322 (PART 5/SEC1):2012,7399,"Guangdong Sat Technology Co. Ltd., No. 11 Lianbao Rd, Shengfeng District, Xiaolan Town, Zhongshan City, Guangdong, China – 528400",https://wsrv.nl/?url=https%3A%2F%2Fi.ibb.co%2FB2QN5Jpy%2FOlyn-15-white.png&output=webp&q=78
Olyn 15,DTZ075X,36V DC,350mA,3500K, CRI>97,Φ82*H120mm,36°,15W,AJ/CG,ARAD1575/35/36/B,R-41159492,IS 10322 (PART 5/SEC1):2012,7399,"Guangdong Sat Technology Co. Ltd., No. 11 Lianbao Rd, Shengfeng District, Xiaolan Town, Zhongshan City, Guangdong, China – 528400",https://wsrv.nl/?url=https%3A%2F%2Fi.ibb.co%2FJRfvfJFX%2FOlyn-15-black.png&output=webp&q=78
Olyn 15,DTZ075X,36V DC,350mA,4000K, CRI>97,Φ82*H120mm,36°,15W,AJ/CG,ARAD1575/40/36/W,R-41159492,IS 10322 (PART 5/SEC1):2012,7399,"Guangdong Sat Technology Co. Ltd., No. 11 Lianbao Rd, Shengfeng District, Xiaolan Town, Zhongshan City, Guangdong, China – 528400",https://wsrv.nl/?url=https%3A%2F%2Fi.ibb.co%2FB2QN5Jpy%2FOlyn-15-white.png&output=webp&q=78
Olyn 15,DTZ075X,36V DC,350mA,4000K, CRI>97,Φ82*H120mm,36°,15W,AJ/CG,ARAD1575/40/36/B,R-41159492,IS 10322 (PART 5/SEC1):2012,7399,"Guangdong Sat Technology Co. Ltd., No. 11 Lianbao Rd, Shengfeng District, Xiaolan Town, Zhongshan City, Guangdong, China – 528400",https://wsrv.nl/?url=https%3A%2F%2Fi.ibb.co%2FJRfvfJFX%2FOlyn-15-black.png&output=webp&q=78
Olyn 15,DTZ075X,36V DC,350mA,5000K, CRI>97,Φ82*H120mm,36°,15W,AJ/CG,ARAD1575/50/36/W,R-41159492,IS 10322 (PART 5/SEC1):2012,7399,"Guangdong Sat Technology Co. Ltd., No. 11 Lianbao Rd, Shengfeng District, Xiaolan Town, Zhongshan City, Guangdong, China – 528400",https://wsrv.nl/?url=https%3A%2F%2Fi.ibb.co%2FB2QN5Jpy%2FOlyn-15-white.png&output=webp&q=78
Olyn 15,DTZ075X,36V DC,350mA,5000K, CRI>97,Φ82*H120mm,36°,15W,AJ/CG,ARAD1575/50/36/B,R-41159492,IS 10322 (PART 5/SEC1):2012,7399,"Guangdong Sat Technology Co. Ltd., No. 11 Lianbao Rd, Shengfeng District, Xiaolan Town, Zhongshan City, Guangdong, China – 528400",https://wsrv.nl/?url=https%3A%2F%2Fi.ibb.co%2FJRfvfJFX%2FOlyn-15-black.png&output=webp&q=78
Olyn 15,DTZ075X,36V DC,350mA,2700K, CRI>97,Φ82*H120mm,45°,15W,AJ/CG,ARAD1575/27/45/W,R-41159492,IS 10322 (PART 5/SEC1):2012,7399,"Guangdong Sat Technology Co. Ltd., No. 11 Lianbao Rd, Shengfeng District, Xiaolan Town, Zhongshan City, Guangdong, China – 528400",https://wsrv.nl/?url=https%3A%2F%2Fi.ibb.co%2FB2QN5Jpy%2FOlyn-15-white.png&output=webp&q=78
Olyn 15,DTZ075X,36V DC,350mA,2700K, CRI>97,Φ82*H120mm,45°,15W,AJ/CG,ARAD1575/27/45/B,R-41159492,IS 10322 (PART 5/SEC1):2012,7399,"Guangdong Sat Technology Co. Ltd., No. 11 Lianbao Rd, Shengfeng District, Xiaolan Town, Zhongshan City, Guangdong, China – 528400",https://wsrv.nl/?url=https%3A%2F%2Fi.ibb.co%2FJRfvfJFX%2FOlyn-15-black.png&output=webp&q=78
Olyn 15,DTZ075X,36V DC,350mA,3000K, CRI>97,Φ82*H120mm,45°,15W,AJ/CG,ARAD1575/30/45/W,R-41159492,IS 10322 (PART 5/SEC1):2012,7399,"Guangdong Sat Technology Co. Ltd., No. 11 Lianbao Rd, Shengfeng District, Xiaolan Town, Zhongshan City, Guangdong, China – 528400",https://wsrv.nl/?url=https%3A%2F%2Fi.ibb.co%2FB2QN5Jpy%2FOlyn-15-white.png&output=webp&q=78
Olyn 15,DTZ075X,36V DC,350mA,3000K, CRI>97,Φ82*H120mm,45°,15W,AJ/CG,ARAD1575/30/45/B,R-41159492,IS 10322 (PART 5/SEC1):2012,7399,"Guangdong Sat Technology Co. Ltd., No. 11 Lianbao Rd, Shengfeng District, Xiaolan Town, Zhongshan City, Guangdong, China – 528400",https://wsrv.nl/?url=https%3A%2F%2Fi.ibb.co%2FJRfvfJFX%2FOlyn-15-black.png&output=webp&q=78
Olyn 15,DTZ075X,36V DC,350mA,3500K, CRI>97,Φ82*H120mm,45°,15W,AJ/CG,ARAD1575/35/45/W,R-41159492,IS 10322 (PART 5/SEC1):2012,7399,"Guangdong Sat Technology Co. Ltd., No. 11 Lianbao Rd, Shengfeng District, Xiaolan Town, Zhongshan City, Guangdong, China – 528400",https://wsrv.nl/?url=https%3A%2F%2Fi.ibb.co%2FB2QN5Jpy%2FOlyn-15-white.png&output=webp&q=78
Olyn 15,DTZ075X,36V DC,350mA,3500K, CRI>97,Φ82*H120mm,45°,15W,AJ/CG,ARAD1575/35/45/B,R-41159492,IS 10322 (PART 5/SEC1):2012,7399,"Guangdong Sat Technology Co. Ltd., No. 11 Lianbao Rd, Shengfeng District, Xiaolan Town, Zhongshan City, Guangdong, China – 528400",https://wsrv.nl/?url=https%3A%2F%2Fi.ibb.co%2FJRfvfJFX%2FOlyn-15-black.png&output=webp&q=78
Olyn 15,DTZ075X,36V DC,350mA,4000K, CRI>97,Φ82*H120mm,45°,15W,AJ/CG,ARAD1575/40/45/W,R-41159492,IS 10322 (PART 5/SEC1):2012,7399,"Guangdong Sat Technology Co. Ltd., No. 11 Lianbao Rd, Shengfeng District, Xiaolan Town, Zhongshan City, Guangdong, China – 528400",https://wsrv.nl/?url=https%3A%2F%2Fi.ibb.co%2FB2QN5Jpy%2FOlyn-15-white.png&output=webp&q=78
Olyn 15,DTZ075X,36V DC,350mA,4000K, CRI>97,Φ82*H120mm,45°,15W,AJ/CG,ARAD1575/40/45/B,R-41159492,IS 10322 (PART 5/SEC1):2012,7399,"Guangdong Sat Technology Co. Ltd., No. 11 Lianbao Rd, Shengfeng District, Xiaolan Town, Zhongshan City, Guangdong, China – 528400",https://wsrv.nl/?url=https%3A%2F%2Fi.ibb.co%2FJRfvfJFX%2FOlyn-15-black.png&output=webp&q=78
Olyn 15,DTZ075X,36V DC,350mA,5000K, CRI>97,Φ82*H120mm,45°,15W,AJ/CG,ARAD1575/50/45/W,R-41159492,IS 10322 (PART 5/SEC1):2012,7399,"Guangdong Sat Technology Co. Ltd., No. 11 Lianbao Rd, Shengfeng District, Xiaolan Town, Zhongshan City, Guangdong, China – 528400",https://wsrv.nl/?url=https%3A%2F%2Fi.ibb.co%2FB2QN5Jpy%2FOlyn-15-white.png&output=webp&q=78
Olyn 15,DTZ075X,36V DC,350mA,5000K, CRI>97,Φ82*H120mm,45°,15W,AJ/CG,ARAD1575/50/45/B,R-41159492,IS 10322 (PART 5/SEC1):2012,7399,"Guangdong Sat Technology Co. Ltd., No. 11 Lianbao Rd, Shengfeng District, Xiaolan Town, Zhongshan City, Guangdong, China – 528400",https://wsrv.nl/?url=https%3A%2F%2Fi.ibb.co%2FJRfvfJFX%2FOlyn-15-black.png&output=webp&q=78
Olyn 15 Houdini,DTZ075X,36V DC,350mA,2700K, CRI>97,Φ82*H120mm,15°,15W,AJ/CG,ARAD1575/27/15/TL,R-41159492,IS 10322 (PART 5/SEC1):2012,7999,"Guangdong Sat Technology Co. Ltd., No. 11 Lianbao Rd, Shengfeng District, Xiaolan Town, Zhongshan City, Guangdong, China – 528400",https://wsrv.nl/?url=https%3A%2F%2Fi.ibb.co%2FspKjWhq4%2FOlyn-houdini-15-TL-Black.png&output=webp&q=78
Olyn 15 Houdini,DTZ075X,36V DC,350mA,3000K, CRI>97,Φ82*H120mm,15°,15W,AJ/CG,ARAD1575/30/15/TL,R-41159492,IS 10322 (PART 5/SEC1):2012,7999,"Guangdong Sat Technology Co. Ltd., No. 11 Lianbao Rd, Shengfeng District, Xiaolan Town, Zhongshan City, Guangdong, China – 528400",https://wsrv.nl/?url=https%3A%2F%2Fi.ibb.co%2FspKjWhq4%2FOlyn-houdini-15-TL-Black.png&output=webp&q=78
Olyn 15 Houdini,DTZ075X,36V DC,350mA,3500K, CRI>97,Φ82*H120mm,15°,15W,AJ/CG,ARAD1575/35/15/TL,R-41159492,IS 10322 (PART 5/SEC1):2012,7999,"Guangdong Sat Technology Co. Ltd., No. 11 Lianbao Rd, Shengfeng District, Xiaolan Town, Zhongshan City, Guangdong, China – 528400",https://wsrv.nl/?url=https%3A%2F%2Fi.ibb.co%2FspKjWhq4%2FOlyn-houdini-15-TL-Black.png&output=webp&q=78
Olyn 15 Houdini,DTZ075X,36V DC,350mA,4000K, CRI>97,Φ82*H120mm,15°,15W,AJ/CG,ARAD1575/40/15/TL,R-41159492,IS 10322 (PART 5/SEC1):2012,7999,"Guangdong Sat Technology Co. Ltd., No. 11 Lianbao Rd, Shengfeng District, Xiaolan Town, Zhongshan City, Guangdong, China – 528400",https://wsrv.nl/?url=https%3A%2F%2Fi.ibb.co%2FspKjWhq4%2FOlyn-houdini-15-TL-Black.png&output=webp&q=78
Olyn 15 Houdini,DTZ075X,36V DC,350mA,5000K, CRI>97,Φ82*H120mm,15°,15W,AJ/CG,ARAD1575/50/15/TL,R-41159492,IS 10322 (PART 5/SEC1):2012,7999,"Guangdong Sat Technology Co. Ltd., No. 11 Lianbao Rd, Shengfeng District, Xiaolan Town, Zhongshan City, Guangdong, China – 528400",https://wsrv.nl/?url=https%3A%2F%2Fi.ibb.co%2FspKjWhq4%2FOlyn-houdini-15-TL-Black.png&output=webp&q=78
Olyn 15 Houdini,DTZ075X,36V DC,350mA,2700K, CRI>97,Φ82*H120mm,24°,15W,AJ/CG,ARAD1575/27/24/TL,R-41159492,IS 10322 (PART 5/SEC1):2012,7999,"Guangdong Sat Technology Co. Ltd., No. 11 Lianbao Rd, Shengfeng District, Xiaolan Town, Zhongshan City, Guangdong, China – 528400",https://wsrv.nl/?url=https%3A%2F%2Fi.ibb.co%2FspKjWhq4%2FOlyn-houdini-15-TL-Black.png&output=webp&q=78
Olyn 15 Houdini,DTZ075X,36V DC,350mA,3000K, CRI>97,Φ82*H120mm,24°,15W,AJ/CG,ARAD1575/30/24/TL,R-41159492,IS 10322 (PART 5/SEC1):2012,7999,"Guangdong Sat Technology Co. Ltd., No. 11 Lianbao Rd, Shengfeng District, Xiaolan Town, Zhongshan City, Guangdong, China – 528400",https://wsrv.nl/?url=https%3A%2F%2Fi.ibb.co%2FspKjWhq4%2FOlyn-houdini-15-TL-Black.png&output=webp&q=78
Olyn 15 Houdini,DTZ075X,36V DC,350mA,3500K, CRI>97,Φ82*H120mm,24°,15W,AJ/CG,ARAD1575/35/24/TL,R-41159492,IS 10322 (PART 5/SEC1):2012,7999,"Guangdong Sat Technology Co. Ltd., No. 11 Lianbao Rd, Shengfeng District, Xiaolan Town, Zhongshan City, Guangdong, China – 528400",https://wsrv.nl/?url=https%3A%2F%2Fi.ibb.co%2FspKjWhq4%2FOlyn-houdini-15-TL-Black.png&output=webp&q=78
Olyn 15 Houdini,DTZ075X,36V DC,350mA,4000K, CRI>97,Φ82*H120mm,24°,15W,AJ/CG,ARAD1575/40/24/TL,R-41159492,IS 10322 (PART 5/SEC1):2012,7999,"Guangdong Sat Technology Co. Ltd., No. 11 Lianbao Rd, Shengfeng District, Xiaolan Town, Zhongshan City, Guangdong, China – 528400",https://wsrv.nl/?url=https%3A%2F%2Fi.ibb.co%2FspKjWhq4%2FOlyn-houdini-15-TL-Black.png&output=webp&q=78
Olyn 15 Houdini,DTZ075X,36V DC,350mA,5000K, CRI>97,Φ82*H120mm,24°,15W,AJ/CG,ARAD1575/50/24/TL,R-41159492,IS 10322 (PART 5/SEC1):2012,7999,"Guangdong Sat Technology Co. Ltd., No. 11 Lianbao Rd, Shengfeng District, Xiaolan Town, Zhongshan City, Guangdong, China – 528400",https://wsrv.nl/?url=https%3A%2F%2Fi.ibb.co%2FspKjWhq4%2FOlyn-houdini-15-TL-Black.png&output=webp&q=78
Olyn 15 Houdini,DTZ075X,36V DC,350mA,2700K, CRI>97,Φ82*H120mm,36°,15W,AJ/CG,ARAD1575/27/36/TL,R-41159492,IS 10322 (PART 5/SEC1):2012,7999,"Guangdong Sat Technology Co. Ltd., No. 11 Lianbao Rd, Shengfeng District, Xiaolan Town, Zhongshan City, Guangdong, China – 528400",https://wsrv.nl/?url=https%3A%2F%2Fi.ibb.co%2FspKjWhq4%2FOlyn-houdini-15-TL-Black.png&output=webp&q=78
Olyn 15 Houdini,DTZ075X,36V DC,350mA,3000K, CRI>97,Φ82*H120mm,36°,15W,AJ/CG,ARAD1575/30/36/TL,R-41159492,IS 10322 (PART 5/SEC1):2012,7999,"Guangdong Sat Technology Co. Ltd., No. 11 Lianbao Rd, Shengfeng District, Xiaolan Town, Zhongshan City, Guangdong, China – 528400",https://wsrv.nl/?url=https%3A%2F%2Fi.ibb.co%2FspKjWhq4%2FOlyn-houdini-15-TL-Black.png&output=webp&q=78
Olyn 15 Houdini,DTZ075X,36V DC,350mA,3500K, CRI>97,Φ82*H120mm,36°,15W,AJ/CG,ARAD1575/35/36/TL,R-41159492,IS 10322 (PART 5/SEC1):2012,7999,"Guangdong Sat Technology Co. Ltd., No. 11 Lianbao Rd, Shengfeng District, Xiaolan Town, Zhongshan City, Guangdong, China – 528400",https://wsrv.nl/?url=https%3A%2F%2Fi.ibb.co%2FspKjWhq4%2FOlyn-houdini-15-TL-Black.png&output=webp&q=78
Olyn 15 Houdini,DTZ075X,36V DC,350mA,4000K, CRI>97,Φ82*H120mm,36°,15W,AJ/CG,ARAD1575/40/36/TL,R-41159492,IS 10322 (PART 5/SEC1):2012,7999,"Guangdong Sat Technology Co. Ltd., No. 11 Lianbao Rd, Shengfeng District, Xiaolan Town, Zhongshan City, Guangdong, China – 528400",https://wsrv.nl/?url=https%3A%2F%2Fi.ibb.co%2FspKjWhq4%2FOlyn-houdini-15-TL-Black.png&output=webp&q=78
Olyn 15 Houdini,DTZ075X,36V DC,350mA,5000K, CRI>97,Φ82*H120mm,36°,15W,AJ/CG,ARAD1575/50/36/TL,R-41159492,IS 10322 (PART 5/SEC1):2012,7999,"Guangdong Sat Technology Co. Ltd., No. 11 Lianbao Rd, Shengfeng District, Xiaolan Town, Zhongshan City, Guangdong, China – 528400",https://wsrv.nl/?url=https%3A%2F%2Fi.ibb.co%2FspKjWhq4%2FOlyn-houdini-15-TL-Black.png&output=webp&q=78
Olyn 15 Houdini,DTZ075X,36V DC,350mA,2700K, CRI>97,Φ82*H120mm,45°,15W,AJ/CG,ARAD1575/27/45/TL,R-41159492,IS 10322 (PART 5/SEC1):2012,7999,"Guangdong Sat Technology Co. Ltd., No. 11 Lianbao Rd, Shengfeng District, Xiaolan Town, Zhongshan City, Guangdong, China – 528400",https://wsrv.nl/?url=https%3A%2F%2Fi.ibb.co%2FspKjWhq4%2FOlyn-houdini-15-TL-Black.png&output=webp&q=78
Olyn 15 Houdini,DTZ075X,36V DC,350mA,3000K, CRI>97,Φ82*H120mm,45°,15W,AJ/CG,ARAD1575/30/45/TL,R-41159492,IS 10322 (PART 5/SEC1):2012,7999,"Guangdong Sat Technology Co. Ltd., No. 11 Lianbao Rd, Shengfeng District, Xiaolan Town, Zhongshan City, Guangdong, China – 528400",https://wsrv.nl/?url=https%3A%2F%2Fi.ibb.co%2FspKjWhq4%2FOlyn-houdini-15-TL-Black.png&output=webp&q=78
Olyn 15 Houdini,DTZ075X,36V DC,350mA,3500K, CRI>97,Φ82*H120mm,45°,15W,AJ/CG,ARAD1575/35/45/TL,R-41159492,IS 10322 (PART 5/SEC1):2012,7999,"Guangdong Sat Technology Co. Ltd., No. 11 Lianbao Rd, Shengfeng District, Xiaolan Town, Zhongshan City, Guangdong, China – 528400",https://wsrv.nl/?url=https%3A%2F%2Fi.ibb.co%2FspKjWhq4%2FOlyn-houdini-15-TL-Black.png&output=webp&q=78
Olyn 15 Houdini,DTZ075X,36V DC,350mA,4000K, CRI>97,Φ82*H120mm,45°,15W,AJ/CG,ARAD1575/40/45/TL,R-41159492,IS 10322 (PART 5/SEC1):2012,7999,"Guangdong Sat Technology Co. Ltd., No. 11 Lianbao Rd, Shengfeng District, Xiaolan Town, Zhongshan City, Guangdong, China – 528400",https://wsrv.nl/?url=https%3A%2F%2Fi.ibb.co%2FspKjWhq4%2FOlyn-houdini-15-TL-Black.png&output=webp&q=78
Olyn 15 Houdini,DTZ075X,36V DC,350mA,5000K, CRI>97,Φ82*H120mm,45°,15W,AJ/CG,ARAD1575/50/45/TL,R-41159492,IS 10322 (PART 5/SEC1):2012,7999,"Guangdong Sat Technology Co. Ltd., No. 11 Lianbao Rd, Shengfeng District, Xiaolan Town, Zhongshan City, Guangdong, China – 528400",https://wsrv.nl/?url=https%3A%2F%2Fi.ibb.co%2FspKjWhq4%2FOlyn-houdini-15-TL-Black.png&output=webp&q=78
Olyn 15 Tunable,DTZ075X,36V DC,350mA,2700K~6500K, CRI>97,Φ82*H120mm,15°,15W,AJ/CG,ARAD1575/CT/15/W,R-41159492,IS 10322 (PART 5/SEC1):2012,8599,"Guangdong Sat Technology Co. Ltd., No. 11 Lianbao Rd, Shengfeng District, Xiaolan Town, Zhongshan City, Guangdong, China – 528400",https://wsrv.nl/?url=https%3A%2F%2Fi.ibb.co%2FB2QN5Jpy%2FOlyn-15-white.png&output=webp&q=78
Olyn 15 Tunable,DTZ075X,36V DC,350mA,2700K~6500K, CRI>97,Φ82*H120mm,15°,15W,AJ/CG,ARAD1575/CT/15/B,R-41159492,IS 10322 (PART 5/SEC1):2012,8599,"Guangdong Sat Technology Co. Ltd., No. 11 Lianbao Rd, Shengfeng District, Xiaolan Town, Zhongshan City, Guangdong, China – 528400",https://wsrv.nl/?url=https%3A%2F%2Fi.ibb.co%2FJRfvfJFX%2FOlyn-15-black.png&output=webp&q=78
Olyn 15 Tunable,DTZ075X,36V DC,350mA,2700K~6500K, CRI>97,Φ82*H120mm,24°,15W,AJ/CG,ARAD1575/CT/24/W,R-41159492,IS 10322 (PART 5/SEC1):2012,8599,"Guangdong Sat Technology Co. Ltd., No. 11 Lianbao Rd, Shengfeng District, Xiaolan Town, Zhongshan City, Guangdong, China – 528400",https://wsrv.nl/?url=https%3A%2F%2Fi.ibb.co%2FB2QN5Jpy%2FOlyn-15-white.png&output=webp&q=78
Olyn 15 Tunable,DTZ075X,36V DC,350mA,2700K~6500K, CRI>97,Φ82*H120mm,24°,15W,AJ/CG,ARAD1575/CT/24/B,R-41159492,IS 10322 (PART 5/SEC1):2012,8599,"Guangdong Sat Technology Co. Ltd., No. 11 Lianbao Rd, Shengfeng District, Xiaolan Town, Zhongshan City, Guangdong, China – 528400",https://wsrv.nl/?url=https%3A%2F%2Fi.ibb.co%2FJRfvfJFX%2FOlyn-15-black.png&output=webp&q=78
Olyn 15 Tunable,DTZ075X,36V DC,350mA,2700K~6500K, CRI>97,Φ82*H120mm,36°,15W,AJ/CG,ARAD1575/CT/36/W,R-41159492,IS 10322 (PART 5/SEC1):2012,8599,"Guangdong Sat Technology Co. Ltd., No. 11 Lianbao Rd, Shengfeng District, Xiaolan Town, Zhongshan City, Guangdong, China – 528400",https://wsrv.nl/?url=https%3A%2F%2Fi.ibb.co%2FB2QN5Jpy%2FOlyn-15-white.png&output=webp&q=78
Olyn 15 Tunable,DTZ075X,36V DC,350mA,2700K~6500K, CRI>97,Φ82*H120mm,36°,15W,AJ/CG,ARAD1575/CT/36/B,R-41159492,IS 10322 (PART 5/SEC1):2012,8599,"Guangdong Sat Technology Co. Ltd., No. 11 Lianbao Rd, Shengfeng District, Xiaolan Town, Zhongshan City, Guangdong, China – 528400",https://wsrv.nl/?url=https%3A%2F%2Fi.ibb.co%2FJRfvfJFX%2FOlyn-15-black.png&output=webp&q=78
Olyn 15 Tunable,DTZ075X,36V DC,350mA,2700K~6500K, CRI>97,Φ82*H120mm,45°,15W,AJ/CG,ARAD1575/CT/45/W,R-41159492,IS 10322 (PART 5/SEC1):2012,8599,"Guangdong Sat Technology Co. Ltd., No. 11 Lianbao Rd, Shengfeng District, Xiaolan Town, Zhongshan City, Guangdong, China – 528400",https://wsrv.nl/?url=https%3A%2F%2Fi.ibb.co%2FB2QN5Jpy%2FOlyn-15-white.png&output=webp&q=78
Olyn 15 Tunable,DTZ075X,36V DC,350mA,2700K~6500K, CRI>97,Φ82*H120mm,45°,15W,AJ/CG,ARAD1575/CT/45/B,R-41159492,IS 10322 (PART 5/SEC1):2012,8599,"Guangdong Sat Technology Co. Ltd., No. 11 Lianbao Rd, Shengfeng District, Xiaolan Town, Zhongshan City, Guangdong, China – 528400",https://wsrv.nl/?url=https%3A%2F%2Fi.ibb.co%2FJRfvfJFX%2FOlyn-15-black.png&output=webp&q=78
Olyn15 Houdini Tunable,DTZ075X,36V DC,350mA,2700K~6500K, CRI>97,Φ82*H120mm,15°,15W,AJ/CG,ARAD1575/CT/15/TL,R-41159492,IS 10322 (PART 5/SEC1):2012,9199,"Guangdong Sat Technology Co. Ltd., No. 11 Lianbao Rd, Shengfeng District, Xiaolan Town, Zhongshan City, Guangdong, China – 528400",https://wsrv.nl/?url=https%3A%2F%2Fi.ibb.co%2FspKjWhq4%2FOlyn-houdini-15-TL-Black.png&output=webp&q=78
Olyn15 Houdini Tunable,DTZ075X,36V DC,350mA,2700K~6500K, CRI>97,Φ82*H120mm,24°,15W,AJ/CG,ARAD1575/CT/24/TL,R-41159492,IS 10322 (PART 5/SEC1):2012,9199,"Guangdong Sat Technology Co. Ltd., No. 11 Lianbao Rd, Shengfeng District, Xiaolan Town, Zhongshan City, Guangdong, China – 528400",https://wsrv.nl/?url=https%3A%2F%2Fi.ibb.co%2FspKjWhq4%2FOlyn-houdini-15-TL-Black.png&output=webp&q=78
Olyn15 Houdini Tunable,DTZ075X,36V DC,350mA,2700K~6500K, CRI>97,Φ82*H120mm,36°,15W,AJ/CG,ARAD1575/CT/36/TL,R-41159492,IS 10322 (PART 5/SEC1):2012,9199,"Guangdong Sat Technology Co. Ltd., No. 11 Lianbao Rd, Shengfeng District, Xiaolan Town, Zhongshan City, Guangdong, China – 528400",https://wsrv.nl/?url=https%3A%2F%2Fi.ibb.co%2FspKjWhq4%2FOlyn-houdini-15-TL-Black.png&output=webp&q=78
Olyn15 Houdini Tunable,DTZ075X,36V DC,350mA,2700K~6500K, CRI>97,Φ82*H120mm,45°,15W,AJ/CG,ARAD1575/CT/45/TL,R-41159492,IS 10322 (PART 5/SEC1):2012,9199,"Guangdong Sat Technology Co. Ltd., No. 11 Lianbao Rd, Shengfeng District, Xiaolan Town, Zhongshan City, Guangdong, China – 528400",https://wsrv.nl/?url=https%3A%2F%2Fi.ibb.co%2FspKjWhq4%2FOlyn-houdini-15-TL-Black.png&output=webp&q=78
Olyn Fit,DTZ075X,36V DC,350mA,2700K, CRI>97,Φ82*H90mm,15°,15W,AJ/CG,ARAD1575/27/15/W/V2,R-41159492,IS 10322 (PART 5/SEC1):2012,7399,"Guangdong Sat Technology Co. Ltd., No. 11 Lianbao Rd, Shengfeng District, Xiaolan Town, Zhongshan City, Guangdong, China – 528400",https://wsrv.nl/?url=https%3A%2F%2Fi.ibb.co%2FcK4xWHQF%2FOlyn-fit-V2-black-white.png&output=webp&q=78
Olyn Fit,DTZ075X,36V DC,350mA,2700K, CRI>97,Φ82*H90mm,15°,15W,AJ/CG,ARAD1575/27/15/B/V2,R-41159492,IS 10322 (PART 5/SEC1):2012,7399,"Guangdong Sat Technology Co. Ltd., No. 11 Lianbao Rd, Shengfeng District, Xiaolan Town, Zhongshan City, Guangdong, China – 528400",https://wsrv.nl/?url=https%3A%2F%2Fi.ibb.co%2F7xgPRqkQ%2FOlyn-fit-V2-black.png&output=webp&q=78
Olyn Fit,DTZ075X,36V DC,350mA,3000K, CRI>97,Φ82*H90mm,15°,15W,AJ/CG,ARAD1575/30/15/W/V2,R-41159492,IS 10322 (PART 5/SEC1):2012,7399,"Guangdong Sat Technology Co. Ltd., No. 11 Lianbao Rd, Shengfeng District, Xiaolan Town, Zhongshan City, Guangdong, China – 528400",https://wsrv.nl/?url=https%3A%2F%2Fi.ibb.co%2FcK4xWHQF%2FOlyn-fit-V2-black-white.png&output=webp&q=78
Olyn Fit,DTZ075X,36V DC,350mA,3000K, CRI>97,Φ82*H90mm,15°,15W,AJ/CG,ARAD1575/30/15/B/V2,R-41159492,IS 10322 (PART 5/SEC1):2012,7399,"Guangdong Sat Technology Co. Ltd., No. 11 Lianbao Rd, Shengfeng District, Xiaolan Town, Zhongshan City, Guangdong, China – 528400",https://wsrv.nl/?url=https%3A%2F%2Fi.ibb.co%2F7xgPRqkQ%2FOlyn-fit-V2-black.png&output=webp&q=78
Olyn Fit,DTZ075X,36V DC,350mA,3500K, CRI>97,Φ82*H90mm,15°,15W,AJ/CG,ARAD1575/35/15/W/V2,R-41159492,IS 10322 (PART 5/SEC1):2012,7399,"Guangdong Sat Technology Co. Ltd., No. 11 Lianbao Rd, Shengfeng District, Xiaolan Town, Zhongshan City, Guangdong, China – 528400",https://wsrv.nl/?url=https%3A%2F%2Fi.ibb.co%2FcK4xWHQF%2FOlyn-fit-V2-black-white.png&output=webp&q=78
Olyn Fit,DTZ075X,36V DC,350mA,3500K, CRI>97,Φ82*H90mm,15°,15W,AJ/CG,ARAD1575/35/15/B/V2,R-41159492,IS 10322 (PART 5/SEC1):2012,7399,"Guangdong Sat Technology Co. Ltd., No. 11 Lianbao Rd, Shengfeng District, Xiaolan Town, Zhongshan City, Guangdong, China – 528400",https://wsrv.nl/?url=https%3A%2F%2Fi.ibb.co%2F7xgPRqkQ%2FOlyn-fit-V2-black.png&output=webp&q=78
Olyn Fit,DTZ075X,36V DC,350mA,4000K, CRI>97,Φ82*H90mm,15°,15W,AJ/CG,ARAD1575/40/15/W/V2,R-41159492,IS 10322 (PART 5/SEC1):2012,7399,"Guangdong Sat Technology Co. Ltd., No. 11 Lianbao Rd, Shengfeng District, Xiaolan Town, Zhongshan City, Guangdong, China – 528400",https://wsrv.nl/?url=https%3A%2F%2Fi.ibb.co%2FcK4xWHQF%2FOlyn-fit-V2-black-white.png&output=webp&q=78
Olyn Fit,DTZ075X,36V DC,350mA,4000K, CRI>97,Φ82*H90mm,15°,15W,AJ/CG,ARAD1575/40/15/B/V2,R-41159492,IS 10322 (PART 5/SEC1):2012,7399,"Guangdong Sat Technology Co. Ltd., No. 11 Lianbao Rd, Shengfeng District, Xiaolan Town, Zhongshan City, Guangdong, China – 528400",https://wsrv.nl/?url=https%3A%2F%2Fi.ibb.co%2F7xgPRqkQ%2FOlyn-fit-V2-black.png&output=webp&q=78
Olyn Fit,DTZ075X,36V DC,350mA,5000K, CRI>97,Φ82*H90mm,15°,15W,AJ/CG,ARAD1575/50/15/W/V2,R-41159492,IS 10322 (PART 5/SEC1):2012,7399,"Guangdong Sat Technology Co. Ltd., No. 11 Lianbao Rd, Shengfeng District, Xiaolan Town, Zhongshan City, Guangdong, China – 528400",https://wsrv.nl/?url=https%3A%2F%2Fi.ibb.co%2FcK4xWHQF%2FOlyn-fit-V2-black-white.png&output=webp&q=78
Olyn Fit,DTZ075X,36V DC,350mA,5000K, CRI>97,Φ82*H90mm,15°,15W,AJ/CG,ARAD1575/50/15/B/V2,R-41159492,IS 10322 (PART 5/SEC1):2012,7399,"Guangdong Sat Technology Co. Ltd., No. 11 Lianbao Rd, Shengfeng District, Xiaolan Town, Zhongshan City, Guangdong, China – 528400",https://wsrv.nl/?url=https%3A%2F%2Fi.ibb.co%2F7xgPRqkQ%2FOlyn-fit-V2-black.png&output=webp&q=78
Olyn Fit,DTZ075X,36V DC,350mA,2700K, CRI>97,Φ82*H90mm,24°,15W,AJ/CG,ARAD1575/27/24/W/V2,R-41159492,IS 10322 (PART 5/SEC1):2012,7399,"Guangdong Sat Technology Co. Ltd., No. 11 Lianbao Rd, Shengfeng District, Xiaolan Town, Zhongshan City, Guangdong, China – 528400",https://wsrv.nl/?url=https%3A%2F%2Fi.ibb.co%2FcK4xWHQF%2FOlyn-fit-V2-black-white.png&output=webp&q=78
Olyn Fit,DTZ075X,36V DC,350mA,2700K, CRI>97,Φ82*H90mm,24°,15W,AJ/CG,ARAD1575/27/24/B/V2,R-41159492,IS 10322 (PART 5/SEC1):2012,7399,"Guangdong Sat Technology Co. Ltd., No. 11 Lianbao Rd, Shengfeng District, Xiaolan Town, Zhongshan City, Guangdong, China – 528400",https://wsrv.nl/?url=https%3A%2F%2Fi.ibb.co%2F7xgPRqkQ%2FOlyn-fit-V2-black.png&output=webp&q=78
Olyn Fit,DTZ075X,36V DC,350mA,3000K, CRI>97,Φ82*H90mm,24°,15W,AJ/CG,ARAD1575/30/24/W/V2,R-41159492,IS 10322 (PART 5/SEC1):2012,7399,"Guangdong Sat Technology Co. Ltd., No. 11 Lianbao Rd, Shengfeng District, Xiaolan Town, Zhongshan City, Guangdong, China – 528400",https://wsrv.nl/?url=https%3A%2F%2Fi.ibb.co%2FcK4xWHQF%2FOlyn-fit-V2-black-white.png&output=webp&q=78
Olyn Fit,DTZ075X,36V DC,350mA,3000K, CRI>97,Φ82*H90mm,24°,15W,AJ/CG,ARAD1575/30/24/B/V2,R-41159492,IS 10322 (PART 5/SEC1):2012,7399,"Guangdong Sat Technology Co. Ltd., No. 11 Lianbao Rd, Shengfeng District, Xiaolan Town, Zhongshan City, Guangdong, China – 528400",https://wsrv.nl/?url=https%3A%2F%2Fi.ibb.co%2F7xgPRqkQ%2FOlyn-fit-V2-black.png&output=webp&q=78
Olyn Fit,DTZ075X,36V DC,350mA,3500K, CRI>97,Φ82*H90mm,24°,15W,AJ/CG,ARAD1575/35/24/W/V2,R-41159492,IS 10322 (PART 5/SEC1):2012,7399,"Guangdong Sat Technology Co. Ltd., No. 11 Lianbao Rd, Shengfeng District, Xiaolan Town, Zhongshan City, Guangdong, China – 528400",https://wsrv.nl/?url=https%3A%2F%2Fi.ibb.co%2FcK4xWHQF%2FOlyn-fit-V2-black-white.png&output=webp&q=78
Olyn Fit,DTZ075X,36V DC,350mA,3500K, CRI>97,Φ82*H90mm,24°,15W,AJ/CG,ARAD1575/35/24/B/V2,R-41159492,IS 10322 (PART 5/SEC1):2012,7399,"Guangdong Sat Technology Co. Ltd., No. 11 Lianbao Rd, Shengfeng District, Xiaolan Town, Zhongshan City, Guangdong, China – 528400",https://wsrv.nl/?url=https%3A%2F%2Fi.ibb.co%2F7xgPRqkQ%2FOlyn-fit-V2-black.png&output=webp&q=78
Olyn Fit,DTZ075X,36V DC,350mA,4000K, CRI>97,Φ82*H90mm,24°,15W,AJ/CG,ARAD1575/40/24/W/V2,R-41159492,IS 10322 (PART 5/SEC1):2012,7399,"Guangdong Sat Technology Co. Ltd., No. 11 Lianbao Rd, Shengfeng District, Xiaolan Town, Zhongshan City, Guangdong, China – 528400",https://wsrv.nl/?url=https%3A%2F%2Fi.ibb.co%2FcK4xWHQF%2FOlyn-fit-V2-black-white.png&output=webp&q=78
Olyn Fit,DTZ075X,36V DC,350mA,4000K, CRI>97,Φ82*H90mm,24°,15W,AJ/CG,ARAD1575/40/24/B/V2,R-41159492,IS 10322 (PART 5/SEC1):2012,7399,"Guangdong Sat Technology Co. Ltd., No. 11 Lianbao Rd, Shengfeng District, Xiaolan Town, Zhongshan City, Guangdong, China – 528400",https://wsrv.nl/?url=https%3A%2F%2Fi.ibb.co%2F7xgPRqkQ%2FOlyn-fit-V2-black.png&output=webp&q=78
Olyn Fit,DTZ075X,36V DC,350mA,5000K, CRI>97,Φ82*H90mm,24°,15W,AJ/CG,ARAD1575/50/24/W/V2,R-41159492,IS 10322 (PART 5/SEC1):2012,7399,"Guangdong Sat Technology Co. Ltd., No. 11 Lianbao Rd, Shengfeng District, Xiaolan Town, Zhongshan City, Guangdong, China – 528400",https://wsrv.nl/?url=https%3A%2F%2Fi.ibb.co%2FcK4xWHQF%2FOlyn-fit-V2-black-white.png&output=webp&q=78
Olyn Fit,DTZ075X,36V DC,350mA,5000K, CRI>97,Φ82*H90mm,24°,15W,AJ/CG,ARAD1575/50/24/B/V2,R-41159492,IS 10322 (PART 5/SEC1):2012,7399,"Guangdong Sat Technology Co. Ltd., No. 11 Lianbao Rd, Shengfeng District, Xiaolan Town, Zhongshan City, Guangdong, China – 528400",https://wsrv.nl/?url=https%3A%2F%2Fi.ibb.co%2F7xgPRqkQ%2FOlyn-fit-V2-black.png&output=webp&q=78
Olyn Fit,DTZ075X,36V DC,350mA,2700K, CRI>97,Φ82*H90mm,36°,15W,AJ/CG,ARAD1575/27/36/W/V2,R-41159492,IS 10322 (PART 5/SEC1):2012,7399,"Guangdong Sat Technology Co. Ltd., No. 11 Lianbao Rd, Shengfeng District, Xiaolan Town, Zhongshan City, Guangdong, China – 528400",https://wsrv.nl/?url=https%3A%2F%2Fi.ibb.co%2FcK4xWHQF%2FOlyn-fit-V2-black-white.png&output=webp&q=78
Olyn Fit,DTZ075X,36V DC,350mA,2700K, CRI>97,Φ82*H90mm,36°,15W,AJ/CG,ARAD1575/27/36/B/V2,R-41159492,IS 10322 (PART 5/SEC1):2012,7399,"Guangdong Sat Technology Co. Ltd., No. 11 Lianbao Rd, Shengfeng District, Xiaolan Town, Zhongshan City, Guangdong, China – 528400",https://wsrv.nl/?url=https%3A%2F%2Fi.ibb.co%2F7xgPRqkQ%2FOlyn-fit-V2-black.png&output=webp&q=78
Olyn Fit,DTZ075X,36V DC,350mA,3000K, CRI>97,Φ82*H90mm,36°,15W,AJ/CG,ARAD1575/30/36/W/V2,R-41159492,IS 10322 (PART 5/SEC1):2012,7399,"Guangdong Sat Technology Co. Ltd., No. 11 Lianbao Rd, Shengfeng District, Xiaolan Town, Zhongshan City, Guangdong, China – 528400",https://wsrv.nl/?url=https%3A%2F%2Fi.ibb.co%2FcK4xWHQF%2FOlyn-fit-V2-black-white.png&output=webp&q=78
Olyn Fit,DTZ075X,36V DC,350mA,3000K, CRI>97,Φ82*H90mm,36°,15W,AJ/CG,ARAD1575/30/36/B/V2,R-41159492,IS 10322 (PART 5/SEC1):2012,7399,"Guangdong Sat Technology Co. Ltd., No. 11 Lianbao Rd, Shengfeng District, Xiaolan Town, Zhongshan City, Guangdong, China – 528400",https://wsrv.nl/?url=https%3A%2F%2Fi.ibb.co%2F7xgPRqkQ%2FOlyn-fit-V2-black.png&output=webp&q=78
Olyn Fit,DTZ075X,36V DC,350mA,3500K, CRI>97,Φ82*H90mm,36°,15W,AJ/CG,ARAD1575/35/36/W/V2,R-41159492,IS 10322 (PART 5/SEC1):2012,7399,"Guangdong Sat Technology Co. Ltd., No. 11 Lianbao Rd, Shengfeng District, Xiaolan Town, Zhongshan City, Guangdong, China – 528400",https://wsrv.nl/?url=https%3A%2F%2Fi.ibb.co%2FcK4xWHQF%2FOlyn-fit-V2-black-white.png&output=webp&q=78
Olyn Fit,DTZ075X,36V DC,350mA,3500K, CRI>97,Φ82*H90mm,36°,15W,AJ/CG,ARAD1575/35/36/B/V2,R-41159492,IS 10322 (PART 5/SEC1):2012,7399,"Guangdong Sat Technology Co. Ltd., No. 11 Lianbao Rd, Shengfeng District, Xiaolan Town, Zhongshan City, Guangdong, China – 528400",https://wsrv.nl/?url=https%3A%2F%2Fi.ibb.co%2F7xgPRqkQ%2FOlyn-fit-V2-black.png&output=webp&q=78
Olyn Fit,DTZ075X,36V DC,350mA,4000K, CRI>97,Φ82*H90mm,36°,15W,AJ/CG,ARAD1575/40/36/W/V2,R-41159492,IS 10322 (PART 5/SEC1):2012,7399,"Guangdong Sat Technology Co. Ltd., No. 11 Lianbao Rd, Shengfeng District, Xiaolan Town, Zhongshan City, Guangdong, China – 528400",https://wsrv.nl/?url=https%3A%2F%2Fi.ibb.co%2FcK4xWHQF%2FOlyn-fit-V2-black-white.png&output=webp&q=78
Olyn Fit,DTZ075X,36V DC,350mA,4000K, CRI>97,Φ82*H90mm,36°,15W,AJ/CG,ARAD1575/40/36/B/V2,R-41159492,IS 10322 (PART 5/SEC1):2012,7399,"Guangdong Sat Technology Co. Ltd., No. 11 Lianbao Rd, Shengfeng District, Xiaolan Town, Zhongshan City, Guangdong, China – 528400",https://wsrv.nl/?url=https%3A%2F%2Fi.ibb.co%2F7xgPRqkQ%2FOlyn-fit-V2-black.png&output=webp&q=78
Olyn Fit,DTZ075X,36V DC,350mA,5000K, CRI>97,Φ82*H90mm,36°,15W,AJ/CG,ARAD1575/50/36/W/V2,R-41159492,IS 10322 (PART 5/SEC1):2012,7399,"Guangdong Sat Technology Co. Ltd., No. 11 Lianbao Rd, Shengfeng District, Xiaolan Town, Zhongshan City, Guangdong, China – 528400",https://wsrv.nl/?url=https%3A%2F%2Fi.ibb.co%2FcK4xWHQF%2FOlyn-fit-V2-black-white.png&output=webp&q=78
Olyn Fit,DTZ075X,36V DC,350mA,5000K, CRI>97,Φ82*H90mm,36°,15W,AJ/CG,ARAD1575/50/36/B/V2,R-41159492,IS 10322 (PART 5/SEC1):2012,7399,"Guangdong Sat Technology Co. Ltd., No. 11 Lianbao Rd, Shengfeng District, Xiaolan Town, Zhongshan City, Guangdong, China – 528400",https://wsrv.nl/?url=https%3A%2F%2Fi.ibb.co%2F7xgPRqkQ%2FOlyn-fit-V2-black.png&output=webp&q=78
Olyn Fit,DTZ075X,36V DC,350mA,2700K, CRI>97,Φ82*H90mm,45°,15W,AJ/CG,ARAD1575/27/45/W/V2,R-41159492,IS 10322 (PART 5/SEC1):2012,7399,"Guangdong Sat Technology Co. Ltd., No. 11 Lianbao Rd, Shengfeng District, Xiaolan Town, Zhongshan City, Guangdong, China – 528400",https://wsrv.nl/?url=https%3A%2F%2Fi.ibb.co%2FcK4xWHQF%2FOlyn-fit-V2-black-white.png&output=webp&q=78
Olyn Fit,DTZ075X,36V DC,350mA,2700K, CRI>97,Φ82*H90mm,45°,15W,AJ/CG,ARAD1575/27/45/B/V2,R-41159492,IS 10322 (PART 5/SEC1):2012,7399,"Guangdong Sat Technology Co. Ltd., No. 11 Lianbao Rd, Shengfeng District, Xiaolan Town, Zhongshan City, Guangdong, China – 528400",https://wsrv.nl/?url=https%3A%2F%2Fi.ibb.co%2F7xgPRqkQ%2FOlyn-fit-V2-black.png&output=webp&q=78
Olyn Fit,DTZ075X,36V DC,350mA,3000K, CRI>97,Φ82*H90mm,45°,15W,AJ/CG,ARAD1575/30/45/W/V2,R-41159492,IS 10322 (PART 5/SEC1):2012,7399,"Guangdong Sat Technology Co. Ltd., No. 11 Lianbao Rd, Shengfeng District, Xiaolan Town, Zhongshan City, Guangdong, China – 528400",https://wsrv.nl/?url=https%3A%2F%2Fi.ibb.co%2FcK4xWHQF%2FOlyn-fit-V2-black-white.png&output=webp&q=78
Olyn Fit,DTZ075X,36V DC,350mA,3000K, CRI>97,Φ82*H90mm,45°,15W,AJ/CG,ARAD1575/30/45/B/V2,R-41159492,IS 10322 (PART 5/SEC1):2012,7399,"Guangdong Sat Technology Co. Ltd., No. 11 Lianbao Rd, Shengfeng District, Xiaolan Town, Zhongshan City, Guangdong, China – 528400",https://wsrv.nl/?url=https%3A%2F%2Fi.ibb.co%2F7xgPRqkQ%2FOlyn-fit-V2-black.png&output=webp&q=78
Olyn Fit,DTZ075X,36V DC,350mA,3500K, CRI>97,Φ82*H90mm,45°,15W,AJ/CG,ARAD1575/35/45/W/V2,R-41159492,IS 10322 (PART 5/SEC1):2012,7399,"Guangdong Sat Technology Co. Ltd., No. 11 Lianbao Rd, Shengfeng District, Xiaolan Town, Zhongshan City, Guangdong, China – 528400",https://wsrv.nl/?url=https%3A%2F%2Fi.ibb.co%2FcK4xWHQF%2FOlyn-fit-V2-black-white.png&output=webp&q=78
Olyn Fit,DTZ075X,36V DC,350mA,3500K, CRI>97,Φ82*H90mm,45°,15W,AJ/CG,ARAD1575/35/45/B/V2,R-41159492,IS 10322 (PART 5/SEC1):2012,7399,"Guangdong Sat Technology Co. Ltd., No. 11 Lianbao Rd, Shengfeng District, Xiaolan Town, Zhongshan City, Guangdong, China – 528400",https://wsrv.nl/?url=https%3A%2F%2Fi.ibb.co%2F7xgPRqkQ%2FOlyn-fit-V2-black.png&output=webp&q=78
Olyn Fit,DTZ075X,36V DC,350mA,4000K, CRI>97,Φ82*H90mm,45°,15W,AJ/CG,ARAD1575/40/45/W/V2,R-41159492,IS 10322 (PART 5/SEC1):2012,7399,"Guangdong Sat Technology Co. Ltd., No. 11 Lianbao Rd, Shengfeng District, Xiaolan Town, Zhongshan City, Guangdong, China – 528400",https://wsrv.nl/?url=https%3A%2F%2Fi.ibb.co%2FcK4xWHQF%2FOlyn-fit-V2-black-white.png&output=webp&q=78
Olyn Fit,DTZ075X,36V DC,350mA,4000K, CRI>97,Φ82*H90mm,45°,15W,AJ/CG,ARAD1575/40/45/B/V2,R-41159492,IS 10322 (PART 5/SEC1):2012,7399,"Guangdong Sat Technology Co. Ltd., No. 11 Lianbao Rd, Shengfeng District, Xiaolan Town, Zhongshan City, Guangdong, China – 528400",https://wsrv.nl/?url=https%3A%2F%2Fi.ibb.co%2F7xgPRqkQ%2FOlyn-fit-V2-black.png&output=webp&q=78
Olyn Fit,DTZ075X,36V DC,350mA,5000K, CRI>97,Φ82*H90mm,45°,15W,AJ/CG,ARAD1575/50/45/W/V2,R-41159492,IS 10322 (PART 5/SEC1):2012,7399,"Guangdong Sat Technology Co. Ltd., No. 11 Lianbao Rd, Shengfeng District, Xiaolan Town, Zhongshan City, Guangdong, China – 528400",https://wsrv.nl/?url=https%3A%2F%2Fi.ibb.co%2FcK4xWHQF%2FOlyn-fit-V2-black-white.png&output=webp&q=78
Olyn Fit,DTZ075X,36V DC,350mA,5000K, CRI>97,Φ82*H90mm,45°,15W,AJ/CG,ARAD1575/50/45/B/V2,R-41159492,IS 10322 (PART 5/SEC1):2012,7399,"Guangdong Sat Technology Co. Ltd., No. 11 Lianbao Rd, Shengfeng District, Xiaolan Town, Zhongshan City, Guangdong, China – 528400",https://wsrv.nl/?url=https%3A%2F%2Fi.ibb.co%2F7xgPRqkQ%2FOlyn-fit-V2-black.png&output=webp&q=78
Olyn Fit Tunable,DTZ075X,36V DC,350mA,2700K~6500K, CRI>97,Φ82*H90mm,15°,15W,AJ/CG,ARAD1575/CT/15/W/V2,R-41159492,IS 10322 (PART 5/SEC1):2012,8599,"Guangdong Sat Technology Co. Ltd., No. 11 Lianbao Rd, Shengfeng District, Xiaolan Town, Zhongshan City, Guangdong, China – 528400",https://wsrv.nl/?url=https%3A%2F%2Fi.ibb.co%2FcK4xWHQF%2FOlyn-fit-V2-black-white.png&output=webp&q=78
Olyn Fit Tunable,DTZ075X,36V DC,350mA,2700K~6500K, CRI>97,Φ82*H90mm,15°,15W,AJ/CG,ARAD1575/CT/15/B/V2,R-41159492,IS 10322 (PART 5/SEC1):2012,8599,"Guangdong Sat Technology Co. Ltd., No. 11 Lianbao Rd, Shengfeng District, Xiaolan Town, Zhongshan City, Guangdong, China – 528400",https://wsrv.nl/?url=https%3A%2F%2Fi.ibb.co%2F7xgPRqkQ%2FOlyn-fit-V2-black.png&output=webp&q=78
Olyn Fit Tunable,DTZ075X,36V DC,350mA,2700K~6500K, CRI>97,Φ82*H90mm,24°,15W,AJ/CG,ARAD1575/CT/24/W/V2,R-41159492,IS 10322 (PART 5/SEC1):2012,8599,"Guangdong Sat Technology Co. Ltd., No. 11 Lianbao Rd, Shengfeng District, Xiaolan Town, Zhongshan City, Guangdong, China – 528400",https://wsrv.nl/?url=https%3A%2F%2Fi.ibb.co%2FcK4xWHQF%2FOlyn-fit-V2-black-white.png&output=webp&q=78
Olyn Fit Tunable,DTZ075X,36V DC,350mA,2700K~6500K, CRI>97,Φ82*H90mm,24°,15W,AJ/CG,ARAD1575/CT/24/B/V2,R-41159492,IS 10322 (PART 5/SEC1):2012,8599,"Guangdong Sat Technology Co. Ltd., No. 11 Lianbao Rd, Shengfeng District, Xiaolan Town, Zhongshan City, Guangdong, China – 528400",https://wsrv.nl/?url=https%3A%2F%2Fi.ibb.co%2F7xgPRqkQ%2FOlyn-fit-V2-black.png&output=webp&q=78
Olyn Fit Tunable,DTZ075X,36V DC,350mA,2700K~6500K, CRI>97,Φ82*H90mm,36°,15W,AJ/CG,ARAD1575/CT/36/W/V2,R-41159492,IS 10322 (PART 5/SEC1):2012,8599,"Guangdong Sat Technology Co. Ltd., No. 11 Lianbao Rd, Shengfeng District, Xiaolan Town, Zhongshan City, Guangdong, China – 528400",https://wsrv.nl/?url=https%3A%2F%2Fi.ibb.co%2FcK4xWHQF%2FOlyn-fit-V2-black-white.png&output=webp&q=78
Olyn Fit Tunable,DTZ075X,36V DC,350mA,2700K~6500K, CRI>97,Φ82*H90mm,36°,15W,AJ/CG,ARAD1575/CT/36/B/V2,R-41159492,IS 10322 (PART 5/SEC1):2012,8599,"Guangdong Sat Technology Co. Ltd., No. 11 Lianbao Rd, Shengfeng District, Xiaolan Town, Zhongshan City, Guangdong, China – 528400",https://wsrv.nl/?url=https%3A%2F%2Fi.ibb.co%2F7xgPRqkQ%2FOlyn-fit-V2-black.png&output=webp&q=78
Olyn Fit Tunable,DTZ075X,36V DC,350mA,2700K~6500K, CRI>97,Φ82*H90mm,45°,15W,AJ/CG,ARAD1575/CT/45/W/V2,R-41159492,IS 10322 (PART 5/SEC1):2012,8599,"Guangdong Sat Technology Co. Ltd., No. 11 Lianbao Rd, Shengfeng District, Xiaolan Town, Zhongshan City, Guangdong, China – 528400",https://wsrv.nl/?url=https%3A%2F%2Fi.ibb.co%2FcK4xWHQF%2FOlyn-fit-V2-black-white.png&output=webp&q=78
Olyn Fit Tunable,DTZ075X,36V DC,350mA,2700K~6500K, CRI>97,Φ82*H90mm,45°,15W,AJ/CG,ARAD1575/CT/45/B/V2,R-41159492,IS 10322 (PART 5/SEC1):2012,8599,"Guangdong Sat Technology Co. Ltd., No. 11 Lianbao Rd, Shengfeng District, Xiaolan Town, Zhongshan City, Guangdong, China – 528400",https://wsrv.nl/?url=https%3A%2F%2Fi.ibb.co%2F7xgPRqkQ%2FOlyn-fit-V2-black.png&output=webp&q=78
Olyn Fit Houdini,DTZ075X,36V DC,350mA,2700K, CRI>97,Φ82*H90mm,15°,15W,AJ/CG,ARAD1575/27/15/V2/TL,R-41159492,IS 10322 (PART 5/SEC1):2012,7999,"Guangdong Sat Technology Co. Ltd., No. 11 Lianbao Rd, Shengfeng District, Xiaolan Town, Zhongshan City, Guangdong, China – 528400",https://wsrv.nl/?url=https%3A%2F%2Fi.ibb.co%2FnsSpWvpz%2FOlyn-fit-ARAD1575-trimless-Black.png&output=webp&q=78
Olyn Fit Houdini,DTZ075X,36V DC,350mA,2700K, CRI>97,Φ82*H90mm,24°,15W,AJ/CG,ARAD1575/27/24/V2/TL,R-41159492,IS 10322 (PART 5/SEC1):2012,7999,"Guangdong Sat Technology Co. Ltd., No. 11 Lianbao Rd, Shengfeng District, Xiaolan Town, Zhongshan City, Guangdong, China – 528400",https://wsrv.nl/?url=https%3A%2F%2Fi.ibb.co%2FnsSpWvpz%2FOlyn-fit-ARAD1575-trimless-Black.png&output=webp&q=78
Olyn Fit Houdini,DTZ075X,36V DC,350mA,2700K, CRI>97,Φ82*H90mm,36°,15W,AJ/CG,ARAD1575/27/36/V2/TL,R-41159492,IS 10322 (PART 5/SEC1):2012,7999,"Guangdong Sat Technology Co. Ltd., No. 11 Lianbao Rd, Shengfeng District, Xiaolan Town, Zhongshan City, Guangdong, China – 528400",https://wsrv.nl/?url=https%3A%2F%2Fi.ibb.co%2FnsSpWvpz%2FOlyn-fit-ARAD1575-trimless-Black.png&output=webp&q=78
Olyn Fit Houdini,DTZ075X,36V DC,350mA,2700K, CRI>97,Φ82*H90mm,45°,15W,AJ/CG,ARAD1575/27/45/V2/TL,R-41159492,IS 10322 (PART 5/SEC1):2012,7999,"Guangdong Sat Technology Co. Ltd., No. 11 Lianbao Rd, Shengfeng District, Xiaolan Town, Zhongshan City, Guangdong, China – 528400",https://wsrv.nl/?url=https%3A%2F%2Fi.ibb.co%2FnsSpWvpz%2FOlyn-fit-ARAD1575-trimless-Black.png&output=webp&q=78
Olyn Fit Houdini,DTZ075X,36V DC,350mA,3000K, CRI>97,Φ82*H90mm,15°,15W,AJ/CG,ARAD1575/30/15/V2/TL,R-41159492,IS 10322 (PART 5/SEC1):2012,7999,"Guangdong Sat Technology Co. Ltd., No. 11 Lianbao Rd, Shengfeng District, Xiaolan Town, Zhongshan City, Guangdong, China – 528400",https://wsrv.nl/?url=https%3A%2F%2Fi.ibb.co%2FnsSpWvpz%2FOlyn-fit-ARAD1575-trimless-Black.png&output=webp&q=78
Olyn Fit Houdini,DTZ075X,36V DC,350mA,3000K, CRI>97,Φ82*H90mm,24°,15W,AJ/CG,ARAD1575/30/24/V2/TL,R-41159492,IS 10322 (PART 5/SEC1):2012,7999,"Guangdong Sat Technology Co. Ltd., No. 11 Lianbao Rd, Shengfeng District, Xiaolan Town, Zhongshan City, Guangdong, China – 528400",https://wsrv.nl/?url=https%3A%2F%2Fi.ibb.co%2FnsSpWvpz%2FOlyn-fit-ARAD1575-trimless-Black.png&output=webp&q=78
Olyn Fit Houdini,DTZ075X,36V DC,350mA,3000K, CRI>97,Φ82*H90mm,36°,15W,AJ/CG,ARAD1575/30/36/V2/TL,R-41159492,IS 10322 (PART 5/SEC1):2012,7999,"Guangdong Sat Technology Co. Ltd., No. 11 Lianbao Rd, Shengfeng District, Xiaolan Town, Zhongshan City, Guangdong, China – 528400",https://wsrv.nl/?url=https%3A%2F%2Fi.ibb.co%2FnsSpWvpz%2FOlyn-fit-ARAD1575-trimless-Black.png&output=webp&q=78
Olyn Fit Houdini,DTZ075X,36V DC,350mA,3000K, CRI>97,Φ82*H90mm,45°,15W,AJ/CG,ARAD1575/30/45/V2/TL,R-41159492,IS 10322 (PART 5/SEC1):2012,7999,"Guangdong Sat Technology Co. Ltd., No. 11 Lianbao Rd, Shengfeng District, Xiaolan Town, Zhongshan City, Guangdong, China – 528400",https://wsrv.nl/?url=https%3A%2F%2Fi.ibb.co%2FnsSpWvpz%2FOlyn-fit-ARAD1575-trimless-Black.png&output=webp&q=78
Olyn Fit Houdini,DTZ075X,36V DC,350mA,3500K, CRI>97,Φ82*H90mm,15°,15W,AJ/CG,ARAD1575/35/15/V2/TL,R-41159492,IS 10322 (PART 5/SEC1):2012,7999,"Guangdong Sat Technology Co. Ltd., No. 11 Lianbao Rd, Shengfeng District, Xiaolan Town, Zhongshan City, Guangdong, China – 528400",https://wsrv.nl/?url=https%3A%2F%2Fi.ibb.co%2FnsSpWvpz%2FOlyn-fit-ARAD1575-trimless-Black.png&output=webp&q=78
Olyn Fit Houdini,DTZ075X,36V DC,350mA,3500K, CRI>97,Φ82*H90mm,24°,15W,AJ/CG,ARAD1575/35/24/V2/TL,R-41159492,IS 10322 (PART 5/SEC1):2012,7999,"Guangdong Sat Technology Co. Ltd., No. 11 Lianbao Rd, Shengfeng District, Xiaolan Town, Zhongshan City, Guangdong, China – 528400",https://wsrv.nl/?url=https%3A%2F%2Fi.ibb.co%2FnsSpWvpz%2FOlyn-fit-ARAD1575-trimless-Black.png&output=webp&q=78
Olyn Fit Houdini,DTZ075X,36V DC,350mA,3500K, CRI>97,Φ82*H90mm,36°,15W,AJ/CG,ARAD1575/35/36/V2/TL,R-41159492,IS 10322 (PART 5/SEC1):2012,7999,"Guangdong Sat Technology Co. Ltd., No. 11 Lianbao Rd, Shengfeng District, Xiaolan Town, Zhongshan City, Guangdong, China – 528400",https://wsrv.nl/?url=https%3A%2F%2Fi.ibb.co%2FnsSpWvpz%2FOlyn-fit-ARAD1575-trimless-Black.png&output=webp&q=78
Olyn Fit Houdini,DTZ075X,36V DC,350mA,3500K, CRI>97,Φ82*H90mm,45°,15W,AJ/CG,ARAD1575/35/45/V2/TL,R-41159492,IS 10322 (PART 5/SEC1):2012,7999,"Guangdong Sat Technology Co. Ltd., No. 11 Lianbao Rd, Shengfeng District, Xiaolan Town, Zhongshan City, Guangdong, China – 528400",https://wsrv.nl/?url=https%3A%2F%2Fi.ibb.co%2FnsSpWvpz%2FOlyn-fit-ARAD1575-trimless-Black.png&output=webp&q=78
Olyn Fit Houdini,DTZ075X,36V DC,350mA,4000K, CRI>97,Φ82*H90mm,15°,15W,AJ/CG,ARAD1575/40/15/V2/TL,R-41159492,IS 10322 (PART 5/SEC1):2012,7999,"Guangdong Sat Technology Co. Ltd., No. 11 Lianbao Rd, Shengfeng District, Xiaolan Town, Zhongshan City, Guangdong, China – 528400",https://wsrv.nl/?url=https%3A%2F%2Fi.ibb.co%2FnsSpWvpz%2FOlyn-fit-ARAD1575-trimless-Black.png&output=webp&q=78
Olyn Fit Houdini,DTZ075X,36V DC,350mA,4000K, CRI>97,Φ82*H90mm,24°,15W,AJ/CG,ARAD1575/40/24/V2/TL,R-41159492,IS 10322 (PART 5/SEC1):2012,7999,"Guangdong Sat Technology Co. Ltd., No. 11 Lianbao Rd, Shengfeng District, Xiaolan Town, Zhongshan City, Guangdong, China – 528400",https://wsrv.nl/?url=https%3A%2F%2Fi.ibb.co%2FnsSpWvpz%2FOlyn-fit-ARAD1575-trimless-Black.png&output=webp&q=78
Olyn Fit Houdini,DTZ075X,36V DC,350mA,4000K, CRI>97,Φ82*H90mm,36°,15W,AJ/CG,ARAD1575/40/36/V2/TL,R-41159492,IS 10322 (PART 5/SEC1):2012,7999,"Guangdong Sat Technology Co. Ltd., No. 11 Lianbao Rd, Shengfeng District, Xiaolan Town, Zhongshan City, Guangdong, China – 528400",https://wsrv.nl/?url=https%3A%2F%2Fi.ibb.co%2FnsSpWvpz%2FOlyn-fit-ARAD1575-trimless-Black.png&output=webp&q=78
Olyn Fit Houdini,DTZ075X,36V DC,350mA,4000K, CRI>97,Φ82*H90mm,45°,15W,AJ/CG,ARAD1575/40/45/V2/TL,R-41159492,IS 10322 (PART 5/SEC1):2012,7999,"Guangdong Sat Technology Co. Ltd., No. 11 Lianbao Rd, Shengfeng District, Xiaolan Town, Zhongshan City, Guangdong, China – 528400",https://wsrv.nl/?url=https%3A%2F%2Fi.ibb.co%2FnsSpWvpz%2FOlyn-fit-ARAD1575-trimless-Black.png&output=webp&q=78
Olyn Fit Houdini,DTZ075X,36V DC,350mA,5000K, CRI>97,Φ82*H90mm,15°,15W,AJ/CG,ARAD1575/50/15/V2/TL,R-41159492,IS 10322 (PART 5/SEC1):2012,7999,"Guangdong Sat Technology Co. Ltd., No. 11 Lianbao Rd, Shengfeng District, Xiaolan Town, Zhongshan City, Guangdong, China – 528400",https://wsrv.nl/?url=https%3A%2F%2Fi.ibb.co%2FnsSpWvpz%2FOlyn-fit-ARAD1575-trimless-Black.png&output=webp&q=78
Olyn Fit Houdini,DTZ075X,36V DC,350mA,5000K, CRI>97,Φ82*H90mm,24°,15W,AJ/CG,ARAD1575/50/24/V2/TL,R-41159492,IS 10322 (PART 5/SEC1):2012,7999,"Guangdong Sat Technology Co. Ltd., No. 11 Lianbao Rd, Shengfeng District, Xiaolan Town, Zhongshan City, Guangdong, China – 528400",https://wsrv.nl/?url=https%3A%2F%2Fi.ibb.co%2FnsSpWvpz%2FOlyn-fit-ARAD1575-trimless-Black.png&output=webp&q=78
Olyn Fit Houdini,DTZ075X,36V DC,350mA,5000K, CRI>97,Φ82*H90mm,36°,15W,AJ/CG,ARAD1575/50/36/V2/TL,R-41159492,IS 10322 (PART 5/SEC1):2012,7999,"Guangdong Sat Technology Co. Ltd., No. 11 Lianbao Rd, Shengfeng District, Xiaolan Town, Zhongshan City, Guangdong, China – 528400",https://wsrv.nl/?url=https%3A%2F%2Fi.ibb.co%2FnsSpWvpz%2FOlyn-fit-ARAD1575-trimless-Black.png&output=webp&q=78
Olyn Fit Houdini,DTZ075X,36V DC,350mA,5000K, CRI>97,Φ82*H90mm,45°,15W,AJ/CG,ARAD1575/50/45/V2/TL,R-41159492,IS 10322 (PART 5/SEC1):2012,7999,"Guangdong Sat Technology Co. Ltd., No. 11 Lianbao Rd, Shengfeng District, Xiaolan Town, Zhongshan City, Guangdong, China – 528400",https://wsrv.nl/?url=https%3A%2F%2Fi.ibb.co%2FnsSpWvpz%2FOlyn-fit-ARAD1575-trimless-Black.png&output=webp&q=78
Olyn Fit Tunable Houdini,DTZ075X,36V DC,350mA,2700K~6500K, CRI>97,Φ82*H90mm,15°,15W,AJ/CG,ARAD1575/CT/15/V2/TL,R-41159492,IS 10322 (PART 5/SEC1):2012,9199,"Guangdong Sat Technology Co. Ltd., No. 11 Lianbao Rd, Shengfeng District, Xiaolan Town, Zhongshan City, Guangdong, China – 528400",https://wsrv.nl/?url=https%3A%2F%2Fi.ibb.co%2FnsSpWvpz%2FOlyn-fit-ARAD1575-trimless-Black.png&output=webp&q=78
Olyn Fit Tunable Houdini,DTZ075X,36V DC,350mA,2700K~6500K, CRI>97,Φ82*H90mm,24°,15W,AJ/CG,ARAD1575/CT/24/V2/TL,R-41159492,IS 10322 (PART 5/SEC1):2012,9199,"Guangdong Sat Technology Co. Ltd., No. 11 Lianbao Rd, Shengfeng District, Xiaolan Town, Zhongshan City, Guangdong, China – 528400",https://wsrv.nl/?url=https%3A%2F%2Fi.ibb.co%2FnsSpWvpz%2FOlyn-fit-ARAD1575-trimless-Black.png&output=webp&q=78
Olyn Fit Tunable Houdini,DTZ075X,36V DC,350mA,2700K~6500K, CRI>97,Φ82*H90mm,36°,15W,AJ/CG,ARAD1575/CT/36/V2/TL,R-41159492,IS 10322 (PART 5/SEC1):2012,9199,"Guangdong Sat Technology Co. Ltd., No. 11 Lianbao Rd, Shengfeng District, Xiaolan Town, Zhongshan City, Guangdong, China – 528400",https://wsrv.nl/?url=https%3A%2F%2Fi.ibb.co%2FnsSpWvpz%2FOlyn-fit-ARAD1575-trimless-Black.png&output=webp&q=78
Olyn Fit Tunable Houdini,DTZ075X,36V DC,350mA,2700K~6500K, CRI>97,Φ82*H90mm,45°,15W,AJ/CG,ARAD1575/CT/45/V2/TL,R-41159492,IS 10322 (PART 5/SEC1):2012,9199,"Guangdong Sat Technology Co. Ltd., No. 11 Lianbao Rd, Shengfeng District, Xiaolan Town, Zhongshan City, Guangdong, China – 528400",https://wsrv.nl/?url=https%3A%2F%2Fi.ibb.co%2FnsSpWvpz%2FOlyn-fit-ARAD1575-trimless-Black.png&output=webp&q=78
Olyn 18,DTZ075X,36V DC,450mA,2700K, CRI>80,Φ82*H120mm,15°,18W,AJ/CG,ARAD1875/27/15/W,R-41159492,IS 10322 (PART 5/SEC1):2012,7399,"Guangdong Sat Technology Co. Ltd., No. 11 Lianbao Rd, Shengfeng District, Xiaolan Town, Zhongshan City, Guangdong, China – 528400",https://wsrv.nl/?url=https%3A%2F%2Fi.ibb.co%2FCpdTkXc4%2FOlyn-18-white.png&output=webp&q=78
Olyn 18,DTZ075X,36V DC,450mA,2700K, CRI>80,Φ82*H120mm,15°,18W,AJ/CG,ARAD1875/27/15/B,R-41159492,IS 10322 (PART 5/SEC1):2012,7399,"Guangdong Sat Technology Co. Ltd., No. 11 Lianbao Rd, Shengfeng District, Xiaolan Town, Zhongshan City, Guangdong, China – 528400",https://wsrv.nl/?url=https%3A%2F%2Fi.ibb.co%2FR4PL781h%2FOlyn-18-balck.png&output=webp&q=78
Olyn 18,DTZ075X,36V DC,450mA,3000K, CRI>80,Φ82*H120mm,15°,18W,AJ/CG,ARAD1875/30/15/W,R-41159492,IS 10322 (PART 5/SEC1):2012,7399,"Guangdong Sat Technology Co. Ltd., No. 11 Lianbao Rd, Shengfeng District, Xiaolan Town, Zhongshan City, Guangdong, China – 528400",https://wsrv.nl/?url=https%3A%2F%2Fi.ibb.co%2FCpdTkXc4%2FOlyn-18-white.png&output=webp&q=78
Olyn 18,DTZ075X,36V DC,450mA,3000K, CRI>80,Φ82*H120mm,15°,18W,AJ/CG,ARAD1875/30/15/B,R-41159492,IS 10322 (PART 5/SEC1):2012,7399,"Guangdong Sat Technology Co. Ltd., No. 11 Lianbao Rd, Shengfeng District, Xiaolan Town, Zhongshan City, Guangdong, China – 528400",https://wsrv.nl/?url=https%3A%2F%2Fi.ibb.co%2FR4PL781h%2FOlyn-18-balck.png&output=webp&q=78
Olyn 18,DTZ075X,36V DC,450mA,3500K, CRI>80,Φ82*H120mm,15°,18W,AJ/CG,ARAD1875/35/15/W,R-41159492,IS 10322 (PART 5/SEC1):2012,7399,"Guangdong Sat Technology Co. Ltd., No. 11 Lianbao Rd, Shengfeng District, Xiaolan Town, Zhongshan City, Guangdong, China – 528400",https://wsrv.nl/?url=https%3A%2F%2Fi.ibb.co%2FCpdTkXc4%2FOlyn-18-white.png&output=webp&q=78
Olyn 18,DTZ075X,36V DC,450mA,3500K, CRI>80,Φ82*H120mm,15°,18W,AJ/CG,ARAD1875/35/15/B,R-41159492,IS 10322 (PART 5/SEC1):2012,7399,"Guangdong Sat Technology Co. Ltd., No. 11 Lianbao Rd, Shengfeng District, Xiaolan Town, Zhongshan City, Guangdong, China – 528400",https://wsrv.nl/?url=https%3A%2F%2Fi.ibb.co%2FR4PL781h%2FOlyn-18-balck.png&output=webp&q=78
Olyn 18,DTZ075X,36V DC,450mA,4000K, CRI>80,Φ82*H120mm,15°,18W,AJ/CG,ARAD1875/40/15/W,R-41159492,IS 10322 (PART 5/SEC1):2012,7399,"Guangdong Sat Technology Co. Ltd., No. 11 Lianbao Rd, Shengfeng District, Xiaolan Town, Zhongshan City, Guangdong, China – 528400",https://wsrv.nl/?url=https%3A%2F%2Fi.ibb.co%2FCpdTkXc4%2FOlyn-18-white.png&output=webp&q=78
Olyn 18,DTZ075X,36V DC,450mA,4000K, CRI>80,Φ82*H120mm,15°,18W,AJ/CG,ARAD1875/40/15/B,R-41159492,IS 10322 (PART 5/SEC1):2012,7399,"Guangdong Sat Technology Co. Ltd., No. 11 Lianbao Rd, Shengfeng District, Xiaolan Town, Zhongshan City, Guangdong, China – 528400",https://wsrv.nl/?url=https%3A%2F%2Fi.ibb.co%2FR4PL781h%2FOlyn-18-balck.png&output=webp&q=78
Olyn 18,DTZ075X,36V DC,450mA,5000K, CRI>80,Φ82*H120mm,15°,18W,AJ/CG,ARAD1875/50/15/W,R-41159492,IS 10322 (PART 5/SEC1):2012,7399,"Guangdong Sat Technology Co. Ltd., No. 11 Lianbao Rd, Shengfeng District, Xiaolan Town, Zhongshan City, Guangdong, China – 528400",https://wsrv.nl/?url=https%3A%2F%2Fi.ibb.co%2FCpdTkXc4%2FOlyn-18-white.png&output=webp&q=78
Olyn 18,DTZ075X,36V DC,450mA,5000K, CRI>80,Φ82*H120mm,15°,18W,AJ/CG,ARAD1875/50/15/B,R-41159492,IS 10322 (PART 5/SEC1):2012,7399,"Guangdong Sat Technology Co. Ltd., No. 11 Lianbao Rd, Shengfeng District, Xiaolan Town, Zhongshan City, Guangdong, China – 528400",https://wsrv.nl/?url=https%3A%2F%2Fi.ibb.co%2FR4PL781h%2FOlyn-18-balck.png&output=webp&q=78
Olyn 18,DTZ075X,36V DC,450mA,2700K, CRI>80,Φ82*H120mm,24°,18W,AJ/CG,ARAD1875/27/24/W,R-41159492,IS 10322 (PART 5/SEC1):2012,7399,"Guangdong Sat Technology Co. Ltd., No. 11 Lianbao Rd, Shengfeng District, Xiaolan Town, Zhongshan City, Guangdong, China – 528400",https://wsrv.nl/?url=https%3A%2F%2Fi.ibb.co%2FCpdTkXc4%2FOlyn-18-white.png&output=webp&q=78
Olyn 18,DTZ075X,36V DC,450mA,2700K, CRI>80,Φ82*H120mm,24°,18W,AJ/CG,ARAD1875/27/24/B,R-41159492,IS 10322 (PART 5/SEC1):2012,7399,"Guangdong Sat Technology Co. Ltd., No. 11 Lianbao Rd, Shengfeng District, Xiaolan Town, Zhongshan City, Guangdong, China – 528400",https://wsrv.nl/?url=https%3A%2F%2Fi.ibb.co%2FR4PL781h%2FOlyn-18-balck.png&output=webp&q=78
Olyn 18,DTZ075X,36V DC,450mA,3000K, CRI>80,Φ82*H120mm,24°,18W,AJ/CG,ARAD1875/30/24/W,R-41159492,IS 10322 (PART 5/SEC1):2012,7399,"Guangdong Sat Technology Co. Ltd., No. 11 Lianbao Rd, Shengfeng District, Xiaolan Town, Zhongshan City, Guangdong, China – 528400",https://wsrv.nl/?url=https%3A%2F%2Fi.ibb.co%2FCpdTkXc4%2FOlyn-18-white.png&output=webp&q=78
Olyn 18,DTZ075X,36V DC,450mA,3000K, CRI>80,Φ82*H120mm,24°,18W,AJ/CG,ARAD1875/30/24/B,R-41159492,IS 10322 (PART 5/SEC1):2012,7399,"Guangdong Sat Technology Co. Ltd., No. 11 Lianbao Rd, Shengfeng District, Xiaolan Town, Zhongshan City, Guangdong, China – 528400",https://wsrv.nl/?url=https%3A%2F%2Fi.ibb.co%2FR4PL781h%2FOlyn-18-balck.png&output=webp&q=78
Olyn 18,DTZ075X,36V DC,450mA,3500K, CRI>80,Φ82*H120mm,24°,18W,AJ/CG,ARAD1875/35/24/W,R-41159492,IS 10322 (PART 5/SEC1):2012,7399,"Guangdong Sat Technology Co. Ltd., No. 11 Lianbao Rd, Shengfeng District, Xiaolan Town, Zhongshan City, Guangdong, China – 528400",https://wsrv.nl/?url=https%3A%2F%2Fi.ibb.co%2FCpdTkXc4%2FOlyn-18-white.png&output=webp&q=78
Olyn 18,DTZ075X,36V DC,450mA,3500K, CRI>80,Φ82*H120mm,24°,18W,AJ/CG,ARAD1875/35/24/B,R-41159492,IS 10322 (PART 5/SEC1):2012,7399,"Guangdong Sat Technology Co. Ltd., No. 11 Lianbao Rd, Shengfeng District, Xiaolan Town, Zhongshan City, Guangdong, China – 528400",https://wsrv.nl/?url=https%3A%2F%2Fi.ibb.co%2FR4PL781h%2FOlyn-18-balck.png&output=webp&q=78
Olyn 18,DTZ075X,36V DC,450mA,4000K, CRI>80,Φ82*H120mm,24°,18W,AJ/CG,ARAD1875/40/24/W,R-41159492,IS 10322 (PART 5/SEC1):2012,7399,"Guangdong Sat Technology Co. Ltd., No. 11 Lianbao Rd, Shengfeng District, Xiaolan Town, Zhongshan City, Guangdong, China – 528400",https://wsrv.nl/?url=https%3A%2F%2Fi.ibb.co%2FCpdTkXc4%2FOlyn-18-white.png&output=webp&q=78
Olyn 18,DTZ075X,36V DC,450mA,4000K, CRI>80,Φ82*H120mm,24°,18W,AJ/CG,ARAD1875/40/24/B,R-41159492,IS 10322 (PART 5/SEC1):2012,7399,"Guangdong Sat Technology Co. Ltd., No. 11 Lianbao Rd, Shengfeng District, Xiaolan Town, Zhongshan City, Guangdong, China – 528400",https://wsrv.nl/?url=https%3A%2F%2Fi.ibb.co%2FR4PL781h%2FOlyn-18-balck.png&output=webp&q=78
Olyn 18,DTZ075X,36V DC,450mA,5000K, CRI>80,Φ82*H120mm,24°,18W,AJ/CG,ARAD1875/50/24/W,R-41159492,IS 10322 (PART 5/SEC1):2012,7399,"Guangdong Sat Technology Co. Ltd., No. 11 Lianbao Rd, Shengfeng District, Xiaolan Town, Zhongshan City, Guangdong, China – 528400",https://wsrv.nl/?url=https%3A%2F%2Fi.ibb.co%2FCpdTkXc4%2FOlyn-18-white.png&output=webp&q=78
Olyn 18,DTZ075X,36V DC,450mA,5000K, CRI>80,Φ82*H120mm,24°,18W,AJ/CG,ARAD1875/50/24/B,R-41159492,IS 10322 (PART 5/SEC1):2012,7399,"Guangdong Sat Technology Co. Ltd., No. 11 Lianbao Rd, Shengfeng District, Xiaolan Town, Zhongshan City, Guangdong, China – 528400",https://wsrv.nl/?url=https%3A%2F%2Fi.ibb.co%2FR4PL781h%2FOlyn-18-balck.png&output=webp&q=78
Olyn 18,DTZ075X,36V DC,450mA,2700K, CRI>80,Φ82*H120mm,36°,18W,AJ/CG,ARAD1875/27/36/W,R-41159492,IS 10322 (PART 5/SEC1):2012,7399,"Guangdong Sat Technology Co. Ltd., No. 11 Lianbao Rd, Shengfeng District, Xiaolan Town, Zhongshan City, Guangdong, China – 528400",https://wsrv.nl/?url=https%3A%2F%2Fi.ibb.co%2FCpdTkXc4%2FOlyn-18-white.png&output=webp&q=78
Olyn 18,DTZ075X,36V DC,450mA,2700K, CRI>80,Φ82*H120mm,36°,18W,AJ/CG,ARAD1875/27/36/B,R-41159492,IS 10322 (PART 5/SEC1):2012,7399,"Guangdong Sat Technology Co. Ltd., No. 11 Lianbao Rd, Shengfeng District, Xiaolan Town, Zhongshan City, Guangdong, China – 528400",https://wsrv.nl/?url=https%3A%2F%2Fi.ibb.co%2FR4PL781h%2FOlyn-18-balck.png&output=webp&q=78
Olyn 18,DTZ075X,36V DC,450mA,3000K, CRI>80,Φ82*H120mm,36°,18W,AJ/CG,ARAD1875/30/36/W,R-41159492,IS 10322 (PART 5/SEC1):2012,7399,"Guangdong Sat Technology Co. Ltd., No. 11 Lianbao Rd, Shengfeng District, Xiaolan Town, Zhongshan City, Guangdong, China – 528400",https://wsrv.nl/?url=https%3A%2F%2Fi.ibb.co%2FCpdTkXc4%2FOlyn-18-white.png&output=webp&q=78
Olyn 18,DTZ075X,36V DC,450mA,3000K, CRI>80,Φ82*H120mm,36°,18W,AJ/CG,ARAD1875/30/36/B,R-41159492,IS 10322 (PART 5/SEC1):2012,7399,"Guangdong Sat Technology Co. Ltd., No. 11 Lianbao Rd, Shengfeng District, Xiaolan Town, Zhongshan City, Guangdong, China – 528400",https://wsrv.nl/?url=https%3A%2F%2Fi.ibb.co%2FR4PL781h%2FOlyn-18-balck.png&output=webp&q=78
Olyn 18,DTZ075X,36V DC,450mA,3500K, CRI>80,Φ82*H120mm,36°,18W,AJ/CG,ARAD1875/35/36/W,R-41159492,IS 10322 (PART 5/SEC1):2012,7399,"Guangdong Sat Technology Co. Ltd., No. 11 Lianbao Rd, Shengfeng District, Xiaolan Town, Zhongshan City, Guangdong, China – 528400",https://wsrv.nl/?url=https%3A%2F%2Fi.ibb.co%2FCpdTkXc4%2FOlyn-18-white.png&output=webp&q=78
Olyn 18,DTZ075X,36V DC,450mA,3500K, CRI>80,Φ82*H120mm,36°,18W,AJ/CG,ARAD1875/35/36/B,R-41159492,IS 10322 (PART 5/SEC1):2012,7399,"Guangdong Sat Technology Co. Ltd., No. 11 Lianbao Rd, Shengfeng District, Xiaolan Town, Zhongshan City, Guangdong, China – 528400",https://wsrv.nl/?url=https%3A%2F%2Fi.ibb.co%2FR4PL781h%2FOlyn-18-balck.png&output=webp&q=78
Olyn 18,DTZ075X,36V DC,450mA,4000K, CRI>80,Φ82*H120mm,36°,18W,AJ/CG,ARAD1875/40/36/W,R-41159492,IS 10322 (PART 5/SEC1):2012,7399,"Guangdong Sat Technology Co. Ltd., No. 11 Lianbao Rd, Shengfeng District, Xiaolan Town, Zhongshan City, Guangdong, China – 528400",https://wsrv.nl/?url=https%3A%2F%2Fi.ibb.co%2FCpdTkXc4%2FOlyn-18-white.png&output=webp&q=78
Olyn 18,DTZ075X,36V DC,450mA,4000K, CRI>80,Φ82*H120mm,36°,18W,AJ/CG,ARAD1875/40/36/B,R-41159492,IS 10322 (PART 5/SEC1):2012,7399,"Guangdong Sat Technology Co. Ltd., No. 11 Lianbao Rd, Shengfeng District, Xiaolan Town, Zhongshan City, Guangdong, China – 528400",https://wsrv.nl/?url=https%3A%2F%2Fi.ibb.co%2FR4PL781h%2FOlyn-18-balck.png&output=webp&q=78
Olyn 18,DTZ075X,36V DC,450mA,5000K, CRI>80,Φ82*H120mm,36°,18W,AJ/CG,ARAD1875/50/36/W,R-41159492,IS 10322 (PART 5/SEC1):2012,7399,"Guangdong Sat Technology Co. Ltd., No. 11 Lianbao Rd, Shengfeng District, Xiaolan Town, Zhongshan City, Guangdong, China – 528400",https://wsrv.nl/?url=https%3A%2F%2Fi.ibb.co%2FCpdTkXc4%2FOlyn-18-white.png&output=webp&q=78
Olyn 18,DTZ075X,36V DC,450mA,5000K, CRI>80,Φ82*H120mm,36°,18W,AJ/CG,ARAD1875/50/36/B,R-41159492,IS 10322 (PART 5/SEC1):2012,7399,"Guangdong Sat Technology Co. Ltd., No. 11 Lianbao Rd, Shengfeng District, Xiaolan Town, Zhongshan City, Guangdong, China – 528400",https://wsrv.nl/?url=https%3A%2F%2Fi.ibb.co%2FR4PL781h%2FOlyn-18-balck.png&output=webp&q=78
Olyn 18 Tunable,DTZ075X,36V DC,450mA,2700K~6500K, CRI>80,Φ82*H120mm,15°,18W,AJ/CG,ARAD1875/CT/15/W,R-41159492,IS 10322 (PART 5/SEC1):2012,8599,"Guangdong Sat Technology Co. Ltd., No. 11 Lianbao Rd, Shengfeng District, Xiaolan Town, Zhongshan City, Guangdong, China – 528400",https://wsrv.nl/?url=https%3A%2F%2Fi.ibb.co%2FCpdTkXc4%2FOlyn-18-white.png&output=webp&q=78
Olyn 18 Tunable,DTZ075X,36V DC,450mA,2700K~6500K, CRI>80,Φ82*H120mm,15°,18W,AJ/CG,ARAD1875/CT/15/B,R-41159492,IS 10322 (PART 5/SEC1):2012,8599,"Guangdong Sat Technology Co. Ltd., No. 11 Lianbao Rd, Shengfeng District, Xiaolan Town, Zhongshan City, Guangdong, China – 528400",https://wsrv.nl/?url=https%3A%2F%2Fi.ibb.co%2FR4PL781h%2FOlyn-18-balck.png&output=webp&q=78
Olyn 18 Tunable,DTZ075X,36V DC,450mA,2700K~6500K, CRI>80,Φ82*H120mm,24°,18W,AJ/CG,ARAD1875/CT/24/W,R-41159492,IS 10322 (PART 5/SEC1):2012,8599,"Guangdong Sat Technology Co. Ltd., No. 11 Lianbao Rd, Shengfeng District, Xiaolan Town, Zhongshan City, Guangdong, China – 528400",https://wsrv.nl/?url=https%3A%2F%2Fi.ibb.co%2FCpdTkXc4%2FOlyn-18-white.png&output=webp&q=78
Olyn 18 Tunable,DTZ075X,36V DC,450mA,2700K~6500K, CRI>80,Φ82*H120mm,24°,18W,AJ/CG,ARAD1875/CT/24/B,R-41159492,IS 10322 (PART 5/SEC1):2012,8599,"Guangdong Sat Technology Co. Ltd., No. 11 Lianbao Rd, Shengfeng District, Xiaolan Town, Zhongshan City, Guangdong, China – 528400",https://wsrv.nl/?url=https%3A%2F%2Fi.ibb.co%2FR4PL781h%2FOlyn-18-balck.png&output=webp&q=78
Olyn 18 Tunable,DTZ075X,36V DC,450mA,2700K~6500K, CRI>80,Φ82*H120mm,36°,18W,AJ/CG,ARAD1875/CT/36/W,R-41159492,IS 10322 (PART 5/SEC1):2012,8599,"Guangdong Sat Technology Co. Ltd., No. 11 Lianbao Rd, Shengfeng District, Xiaolan Town, Zhongshan City, Guangdong, China – 528400",https://wsrv.nl/?url=https%3A%2F%2Fi.ibb.co%2FCpdTkXc4%2FOlyn-18-white.png&output=webp&q=78
Olyn 18 Tunable,DTZ075X,36V DC,450mA,2700K~6500K, CRI>80,Φ82*H120mm,36°,18W,AJ/CG,ARAD1875/CT/36/B,R-41159492,IS 10322 (PART 5/SEC1):2012,8599,"Guangdong Sat Technology Co. Ltd., No. 11 Lianbao Rd, Shengfeng District, Xiaolan Town, Zhongshan City, Guangdong, China – 528400",https://wsrv.nl/?url=https%3A%2F%2Fi.ibb.co%2FCpdTkXc4%2FOlyn-18-white.png&output=webp&q=78
Olyn 18 Houdini,DTZ075X,36V DC,450mA,2700K, CRI>80,Φ82*H120mm,15°,18W,AJ/CG,ARAD1875/27/15/TL,R-41159492,IS 10322 (PART 5/SEC1):2012,7999,"Guangdong Sat Technology Co. Ltd., No. 11 Lianbao Rd, Shengfeng District, Xiaolan Town, Zhongshan City, Guangdong, China – 528400",https://wsrv.nl/?url=https%3A%2F%2Fi.ibb.co%2FspKjWhq4%2FOlyn-houdini-18-TL-Black.png&output=webp&q=78
Olyn 18 Houdini,DTZ075X,36V DC,450mA,2700K, CRI>80,Φ82*H120mm,24°,18W,AJ/CG,ARAD1875/27/24/TL,R-41159492,IS 10322 (PART 5/SEC1):2012,7999,"Guangdong Sat Technology Co. Ltd., No. 11 Lianbao Rd, Shengfeng District, Xiaolan Town, Zhongshan City, Guangdong, China – 528400",https://wsrv.nl/?url=https%3A%2F%2Fi.ibb.co%2FspKjWhq4%2FOlyn-houdini-18-TL-Black.png&output=webp&q=78
Olyn 18 Houdini,DTZ075X,36V DC,450mA,2700K, CRI>80,Φ82*H120mm,36°,18W,AJ/CG,ARAD1875/27/36/TL,R-41159492,IS 10322 (PART 5/SEC1):2012,7999,"Guangdong Sat Technology Co. Ltd., No. 11 Lianbao Rd, Shengfeng District, Xiaolan Town, Zhongshan City, Guangdong, China – 528400",https://wsrv.nl/?url=https%3A%2F%2Fi.ibb.co%2FspKjWhq4%2FOlyn-houdini-18-TL-Black.png&output=webp&q=78
Olyn 18 Houdini,DTZ075X,36V DC,450mA,3000K, CRI>80,Φ82*H120mm,15°,18W,AJ/CG,ARAD1875/30/15/TL,R-41159492,IS 10322 (PART 5/SEC1):2012,7999,"Guangdong Sat Technology Co. Ltd., No. 11 Lianbao Rd, Shengfeng District, Xiaolan Town, Zhongshan City, Guangdong, China – 528400",https://wsrv.nl/?url=https%3A%2F%2Fi.ibb.co%2FspKjWhq4%2FOlyn-houdini-18-TL-Black.png&output=webp&q=78
Olyn 18 Houdini,DTZ075X,36V DC,450mA,3000K, CRI>80,Φ82*H120mm,24°,18W,AJ/CG,ARAD1875/30/24/TL,R-41159492,IS 10322 (PART 5/SEC1):2012,7999,"Guangdong Sat Technology Co. Ltd., No. 11 Lianbao Rd, Shengfeng District, Xiaolan Town, Zhongshan City, Guangdong, China – 528400",https://wsrv.nl/?url=https%3A%2F%2Fi.ibb.co%2FspKjWhq4%2FOlyn-houdini-18-TL-Black.png&output=webp&q=78
Olyn 18 Houdini,DTZ075X,36V DC,450mA,3000K, CRI>80,Φ82*H120mm,36°,18W,AJ/CG,ARAD1875/30/36/TL,R-41159492,IS 10322 (PART 5/SEC1):2012,7999,"Guangdong Sat Technology Co. Ltd., No. 11 Lianbao Rd, Shengfeng District, Xiaolan Town, Zhongshan City, Guangdong, China – 528400",https://wsrv.nl/?url=https%3A%2F%2Fi.ibb.co%2FspKjWhq4%2FOlyn-houdini-18-TL-Black.png&output=webp&q=78
Olyn 18 Houdini,DTZ075X,36V DC,450mA,3500K, CRI>80,Φ82*H120mm,15°,18W,AJ/CG,ARAD1875/35/15/TL,R-41159492,IS 10322 (PART 5/SEC1):2012,7999,"Guangdong Sat Technology Co. Ltd., No. 11 Lianbao Rd, Shengfeng District, Xiaolan Town, Zhongshan City, Guangdong, China – 528400",https://wsrv.nl/?url=https%3A%2F%2Fi.ibb.co%2FspKjWhq4%2FOlyn-houdini-18-TL-Black.png&output=webp&q=78
Olyn 18 Houdini,DTZ075X,36V DC,450mA,3500K, CRI>80,Φ82*H120mm,24°,18W,AJ/CG,ARAD1875/35/24/TL,R-41159492,IS 10322 (PART 5/SEC1):2012,7999,"Guangdong Sat Technology Co. Ltd., No. 11 Lianbao Rd, Shengfeng District, Xiaolan Town, Zhongshan City, Guangdong, China – 528400",https://wsrv.nl/?url=https%3A%2F%2Fi.ibb.co%2FspKjWhq4%2FOlyn-houdini-18-TL-Black.png&output=webp&q=78
Olyn 18 Houdini,DTZ075X,36V DC,450mA,3500K, CRI>80,Φ82*H120mm,36°,18W,AJ/CG,ARAD1875/35/36/TL,R-41159492,IS 10322 (PART 5/SEC1):2012,7999,"Guangdong Sat Technology Co. Ltd., No. 11 Lianbao Rd, Shengfeng District, Xiaolan Town, Zhongshan City, Guangdong, China – 528400",https://wsrv.nl/?url=https%3A%2F%2Fi.ibb.co%2FspKjWhq4%2FOlyn-houdini-18-TL-Black.png&output=webp&q=78
Olyn 18 Houdini,DTZ075X,36V DC,450mA,4000K, CRI>80,Φ82*H120mm,15°,18W,AJ/CG,ARAD1875/40/15/TL,R-41159492,IS 10322 (PART 5/SEC1):2012,7999,"Guangdong Sat Technology Co. Ltd., No. 11 Lianbao Rd, Shengfeng District, Xiaolan Town, Zhongshan City, Guangdong, China – 528400",https://wsrv.nl/?url=https%3A%2F%2Fi.ibb.co%2FspKjWhq4%2FOlyn-houdini-18-TL-Black.png&output=webp&q=78
Olyn 18 Houdini,DTZ075X,36V DC,450mA,4000K, CRI>80,Φ82*H120mm,24°,18W,AJ/CG,ARAD1875/40/24/TL,R-41159492,IS 10322 (PART 5/SEC1):2012,7999,"Guangdong Sat Technology Co. Ltd., No. 11 Lianbao Rd, Shengfeng District, Xiaolan Town, Zhongshan City, Guangdong, China – 528400",https://wsrv.nl/?url=https%3A%2F%2Fi.ibb.co%2FspKjWhq4%2FOlyn-houdini-18-TL-Black.png&output=webp&q=78
Olyn 18 Houdini,DTZ075X,36V DC,450mA,4000K, CRI>80,Φ82*H120mm,36°,18W,AJ/CG,ARAD1875/40/36/TL,R-41159492,IS 10322 (PART 5/SEC1):2012,7999,"Guangdong Sat Technology Co. Ltd., No. 11 Lianbao Rd, Shengfeng District, Xiaolan Town, Zhongshan City, Guangdong, China – 528400",https://wsrv.nl/?url=https%3A%2F%2Fi.ibb.co%2FspKjWhq4%2FOlyn-houdini-18-TL-Black.png&output=webp&q=78
Olyn 18 Houdini,DTZ075X,36V DC,450mA,5000K, CRI>80,Φ82*H120mm,15°,18W,AJ/CG,ARAD1875/50/15/TL,R-41159492,IS 10322 (PART 5/SEC1):2012,7999,"Guangdong Sat Technology Co. Ltd., No. 11 Lianbao Rd, Shengfeng District, Xiaolan Town, Zhongshan City, Guangdong, China – 528400",https://wsrv.nl/?url=https%3A%2F%2Fi.ibb.co%2FspKjWhq4%2FOlyn-houdini-18-TL-Black.png&output=webp&q=78
Olyn 18 Houdini,DTZ075X,36V DC,450mA,5000K, CRI>80,Φ82*H120mm,24°,18W,AJ/CG,ARAD1875/50/24/TL,R-41159492,IS 10322 (PART 5/SEC1):2012,7999,"Guangdong Sat Technology Co. Ltd., No. 11 Lianbao Rd, Shengfeng District, Xiaolan Town, Zhongshan City, Guangdong, China – 528400",https://wsrv.nl/?url=https%3A%2F%2Fi.ibb.co%2FspKjWhq4%2FOlyn-houdini-18-TL-Black.png&output=webp&q=78
Olyn 18 Houdini,DTZ075X,36V DC,450mA,5000K, CRI>80,Φ82*H120mm,36°,18W,AJ/CG,ARAD1875/50/36/TL,R-41159492,IS 10322 (PART 5/SEC1):2012,7999,"Guangdong Sat Technology Co. Ltd., No. 11 Lianbao Rd, Shengfeng District, Xiaolan Town, Zhongshan City, Guangdong, China – 528400",https://wsrv.nl/?url=https%3A%2F%2Fi.ibb.co%2FspKjWhq4%2FOlyn-houdini-18-TL-Black.png&output=webp&q=78
Olyn 18 Tunable Houdini,DTZ075X,36V DC,450mA,2700K~6500K, CRI>80,Φ82*H120mm,15°,18W,AJ/CG,ARAD1875/CT/15/TL,R-41159492,IS 10322 (PART 5/SEC1):2012,9199,"Guangdong Sat Technology Co. Ltd., No. 11 Lianbao Rd, Shengfeng District, Xiaolan Town, Zhongshan City, Guangdong, China – 528400",https://wsrv.nl/?url=https%3A%2F%2Fi.ibb.co%2FspKjWhq4%2FOlyn-houdini-18-TL-Black.png&output=webp&q=78
Olyn 18 Tunable Houdini,DTZ075X,36V DC,450mA,2700K~6500K, CRI>80,Φ82*H120mm,24°,18W,AJ/CG,ARAD1875/CT/24/TL,R-41159492,IS 10322 (PART 5/SEC1):2012,9199,"Guangdong Sat Technology Co. Ltd., No. 11 Lianbao Rd, Shengfeng District, Xiaolan Town, Zhongshan City, Guangdong, China – 528400",https://wsrv.nl/?url=https%3A%2F%2Fi.ibb.co%2FspKjWhq4%2FOlyn-houdini-18-TL-Black.png&output=webp&q=78
Olyn 18 Tunable Houdini,DTZ075X,36V DC,450mA,2700K~6500K, CRI>80,Φ82*H120mm,36°,18W,AJ/CG,ARAD1875/CT/36/TL,R-41159492,IS 10322 (PART 5/SEC1):2012,9199,"Guangdong Sat Technology Co. Ltd., No. 11 Lianbao Rd, Shengfeng District, Xiaolan Town, Zhongshan City, Guangdong, China – 528400",https://wsrv.nl/?url=https%3A%2F%2Fi.ibb.co%2FspKjWhq4%2FOlyn-houdini-18-TL-Black.png&output=webp&q=78
Olyn Mini,DDY065S,36V DC,350mA,2700K, CRI>97,Φ59*H100mm,15°,15W,AJ/CG,ARAD1555/27/15/W,R-41159492,IS 10322 (PART 5/SEC1):2012,7299,"Guangdong Sat Technology Co. Ltd., No. 11 Lianbao Rd, Shengfeng District, Xiaolan Town, Zhongshan City, Guangdong, China – 528400",https://wsrv.nl/?url=https%3A%2F%2Fi.ibb.co%2F1JRQgLbN%2FOlyn-mini-white.png&output=webp&q=78
Olyn Mini,DDY065S,36V DC,350mA,2700K, CRI>97,Φ59*H100mm,15°,15W,AJ/CG,ARAD1555/27/15/B,R-41159492,IS 10322 (PART 5/SEC1):2012,7299,"Guangdong Sat Technology Co. Ltd., No. 11 Lianbao Rd, Shengfeng District, Xiaolan Town, Zhongshan City, Guangdong, China – 528400",https://wsrv.nl/?url=https%3A%2F%2Fi.ibb.co%2F4n1GX8yF%2FOlyn-mini-balck.png&output=webp&q=78
Olyn Mini,DDY065S,36V DC,350mA,3000K, CRI>97,Φ59*H100mm,15°,15W,AJ/CG,ARAD1555/30/15/W,R-41159492,IS 10322 (PART 5/SEC1):2012,7299,"Guangdong Sat Technology Co. Ltd., No. 11 Lianbao Rd, Shengfeng District, Xiaolan Town, Zhongshan City, Guangdong, China – 528400",https://wsrv.nl/?url=https%3A%2F%2Fi.ibb.co%2F1JRQgLbN%2FOlyn-mini-white.png&output=webp&q=78
Olyn Mini,DDY065S,36V DC,350mA,3000K, CRI>97,Φ59*H100mm,15°,15W,AJ/CG,ARAD1555/30/15/B,R-41159492,IS 10322 (PART 5/SEC1):2012,7299,"Guangdong Sat Technology Co. Ltd., No. 11 Lianbao Rd, Shengfeng District, Xiaolan Town, Zhongshan City, Guangdong, China – 528400",https://wsrv.nl/?url=https%3A%2F%2Fi.ibb.co%2F4n1GX8yF%2FOlyn-mini-balck.png&output=webp&q=78
Olyn Mini,DDY065S,36V DC,350mA,3500K, CRI>97,Φ59*H100mm,15°,15W,AJ/CG,ARAD1555/35/15/W,R-41159492,IS 10322 (PART 5/SEC1):2012,7299,"Guangdong Sat Technology Co. Ltd., No. 11 Lianbao Rd, Shengfeng District, Xiaolan Town, Zhongshan City, Guangdong, China – 528400",https://wsrv.nl/?url=https%3A%2F%2Fi.ibb.co%2F1JRQgLbN%2FOlyn-mini-white.png&output=webp&q=78
Olyn Mini,DDY065S,36V DC,350mA,3500K, CRI>97,Φ59*H100mm,15°,15W,AJ/CG,ARAD1555/35/15/B,R-41159492,IS 10322 (PART 5/SEC1):2012,7299,"Guangdong Sat Technology Co. Ltd., No. 11 Lianbao Rd, Shengfeng District, Xiaolan Town, Zhongshan City, Guangdong, China – 528400",https://wsrv.nl/?url=https%3A%2F%2Fi.ibb.co%2F4n1GX8yF%2FOlyn-mini-balck.png&output=webp&q=78
Olyn Mini,DDY065S,36V DC,350mA,4000K, CRI>97,Φ59*H100mm,15°,15W,AJ/CG,ARAD1555/40/15/W,R-41159492,IS 10322 (PART 5/SEC1):2012,7299,"Guangdong Sat Technology Co. Ltd., No. 11 Lianbao Rd, Shengfeng District, Xiaolan Town, Zhongshan City, Guangdong, China – 528400",https://wsrv.nl/?url=https%3A%2F%2Fi.ibb.co%2F1JRQgLbN%2FOlyn-mini-white.png&output=webp&q=78
Olyn Mini,DDY065S,36V DC,350mA,4000K, CRI>97,Φ59*H100mm,15°,15W,AJ/CG,ARAD1555/40/15/B,R-41159492,IS 10322 (PART 5/SEC1):2012,7299,"Guangdong Sat Technology Co. Ltd., No. 11 Lianbao Rd, Shengfeng District, Xiaolan Town, Zhongshan City, Guangdong, China – 528400",https://wsrv.nl/?url=https%3A%2F%2Fi.ibb.co%2F4n1GX8yF%2FOlyn-mini-balck.png&output=webp&q=78
Olyn Mini,DDY065S,36V DC,350mA,5000K, CRI>97,Φ59*H100mm,15°,15W,AJ/CG,ARAD1555/50/15/W,R-41159492,IS 10322 (PART 5/SEC1):2012,7299,"Guangdong Sat Technology Co. Ltd., No. 11 Lianbao Rd, Shengfeng District, Xiaolan Town, Zhongshan City, Guangdong, China – 528400",https://wsrv.nl/?url=https%3A%2F%2Fi.ibb.co%2F1JRQgLbN%2FOlyn-mini-white.png&output=webp&q=78
Olyn Mini,DDY065S,36V DC,350mA,5000K, CRI>97,Φ59*H100mm,15°,15W,AJ/CG,ARAD1555/50/15/B,R-41159492,IS 10322 (PART 5/SEC1):2012,7299,"Guangdong Sat Technology Co. Ltd., No. 11 Lianbao Rd, Shengfeng District, Xiaolan Town, Zhongshan City, Guangdong, China – 528400",https://wsrv.nl/?url=https%3A%2F%2Fi.ibb.co%2F4n1GX8yF%2FOlyn-mini-balck.png&output=webp&q=78
Olyn Mini,DDY065S,36V DC,350mA,2700K, CRI>97,Φ59*H100mm,24°,15W,AJ/CG,ARAD1555/27/24/W,R-41159492,IS 10322 (PART 5/SEC1):2012,7299,"Guangdong Sat Technology Co. Ltd., No. 11 Lianbao Rd, Shengfeng District, Xiaolan Town, Zhongshan City, Guangdong, China – 528400",https://wsrv.nl/?url=https%3A%2F%2Fi.ibb.co%2F1JRQgLbN%2FOlyn-mini-white.png&output=webp&q=78
Olyn Mini,DDY065S,36V DC,350mA,2700K, CRI>97,Φ59*H100mm,24°,15W,AJ/CG,ARAD1555/27/24/B,R-41159492,IS 10322 (PART 5/SEC1):2012,7299,"Guangdong Sat Technology Co. Ltd., No. 11 Lianbao Rd, Shengfeng District, Xiaolan Town, Zhongshan City, Guangdong, China – 528400",https://wsrv.nl/?url=https%3A%2F%2Fi.ibb.co%2F4n1GX8yF%2FOlyn-mini-balck.png&output=webp&q=78
Olyn Mini,DDY065S,36V DC,350mA,3000K, CRI>97,Φ59*H100mm,24°,15W,AJ/CG,ARAD1555/30/24/W,R-41159492,IS 10322 (PART 5/SEC1):2012,7299,"Guangdong Sat Technology Co. Ltd., No. 11 Lianbao Rd, Shengfeng District, Xiaolan Town, Zhongshan City, Guangdong, China – 528400",https://wsrv.nl/?url=https%3A%2F%2Fi.ibb.co%2F1JRQgLbN%2FOlyn-mini-white.png&output=webp&q=78
Olyn Mini,DDY065S,36V DC,350mA,3000K, CRI>97,Φ59*H100mm,24°,15W,AJ/CG,ARAD1555/30/24/B,R-41159492,IS 10322 (PART 5/SEC1):2012,7299,"Guangdong Sat Technology Co. Ltd., No. 11 Lianbao Rd, Shengfeng District, Xiaolan Town, Zhongshan City, Guangdong, China – 528400",https://wsrv.nl/?url=https%3A%2F%2Fi.ibb.co%2F4n1GX8yF%2FOlyn-mini-balck.png&output=webp&q=78
Olyn Mini,DDY065S,36V DC,350mA,3500K, CRI>97,Φ59*H100mm,24°,15W,AJ/CG,ARAD1555/35/24/W,R-41159492,IS 10322 (PART 5/SEC1):2012,7299,"Guangdong Sat Technology Co. Ltd., No. 11 Lianbao Rd, Shengfeng District, Xiaolan Town, Zhongshan City, Guangdong, China – 528400",https://wsrv.nl/?url=https%3A%2F%2Fi.ibb.co%2F1JRQgLbN%2FOlyn-mini-white.png&output=webp&q=78
Olyn Mini,DDY065S,36V DC,350mA,3500K, CRI>97,Φ59*H100mm,24°,15W,AJ/CG,ARAD1555/35/24/B,R-41159492,IS 10322 (PART 5/SEC1):2012,7299,"Guangdong Sat Technology Co. Ltd., No. 11 Lianbao Rd, Shengfeng District, Xiaolan Town, Zhongshan City, Guangdong, China – 528400",https://wsrv.nl/?url=https%3A%2F%2Fi.ibb.co%2F4n1GX8yF%2FOlyn-mini-balck.png&output=webp&q=78
Olyn Mini,DDY065S,36V DC,350mA,4000K, CRI>97,Φ59*H100mm,24°,15W,AJ/CG,ARAD1555/40/24/W,R-41159492,IS 10322 (PART 5/SEC1):2012,7299,"Guangdong Sat Technology Co. Ltd., No. 11 Lianbao Rd, Shengfeng District, Xiaolan Town, Zhongshan City, Guangdong, China – 528400",https://wsrv.nl/?url=https%3A%2F%2Fi.ibb.co%2F1JRQgLbN%2FOlyn-mini-white.png&output=webp&q=78
Olyn Mini,DDY065S,36V DC,350mA,4000K, CRI>97,Φ59*H100mm,24°,15W,AJ/CG,ARAD1555/40/24/B,R-41159492,IS 10322 (PART 5/SEC1):2012,7299,"Guangdong Sat Technology Co. Ltd., No. 11 Lianbao Rd, Shengfeng District, Xiaolan Town, Zhongshan City, Guangdong, China – 528400",https://wsrv.nl/?url=https%3A%2F%2Fi.ibb.co%2F4n1GX8yF%2FOlyn-mini-balck.png&output=webp&q=78
Olyn Mini,DDY065S,36V DC,350mA,5000K, CRI>97,Φ59*H100mm,24°,15W,AJ/CG,ARAD1555/50/24/W,R-41159492,IS 10322 (PART 5/SEC1):2012,7299,"Guangdong Sat Technology Co. Ltd., No. 11 Lianbao Rd, Shengfeng District, Xiaolan Town, Zhongshan City, Guangdong, China – 528400",https://wsrv.nl/?url=https%3A%2F%2Fi.ibb.co%2F1JRQgLbN%2FOlyn-mini-white.png&output=webp&q=78
Olyn Mini,DDY065S,36V DC,350mA,5000K, CRI>97,Φ59*H100mm,24°,15W,AJ/CG,ARAD1555/50/24/B,R-41159492,IS 10322 (PART 5/SEC1):2012,7299,"Guangdong Sat Technology Co. Ltd., No. 11 Lianbao Rd, Shengfeng District, Xiaolan Town, Zhongshan City, Guangdong, China – 528400",https://wsrv.nl/?url=https%3A%2F%2Fi.ibb.co%2F4n1GX8yF%2FOlyn-mini-balck.png&output=webp&q=78
Olyn Mini,DDY065S,36V DC,350mA,2700K, CRI>97,Φ59*H100mm,36°,15W,AJ/CG,ARAD1555/27/36/W,R-41159492,IS 10322 (PART 5/SEC1):2012,7299,"Guangdong Sat Technology Co. Ltd., No. 11 Lianbao Rd, Shengfeng District, Xiaolan Town, Zhongshan City, Guangdong, China – 528400",https://wsrv.nl/?url=https%3A%2F%2Fi.ibb.co%2F1JRQgLbN%2FOlyn-mini-white.png&output=webp&q=78
Olyn Mini,DDY065S,36V DC,350mA,2700K, CRI>97,Φ59*H100mm,36°,15W,AJ/CG,ARAD1555/27/36/B,R-41159492,IS 10322 (PART 5/SEC1):2012,7299,"Guangdong Sat Technology Co. Ltd., No. 11 Lianbao Rd, Shengfeng District, Xiaolan Town, Zhongshan City, Guangdong, China – 528400",https://wsrv.nl/?url=https%3A%2F%2Fi.ibb.co%2F4n1GX8yF%2FOlyn-mini-balck.png&output=webp&q=78
Olyn Mini,DDY065S,36V DC,350mA,3000K, CRI>97,Φ59*H100mm,36°,15W,AJ/CG,ARAD1555/30/36/W,R-41159492,IS 10322 (PART 5/SEC1):2012,7299,"Guangdong Sat Technology Co. Ltd., No. 11 Lianbao Rd, Shengfeng District, Xiaolan Town, Zhongshan City, Guangdong, China – 528400",https://wsrv.nl/?url=https%3A%2F%2Fi.ibb.co%2F1JRQgLbN%2FOlyn-mini-white.png&output=webp&q=78
Olyn Mini,DDY065S,36V DC,350mA,3000K, CRI>97,Φ59*H100mm,36°,15W,AJ/CG,ARAD1555/30/36/B,R-41159492,IS 10322 (PART 5/SEC1):2012,7299,"Guangdong Sat Technology Co. Ltd., No. 11 Lianbao Rd, Shengfeng District, Xiaolan Town, Zhongshan City, Guangdong, China – 528400",https://wsrv.nl/?url=https%3A%2F%2Fi.ibb.co%2F4n1GX8yF%2FOlyn-mini-balck.png&output=webp&q=78
Olyn Mini,DDY065S,36V DC,350mA,3500K, CRI>97,Φ59*H100mm,36°,15W,AJ/CG,ARAD1555/35/36/W,R-41159492,IS 10322 (PART 5/SEC1):2012,7299,"Guangdong Sat Technology Co. Ltd., No. 11 Lianbao Rd, Shengfeng District, Xiaolan Town, Zhongshan City, Guangdong, China – 528400",https://wsrv.nl/?url=https%3A%2F%2Fi.ibb.co%2F1JRQgLbN%2FOlyn-mini-white.png&output=webp&q=78
Olyn Mini,DDY065S,36V DC,350mA,3500K, CRI>97,Φ59*H100mm,36°,15W,AJ/CG,ARAD1555/35/36/B,R-41159492,IS 10322 (PART 5/SEC1):2012,7299,"Guangdong Sat Technology Co. Ltd., No. 11 Lianbao Rd, Shengfeng District, Xiaolan Town, Zhongshan City, Guangdong, China – 528400",https://wsrv.nl/?url=https%3A%2F%2Fi.ibb.co%2F4n1GX8yF%2FOlyn-mini-balck.png&output=webp&q=78
Olyn Mini,DDY065S,36V DC,350mA,4000K, CRI>97,Φ59*H100mm,36°,15W,AJ/CG,ARAD1555/40/36/W,R-41159492,IS 10322 (PART 5/SEC1):2012,7299,"Guangdong Sat Technology Co. Ltd., No. 11 Lianbao Rd, Shengfeng District, Xiaolan Town, Zhongshan City, Guangdong, China – 528400",https://wsrv.nl/?url=https%3A%2F%2Fi.ibb.co%2F1JRQgLbN%2FOlyn-mini-white.png&output=webp&q=78
Olyn Mini,DDY065S,36V DC,350mA,4000K, CRI>97,Φ59*H100mm,36°,15W,AJ/CG,ARAD1555/40/36/B,R-41159492,IS 10322 (PART 5/SEC1):2012,7299,"Guangdong Sat Technology Co. Ltd., No. 11 Lianbao Rd, Shengfeng District, Xiaolan Town, Zhongshan City, Guangdong, China – 528400",https://wsrv.nl/?url=https%3A%2F%2Fi.ibb.co%2F4n1GX8yF%2FOlyn-mini-balck.png&output=webp&q=78
Olyn Mini,DDY065S,36V DC,350mA,5000K, CRI>97,Φ59*H100mm,36°,15W,AJ/CG,ARAD1555/50/36/W,R-41159492,IS 10322 (PART 5/SEC1):2012,7299,"Guangdong Sat Technology Co. Ltd., No. 11 Lianbao Rd, Shengfeng District, Xiaolan Town, Zhongshan City, Guangdong, China – 528400",https://wsrv.nl/?url=https%3A%2F%2Fi.ibb.co%2F1JRQgLbN%2FOlyn-mini-white.png&output=webp&q=78
Olyn Mini,DDY065S,36V DC,350mA,5000K, CRI>97,Φ59*H100mm,36°,15W,AJ/CG,ARAD1555/50/36/B,R-41159492,IS 10322 (PART 5/SEC1):2012,7299,"Guangdong Sat Technology Co. Ltd., No. 11 Lianbao Rd, Shengfeng District, Xiaolan Town, Zhongshan City, Guangdong, China – 528400",https://wsrv.nl/?url=https%3A%2F%2Fi.ibb.co%2F4n1GX8yF%2FOlyn-mini-balck.png&output=webp&q=78
Olyn Mini Tunable,DDY065S,36V DC,350mA,2700K~6500K, CRI>97,Φ59*H100mm,15°,15W,AJ/CG,ARAD1555/CT/15/W,R-41159492,IS 10322 (PART 5/SEC1):2012,8499,"Guangdong Sat Technology Co. Ltd., No. 11 Lianbao Rd, Shengfeng District, Xiaolan Town, Zhongshan City, Guangdong, China – 528400",https://wsrv.nl/?url=https%3A%2F%2Fi.ibb.co%2F1JRQgLbN%2FOlyn-mini-white.png&output=webp&q=78
Olyn Mini Tunable,DDY065S,36V DC,350mA,2700K~6500K, CRI>97,Φ59*H100mm,15°,15W,AJ/CG,ARAD1555/CT/15/B,R-41159492,IS 10322 (PART 5/SEC1):2012,8499,"Guangdong Sat Technology Co. Ltd., No. 11 Lianbao Rd, Shengfeng District, Xiaolan Town, Zhongshan City, Guangdong, China – 528400",https://wsrv.nl/?url=https%3A%2F%2Fi.ibb.co%2F4n1GX8yF%2FOlyn-mini-balck.png&output=webp&q=78
Olyn Mini Tunable,DDY065S,36V DC,350mA,2700K~6500K, CRI>97,Φ59*H100mm,24°,15W,AJ/CG,ARAD1555/CT/24/W,R-41159492,IS 10322 (PART 5/SEC1):2012,8499,"Guangdong Sat Technology Co. Ltd., No. 11 Lianbao Rd, Shengfeng District, Xiaolan Town, Zhongshan City, Guangdong, China – 528400",https://wsrv.nl/?url=https%3A%2F%2Fi.ibb.co%2F1JRQgLbN%2FOlyn-mini-white.png&output=webp&q=78
Olyn Mini Tunable,DDY065S,36V DC,350mA,2700K~6500K, CRI>97,Φ59*H100mm,24°,15W,AJ/CG,ARAD1555/CT/24/B,R-41159492,IS 10322 (PART 5/SEC1):2012,8499,"Guangdong Sat Technology Co. Ltd., No. 11 Lianbao Rd, Shengfeng District, Xiaolan Town, Zhongshan City, Guangdong, China – 528400",https://wsrv.nl/?url=https%3A%2F%2Fi.ibb.co%2F4n1GX8yF%2FOlyn-mini-balck.png&output=webp&q=78
Olyn Mini Tunable,DDY065S,36V DC,350mA,2700K~6500K, CRI>97,Φ59*H100mm,36°,15W,AJ/CG,ARAD1555/CT/36/W,R-41159492,IS 10322 (PART 5/SEC1):2012,8499,"Guangdong Sat Technology Co. Ltd., No. 11 Lianbao Rd, Shengfeng District, Xiaolan Town, Zhongshan City, Guangdong, China – 528400",https://wsrv.nl/?url=https%3A%2F%2Fi.ibb.co%2F1JRQgLbN%2FOlyn-mini-white.png&output=webp&q=78
Olyn Mini Tunable,DDY065S,36V DC,350mA,2700K~6500K, CRI>97,Φ59*H100mm,36°,15W,AJ/CG,ARAD1555/CT/36/B,R-41159492,IS 10322 (PART 5/SEC1):2012,8499,"Guangdong Sat Technology Co. Ltd., No. 11 Lianbao Rd, Shengfeng District, Xiaolan Town, Zhongshan City, Guangdong, China – 528400",https://wsrv.nl/?url=https%3A%2F%2Fi.ibb.co%2F4n1GX8yF%2FOlyn-mini-balck.png&output=webp&q=78
Ogma,DSZ085Y,36V DC,200/350mA,2700K, CRI>97,Φ82*H66mm,60°,9W,AJ/CG,ARFW0975/27/60/W,R-41159492,IS 10322 (PART 5/SEC1):2012,6499,"Guangdong Sat Technology Co. Ltd., No. 11 Lianbao Rd, Shengfeng District, Xiaolan Town, Zhongshan City, Guangdong, China – 528400",https://wsrv.nl/?url=https%3A%2F%2Fi.ibb.co%2Fp6F5SD5c%2FOgma-white.png&output=webp&q=78
Ogma,DSZ085Y,36V DC,200/350mA,2700K, CRI>97,Φ82*H66mm,60°,9W,AJ/CG,ARFW0975/27/60/B,R-41159492,IS 10322 (PART 5/SEC1):2012,6499,"Guangdong Sat Technology Co. Ltd., No. 11 Lianbao Rd, Shengfeng District, Xiaolan Town, Zhongshan City, Guangdong, China – 528400",https://wsrv.nl/?url=https%3A%2F%2Fi.ibb.co%2FHDRBs4Vw%2FOgma-black.png&output=webp&q=78
Ogma,DSZ085Y,36V DC,200/350mA,3000K, CRI>97,Φ82*H66mm,60°,9W,AJ/CG,ARFW0975/30/60/W,R-41159492,IS 10322 (PART 5/SEC1):2012,6499,"Guangdong Sat Technology Co. Ltd., No. 11 Lianbao Rd, Shengfeng District, Xiaolan Town, Zhongshan City, Guangdong, China – 528400",https://wsrv.nl/?url=https%3A%2F%2Fi.ibb.co%2Fp6F5SD5c%2FOgma-white.png&output=webp&q=78
Ogma,DSZ085Y,36V DC,200/350mA,3000K, CRI>97,Φ82*H66mm,60°,9W,AJ/CG,ARFW0975/30/60/B,R-41159492,IS 10322 (PART 5/SEC1):2012,6499,"Guangdong Sat Technology Co. Ltd., No. 11 Lianbao Rd, Shengfeng District, Xiaolan Town, Zhongshan City, Guangdong, China – 528400",https://wsrv.nl/?url=https%3A%2F%2Fi.ibb.co%2FHDRBs4Vw%2FOgma-black.png&output=webp&q=78
Ogma,DSZ085Y,36V DC,200/350mA,3500K, CRI>97,Φ82*H66mm,60°,9W,AJ/CG,ARFW0975/35/60/W,R-41159492,IS 10322 (PART 5/SEC1):2012,6499,"Guangdong Sat Technology Co. Ltd., No. 11 Lianbao Rd, Shengfeng District, Xiaolan Town, Zhongshan City, Guangdong, China – 528400",https://wsrv.nl/?url=https%3A%2F%2Fi.ibb.co%2Fp6F5SD5c%2FOgma-white.png&output=webp&q=78
Ogma,DSZ085Y,36V DC,200/350mA,3500K, CRI>97,Φ82*H66mm,60°,9W,AJ/CG,ARFW0975/35/60/B,R-41159492,IS 10322 (PART 5/SEC1):2012,6499,"Guangdong Sat Technology Co. Ltd., No. 11 Lianbao Rd, Shengfeng District, Xiaolan Town, Zhongshan City, Guangdong, China – 528400",https://wsrv.nl/?url=https%3A%2F%2Fi.ibb.co%2FHDRBs4Vw%2FOgma-black.png&output=webp&q=78
Ogma,DSZ085Y,36V DC,200/350mA,4000K, CRI>97,Φ82*H66mm,60°,9W,AJ/CG,ARFW0975/40/60/W,R-41159492,IS 10322 (PART 5/SEC1):2012,6499,"Guangdong Sat Technology Co. Ltd., No. 11 Lianbao Rd, Shengfeng District, Xiaolan Town, Zhongshan City, Guangdong, China – 528400",https://wsrv.nl/?url=https%3A%2F%2Fi.ibb.co%2Fp6F5SD5c%2FOgma-white.png&output=webp&q=78
Ogma,DSZ085Y,36V DC,200/350mA,4000K, CRI>97,Φ82*H66mm,60°,9W,AJ/CG,ARFW0975/40/60/B,R-41159492,IS 10322 (PART 5/SEC1):2012,6499,"Guangdong Sat Technology Co. Ltd., No. 11 Lianbao Rd, Shengfeng District, Xiaolan Town, Zhongshan City, Guangdong, China – 528400",https://wsrv.nl/?url=https%3A%2F%2Fi.ibb.co%2FHDRBs4Vw%2FOgma-black.png&output=webp&q=78
Ogma,DSZ085Y,36V DC,200/350mA,5000K, CRI>97,Φ82*H66mm,60°,9W,AJ/CG,ARFW0975/50/60/W,R-41159492,IS 10322 (PART 5/SEC1):2012,6499,"Guangdong Sat Technology Co. Ltd., No. 11 Lianbao Rd, Shengfeng District, Xiaolan Town, Zhongshan City, Guangdong, China – 528400",https://wsrv.nl/?url=https%3A%2F%2Fi.ibb.co%2Fp6F5SD5c%2FOgma-white.png&output=webp&q=78
Ogma,DSZ085Y,36V DC,200/350mA,5000K, CRI>97,Φ82*H66mm,60°,9W,AJ/CG,ARFW0975/50/60/B,R-41159492,IS 10322 (PART 5/SEC1):2012,6499,"Guangdong Sat Technology Co. Ltd., No. 11 Lianbao Rd, Shengfeng District, Xiaolan Town, Zhongshan City, Guangdong, China – 528400",https://wsrv.nl/?url=https%3A%2F%2Fi.ibb.co%2FHDRBs4Vw%2FOgma-black.png&output=webp&q=78
Ogma Tunable,DSZ085Y,36V DC,200/350mA,2700K~6500K, CRI>97,Φ82*H66mm,60°,9W,AJ/CG,ARFW0975/CT/60/W,R-41159492,IS 10322 (PART 5/SEC1):2012,7699,"Guangdong Sat Technology Co. Ltd., No. 11 Lianbao Rd, Shengfeng District, Xiaolan Town, Zhongshan City, Guangdong, China – 528400",https://wsrv.nl/?url=https%3A%2F%2Fi.ibb.co%2Fp6F5SD5c%2FOgma-white.png&output=webp&q=78
Ogma Tunable,DSZ085Y,36V DC,200/350mA,2700K~6500K, CRI>97,Φ82*H66mm,60°,9W,AJ/CG,ARFW0975/CT/60/B,R-41159492,IS 10322 (PART 5/SEC1):2012,7699,"Guangdong Sat Technology Co. Ltd., No. 11 Lianbao Rd, Shengfeng District, Xiaolan Town, Zhongshan City, Guangdong, China – 528400",https://wsrv.nl/?url=https%3A%2F%2Fi.ibb.co%2FHDRBs4Vw%2FOgma-black.png&output=webp&q=78
Alcor,DDY085X,36V DC,200/350mA,2700K, CRI>97,Φ94*H63.5mm,40°,12W/15W,AJ/CG,ARFD0985/27/40,R-41159492,IS 10322 (PART 5/SEC1):2012,3999,"Guangdong Sat Technology Co. Ltd., No. 11 Lianbao Rd, Shengfeng District, Xiaolan Town, Zhongshan City, Guangdong, China – 528400",https://wsrv.nl/?url=https%3A%2F%2Fi.ibb.co%2FjPQq1W18%2FAlcor.png&output=webp&q=78
Alcor,DDY085X,36V DC,200/350mA,3000K, CRI>97,Φ94*H63.5mm,40°,12W/15W,AJ/CG,ARFD0985/30/40,R-41159492,IS 10322 (PART 5/SEC1):2012,3999,"Guangdong Sat Technology Co. Ltd., No. 11 Lianbao Rd, Shengfeng District, Xiaolan Town, Zhongshan City, Guangdong, China – 528400",https://wsrv.nl/?url=https%3A%2F%2Fi.ibb.co%2FjPQq1W18%2FAlcor.png&output=webp&q=78
Alcor,DDY085X,36V DC,200/350mA,3500K, CRI>97,Φ94*H63.5mm,40°,12W/15W,AJ/CG,ARFD0985/35/40,R-41159492,IS 10322 (PART 5/SEC1):2012,3999,"Guangdong Sat Technology Co. Ltd., No. 11 Lianbao Rd, Shengfeng District, Xiaolan Town, Zhongshan City, Guangdong, China – 528400",https://wsrv.nl/?url=https%3A%2F%2Fi.ibb.co%2FjPQq1W18%2FAlcor.png&output=webp&q=78
Alcor,DDY085X,36V DC,200/350mA,4000K, CRI>97,Φ94*H63.5mm,40°,12W/15W,AJ/CG,ARFD0985/40/40,R-41159492,IS 10322 (PART 5/SEC1):2012,3999,"Guangdong Sat Technology Co. Ltd., No. 11 Lianbao Rd, Shengfeng District, Xiaolan Town, Zhongshan City, Guangdong, China – 528400",https://wsrv.nl/?url=https%3A%2F%2Fi.ibb.co%2FjPQq1W18%2FAlcor.png&output=webp&q=78
Alcor,DDY085X,36V DC,200/350mA,5000K, CRI>97,Φ94*H63.5mm,40°,12W/15W,AJ/CG,ARFD0985/50/40,R-41159492,IS 10322 (PART 5/SEC1):2012,3999,"Guangdong Sat Technology Co. Ltd., No. 11 Lianbao Rd, Shengfeng District, Xiaolan Town, Zhongshan City, Guangdong, China – 528400",https://wsrv.nl/?url=https%3A%2F%2Fi.ibb.co%2FjPQq1W18%2FAlcor.png&output=webp&q=78
SKAT 8,DDW165X,36V DC,150mA,2700K, CRI>97, D50*H80mm,15°,8W,AJ/CG,ASFD0850/27/15/W,R-41159492,IS 10322 (PART 5/SEC1):2012,5899,"Guangdong Sat Technology Co. Ltd., No. 11 Lianbao Rd, Shengfeng District, Xiaolan Town, Zhongshan City, Guangdong, China – 528400",https://wsrv.nl/?url=https%3A%2F%2Fi.ibb.co%2F4wgC84nR%2Fskat-white.png&output=webp&q=78
SKAT 8,DDW165X,36V DC,150mA,2700K, CRI>97, D50*H80mm,15°,8W,AJ/CG,ASFD0850/27/15/B,R-41159492,IS 10322 (PART 5/SEC1):2012,5899,"Guangdong Sat Technology Co. Ltd., No. 11 Lianbao Rd, Shengfeng District, Xiaolan Town, Zhongshan City, Guangdong, China – 528400",https://wsrv.nl/?url=https%3A%2F%2Fi.ibb.co%2F7tJrsLBm%2Fskat-black.png&output=webp&q=78
SKAT 8,DDW165X,36V DC,150mA,2700K, CRI>97, D50*H80mm,15°,8W,AJ/CG,ASFD0850/27/15/CG,R-41159492,IS 10322 (PART 5/SEC1):2012,6899,"Guangdong Sat Technology Co. Ltd., No. 11 Lianbao Rd, Shengfeng District, Xiaolan Town, Zhongshan City, Guangdong, China – 528400",https://wsrv.nl/?url=https%3A%2F%2Fi.ibb.co%2Fqb009s5%2Fskat-champeing-gold.png&output=webp&q=78
SKAT 8,DDW165X,36V DC,150mA,2700K, CRI>97, D50*H80mm,15°,8W,AJ/CG,ASFD0850/27/15/RG,R-41159492,IS 10322 (PART 5/SEC1):2012,6899,"Guangdong Sat Technology Co. Ltd., No. 11 Lianbao Rd, Shengfeng District, Xiaolan Town, Zhongshan City, Guangdong, China – 528400",https://wsrv.nl/?url=https%3A%2F%2Fi.ibb.co%2FMxcGFfMr%2Fskat-rose-gold.png&output=webp&q=78
SKAT 8,DDW165X,36V DC,150mA,2700K, CRI>97, D50*H80mm,15°,8W,AJ/CG,ASFD0850/27/15/BR,R-41159492,IS 10322 (PART 5/SEC1):2012,6899,"Guangdong Sat Technology Co. Ltd., No. 11 Lianbao Rd, Shengfeng District, Xiaolan Town, Zhongshan City, Guangdong, China – 528400",https://wsrv.nl/?url=https%3A%2F%2Fi.ibb.co%2FtPbdFv34%2Fskat-brown.png&output=webp&q=78
SKAT 8,DDW165X,36V DC,150mA,2700K, CRI>97, D50*H80mm,15°,8W,AJ/CG,ASFD0850/27/15/COF,R-41159492,IS 10322 (PART 5/SEC1):2012,6899,"Guangdong Sat Technology Co. Ltd., No. 11 Lianbao Rd, Shengfeng District, Xiaolan Town, Zhongshan City, Guangdong, China – 528400",https://wsrv.nl/?url=https%3A%2F%2Fi.ibb.co%2FgBC4BjS%2Fskat-cofee.png&output=webp&q=78
SKAT 8,DDW165X,36V DC,150mA,2700K, CRI>97, D50*H80mm,15°,8W,AJ/CG,ASFD0850/27/15/DGR,R-41159492,IS 10322 (PART 5/SEC1):2012,6899,"Guangdong Sat Technology Co. Ltd., No. 11 Lianbao Rd, Shengfeng District, Xiaolan Town, Zhongshan City, Guangdong, China – 528400",https://wsrv.nl/?url=https%3A%2F%2Fi.ibb.co%2FrRZnBJgg%2Fskat-dark-gray.png&output=webp&q=78
SKAT 8,DDW165X,36V DC,150mA,2700K, CRI>97, D50*H80mm,15°,8W,AJ/CG,ASFD0850/27/15/BB,R-41159492,IS 10322 (PART 5/SEC1):2012,6899,"Guangdong Sat Technology Co. Ltd., No. 11 Lianbao Rd, Shengfeng District, Xiaolan Town, Zhongshan City, Guangdong, China – 528400",https://wsrv.nl/?url=https%3A%2F%2Fi.ibb.co%2FZ69LGCcZ%2Fskat-ballet-blue.png&output=webp&q=78
SKAT 8,DDW165X,36V DC,150mA,2700K, CRI>97, D50*H80mm,15°,8W,AJ/CG,ASFD0850/27/15/CH,R-41159492,IS 10322 (PART 5/SEC1):2012,6899,"Guangdong Sat Technology Co. Ltd., No. 11 Lianbao Rd, Shengfeng District, Xiaolan Town, Zhongshan City, Guangdong, China – 528400",https://wsrv.nl/?url=https%3A%2F%2Fi.ibb.co%2FfzhQnjBb%2Fskat-crome.png&output=webp&q=78
SKAT 8,DDW165X,36V DC,150mA,2700K, CRI>97, D50*H80mm,15°,8W,AJ/CG,ASFD0850/27/15/CHB,R-41159492,IS 10322 (PART 5/SEC1):2012,6899,"Guangdong Sat Technology Co. Ltd., No. 11 Lianbao Rd, Shengfeng District, Xiaolan Town, Zhongshan City, Guangdong, China – 528400",https://wsrv.nl/?url=https%3A%2F%2Fi.ibb.co%2FZpQ2kZDd%2Fskat-crome-black.png&output=webp&q=78
SKAT 8,DDW165X,36V DC,150mA,2700K, CRI>97, D50*H80mm,24°,8W,AJ/CG,ASFD0850/27/24/W,R-41159492,IS 10322 (PART 5/SEC1):2012,5899,"Guangdong Sat Technology Co. Ltd., No. 11 Lianbao Rd, Shengfeng District, Xiaolan Town, Zhongshan City, Guangdong, China – 528400",https://wsrv.nl/?url=https%3A%2F%2Fi.ibb.co%2F4wgC84nR%2Fskat-white.png&output=webp&q=78
SKAT 8,DDW165X,36V DC,150mA,2700K, CRI>97, D50*H80mm,24°,8W,AJ/CG,ASFD0850/27/24/B,R-41159492,IS 10322 (PART 5/SEC1):2012,5899,"Guangdong Sat Technology Co. Ltd., No. 11 Lianbao Rd, Shengfeng District, Xiaolan Town, Zhongshan City, Guangdong, China – 528400",https://wsrv.nl/?url=https%3A%2F%2Fi.ibb.co%2F7tJrsLBm%2Fskat-black.png&output=webp&q=78
SKAT 8,DDW165X,36V DC,150mA,2700K, CRI>97, D50*H80mm,24°,8W,AJ/CG,ASFD0850/27/24/CG,R-41159492,IS 10322 (PART 5/SEC1):2012,6899,"Guangdong Sat Technology Co. Ltd., No. 11 Lianbao Rd, Shengfeng District, Xiaolan Town, Zhongshan City, Guangdong, China – 528400",https://wsrv.nl/?url=https%3A%2F%2Fi.ibb.co%2Fqb009s5%2Fskat-champeing-gold.png&output=webp&q=78
SKAT 8,DDW165X,36V DC,150mA,2700K, CRI>97, D50*H80mm,24°,8W,AJ/CG,ASFD0850/27/24/RG,R-41159492,IS 10322 (PART 5/SEC1):2012,6899,"Guangdong Sat Technology Co. Ltd., No. 11 Lianbao Rd, Shengfeng District, Xiaolan Town, Zhongshan City, Guangdong, China – 528400",https://wsrv.nl/?url=https%3A%2F%2Fi.ibb.co%2FMxcGFfMr%2Fskat-rose-gold.png&output=webp&q=78
SKAT 8,DDW165X,36V DC,150mA,2700K, CRI>97, D50*H80mm,24°,8W,AJ/CG,ASFD0850/27/24/BR,R-41159492,IS 10322 (PART 5/SEC1):2012,6899,"Guangdong Sat Technology Co. Ltd., No. 11 Lianbao Rd, Shengfeng District, Xiaolan Town, Zhongshan City, Guangdong, China – 528400",https://wsrv.nl/?url=https%3A%2F%2Fi.ibb.co%2FtPbdFv34%2Fskat-brown.png&output=webp&q=78
SKAT 8,DDW165X,36V DC,150mA,2700K, CRI>97, D50*H80mm,24°,8W,AJ/CG,ASFD0850/27/24/COF,R-41159492,IS 10322 (PART 5/SEC1):2012,6899,"Guangdong Sat Technology Co. Ltd., No. 11 Lianbao Rd, Shengfeng District, Xiaolan Town, Zhongshan City, Guangdong, China – 528400",https://wsrv.nl/?url=https%3A%2F%2Fi.ibb.co%2FgBC4BjS%2Fskat-cofee.png&output=webp&q=78
SKAT 8,DDW165X,36V DC,150mA,2700K, CRI>97, D50*H80mm,24°,8W,AJ/CG,ASFD0850/27/24/DGR,R-41159492,IS 10322 (PART 5/SEC1):2012,6899,"Guangdong Sat Technology Co. Ltd., No. 11 Lianbao Rd, Shengfeng District, Xiaolan Town, Zhongshan City, Guangdong, China – 528400",https://wsrv.nl/?url=https%3A%2F%2Fi.ibb.co%2FrRZnBJgg%2Fskat-dark-gray.png&output=webp&q=78
SKAT 8,DDW165X,36V DC,150mA,2700K, CRI>97, D50*H80mm,24°,8W,AJ/CG,ASFD0850/27/24/BB,R-41159492,IS 10322 (PART 5/SEC1):2012,6899,"Guangdong Sat Technology Co. Ltd., No. 11 Lianbao Rd, Shengfeng District, Xiaolan Town, Zhongshan City, Guangdong, China – 528400",https://wsrv.nl/?url=https%3A%2F%2Fi.ibb.co%2FZ69LGCcZ%2Fskat-ballet-blue.png&output=webp&q=78
SKAT 8,DDW165X,36V DC,150mA,2700K, CRI>97, D50*H80mm,24°,8W,AJ/CG,ASFD0850/27/24/CH,R-41159492,IS 10322 (PART 5/SEC1):2012,6899,"Guangdong Sat Technology Co. Ltd., No. 11 Lianbao Rd, Shengfeng District, Xiaolan Town, Zhongshan City, Guangdong, China – 528400",https://wsrv.nl/?url=https%3A%2F%2Fi.ibb.co%2FfzhQnjBb%2Fskat-crome.png&output=webp&q=78
SKAT 8,DDW165X,36V DC,150mA,2700K, CRI>97, D50*H80mm,24°,8W,AJ/CG,ASFD0850/27/24/CHB,R-41159492,IS 10322 (PART 5/SEC1):2012,6899,"Guangdong Sat Technology Co. Ltd., No. 11 Lianbao Rd, Shengfeng District, Xiaolan Town, Zhongshan City, Guangdong, China – 528400",https://wsrv.nl/?url=https%3A%2F%2Fi.ibb.co%2FZpQ2kZDd%2Fskat-crome-black.png&output=webp&q=78
SKAT 8,DDW165X,36V DC,150mA,3000K, CRI>97, D50*H80mm,15°,8W,AJ/CG,ASFD0850/30/15/W,R-41159492,IS 10322 (PART 5/SEC1):2012,5899,"Guangdong Sat Technology Co. Ltd., No. 11 Lianbao Rd, Shengfeng District, Xiaolan Town, Zhongshan City, Guangdong, China – 528400",https://wsrv.nl/?url=https%3A%2F%2Fi.ibb.co%2F4wgC84nR%2Fskat-white.png&output=webp&q=78
SKAT 8,DDW165X,36V DC,150mA,3000K, CRI>97, D50*H80mm,15°,8W,AJ/CG,ASFD0850/30/15/B,R-41159492,IS 10322 (PART 5/SEC1):2012,5899,"Guangdong Sat Technology Co. Ltd., No. 11 Lianbao Rd, Shengfeng District, Xiaolan Town, Zhongshan City, Guangdong, China – 528400",https://wsrv.nl/?url=https%3A%2F%2Fi.ibb.co%2F7tJrsLBm%2Fskat-black.png&output=webp&q=78
SKAT 8,DDW165X,36V DC,150mA,3000K, CRI>97, D50*H80mm,15°,8W,AJ/CG,ASFD0850/30/15/CG,R-41159492,IS 10322 (PART 5/SEC1):2012,6899,"Guangdong Sat Technology Co. Ltd., No. 11 Lianbao Rd, Shengfeng District, Xiaolan Town, Zhongshan City, Guangdong, China – 528400",https://wsrv.nl/?url=https%3A%2F%2Fi.ibb.co%2Fqb009s5%2Fskat-champeing-gold.png&output=webp&q=78
SKAT 8,DDW165X,36V DC,150mA,3000K, CRI>97, D50*H80mm,15°,8W,AJ/CG,ASFD0850/30/15/RG,R-41159492,IS 10322 (PART 5/SEC1):2012,6899,"Guangdong Sat Technology Co. Ltd., No. 11 Lianbao Rd, Shengfeng District, Xiaolan Town, Zhongshan City, Guangdong, China – 528400",https://wsrv.nl/?url=https%3A%2F%2Fi.ibb.co%2FMxcGFfMr%2Fskat-rose-gold.png&output=webp&q=78
SKAT 8,DDW165X,36V DC,150mA,3000K, CRI>97, D50*H80mm,15°,8W,AJ/CG,ASFD0850/30/15/BR,R-41159492,IS 10322 (PART 5/SEC1):2012,6899,"Guangdong Sat Technology Co. Ltd., No. 11 Lianbao Rd, Shengfeng District, Xiaolan Town, Zhongshan City, Guangdong, China – 528400",https://wsrv.nl/?url=https%3A%2F%2Fi.ibb.co%2FtPbdFv34%2Fskat-brown.png&output=webp&q=78
SKAT 8,DDW165X,36V DC,150mA,3000K, CRI>97, D50*H80mm,15°,8W,AJ/CG,ASFD0850/30/15/COF,R-41159492,IS 10322 (PART 5/SEC1):2012,6899,"Guangdong Sat Technology Co. Ltd., No. 11 Lianbao Rd, Shengfeng District, Xiaolan Town, Zhongshan City, Guangdong, China – 528400",https://wsrv.nl/?url=https%3A%2F%2Fi.ibb.co%2FgBC4BjS%2Fskat-cofee.png&output=webp&q=78
SKAT 8,DDW165X,36V DC,150mA,3000K, CRI>97, D50*H80mm,15°,8W,AJ/CG,ASFD0850/30/15/DGR,R-41159492,IS 10322 (PART 5/SEC1):2012,6899,"Guangdong Sat Technology Co. Ltd., No. 11 Lianbao Rd, Shengfeng District, Xiaolan Town, Zhongshan City, Guangdong, China – 528400",https://wsrv.nl/?url=https%3A%2F%2Fi.ibb.co%2FrRZnBJgg%2Fskat-dark-gray.png&output=webp&q=78
SKAT 8,DDW165X,36V DC,150mA,3000K, CRI>97, D50*H80mm,15°,8W,AJ/CG,ASFD0850/30/15/BB,R-41159492,IS 10322 (PART 5/SEC1):2012,6899,"Guangdong Sat Technology Co. Ltd., No. 11 Lianbao Rd, Shengfeng District, Xiaolan Town, Zhongshan City, Guangdong, China – 528400",https://wsrv.nl/?url=https%3A%2F%2Fi.ibb.co%2FZ69LGCcZ%2Fskat-ballet-blue.png&output=webp&q=78
SKAT 8,DDW165X,36V DC,150mA,3000K, CRI>97, D50*H80mm,15°,8W,AJ/CG,ASFD0850/30/15/CH,R-41159492,IS 10322 (PART 5/SEC1):2012,6899,"Guangdong Sat Technology Co. Ltd., No. 11 Lianbao Rd, Shengfeng District, Xiaolan Town, Zhongshan City, Guangdong, China – 528400",https://wsrv.nl/?url=https%3A%2F%2Fi.ibb.co%2FfzhQnjBb%2Fskat-crome.png&output=webp&q=78
SKAT 8,DDW165X,36V DC,150mA,3000K, CRI>97, D50*H80mm,15°,8W,AJ/CG,ASFD0850/30/15/CHB,R-41159492,IS 10322 (PART 5/SEC1):2012,6899,"Guangdong Sat Technology Co. Ltd., No. 11 Lianbao Rd, Shengfeng District, Xiaolan Town, Zhongshan City, Guangdong, China – 528400",https://wsrv.nl/?url=https%3A%2F%2Fi.ibb.co%2FZpQ2kZDd%2Fskat-crome-black.png&output=webp&q=78
SKAT 8,DDW165X,36V DC,150mA,3000K, CRI>97, D50*H80mm,24°,8W,AJ/CG,ASFD0850/30/24/W,R-41159492,IS 10322 (PART 5/SEC1):2012,5899,"Guangdong Sat Technology Co. Ltd., No. 11 Lianbao Rd, Shengfeng District, Xiaolan Town, Zhongshan City, Guangdong, China – 528400",https://wsrv.nl/?url=https%3A%2F%2Fi.ibb.co%2F4wgC84nR%2Fskat-white.png&output=webp&q=78
SKAT 8,DDW165X,36V DC,150mA,3000K, CRI>97, D50*H80mm,24°,8W,AJ/CG,ASFD0850/30/24/B,R-41159492,IS 10322 (PART 5/SEC1):2012,5899,"Guangdong Sat Technology Co. Ltd., No. 11 Lianbao Rd, Shengfeng District, Xiaolan Town, Zhongshan City, Guangdong, China – 528400",https://wsrv.nl/?url=https%3A%2F%2Fi.ibb.co%2F7tJrsLBm%2Fskat-black.png&output=webp&q=78
SKAT 8,DDW165X,36V DC,150mA,3000K, CRI>97, D50*H80mm,24°,8W,AJ/CG,ASFD0850/30/24/CG,R-41159492,IS 10322 (PART 5/SEC1):2012,6899,"Guangdong Sat Technology Co. Ltd., No. 11 Lianbao Rd, Shengfeng District, Xiaolan Town, Zhongshan City, Guangdong, China – 528400",https://wsrv.nl/?url=https%3A%2F%2Fi.ibb.co%2Fqb009s5%2Fskat-champeing-gold.png&output=webp&q=78
SKAT 8,DDW165X,36V DC,150mA,3000K, CRI>97, D50*H80mm,24°,8W,AJ/CG,ASFD0850/30/24/RG,R-41159492,IS 10322 (PART 5/SEC1):2012,6899,"Guangdong Sat Technology Co. Ltd., No. 11 Lianbao Rd, Shengfeng District, Xiaolan Town, Zhongshan City, Guangdong, China – 528400",https://wsrv.nl/?url=https%3A%2F%2Fi.ibb.co%2FMxcGFfMr%2Fskat-rose-gold.png&output=webp&q=78
SKAT 8,DDW165X,36V DC,150mA,3000K, CRI>97, D50*H80mm,24°,8W,AJ/CG,ASFD0850/30/24/BR,R-41159492,IS 10322 (PART 5/SEC1):2012,6899,"Guangdong Sat Technology Co. Ltd., No. 11 Lianbao Rd, Shengfeng District, Xiaolan Town, Zhongshan City, Guangdong, China – 528400",https://wsrv.nl/?url=https%3A%2F%2Fi.ibb.co%2FtPbdFv34%2Fskat-brown.png&output=webp&q=78
SKAT 8,DDW165X,36V DC,150mA,3000K, CRI>97, D50*H80mm,24°,8W,AJ/CG,ASFD0850/30/24/COF,R-41159492,IS 10322 (PART 5/SEC1):2012,6899,"Guangdong Sat Technology Co. Ltd., No. 11 Lianbao Rd, Shengfeng District, Xiaolan Town, Zhongshan City, Guangdong, China – 528400",https://wsrv.nl/?url=https%3A%2F%2Fi.ibb.co%2FgBC4BjS%2Fskat-cofee.png&output=webp&q=78
SKAT 8,DDW165X,36V DC,150mA,3000K, CRI>97, D50*H80mm,24°,8W,AJ/CG,ASFD0850/30/24/DGR,R-41159492,IS 10322 (PART 5/SEC1):2012,6899,"Guangdong Sat Technology Co. Ltd., No. 11 Lianbao Rd, Shengfeng District, Xiaolan Town, Zhongshan City, Guangdong, China – 528400",https://wsrv.nl/?url=https%3A%2F%2Fi.ibb.co%2FrRZnBJgg%2Fskat-dark-gray.png&output=webp&q=78
SKAT 8,DDW165X,36V DC,150mA,3000K, CRI>97, D50*H80mm,24°,8W,AJ/CG,ASFD0850/30/24/BB,R-41159492,IS 10322 (PART 5/SEC1):2012,6899,"Guangdong Sat Technology Co. Ltd., No. 11 Lianbao Rd, Shengfeng District, Xiaolan Town, Zhongshan City, Guangdong, China – 528400",https://wsrv.nl/?url=https%3A%2F%2Fi.ibb.co%2FZ69LGCcZ%2Fskat-ballet-blue.png&output=webp&q=78
SKAT 8,DDW165X,36V DC,150mA,3000K, CRI>97, D50*H80mm,24°,8W,AJ/CG,ASFD0850/30/24/CH,R-41159492,IS 10322 (PART 5/SEC1):2012,6899,"Guangdong Sat Technology Co. Ltd., No. 11 Lianbao Rd, Shengfeng District, Xiaolan Town, Zhongshan City, Guangdong, China – 528400",https://wsrv.nl/?url=https%3A%2F%2Fi.ibb.co%2FfzhQnjBb%2Fskat-crome.png&output=webp&q=78
SKAT 8,DDW165X,36V DC,150mA,3000K, CRI>97, D50*H80mm,24°,8W,AJ/CG,ASFD0850/30/24/CHB,R-41159492,IS 10322 (PART 5/SEC1):2012,6899,"Guangdong Sat Technology Co. Ltd., No. 11 Lianbao Rd, Shengfeng District, Xiaolan Town, Zhongshan City, Guangdong, China – 528400",https://wsrv.nl/?url=https%3A%2F%2Fi.ibb.co%2FZpQ2kZDd%2Fskat-crome-black.png&output=webp&q=78
SKAT 8,DDW165X,36V DC,150mA,3500K, CRI>97, D50*H80mm,15°,8W,AJ/CG,ASFD0850/35/15/W,R-41159492,IS 10322 (PART 5/SEC1):2012,5899,"Guangdong Sat Technology Co. Ltd., No. 11 Lianbao Rd, Shengfeng District, Xiaolan Town, Zhongshan City, Guangdong, China – 528400",https://wsrv.nl/?url=https%3A%2F%2Fi.ibb.co%2F4wgC84nR%2Fskat-white.png&output=webp&q=78
SKAT 8,DDW165X,36V DC,150mA,3500K, CRI>97, D50*H80mm,15°,8W,AJ/CG,ASFD0850/35/15/B,R-41159492,IS 10322 (PART 5/SEC1):2012,5899,"Guangdong Sat Technology Co. Ltd., No. 11 Lianbao Rd, Shengfeng District, Xiaolan Town, Zhongshan City, Guangdong, China – 528400",https://wsrv.nl/?url=https%3A%2F%2Fi.ibb.co%2F7tJrsLBm%2Fskat-black.png&output=webp&q=78
SKAT 8,DDW165X,36V DC,150mA,3500K, CRI>97, D50*H80mm,15°,8W,AJ/CG,ASFD0850/35/15/CG,R-41159492,IS 10322 (PART 5/SEC1):2012,6899,"Guangdong Sat Technology Co. Ltd., No. 11 Lianbao Rd, Shengfeng District, Xiaolan Town, Zhongshan City, Guangdong, China – 528400",https://wsrv.nl/?url=https%3A%2F%2Fi.ibb.co%2Fqb009s5%2Fskat-champeing-gold.png&output=webp&q=78
SKAT 8,DDW165X,36V DC,150mA,3500K, CRI>97, D50*H80mm,15°,8W,AJ/CG,ASFD0850/35/15/RG,R-41159492,IS 10322 (PART 5/SEC1):2012,6899,"Guangdong Sat Technology Co. Ltd., No. 11 Lianbao Rd, Shengfeng District, Xiaolan Town, Zhongshan City, Guangdong, China – 528400",https://wsrv.nl/?url=https%3A%2F%2Fi.ibb.co%2FMxcGFfMr%2Fskat-rose-gold.png&output=webp&q=78
SKAT 8,DDW165X,36V DC,150mA,3500K, CRI>97, D50*H80mm,15°,8W,AJ/CG,ASFD0850/35/15/BR,R-41159492,IS 10322 (PART 5/SEC1):2012,6899,"Guangdong Sat Technology Co. Ltd., No. 11 Lianbao Rd, Shengfeng District, Xiaolan Town, Zhongshan City, Guangdong, China – 528400",https://wsrv.nl/?url=https%3A%2F%2Fi.ibb.co%2FtPbdFv34%2Fskat-brown.png&output=webp&q=78
SKAT 8,DDW165X,36V DC,150mA,3500K, CRI>97, D50*H80mm,15°,8W,AJ/CG,ASFD0850/35/15/COF,R-41159492,IS 10322 (PART 5/SEC1):2012,6899,"Guangdong Sat Technology Co. Ltd., No. 11 Lianbao Rd, Shengfeng District, Xiaolan Town, Zhongshan City, Guangdong, China – 528400",https://wsrv.nl/?url=https%3A%2F%2Fi.ibb.co%2FgBC4BjS%2Fskat-cofee.png&output=webp&q=78
SKAT 8,DDW165X,36V DC,150mA,3500K, CRI>97, D50*H80mm,15°,8W,AJ/CG,ASFD0850/35/15/DGR,R-41159492,IS 10322 (PART 5/SEC1):2012,6899,"Guangdong Sat Technology Co. Ltd., No. 11 Lianbao Rd, Shengfeng District, Xiaolan Town, Zhongshan City, Guangdong, China – 528400",https://wsrv.nl/?url=https%3A%2F%2Fi.ibb.co%2FrRZnBJgg%2Fskat-dark-gray.png&output=webp&q=78
SKAT 8,DDW165X,36V DC,150mA,3500K, CRI>97, D50*H80mm,15°,8W,AJ/CG,ASFD0850/35/15/BB,R-41159492,IS 10322 (PART 5/SEC1):2012,6899,"Guangdong Sat Technology Co. Ltd., No. 11 Lianbao Rd, Shengfeng District, Xiaolan Town, Zhongshan City, Guangdong, China – 528400",https://wsrv.nl/?url=https%3A%2F%2Fi.ibb.co%2FZ69LGCcZ%2Fskat-ballet-blue.png&output=webp&q=78
SKAT 8,DDW165X,36V DC,150mA,3500K, CRI>97, D50*H80mm,15°,8W,AJ/CG,ASFD0850/35/15/CH,R-41159492,IS 10322 (PART 5/SEC1):2012,6899,"Guangdong Sat Technology Co. Ltd., No. 11 Lianbao Rd, Shengfeng District, Xiaolan Town, Zhongshan City, Guangdong, China – 528400",https://wsrv.nl/?url=https%3A%2F%2Fi.ibb.co%2FfzhQnjBb%2Fskat-crome.png&output=webp&q=78
SKAT 8,DDW165X,36V DC,150mA,3500K, CRI>97, D50*H80mm,15°,8W,AJ/CG,ASFD0850/35/15/CHB,R-41159492,IS 10322 (PART 5/SEC1):2012,6899,"Guangdong Sat Technology Co. Ltd., No. 11 Lianbao Rd, Shengfeng District, Xiaolan Town, Zhongshan City, Guangdong, China – 528400",https://wsrv.nl/?url=https%3A%2F%2Fi.ibb.co%2FZpQ2kZDd%2Fskat-crome-black.png&output=webp&q=78
SKAT 8,DDW165X,36V DC,150mA,3500K, CRI>97, D50*H80mm,24°,8W,AJ/CG,ASFD0850/35/24/W,R-41159492,IS 10322 (PART 5/SEC1):2012,5899,"Guangdong Sat Technology Co. Ltd., No. 11 Lianbao Rd, Shengfeng District, Xiaolan Town, Zhongshan City, Guangdong, China – 528400",https://wsrv.nl/?url=https%3A%2F%2Fi.ibb.co%2F4wgC84nR%2Fskat-white.png&output=webp&q=78
SKAT 8,DDW165X,36V DC,150mA,3500K, CRI>97, D50*H80mm,24°,8W,AJ/CG,ASFD0850/35/24/B,R-41159492,IS 10322 (PART 5/SEC1):2012,5899,"Guangdong Sat Technology Co. Ltd., No. 11 Lianbao Rd, Shengfeng District, Xiaolan Town, Zhongshan City, Guangdong, China – 528400",https://wsrv.nl/?url=https%3A%2F%2Fi.ibb.co%2F7tJrsLBm%2Fskat-black.png&output=webp&q=78
SKAT 8,DDW165X,36V DC,150mA,3500K, CRI>97, D50*H80mm,24°,8W,AJ/CG,ASFD0850/35/24/CG,R-41159492,IS 10322 (PART 5/SEC1):2012,6899,"Guangdong Sat Technology Co. Ltd., No. 11 Lianbao Rd, Shengfeng District, Xiaolan Town, Zhongshan City, Guangdong, China – 528400",https://wsrv.nl/?url=https%3A%2F%2Fi.ibb.co%2Fqb009s5%2Fskat-champeing-gold.png&output=webp&q=78
SKAT 8,DDW165X,36V DC,150mA,3500K, CRI>97, D50*H80mm,24°,8W,AJ/CG,ASFD0850/35/24/RG,R-41159492,IS 10322 (PART 5/SEC1):2012,6899,"Guangdong Sat Technology Co. Ltd., No. 11 Lianbao Rd, Shengfeng District, Xiaolan Town, Zhongshan City, Guangdong, China – 528400",https://wsrv.nl/?url=https%3A%2F%2Fi.ibb.co%2FMxcGFfMr%2Fskat-rose-gold.png&output=webp&q=78
SKAT 8,DDW165X,36V DC,150mA,3500K, CRI>97, D50*H80mm,24°,8W,AJ/CG,ASFD0850/35/24/BR,R-41159492,IS 10322 (PART 5/SEC1):2012,6899,"Guangdong Sat Technology Co. Ltd., No. 11 Lianbao Rd, Shengfeng District, Xiaolan Town, Zhongshan City, Guangdong, China – 528400",https://wsrv.nl/?url=https%3A%2F%2Fi.ibb.co%2FtPbdFv34%2Fskat-brown.png&output=webp&q=78
SKAT 8,DDW165X,36V DC,150mA,3500K, CRI>97, D50*H80mm,24°,8W,AJ/CG,ASFD0850/35/24/COF,R-41159492,IS 10322 (PART 5/SEC1):2012,6899,"Guangdong Sat Technology Co. Ltd., No. 11 Lianbao Rd, Shengfeng District, Xiaolan Town, Zhongshan City, Guangdong, China – 528400",https://wsrv.nl/?url=https%3A%2F%2Fi.ibb.co%2FgBC4BjS%2Fskat-cofee.png&output=webp&q=78
SKAT 8,DDW165X,36V DC,150mA,3500K, CRI>97, D50*H80mm,24°,8W,AJ/CG,ASFD0850/35/24/DGR,R-41159492,IS 10322 (PART 5/SEC1):2012,6899,"Guangdong Sat Technology Co. Ltd., No. 11 Lianbao Rd, Shengfeng District, Xiaolan Town, Zhongshan City, Guangdong, China – 528400",https://wsrv.nl/?url=https%3A%2F%2Fi.ibb.co%2FrRZnBJgg%2Fskat-dark-gray.png&output=webp&q=78
SKAT 8,DDW165X,36V DC,150mA,3500K, CRI>97, D50*H80mm,24°,8W,AJ/CG,ASFD0850/35/24/BB,R-41159492,IS 10322 (PART 5/SEC1):2012,6899,"Guangdong Sat Technology Co. Ltd., No. 11 Lianbao Rd, Shengfeng District, Xiaolan Town, Zhongshan City, Guangdong, China – 528400",https://wsrv.nl/?url=https%3A%2F%2Fi.ibb.co%2FZ69LGCcZ%2Fskat-ballet-blue.png&output=webp&q=78
SKAT 8,DDW165X,36V DC,150mA,3500K, CRI>97, D50*H80mm,24°,8W,AJ/CG,ASFD0850/35/24/CH,R-41159492,IS 10322 (PART 5/SEC1):2012,6899,"Guangdong Sat Technology Co. Ltd., No. 11 Lianbao Rd, Shengfeng District, Xiaolan Town, Zhongshan City, Guangdong, China – 528400",https://wsrv.nl/?url=https%3A%2F%2Fi.ibb.co%2FfzhQnjBb%2Fskat-crome.png&output=webp&q=78
SKAT 8,DDW165X,36V DC,150mA,3500K, CRI>97, D50*H80mm,24°,8W,AJ/CG,ASFD0850/35/24/CHB,R-41159492,IS 10322 (PART 5/SEC1):2012,6899,"Guangdong Sat Technology Co. Ltd., No. 11 Lianbao Rd, Shengfeng District, Xiaolan Town, Zhongshan City, Guangdong, China – 528400",https://wsrv.nl/?url=https%3A%2F%2Fi.ibb.co%2FZpQ2kZDd%2Fskat-crome-black.png&output=webp&q=78
SKAT 8,DDW165X,36V DC,150mA,4000K, CRI>97, D50*H80mm,15°,8W,AJ/CG,ASFD0850/40/15/W,R-41159492,IS 10322 (PART 5/SEC1):2012,5899,"Guangdong Sat Technology Co. Ltd., No. 11 Lianbao Rd, Shengfeng District, Xiaolan Town, Zhongshan City, Guangdong, China – 528400",https://wsrv.nl/?url=https%3A%2F%2Fi.ibb.co%2F4wgC84nR%2Fskat-white.png&output=webp&q=78
SKAT 8,DDW165X,36V DC,150mA,4000K, CRI>97, D50*H80mm,15°,8W,AJ/CG,ASFD0850/40/15/B,R-41159492,IS 10322 (PART 5/SEC1):2012,5899,"Guangdong Sat Technology Co. Ltd., No. 11 Lianbao Rd, Shengfeng District, Xiaolan Town, Zhongshan City, Guangdong, China – 528400",https://wsrv.nl/?url=https%3A%2F%2Fi.ibb.co%2F7tJrsLBm%2Fskat-black.png&output=webp&q=78
SKAT 8,DDW165X,36V DC,150mA,4000K, CRI>97, D50*H80mm,15°,8W,AJ/CG,ASFD0850/40/15/CG,R-41159492,IS 10322 (PART 5/SEC1):2012,6899,"Guangdong Sat Technology Co. Ltd., No. 11 Lianbao Rd, Shengfeng District, Xiaolan Town, Zhongshan City, Guangdong, China – 528400",https://wsrv.nl/?url=https%3A%2F%2Fi.ibb.co%2Fqb009s5%2Fskat-champeing-gold.png&output=webp&q=78
SKAT 8,DDW165X,36V DC,150mA,4000K, CRI>97, D50*H80mm,15°,8W,AJ/CG,ASFD0850/40/15/RG,R-41159492,IS 10322 (PART 5/SEC1):2012,6899,"Guangdong Sat Technology Co. Ltd., No. 11 Lianbao Rd, Shengfeng District, Xiaolan Town, Zhongshan City, Guangdong, China – 528400",https://wsrv.nl/?url=https%3A%2F%2Fi.ibb.co%2FMxcGFfMr%2Fskat-rose-gold.png&output=webp&q=78
SKAT 8,DDW165X,36V DC,150mA,4000K, CRI>97, D50*H80mm,15°,8W,AJ/CG,ASFD0850/40/15/BR,R-41159492,IS 10322 (PART 5/SEC1):2012,6899,"Guangdong Sat Technology Co. Ltd., No. 11 Lianbao Rd, Shengfeng District, Xiaolan Town, Zhongshan City, Guangdong, China – 528400",https://wsrv.nl/?url=https%3A%2F%2Fi.ibb.co%2FtPbdFv34%2Fskat-brown.png&output=webp&q=78
SKAT 8,DDW165X,36V DC,150mA,4000K, CRI>97, D50*H80mm,15°,8W,AJ/CG,ASFD0850/40/15/COF,R-41159492,IS 10322 (PART 5/SEC1):2012,6899,"Guangdong Sat Technology Co. Ltd., No. 11 Lianbao Rd, Shengfeng District, Xiaolan Town, Zhongshan City, Guangdong, China – 528400",https://wsrv.nl/?url=https%3A%2F%2Fi.ibb.co%2FgBC4BjS%2Fskat-cofee.png&output=webp&q=78
SKAT 8,DDW165X,36V DC,150mA,4000K, CRI>97, D50*H80mm,15°,8W,AJ/CG,ASFD0850/40/15/DGR,R-41159492,IS 10322 (PART 5/SEC1):2012,6899,"Guangdong Sat Technology Co. Ltd., No. 11 Lianbao Rd, Shengfeng District, Xiaolan Town, Zhongshan City, Guangdong, China – 528400",https://wsrv.nl/?url=https%3A%2F%2Fi.ibb.co%2FrRZnBJgg%2Fskat-dark-gray.png&output=webp&q=78
SKAT 8,DDW165X,36V DC,150mA,4000K, CRI>97, D50*H80mm,15°,8W,AJ/CG,ASFD0850/40/15/BB,R-41159492,IS 10322 (PART 5/SEC1):2012,6899,"Guangdong Sat Technology Co. Ltd., No. 11 Lianbao Rd, Shengfeng District, Xiaolan Town, Zhongshan City, Guangdong, China – 528400",https://wsrv.nl/?url=https%3A%2F%2Fi.ibb.co%2FZ69LGCcZ%2Fskat-ballet-blue.png&output=webp&q=78
SKAT 8,DDW165X,36V DC,150mA,4000K, CRI>97, D50*H80mm,15°,8W,AJ/CG,ASFD0850/40/15/CH,R-41159492,IS 10322 (PART 5/SEC1):2012,6899,"Guangdong Sat Technology Co. Ltd., No. 11 Lianbao Rd, Shengfeng District, Xiaolan Town, Zhongshan City, Guangdong, China – 528400",https://wsrv.nl/?url=https%3A%2F%2Fi.ibb.co%2FfzhQnjBb%2Fskat-crome.png&output=webp&q=78
SKAT 8,DDW165X,36V DC,150mA,4000K, CRI>97, D50*H80mm,15°,8W,AJ/CG,ASFD0850/40/15/CHB,R-41159492,IS 10322 (PART 5/SEC1):2012,6899,"Guangdong Sat Technology Co. Ltd., No. 11 Lianbao Rd, Shengfeng District, Xiaolan Town, Zhongshan City, Guangdong, China – 528400",https://wsrv.nl/?url=https%3A%2F%2Fi.ibb.co%2FZpQ2kZDd%2Fskat-crome-black.png&output=webp&q=78
SKAT 8,DDW165X,36V DC,150mA,4000K, CRI>97, D50*H80mm,24°,8W,AJ/CG,ASFD0850/40/24/W,R-41159492,IS 10322 (PART 5/SEC1):2012,5899,"Guangdong Sat Technology Co. Ltd., No. 11 Lianbao Rd, Shengfeng District, Xiaolan Town, Zhongshan City, Guangdong, China – 528400",https://wsrv.nl/?url=https%3A%2F%2Fi.ibb.co%2F4wgC84nR%2Fskat-white.png&output=webp&q=78
SKAT 8,DDW165X,36V DC,150mA,4000K, CRI>97, D50*H80mm,24°,8W,AJ/CG,ASFD0850/40/24/B,R-41159492,IS 10322 (PART 5/SEC1):2012,5899,"Guangdong Sat Technology Co. Ltd., No. 11 Lianbao Rd, Shengfeng District, Xiaolan Town, Zhongshan City, Guangdong, China – 528400",https://wsrv.nl/?url=https%3A%2F%2Fi.ibb.co%2F7tJrsLBm%2Fskat-black.png&output=webp&q=78
SKAT 8,DDW165X,36V DC,150mA,4000K, CRI>97, D50*H80mm,24°,8W,AJ/CG,ASFD0850/40/24/CG,R-41159492,IS 10322 (PART 5/SEC1):2012,6899,"Guangdong Sat Technology Co. Ltd., No. 11 Lianbao Rd, Shengfeng District, Xiaolan Town, Zhongshan City, Guangdong, China – 528400",https://wsrv.nl/?url=https%3A%2F%2Fi.ibb.co%2Fqb009s5%2Fskat-champeing-gold.png&output=webp&q=78
SKAT 8,DDW165X,36V DC,150mA,4000K, CRI>97, D50*H80mm,24°,8W,AJ/CG,ASFD0850/40/24/RG,R-41159492,IS 10322 (PART 5/SEC1):2012,6899,"Guangdong Sat Technology Co. Ltd., No. 11 Lianbao Rd, Shengfeng District, Xiaolan Town, Zhongshan City, Guangdong, China – 528400",https://wsrv.nl/?url=https%3A%2F%2Fi.ibb.co%2FMxcGFfMr%2Fskat-rose-gold.png&output=webp&q=78
SKAT 8,DDW165X,36V DC,150mA,4000K, CRI>97, D50*H80mm,24°,8W,AJ/CG,ASFD0850/40/24/BR,R-41159492,IS 10322 (PART 5/SEC1):2012,6899,"Guangdong Sat Technology Co. Ltd., No. 11 Lianbao Rd, Shengfeng District, Xiaolan Town, Zhongshan City, Guangdong, China – 528400",https://wsrv.nl/?url=https%3A%2F%2Fi.ibb.co%2FtPbdFv34%2Fskat-brown.png&output=webp&q=78
SKAT 8,DDW165X,36V DC,150mA,4000K, CRI>97, D50*H80mm,24°,8W,AJ/CG,ASFD0850/40/24/COF,R-41159492,IS 10322 (PART 5/SEC1):2012,6899,"Guangdong Sat Technology Co. Ltd., No. 11 Lianbao Rd, Shengfeng District, Xiaolan Town, Zhongshan City, Guangdong, China – 528400",https://wsrv.nl/?url=https%3A%2F%2Fi.ibb.co%2FgBC4BjS%2Fskat-cofee.png&output=webp&q=78
SKAT 8,DDW165X,36V DC,150mA,4000K, CRI>97, D50*H80mm,24°,8W,AJ/CG,ASFD0850/40/24/DGR,R-41159492,IS 10322 (PART 5/SEC1):2012,6899,"Guangdong Sat Technology Co. Ltd., No. 11 Lianbao Rd, Shengfeng District, Xiaolan Town, Zhongshan City, Guangdong, China – 528400",https://wsrv.nl/?url=https%3A%2F%2Fi.ibb.co%2FrRZnBJgg%2Fskat-dark-gray.png&output=webp&q=78
SKAT 8,DDW165X,36V DC,150mA,4000K, CRI>97, D50*H80mm,24°,8W,AJ/CG,ASFD0850/40/24/BB,R-41159492,IS 10322 (PART 5/SEC1):2012,6899,"Guangdong Sat Technology Co. Ltd., No. 11 Lianbao Rd, Shengfeng District, Xiaolan Town, Zhongshan City, Guangdong, China – 528400",https://wsrv.nl/?url=https%3A%2F%2Fi.ibb.co%2FZ69LGCcZ%2Fskat-ballet-blue.png&output=webp&q=78
SKAT 8,DDW165X,36V DC,150mA,4000K, CRI>97, D50*H80mm,24°,8W,AJ/CG,ASFD0850/40/24/CH,R-41159492,IS 10322 (PART 5/SEC1):2012,6899,"Guangdong Sat Technology Co. Ltd., No. 11 Lianbao Rd, Shengfeng District, Xiaolan Town, Zhongshan City, Guangdong, China – 528400",https://wsrv.nl/?url=https%3A%2F%2Fi.ibb.co%2FfzhQnjBb%2Fskat-crome.png&output=webp&q=78
SKAT 8,DDW165X,36V DC,150mA,4000K, CRI>97, D50*H80mm,24°,8W,AJ/CG,ASFD0850/40/24/CHB,R-41159492,IS 10322 (PART 5/SEC1):2012,6899,"Guangdong Sat Technology Co. Ltd., No. 11 Lianbao Rd, Shengfeng District, Xiaolan Town, Zhongshan City, Guangdong, China – 528400",https://wsrv.nl/?url=https%3A%2F%2Fi.ibb.co%2FZpQ2kZDd%2Fskat-crome-black.png&output=webp&q=78
SKAT 8,DDW165X,36V DC,150mA,5000K, CRI>97, D50*H80mm,15°,8W,AJ/CG,ASFD0850/50/15/W,R-41159492,IS 10322 (PART 5/SEC1):2012,5899,"Guangdong Sat Technology Co. Ltd., No. 11 Lianbao Rd, Shengfeng District, Xiaolan Town, Zhongshan City, Guangdong, China – 528400",https://wsrv.nl/?url=https%3A%2F%2Fi.ibb.co%2F4wgC84nR%2Fskat-white.png&output=webp&q=78
SKAT 8,DDW165X,36V DC,150mA,5000K, CRI>97, D50*H80mm,15°,8W,AJ/CG,ASFD0850/50/15/B,R-41159492,IS 10322 (PART 5/SEC1):2012,5899,"Guangdong Sat Technology Co. Ltd., No. 11 Lianbao Rd, Shengfeng District, Xiaolan Town, Zhongshan City, Guangdong, China – 528400",https://wsrv.nl/?url=https%3A%2F%2Fi.ibb.co%2F7tJrsLBm%2Fskat-black.png&output=webp&q=78
SKAT 8,DDW165X,36V DC,150mA,5000K, CRI>97, D50*H80mm,15°,8W,AJ/CG,ASFD0850/50/15/CG,R-41159492,IS 10322 (PART 5/SEC1):2012,6899,"Guangdong Sat Technology Co. Ltd., No. 11 Lianbao Rd, Shengfeng District, Xiaolan Town, Zhongshan City, Guangdong, China – 528400",https://wsrv.nl/?url=https%3A%2F%2Fi.ibb.co%2Fqb009s5%2Fskat-champeing-gold.png&output=webp&q=78
SKAT 8,DDW165X,36V DC,150mA,5000K, CRI>97, D50*H80mm,15°,8W,AJ/CG,ASFD0850/50/15/RG,R-41159492,IS 10322 (PART 5/SEC1):2012,6899,"Guangdong Sat Technology Co. Ltd., No. 11 Lianbao Rd, Shengfeng District, Xiaolan Town, Zhongshan City, Guangdong, China – 528400",https://wsrv.nl/?url=https%3A%2F%2Fi.ibb.co%2FMxcGFfMr%2Fskat-rose-gold.png&output=webp&q=78
SKAT 8,DDW165X,36V DC,150mA,5000K, CRI>97, D50*H80mm,15°,8W,AJ/CG,ASFD0850/50/15/BR,R-41159492,IS 10322 (PART 5/SEC1):2012,6899,"Guangdong Sat Technology Co. Ltd., No. 11 Lianbao Rd, Shengfeng District, Xiaolan Town, Zhongshan City, Guangdong, China – 528400",https://wsrv.nl/?url=https%3A%2F%2Fi.ibb.co%2FtPbdFv34%2Fskat-brown.png&output=webp&q=78
SKAT 8,DDW165X,36V DC,150mA,5000K, CRI>97, D50*H80mm,15°,8W,AJ/CG,ASFD0850/50/15/COF,R-41159492,IS 10322 (PART 5/SEC1):2012,6899,"Guangdong Sat Technology Co. Ltd., No. 11 Lianbao Rd, Shengfeng District, Xiaolan Town, Zhongshan City, Guangdong, China – 528400",https://wsrv.nl/?url=https%3A%2F%2Fi.ibb.co%2FgBC4BjS%2Fskat-cofee.png&output=webp&q=78
SKAT 8,DDW165X,36V DC,150mA,5000K, CRI>97, D50*H80mm,15°,8W,AJ/CG,ASFD0850/50/15/DGR,R-41159492,IS 10322 (PART 5/SEC1):2012,6899,"Guangdong Sat Technology Co. Ltd., No. 11 Lianbao Rd, Shengfeng District, Xiaolan Town, Zhongshan City, Guangdong, China – 528400",https://wsrv.nl/?url=https%3A%2F%2Fi.ibb.co%2FrRZnBJgg%2Fskat-dark-gray.png&output=webp&q=78
SKAT 8,DDW165X,36V DC,150mA,5000K, CRI>97, D50*H80mm,15°,8W,AJ/CG,ASFD0850/50/15/BB,R-41159492,IS 10322 (PART 5/SEC1):2012,6899,"Guangdong Sat Technology Co. Ltd., No. 11 Lianbao Rd, Shengfeng District, Xiaolan Town, Zhongshan City, Guangdong, China – 528400",https://wsrv.nl/?url=https%3A%2F%2Fi.ibb.co%2FZ69LGCcZ%2Fskat-ballet-blue.png&output=webp&q=78
SKAT 8,DDW165X,36V DC,150mA,5000K, CRI>97, D50*H80mm,15°,8W,AJ/CG,ASFD0850/50/15/CH,R-41159492,IS 10322 (PART 5/SEC1):2012,6899,"Guangdong Sat Technology Co. Ltd., No. 11 Lianbao Rd, Shengfeng District, Xiaolan Town, Zhongshan City, Guangdong, China – 528400",https://wsrv.nl/?url=https%3A%2F%2Fi.ibb.co%2FfzhQnjBb%2Fskat-crome.png&output=webp&q=78
SKAT 8,DDW165X,36V DC,150mA,5000K, CRI>97, D50*H80mm,15°,8W,AJ/CG,ASFD0850/50/15/CHB,R-41159492,IS 10322 (PART 5/SEC1):2012,6899,"Guangdong Sat Technology Co. Ltd., No. 11 Lianbao Rd, Shengfeng District, Xiaolan Town, Zhongshan City, Guangdong, China – 528400",https://wsrv.nl/?url=https%3A%2F%2Fi.ibb.co%2FZpQ2kZDd%2Fskat-crome-black.png&output=webp&q=78
SKAT 8,DDW165X,36V DC,150mA,5000K, CRI>97, D50*H80mm,24°,8W,AJ/CG,ASFD0850/50/24/W,R-41159492,IS 10322 (PART 5/SEC1):2012,5899,"Guangdong Sat Technology Co. Ltd., No. 11 Lianbao Rd, Shengfeng District, Xiaolan Town, Zhongshan City, Guangdong, China – 528400",https://wsrv.nl/?url=https%3A%2F%2Fi.ibb.co%2F4wgC84nR%2Fskat-white.png&output=webp&q=78
SKAT 8,DDW165X,36V DC,150mA,5000K, CRI>97, D50*H80mm,24°,8W,AJ/CG,ASFD0850/50/24/B,R-41159492,IS 10322 (PART 5/SEC1):2012,5899,"Guangdong Sat Technology Co. Ltd., No. 11 Lianbao Rd, Shengfeng District, Xiaolan Town, Zhongshan City, Guangdong, China – 528400",https://wsrv.nl/?url=https%3A%2F%2Fi.ibb.co%2F7tJrsLBm%2Fskat-black.png&output=webp&q=78
SKAT 8,DDW165X,36V DC,150mA,5000K, CRI>97, D50*H80mm,24°,8W,AJ/CG,ASFD0850/50/24/CG,R-41159492,IS 10322 (PART 5/SEC1):2012,6899,"Guangdong Sat Technology Co. Ltd., No. 11 Lianbao Rd, Shengfeng District, Xiaolan Town, Zhongshan City, Guangdong, China – 528400",https://wsrv.nl/?url=https%3A%2F%2Fi.ibb.co%2Fqb009s5%2Fskat-champeing-gold.png&output=webp&q=78
SKAT 8,DDW165X,36V DC,150mA,5000K, CRI>97, D50*H80mm,24°,8W,AJ/CG,ASFD0850/50/24/RG,R-41159492,IS 10322 (PART 5/SEC1):2012,6899,"Guangdong Sat Technology Co. Ltd., No. 11 Lianbao Rd, Shengfeng District, Xiaolan Town, Zhongshan City, Guangdong, China – 528400",https://wsrv.nl/?url=https%3A%2F%2Fi.ibb.co%2FMxcGFfMr%2Fskat-rose-gold.png&output=webp&q=78
SKAT 8,DDW165X,36V DC,150mA,5000K, CRI>97, D50*H80mm,24°,8W,AJ/CG,ASFD0850/50/24/BR,R-41159492,IS 10322 (PART 5/SEC1):2012,6899,"Guangdong Sat Technology Co. Ltd., No. 11 Lianbao Rd, Shengfeng District, Xiaolan Town, Zhongshan City, Guangdong, China – 528400",https://wsrv.nl/?url=https%3A%2F%2Fi.ibb.co%2FtPbdFv34%2Fskat-brown.png&output=webp&q=78
SKAT 8,DDW165X,36V DC,150mA,5000K, CRI>97, D50*H80mm,24°,8W,AJ/CG,ASFD0850/50/24/COF,R-41159492,IS 10322 (PART 5/SEC1):2012,6899,"Guangdong Sat Technology Co. Ltd., No. 11 Lianbao Rd, Shengfeng District, Xiaolan Town, Zhongshan City, Guangdong, China – 528400",https://wsrv.nl/?url=https%3A%2F%2Fi.ibb.co%2FgBC4BjS%2Fskat-cofee.png&output=webp&q=78
SKAT 8,DDW165X,36V DC,150mA,5000K, CRI>97, D50*H80mm,24°,8W,AJ/CG,ASFD0850/50/24/DGR,R-41159492,IS 10322 (PART 5/SEC1):2012,6899,"Guangdong Sat Technology Co. Ltd., No. 11 Lianbao Rd, Shengfeng District, Xiaolan Town, Zhongshan City, Guangdong, China – 528400",https://wsrv.nl/?url=https%3A%2F%2Fi.ibb.co%2FrRZnBJgg%2Fskat-dark-gray.png&output=webp&q=78
SKAT 8,DDW165X,36V DC,150mA,5000K, CRI>97, D50*H80mm,24°,8W,AJ/CG,ASFD0850/50/24/BB,R-41159492,IS 10322 (PART 5/SEC1):2012,6899,"Guangdong Sat Technology Co. Ltd., No. 11 Lianbao Rd, Shengfeng District, Xiaolan Town, Zhongshan City, Guangdong, China – 528400",https://wsrv.nl/?url=https%3A%2F%2Fi.ibb.co%2FZ69LGCcZ%2Fskat-ballet-blue.png&output=webp&q=78
SKAT 8,DDW165X,36V DC,150mA,5000K, CRI>97, D50*H80mm,24°,8W,AJ/CG,ASFD0850/50/24/CH,R-41159492,IS 10322 (PART 5/SEC1):2012,6899,"Guangdong Sat Technology Co. Ltd., No. 11 Lianbao Rd, Shengfeng District, Xiaolan Town, Zhongshan City, Guangdong, China – 528400",https://wsrv.nl/?url=https%3A%2F%2Fi.ibb.co%2FfzhQnjBb%2Fskat-crome.png&output=webp&q=78
SKAT 8,DDW165X,36V DC,150mA,5000K, CRI>97, D50*H80mm,24°,8W,AJ/CG,ASFD0850/50/24/CHB,R-41159492,IS 10322 (PART 5/SEC1):2012,6899,"Guangdong Sat Technology Co. Ltd., No. 11 Lianbao Rd, Shengfeng District, Xiaolan Town, Zhongshan City, Guangdong, China – 528400",https://wsrv.nl/?url=https%3A%2F%2Fi.ibb.co%2FZpQ2kZDd%2Fskat-crome-black.png&output=webp&q=78
Skat 15,DDW165X,36V DC,350mA,2700K, CRI>97,Φ78*H102mm,15°,15W,AJ/CG,ASFD1500/27/15/W,R-41159492,IS 10322 (PART 5/SEC1):2012,7099,"Guangdong Sat Technology Co. Ltd., No. 11 Lianbao Rd, Shengfeng District, Xiaolan Town, Zhongshan City, Guangdong, China – 528400",https://wsrv.nl/?url=https%3A%2F%2Fi.ibb.co%2FnMwG8VTF%2FSkat-15-05-white.png&output=webp&q=78
Skat 15,DDW165X,36V DC,350mA,2700K, CRI>97,Φ78*H102mm,15°,15W,AJ/CG,ASFD1500/27/15/B,R-41159492,IS 10322 (PART 5/SEC1):2012,7099,"Guangdong Sat Technology Co. Ltd., No. 11 Lianbao Rd, Shengfeng District, Xiaolan Town, Zhongshan City, Guangdong, China – 528400",https://wsrv.nl/?url=https%3A%2F%2Fi.ibb.co%2FwNcLSnbJ%2FSkat-15-03-mat-black-default.png&output=webp&q=78
Skat 15,DDW165X,36V DC,350mA,2700K, CRI>97,Φ78*H102mm,15°,15W,AJ/CG,ASFD1500/27/15/CG,R-41159492,IS 10322 (PART 5/SEC1):2012,8099,"Guangdong Sat Technology Co. Ltd., No. 11 Lianbao Rd, Shengfeng District, Xiaolan Town, Zhongshan City, Guangdong, China – 528400",https://wsrv.nl/?url=https%3A%2F%2Fi.ibb.co%2FRTRmq0J8%2FSkat-15-04-champeing-gold.png&output=webp&q=78
Skat 15,DDW165X,36V DC,350mA,2700K, CRI>97,Φ78*H102mm,15°,15W,AJ/CG,ASFD1500/27/15/RG,R-41159492,IS 10322 (PART 5/SEC1):2012,8099,"Guangdong Sat Technology Co. Ltd., No. 11 Lianbao Rd, Shengfeng District, Xiaolan Town, Zhongshan City, Guangdong, China – 528400",https://wsrv.nl/?url=https%3A%2F%2Fi.ibb.co%2Fb5771mnf%2FSkat-15-08-rose-gold.png&output=webp&q=78
Skat 15,DDW165X,36V DC,350mA,2700K, CRI>97,Φ78*H102mm,15°,15W,AJ/CG,ASFD1500/27/15/BR,R-41159492,IS 10322 (PART 5/SEC1):2012,8099,"Guangdong Sat Technology Co. Ltd., No. 11 Lianbao Rd, Shengfeng District, Xiaolan Town, Zhongshan City, Guangdong, China – 528400",https://wsrv.nl/?url=https%3A%2F%2Fi.ibb.co%2FnsLt9WYr%2FSkat-15-10-brown.png&output=webp&q=78
Skat 15,DDW165X,36V DC,350mA,2700K, CRI>97,Φ78*H102mm,15°,15W,AJ/CG,ASFD1500/27/15/COF,R-41159492,IS 10322 (PART 5/SEC1):2012,8099,"Guangdong Sat Technology Co. Ltd., No. 11 Lianbao Rd, Shengfeng District, Xiaolan Town, Zhongshan City, Guangdong, China – 528400",https://wsrv.nl/?url=https%3A%2F%2Fi.ibb.co%2F356VYHwW%2FSkat-15-07-coffee.png&output=webp&q=78
Skat 15,DDW165X,36V DC,350mA,2700K, CRI>97,Φ78*H102mm,15°,15W,AJ/CG,ASFD1500/27/15/DGR,R-41159492,IS 10322 (PART 5/SEC1):2012,8099,"Guangdong Sat Technology Co. Ltd., No. 11 Lianbao Rd, Shengfeng District, Xiaolan Town, Zhongshan City, Guangdong, China – 528400",https://wsrv.nl/?url=https%3A%2F%2Fi.ibb.co%2FyF12RgVG%2FSkat-15-09-dark-gray-default-001.png&output=webp&q=78
Skat 15,DDW165X,36V DC,350mA,2700K, CRI>97,Φ78*H102mm,15°,15W,AJ/CG,ASFD1500/27/15/BB,R-41159492,IS 10322 (PART 5/SEC1):2012,8099,"Guangdong Sat Technology Co. Ltd., No. 11 Lianbao Rd, Shengfeng District, Xiaolan Town, Zhongshan City, Guangdong, China – 528400",https://wsrv.nl/?url=https%3A%2F%2Fi.ibb.co%2FfdR4c1G1%2FSkat-15-06-ballet-blue.png&output=webp&q=78
Skat 15,DDW165X,36V DC,350mA,2700K, CRI>97,Φ78*H102mm,15°,15W,AJ/CG,ASFD1500/27/15/CH,R-41159492,IS 10322 (PART 5/SEC1):2012,8099,"Guangdong Sat Technology Co. Ltd., No. 11 Lianbao Rd, Shengfeng District, Xiaolan Town, Zhongshan City, Guangdong, China – 528400",https://wsrv.nl/?url=https%3A%2F%2Fi.ibb.co%2F5xxnhv0n%2FSkat-15-01-chrome.png&output=webp&q=78
Skat 15,DDW165X,36V DC,350mA,2700K, CRI>97,Φ78*H102mm,15°,15W,AJ/CG,ASFD1500/27/15/CHB,R-41159492,IS 10322 (PART 5/SEC1):2012,8099,"Guangdong Sat Technology Co. Ltd., No. 11 Lianbao Rd, Shengfeng District, Xiaolan Town, Zhongshan City, Guangdong, China – 528400",https://wsrv.nl/?url=https%3A%2F%2Fi.ibb.co%2FG4f0kTHg%2FSkat-15-02-chrome-black.png&output=webp&q=78
Skat 15,DDW165X,36V DC,350mA,3000K, CRI>97,Φ78*H102mm,15°,15W,AJ/CG,ASFD1500/30/15/W,R-41159492,IS 10322 (PART 5/SEC1):2012,7099,"Guangdong Sat Technology Co. Ltd., No. 11 Lianbao Rd, Shengfeng District, Xiaolan Town, Zhongshan City, Guangdong, China – 528400",https://wsrv.nl/?url=https%3A%2F%2Fi.ibb.co%2FnMwG8VTF%2FSkat-15-05-white.png&output=webp&q=78
Skat 15,DDW165X,36V DC,350mA,3000K, CRI>97,Φ78*H102mm,15°,15W,AJ/CG,ASFD1500/30/15/B,R-41159492,IS 10322 (PART 5/SEC1):2012,7099,"Guangdong Sat Technology Co. Ltd., No. 11 Lianbao Rd, Shengfeng District, Xiaolan Town, Zhongshan City, Guangdong, China – 528400",https://wsrv.nl/?url=https%3A%2F%2Fi.ibb.co%2FwNcLSnbJ%2FSkat-15-03-mat-black-default.png&output=webp&q=78
Skat 15,DDW165X,36V DC,350mA,3000K, CRI>97,Φ78*H102mm,15°,15W,AJ/CG,ASFD1500/30/15/CG,R-41159492,IS 10322 (PART 5/SEC1):2012,8099,"Guangdong Sat Technology Co. Ltd., No. 11 Lianbao Rd, Shengfeng District, Xiaolan Town, Zhongshan City, Guangdong, China – 528400",https://wsrv.nl/?url=https%3A%2F%2Fi.ibb.co%2FRTRmq0J8%2FSkat-15-04-champeing-gold.png&output=webp&q=78
Skat 15,DDW165X,36V DC,350mA,3000K, CRI>97,Φ78*H102mm,15°,15W,AJ/CG,ASFD1500/30/15/RG,R-41159492,IS 10322 (PART 5/SEC1):2012,8099,"Guangdong Sat Technology Co. Ltd., No. 11 Lianbao Rd, Shengfeng District, Xiaolan Town, Zhongshan City, Guangdong, China – 528400",https://wsrv.nl/?url=https%3A%2F%2Fi.ibb.co%2Fb5771mnf%2FSkat-15-08-rose-gold.png&output=webp&q=78
Skat 15,DDW165X,36V DC,350mA,3000K, CRI>97,Φ78*H102mm,15°,15W,AJ/CG,ASFD1500/30/15/BR,R-41159492,IS 10322 (PART 5/SEC1):2012,8099,"Guangdong Sat Technology Co. Ltd., No. 11 Lianbao Rd, Shengfeng District, Xiaolan Town, Zhongshan City, Guangdong, China – 528400",https://wsrv.nl/?url=https%3A%2F%2Fi.ibb.co%2FnsLt9WYr%2FSkat-15-10-brown.png&output=webp&q=78
Skat 15,DDW165X,36V DC,350mA,3000K, CRI>97,Φ78*H102mm,15°,15W,AJ/CG,ASFD1500/30/15/COF,R-41159492,IS 10322 (PART 5/SEC1):2012,8099,"Guangdong Sat Technology Co. Ltd., No. 11 Lianbao Rd, Shengfeng District, Xiaolan Town, Zhongshan City, Guangdong, China – 528400",https://wsrv.nl/?url=https%3A%2F%2Fi.ibb.co%2F356VYHwW%2FSkat-15-07-coffee.png&output=webp&q=78
Skat 15,DDW165X,36V DC,350mA,3000K, CRI>97,Φ78*H102mm,15°,15W,AJ/CG,ASFD1500/30/15/DGR,R-41159492,IS 10322 (PART 5/SEC1):2012,8099,"Guangdong Sat Technology Co. Ltd., No. 11 Lianbao Rd, Shengfeng District, Xiaolan Town, Zhongshan City, Guangdong, China – 528400",https://wsrv.nl/?url=https%3A%2F%2Fi.ibb.co%2FyF12RgVG%2FSkat-15-09-dark-gray-default-001.png&output=webp&q=78
Skat 15,DDW165X,36V DC,350mA,3000K, CRI>97,Φ78*H102mm,15°,15W,AJ/CG,ASFD1500/30/15/BB,R-41159492,IS 10322 (PART 5/SEC1):2012,8099,"Guangdong Sat Technology Co. Ltd., No. 11 Lianbao Rd, Shengfeng District, Xiaolan Town, Zhongshan City, Guangdong, China – 528400",https://wsrv.nl/?url=https%3A%2F%2Fi.ibb.co%2FfdR4c1G1%2FSkat-15-06-ballet-blue.png&output=webp&q=78
Skat 15,DDW165X,36V DC,350mA,3000K, CRI>97,Φ78*H102mm,15°,15W,AJ/CG,ASFD1500/30/15/CH,R-41159492,IS 10322 (PART 5/SEC1):2012,8099,"Guangdong Sat Technology Co. Ltd., No. 11 Lianbao Rd, Shengfeng District, Xiaolan Town, Zhongshan City, Guangdong, China – 528400",https://wsrv.nl/?url=https%3A%2F%2Fi.ibb.co%2F5xxnhv0n%2FSkat-15-01-chrome.png&output=webp&q=78
Skat 15,DDW165X,36V DC,350mA,3000K, CRI>97,Φ78*H102mm,15°,15W,AJ/CG,ASFD1500/30/15/CHB,R-41159492,IS 10322 (PART 5/SEC1):2012,8099,"Guangdong Sat Technology Co. Ltd., No. 11 Lianbao Rd, Shengfeng District, Xiaolan Town, Zhongshan City, Guangdong, China – 528400",https://wsrv.nl/?url=https%3A%2F%2Fi.ibb.co%2FG4f0kTHg%2FSkat-15-02-chrome-black.png&output=webp&q=78
Skat 15,DDW165X,36V DC,350mA,3500K, CRI>97,Φ78*H102mm,15°,15W,AJ/CG,ASFD1500/35/15/W,R-41159492,IS 10322 (PART 5/SEC1):2012,7099,"Guangdong Sat Technology Co. Ltd., No. 11 Lianbao Rd, Shengfeng District, Xiaolan Town, Zhongshan City, Guangdong, China – 528400",https://wsrv.nl/?url=https%3A%2F%2Fi.ibb.co%2FnMwG8VTF%2FSkat-15-05-white.png&output=webp&q=78
Skat 15,DDW165X,36V DC,350mA,3500K, CRI>97,Φ78*H102mm,15°,15W,AJ/CG,ASFD1500/35/15/B,R-41159492,IS 10322 (PART 5/SEC1):2012,7099,"Guangdong Sat Technology Co. Ltd., No. 11 Lianbao Rd, Shengfeng District, Xiaolan Town, Zhongshan City, Guangdong, China – 528400",https://wsrv.nl/?url=https%3A%2F%2Fi.ibb.co%2FwNcLSnbJ%2FSkat-15-03-mat-black-default.png&output=webp&q=78
Skat 15,DDW165X,36V DC,350mA,3500K, CRI>97,Φ78*H102mm,15°,15W,AJ/CG,ASFD1500/35/15/CG,R-41159492,IS 10322 (PART 5/SEC1):2012,8099,"Guangdong Sat Technology Co. Ltd., No. 11 Lianbao Rd, Shengfeng District, Xiaolan Town, Zhongshan City, Guangdong, China – 528400",https://wsrv.nl/?url=https%3A%2F%2Fi.ibb.co%2FRTRmq0J8%2FSkat-15-04-champeing-gold.png&output=webp&q=78
Skat 15,DDW165X,36V DC,350mA,3500K, CRI>97,Φ78*H102mm,15°,15W,AJ/CG,ASFD1500/35/15/RG,R-41159492,IS 10322 (PART 5/SEC1):2012,8099,"Guangdong Sat Technology Co. Ltd., No. 11 Lianbao Rd, Shengfeng District, Xiaolan Town, Zhongshan City, Guangdong, China – 528400",https://wsrv.nl/?url=https%3A%2F%2Fi.ibb.co%2Fb5771mnf%2FSkat-15-08-rose-gold.png&output=webp&q=78
Skat 15,DDW165X,36V DC,350mA,3500K, CRI>97,Φ78*H102mm,15°,15W,AJ/CG,ASFD1500/35/15/BR,R-41159492,IS 10322 (PART 5/SEC1):2012,8099,"Guangdong Sat Technology Co. Ltd., No. 11 Lianbao Rd, Shengfeng District, Xiaolan Town, Zhongshan City, Guangdong, China – 528400",https://wsrv.nl/?url=https%3A%2F%2Fi.ibb.co%2FnsLt9WYr%2FSkat-15-10-brown.png&output=webp&q=78
Skat 15,DDW165X,36V DC,350mA,3500K, CRI>97,Φ78*H102mm,15°,15W,AJ/CG,ASFD1500/35/15/COF,R-41159492,IS 10322 (PART 5/SEC1):2012,8099,"Guangdong Sat Technology Co. Ltd., No. 11 Lianbao Rd, Shengfeng District, Xiaolan Town, Zhongshan City, Guangdong, China – 528400",https://wsrv.nl/?url=https%3A%2F%2Fi.ibb.co%2F356VYHwW%2FSkat-15-07-coffee.png&output=webp&q=78
Skat 15,DDW165X,36V DC,350mA,3500K, CRI>97,Φ78*H102mm,15°,15W,AJ/CG,ASFD1500/35/15/DGR,R-41159492,IS 10322 (PART 5/SEC1):2012,8099,"Guangdong Sat Technology Co. Ltd., No. 11 Lianbao Rd, Shengfeng District, Xiaolan Town, Zhongshan City, Guangdong, China – 528400",https://wsrv.nl/?url=https%3A%2F%2Fi.ibb.co%2FyF12RgVG%2FSkat-15-09-dark-gray-default-001.png&output=webp&q=78
Skat 15,DDW165X,36V DC,350mA,3500K, CRI>97,Φ78*H102mm,15°,15W,AJ/CG,ASFD1500/35/15/BB,R-41159492,IS 10322 (PART 5/SEC1):2012,8099,"Guangdong Sat Technology Co. Ltd., No. 11 Lianbao Rd, Shengfeng District, Xiaolan Town, Zhongshan City, Guangdong, China – 528400",https://wsrv.nl/?url=https%3A%2F%2Fi.ibb.co%2FfdR4c1G1%2FSkat-15-06-ballet-blue.png&output=webp&q=78
Skat 15,DDW165X,36V DC,350mA,3500K, CRI>97,Φ78*H102mm,15°,15W,AJ/CG,ASFD1500/35/15/CH,R-41159492,IS 10322 (PART 5/SEC1):2012,8099,"Guangdong Sat Technology Co. Ltd., No. 11 Lianbao Rd, Shengfeng District, Xiaolan Town, Zhongshan City, Guangdong, China – 528400",https://wsrv.nl/?url=https%3A%2F%2Fi.ibb.co%2F5xxnhv0n%2FSkat-15-01-chrome.png&output=webp&q=78
Skat 15,DDW165X,36V DC,350mA,3500K, CRI>97,Φ78*H102mm,15°,15W,AJ/CG,ASFD1500/35/15/CHB,R-41159492,IS 10322 (PART 5/SEC1):2012,8099,"Guangdong Sat Technology Co. Ltd., No. 11 Lianbao Rd, Shengfeng District, Xiaolan Town, Zhongshan City, Guangdong, China – 528400",https://wsrv.nl/?url=https%3A%2F%2Fi.ibb.co%2FG4f0kTHg%2FSkat-15-02-chrome-black.png&output=webp&q=78
Skat 15,DDW165X,36V DC,350mA,4000K, CRI>97,Φ78*H102mm,15°,15W,AJ/CG,ASFD1500/40/15/W,R-41159492,IS 10322 (PART 5/SEC1):2012,7099,"Guangdong Sat Technology Co. Ltd., No. 11 Lianbao Rd, Shengfeng District, Xiaolan Town, Zhongshan City, Guangdong, China – 528400",https://wsrv.nl/?url=https%3A%2F%2Fi.ibb.co%2FnMwG8VTF%2FSkat-15-05-white.png&output=webp&q=78
Skat 15,DDW165X,36V DC,350mA,4000K, CRI>97,Φ78*H102mm,15°,15W,AJ/CG,ASFD1500/40/15/B,R-41159492,IS 10322 (PART 5/SEC1):2012,7099,"Guangdong Sat Technology Co. Ltd., No. 11 Lianbao Rd, Shengfeng District, Xiaolan Town, Zhongshan City, Guangdong, China – 528400",https://wsrv.nl/?url=https%3A%2F%2Fi.ibb.co%2FwNcLSnbJ%2FSkat-15-03-mat-black-default.png&output=webp&q=78
Skat 15,DDW165X,36V DC,350mA,4000K, CRI>97,Φ78*H102mm,15°,15W,AJ/CG,ASFD1500/40/15/CG,R-41159492,IS 10322 (PART 5/SEC1):2012,8099,"Guangdong Sat Technology Co. Ltd., No. 11 Lianbao Rd, Shengfeng District, Xiaolan Town, Zhongshan City, Guangdong, China – 528400",https://wsrv.nl/?url=https%3A%2F%2Fi.ibb.co%2FRTRmq0J8%2FSkat-15-04-champeing-gold.png&output=webp&q=78
Skat 15,DDW165X,36V DC,350mA,4000K, CRI>97,Φ78*H102mm,15°,15W,AJ/CG,ASFD1500/40/15/RG,R-41159492,IS 10322 (PART 5/SEC1):2012,8099,"Guangdong Sat Technology Co. Ltd., No. 11 Lianbao Rd, Shengfeng District, Xiaolan Town, Zhongshan City, Guangdong, China – 528400",https://wsrv.nl/?url=https%3A%2F%2Fi.ibb.co%2Fb5771mnf%2FSkat-15-08-rose-gold.png&output=webp&q=78
Skat 15,DDW165X,36V DC,350mA,4000K, CRI>97,Φ78*H102mm,15°,15W,AJ/CG,ASFD1500/40/15/BR,R-41159492,IS 10322 (PART 5/SEC1):2012,8099,"Guangdong Sat Technology Co. Ltd., No. 11 Lianbao Rd, Shengfeng District, Xiaolan Town, Zhongshan City, Guangdong, China – 528400",https://wsrv.nl/?url=https%3A%2F%2Fi.ibb.co%2FnsLt9WYr%2FSkat-15-10-brown.png&output=webp&q=78
Skat 15,DDW165X,36V DC,350mA,4000K, CRI>97,Φ78*H102mm,15°,15W,AJ/CG,ASFD1500/40/15/COF,R-41159492,IS 10322 (PART 5/SEC1):2012,8099,"Guangdong Sat Technology Co. Ltd., No. 11 Lianbao Rd, Shengfeng District, Xiaolan Town, Zhongshan City, Guangdong, China – 528400",https://wsrv.nl/?url=https%3A%2F%2Fi.ibb.co%2F356VYHwW%2FSkat-15-07-coffee.png&output=webp&q=78
Skat 15,DDW165X,36V DC,350mA,4000K, CRI>97,Φ78*H102mm,15°,15W,AJ/CG,ASFD1500/40/15/DGR,R-41159492,IS 10322 (PART 5/SEC1):2012,8099,"Guangdong Sat Technology Co. Ltd., No. 11 Lianbao Rd, Shengfeng District, Xiaolan Town, Zhongshan City, Guangdong, China – 528400",https://wsrv.nl/?url=https%3A%2F%2Fi.ibb.co%2FyF12RgVG%2FSkat-15-09-dark-gray-default-001.png&output=webp&q=78
Skat 15,DDW165X,36V DC,350mA,4000K, CRI>97,Φ78*H102mm,15°,15W,AJ/CG,ASFD1500/40/15/BB,R-41159492,IS 10322 (PART 5/SEC1):2012,8099,"Guangdong Sat Technology Co. Ltd., No. 11 Lianbao Rd, Shengfeng District, Xiaolan Town, Zhongshan City, Guangdong, China – 528400",https://wsrv.nl/?url=https%3A%2F%2Fi.ibb.co%2FfdR4c1G1%2FSkat-15-06-ballet-blue.png&output=webp&q=78
Skat 15,DDW165X,36V DC,350mA,4000K, CRI>97,Φ78*H102mm,15°,15W,AJ/CG,ASFD1500/40/15/CH,R-41159492,IS 10322 (PART 5/SEC1):2012,8099,"Guangdong Sat Technology Co. Ltd., No. 11 Lianbao Rd, Shengfeng District, Xiaolan Town, Zhongshan City, Guangdong, China – 528400",https://wsrv.nl/?url=https%3A%2F%2Fi.ibb.co%2F5xxnhv0n%2FSkat-15-01-chrome.png&output=webp&q=78
Skat 15,DDW165X,36V DC,350mA,4000K, CRI>97,Φ78*H102mm,15°,15W,AJ/CG,ASFD1500/40/15/CHB,R-41159492,IS 10322 (PART 5/SEC1):2012,8099,"Guangdong Sat Technology Co. Ltd., No. 11 Lianbao Rd, Shengfeng District, Xiaolan Town, Zhongshan City, Guangdong, China – 528400",https://wsrv.nl/?url=https%3A%2F%2Fi.ibb.co%2FG4f0kTHg%2FSkat-15-02-chrome-black.png&output=webp&q=78
Skat 15,DDW165X,36V DC,350mA,5000K, CRI>97,Φ78*H102mm,15°,15W,AJ/CG,ASFD1500/50/15/W,R-41159492,IS 10322 (PART 5/SEC1):2012,7099,"Guangdong Sat Technology Co. Ltd., No. 11 Lianbao Rd, Shengfeng District, Xiaolan Town, Zhongshan City, Guangdong, China – 528400",https://wsrv.nl/?url=https%3A%2F%2Fi.ibb.co%2FnMwG8VTF%2FSkat-15-05-white.png&output=webp&q=78
Skat 15,DDW165X,36V DC,350mA,5000K, CRI>97,Φ78*H102mm,15°,15W,AJ/CG,ASFD1500/50/15/B,R-41159492,IS 10322 (PART 5/SEC1):2012,7099,"Guangdong Sat Technology Co. Ltd., No. 11 Lianbao Rd, Shengfeng District, Xiaolan Town, Zhongshan City, Guangdong, China – 528400",https://wsrv.nl/?url=https%3A%2F%2Fi.ibb.co%2FwNcLSnbJ%2FSkat-15-03-mat-black-default.png&output=webp&q=78
Skat 15,DDW165X,36V DC,350mA,5000K, CRI>97,Φ78*H102mm,15°,15W,AJ/CG,ASFD1500/50/15/CG,R-41159492,IS 10322 (PART 5/SEC1):2012,8099,"Guangdong Sat Technology Co. Ltd., No. 11 Lianbao Rd, Shengfeng District, Xiaolan Town, Zhongshan City, Guangdong, China – 528400",https://wsrv.nl/?url=https%3A%2F%2Fi.ibb.co%2FRTRmq0J8%2FSkat-15-04-champeing-gold.png&output=webp&q=78
Skat 15,DDW165X,36V DC,350mA,5000K, CRI>97,Φ78*H102mm,15°,15W,AJ/CG,ASFD1500/50/15/RG,R-41159492,IS 10322 (PART 5/SEC1):2012,8099,"Guangdong Sat Technology Co. Ltd., No. 11 Lianbao Rd, Shengfeng District, Xiaolan Town, Zhongshan City, Guangdong, China – 528400",https://wsrv.nl/?url=https%3A%2F%2Fi.ibb.co%2Fb5771mnf%2FSkat-15-08-rose-gold.png&output=webp&q=78
Skat 15,DDW165X,36V DC,350mA,5000K, CRI>97,Φ78*H102mm,15°,15W,AJ/CG,ASFD1500/50/15/BR,R-41159492,IS 10322 (PART 5/SEC1):2012,8099,"Guangdong Sat Technology Co. Ltd., No. 11 Lianbao Rd, Shengfeng District, Xiaolan Town, Zhongshan City, Guangdong, China – 528400",https://wsrv.nl/?url=https%3A%2F%2Fi.ibb.co%2FnsLt9WYr%2FSkat-15-10-brown.png&output=webp&q=78
Skat 15,DDW165X,36V DC,350mA,5000K, CRI>97,Φ78*H102mm,15°,15W,AJ/CG,ASFD1500/50/15/COF,R-41159492,IS 10322 (PART 5/SEC1):2012,8099,"Guangdong Sat Technology Co. Ltd., No. 11 Lianbao Rd, Shengfeng District, Xiaolan Town, Zhongshan City, Guangdong, China – 528400",https://wsrv.nl/?url=https%3A%2F%2Fi.ibb.co%2F356VYHwW%2FSkat-15-07-coffee.png&output=webp&q=78
Skat 15,DDW165X,36V DC,350mA,5000K, CRI>97,Φ78*H102mm,15°,15W,AJ/CG,ASFD1500/50/15/DGR,R-41159492,IS 10322 (PART 5/SEC1):2012,8099,"Guangdong Sat Technology Co. Ltd., No. 11 Lianbao Rd, Shengfeng District, Xiaolan Town, Zhongshan City, Guangdong, China – 528400",https://wsrv.nl/?url=https%3A%2F%2Fi.ibb.co%2FyF12RgVG%2FSkat-15-09-dark-gray-default-001.png&output=webp&q=78
Skat 15,DDW165X,36V DC,350mA,5000K, CRI>97,Φ78*H102mm,15°,15W,AJ/CG,ASFD1500/50/15/BB,R-41159492,IS 10322 (PART 5/SEC1):2012,8099,"Guangdong Sat Technology Co. Ltd., No. 11 Lianbao Rd, Shengfeng District, Xiaolan Town, Zhongshan City, Guangdong, China – 528400",https://wsrv.nl/?url=https%3A%2F%2Fi.ibb.co%2FfdR4c1G1%2FSkat-15-06-ballet-blue.png&output=webp&q=78
Skat 15,DDW165X,36V DC,350mA,5000K, CRI>97,Φ78*H102mm,15°,15W,AJ/CG,ASFD1500/50/15/CH,R-41159492,IS 10322 (PART 5/SEC1):2012,8099,"Guangdong Sat Technology Co. Ltd., No. 11 Lianbao Rd, Shengfeng District, Xiaolan Town, Zhongshan City, Guangdong, China – 528400",https://wsrv.nl/?url=https%3A%2F%2Fi.ibb.co%2F5xxnhv0n%2FSkat-15-01-chrome.png&output=webp&q=78
Skat 15,DDW165X,36V DC,350mA,5000K, CRI>97,Φ78*H102mm,15°,15W,AJ/CG,ASFD1500/50/15/CHB,R-41159492,IS 10322 (PART 5/SEC1):2012,8099,"Guangdong Sat Technology Co. Ltd., No. 11 Lianbao Rd, Shengfeng District, Xiaolan Town, Zhongshan City, Guangdong, China – 528400",https://wsrv.nl/?url=https%3A%2F%2Fi.ibb.co%2FG4f0kTHg%2FSkat-15-02-chrome-black.png&output=webp&q=78
Skat 15,DDW165X,36V DC,350mA,2700K, CRI>97,Φ78*H102mm,36°,15W,AJ/CG,ASFD1500/27/36/W,R-41159492,IS 10322 (PART 5/SEC1):2012,7099,"Guangdong Sat Technology Co. Ltd., No. 11 Lianbao Rd, Shengfeng District, Xiaolan Town, Zhongshan City, Guangdong, China – 528400",https://wsrv.nl/?url=https%3A%2F%2Fi.ibb.co%2FnMwG8VTF%2FSkat-15-05-white.png&output=webp&q=78
Skat 15,DDW165X,36V DC,350mA,2700K, CRI>97,Φ78*H102mm,36°,15W,AJ/CG,ASFD1500/27/36/B,R-41159492,IS 10322 (PART 5/SEC1):2012,7099,"Guangdong Sat Technology Co. Ltd., No. 11 Lianbao Rd, Shengfeng District, Xiaolan Town, Zhongshan City, Guangdong, China – 528400",https://wsrv.nl/?url=https%3A%2F%2Fi.ibb.co%2FwNcLSnbJ%2FSkat-15-03-mat-black-default.png&output=webp&q=78
Skat 15,DDW165X,36V DC,350mA,2700K, CRI>97,Φ78*H102mm,36°,15W,AJ/CG,ASFD1500/27/36/CG,R-41159492,IS 10322 (PART 5/SEC1):2012,8099,"Guangdong Sat Technology Co. Ltd., No. 11 Lianbao Rd, Shengfeng District, Xiaolan Town, Zhongshan City, Guangdong, China – 528400",https://wsrv.nl/?url=https%3A%2F%2Fi.ibb.co%2FRTRmq0J8%2FSkat-15-04-champeing-gold.png&output=webp&q=78
Skat 15,DDW165X,36V DC,350mA,2700K, CRI>97,Φ78*H102mm,36°,15W,AJ/CG,ASFD1500/27/36/RG,R-41159492,IS 10322 (PART 5/SEC1):2012,8099,"Guangdong Sat Technology Co. Ltd., No. 11 Lianbao Rd, Shengfeng District, Xiaolan Town, Zhongshan City, Guangdong, China – 528400",https://wsrv.nl/?url=https%3A%2F%2Fi.ibb.co%2Fb5771mnf%2FSkat-15-08-rose-gold.png&output=webp&q=78
Skat 15,DDW165X,36V DC,350mA,2700K, CRI>97,Φ78*H102mm,36°,15W,AJ/CG,ASFD1500/27/36/BR,R-41159492,IS 10322 (PART 5/SEC1):2012,8099,"Guangdong Sat Technology Co. Ltd., No. 11 Lianbao Rd, Shengfeng District, Xiaolan Town, Zhongshan City, Guangdong, China – 528400",https://wsrv.nl/?url=https%3A%2F%2Fi.ibb.co%2FnsLt9WYr%2FSkat-15-10-brown.png&output=webp&q=78
Skat 15,DDW165X,36V DC,350mA,2700K, CRI>97,Φ78*H102mm,36°,15W,AJ/CG,ASFD1500/27/36/COF,R-41159492,IS 10322 (PART 5/SEC1):2012,8099,"Guangdong Sat Technology Co. Ltd., No. 11 Lianbao Rd, Shengfeng District, Xiaolan Town, Zhongshan City, Guangdong, China – 528400",https://wsrv.nl/?url=https%3A%2F%2Fi.ibb.co%2F356VYHwW%2FSkat-15-07-coffee.png&output=webp&q=78
Skat 15,DDW165X,36V DC,350mA,2700K, CRI>97,Φ78*H102mm,36°,15W,AJ/CG,ASFD1500/27/36/DGR,R-41159492,IS 10322 (PART 5/SEC1):2012,8099,"Guangdong Sat Technology Co. Ltd., No. 11 Lianbao Rd, Shengfeng District, Xiaolan Town, Zhongshan City, Guangdong, China – 528400",https://wsrv.nl/?url=https%3A%2F%2Fi.ibb.co%2FyF12RgVG%2FSkat-15-09-dark-gray-default-001.png&output=webp&q=78
Skat 15,DDW165X,36V DC,350mA,2700K, CRI>97,Φ78*H102mm,36°,15W,AJ/CG,ASFD1500/27/36/BB,R-41159492,IS 10322 (PART 5/SEC1):2012,8099,"Guangdong Sat Technology Co. Ltd., No. 11 Lianbao Rd, Shengfeng District, Xiaolan Town, Zhongshan City, Guangdong, China – 528400",https://wsrv.nl/?url=https%3A%2F%2Fi.ibb.co%2FfdR4c1G1%2FSkat-15-06-ballet-blue.png&output=webp&q=78
Skat 15,DDW165X,36V DC,350mA,2700K, CRI>97,Φ78*H102mm,36°,15W,AJ/CG,ASFD1500/27/36/CH,R-41159492,IS 10322 (PART 5/SEC1):2012,8099,"Guangdong Sat Technology Co. Ltd., No. 11 Lianbao Rd, Shengfeng District, Xiaolan Town, Zhongshan City, Guangdong, China – 528400",https://wsrv.nl/?url=https%3A%2F%2Fi.ibb.co%2F5xxnhv0n%2FSkat-15-01-chrome.png&output=webp&q=78
Skat 15,DDW165X,36V DC,350mA,2700K, CRI>97,Φ78*H102mm,36°,15W,AJ/CG,ASFD1500/27/36/CHB,R-41159492,IS 10322 (PART 5/SEC1):2012,8099,"Guangdong Sat Technology Co. Ltd., No. 11 Lianbao Rd, Shengfeng District, Xiaolan Town, Zhongshan City, Guangdong, China – 528400",https://wsrv.nl/?url=https%3A%2F%2Fi.ibb.co%2FG4f0kTHg%2FSkat-15-02-chrome-black.png&output=webp&q=78
Skat 15,DDW165X,36V DC,350mA,3000K, CRI>97,Φ78*H102mm,36°,15W,AJ/CG,ASFD1500/30/36/W,R-41159492,IS 10322 (PART 5/SEC1):2012,7099,"Guangdong Sat Technology Co. Ltd., No. 11 Lianbao Rd, Shengfeng District, Xiaolan Town, Zhongshan City, Guangdong, China – 528400",https://wsrv.nl/?url=https%3A%2F%2Fi.ibb.co%2FnMwG8VTF%2FSkat-15-05-white.png&output=webp&q=78
Skat 15,DDW165X,36V DC,350mA,3000K, CRI>97,Φ78*H102mm,36°,15W,AJ/CG,ASFD1500/30/36/B,R-41159492,IS 10322 (PART 5/SEC1):2012,7099,"Guangdong Sat Technology Co. Ltd., No. 11 Lianbao Rd, Shengfeng District, Xiaolan Town, Zhongshan City, Guangdong, China – 528400",https://wsrv.nl/?url=https%3A%2F%2Fi.ibb.co%2FwNcLSnbJ%2FSkat-15-03-mat-black-default.png&output=webp&q=78
Skat 15,DDW165X,36V DC,350mA,3000K, CRI>97,Φ78*H102mm,36°,15W,AJ/CG,ASFD1500/30/36/CG,R-41159492,IS 10322 (PART 5/SEC1):2012,8099,"Guangdong Sat Technology Co. Ltd., No. 11 Lianbao Rd, Shengfeng District, Xiaolan Town, Zhongshan City, Guangdong, China – 528400",https://wsrv.nl/?url=https%3A%2F%2Fi.ibb.co%2FRTRmq0J8%2FSkat-15-04-champeing-gold.png&output=webp&q=78
Skat 15,DDW165X,36V DC,350mA,3000K, CRI>97,Φ78*H102mm,36°,15W,AJ/CG,ASFD1500/30/36/RG,R-41159492,IS 10322 (PART 5/SEC1):2012,8099,"Guangdong Sat Technology Co. Ltd., No. 11 Lianbao Rd, Shengfeng District, Xiaolan Town, Zhongshan City, Guangdong, China – 528400",https://wsrv.nl/?url=https%3A%2F%2Fi.ibb.co%2Fb5771mnf%2FSkat-15-08-rose-gold.png&output=webp&q=78
Skat 15,DDW165X,36V DC,350mA,3000K, CRI>97,Φ78*H102mm,36°,15W,AJ/CG,ASFD1500/30/36/BR,R-41159492,IS 10322 (PART 5/SEC1):2012,8099,"Guangdong Sat Technology Co. Ltd., No. 11 Lianbao Rd, Shengfeng District, Xiaolan Town, Zhongshan City, Guangdong, China – 528400",https://wsrv.nl/?url=https%3A%2F%2Fi.ibb.co%2FnsLt9WYr%2FSkat-15-10-brown.png&output=webp&q=78
Skat 15,DDW165X,36V DC,350mA,3000K, CRI>97,Φ78*H102mm,36°,15W,AJ/CG,ASFD1500/30/36/COF,R-41159492,IS 10322 (PART 5/SEC1):2012,8099,"Guangdong Sat Technology Co. Ltd., No. 11 Lianbao Rd, Shengfeng District, Xiaolan Town, Zhongshan City, Guangdong, China – 528400",https://wsrv.nl/?url=https%3A%2F%2Fi.ibb.co%2F356VYHwW%2FSkat-15-07-coffee.png&output=webp&q=78
Skat 15,DDW165X,36V DC,350mA,3000K, CRI>97,Φ78*H102mm,36°,15W,AJ/CG,ASFD1500/30/36/DGR,R-41159492,IS 10322 (PART 5/SEC1):2012,8099,"Guangdong Sat Technology Co. Ltd., No. 11 Lianbao Rd, Shengfeng District, Xiaolan Town, Zhongshan City, Guangdong, China – 528400",https://wsrv.nl/?url=https%3A%2F%2Fi.ibb.co%2FyF12RgVG%2FSkat-15-09-dark-gray-default-001.png&output=webp&q=78
Skat 15,DDW165X,36V DC,350mA,3000K, CRI>97,Φ78*H102mm,36°,15W,AJ/CG,ASFD1500/30/36/BB,R-41159492,IS 10322 (PART 5/SEC1):2012,8099,"Guangdong Sat Technology Co. Ltd., No. 11 Lianbao Rd, Shengfeng District, Xiaolan Town, Zhongshan City, Guangdong, China – 528400",https://wsrv.nl/?url=https%3A%2F%2Fi.ibb.co%2FfdR4c1G1%2FSkat-15-06-ballet-blue.png&output=webp&q=78
Skat 15,DDW165X,36V DC,350mA,3000K, CRI>97,Φ78*H102mm,36°,15W,AJ/CG,ASFD1500/30/36/CH,R-41159492,IS 10322 (PART 5/SEC1):2012,8099,"Guangdong Sat Technology Co. Ltd., No. 11 Lianbao Rd, Shengfeng District, Xiaolan Town, Zhongshan City, Guangdong, China – 528400",https://wsrv.nl/?url=https%3A%2F%2Fi.ibb.co%2F5xxnhv0n%2FSkat-15-01-chrome.png&output=webp&q=78
Skat 15,DDW165X,36V DC,350mA,3000K, CRI>97,Φ78*H102mm,36°,15W,AJ/CG,ASFD1500/30/36/CHB,R-41159492,IS 10322 (PART 5/SEC1):2012,8099,"Guangdong Sat Technology Co. Ltd., No. 11 Lianbao Rd, Shengfeng District, Xiaolan Town, Zhongshan City, Guangdong, China – 528400",https://wsrv.nl/?url=https%3A%2F%2Fi.ibb.co%2FG4f0kTHg%2FSkat-15-02-chrome-black.png&output=webp&q=78
Skat 15,DDW165X,36V DC,350mA,3500K, CRI>97,Φ78*H102mm,36°,15W,AJ/CG,ASFD1500/35/36/W,R-41159492,IS 10322 (PART 5/SEC1):2012,7099,"Guangdong Sat Technology Co. Ltd., No. 11 Lianbao Rd, Shengfeng District, Xiaolan Town, Zhongshan City, Guangdong, China – 528400",https://wsrv.nl/?url=https%3A%2F%2Fi.ibb.co%2FnMwG8VTF%2FSkat-15-05-white.png&output=webp&q=78
Skat 15,DDW165X,36V DC,350mA,3500K, CRI>97,Φ78*H102mm,36°,15W,AJ/CG,ASFD1500/35/36/B,R-41159492,IS 10322 (PART 5/SEC1):2012,7099,"Guangdong Sat Technology Co. Ltd., No. 11 Lianbao Rd, Shengfeng District, Xiaolan Town, Zhongshan City, Guangdong, China – 528400",https://wsrv.nl/?url=https%3A%2F%2Fi.ibb.co%2FwNcLSnbJ%2FSkat-15-03-mat-black-default.png&output=webp&q=78
Skat 15,DDW165X,36V DC,350mA,3500K, CRI>97,Φ78*H102mm,36°,15W,AJ/CG,ASFD1500/35/36/CG,R-41159492,IS 10322 (PART 5/SEC1):2012,8099,"Guangdong Sat Technology Co. Ltd., No. 11 Lianbao Rd, Shengfeng District, Xiaolan Town, Zhongshan City, Guangdong, China – 528400",https://wsrv.nl/?url=https%3A%2F%2Fi.ibb.co%2FRTRmq0J8%2FSkat-15-04-champeing-gold.png&output=webp&q=78
Skat 15,DDW165X,36V DC,350mA,3500K, CRI>97,Φ78*H102mm,36°,15W,AJ/CG,ASFD1500/35/36/RG,R-41159492,IS 10322 (PART 5/SEC1):2012,8099,"Guangdong Sat Technology Co. Ltd., No. 11 Lianbao Rd, Shengfeng District, Xiaolan Town, Zhongshan City, Guangdong, China – 528400",https://wsrv.nl/?url=https%3A%2F%2Fi.ibb.co%2Fb5771mnf%2FSkat-15-08-rose-gold.png&output=webp&q=78
Skat 15,DDW165X,36V DC,350mA,3500K, CRI>97,Φ78*H102mm,36°,15W,AJ/CG,ASFD1500/35/36/BR,R-41159492,IS 10322 (PART 5/SEC1):2012,8099,"Guangdong Sat Technology Co. Ltd., No. 11 Lianbao Rd, Shengfeng District, Xiaolan Town, Zhongshan City, Guangdong, China – 528400",https://wsrv.nl/?url=https%3A%2F%2Fi.ibb.co%2FnsLt9WYr%2FSkat-15-10-brown.png&output=webp&q=78
Skat 15,DDW165X,36V DC,350mA,3500K, CRI>97,Φ78*H102mm,36°,15W,AJ/CG,ASFD1500/35/36/COF,R-41159492,IS 10322 (PART 5/SEC1):2012,8099,"Guangdong Sat Technology Co. Ltd., No. 11 Lianbao Rd, Shengfeng District, Xiaolan Town, Zhongshan City, Guangdong, China – 528400",https://wsrv.nl/?url=https%3A%2F%2Fi.ibb.co%2F356VYHwW%2FSkat-15-07-coffee.png&output=webp&q=78
Skat 15,DDW165X,36V DC,350mA,3500K, CRI>97,Φ78*H102mm,36°,15W,AJ/CG,ASFD1500/35/36/DGR,R-41159492,IS 10322 (PART 5/SEC1):2012,8099,"Guangdong Sat Technology Co. Ltd., No. 11 Lianbao Rd, Shengfeng District, Xiaolan Town, Zhongshan City, Guangdong, China – 528400",https://wsrv.nl/?url=https%3A%2F%2Fi.ibb.co%2FyF12RgVG%2FSkat-15-09-dark-gray-default-001.png&output=webp&q=78
Skat 15,DDW165X,36V DC,350mA,3500K, CRI>97,Φ78*H102mm,36°,15W,AJ/CG,ASFD1500/35/36/BB,R-41159492,IS 10322 (PART 5/SEC1):2012,8099,"Guangdong Sat Technology Co. Ltd., No. 11 Lianbao Rd, Shengfeng District, Xiaolan Town, Zhongshan City, Guangdong, China – 528400",https://wsrv.nl/?url=https%3A%2F%2Fi.ibb.co%2FfdR4c1G1%2FSkat-15-06-ballet-blue.png&output=webp&q=78
Skat 15,DDW165X,36V DC,350mA,3500K, CRI>97,Φ78*H102mm,36°,15W,AJ/CG,ASFD1500/35/36/CH,R-41159492,IS 10322 (PART 5/SEC1):2012,8099,"Guangdong Sat Technology Co. Ltd., No. 11 Lianbao Rd, Shengfeng District, Xiaolan Town, Zhongshan City, Guangdong, China – 528400",https://wsrv.nl/?url=https%3A%2F%2Fi.ibb.co%2F5xxnhv0n%2FSkat-15-01-chrome.png&output=webp&q=78
Skat 15,DDW165X,36V DC,350mA,3500K, CRI>97,Φ78*H102mm,36°,15W,AJ/CG,ASFD1500/35/36/CHB,R-41159492,IS 10322 (PART 5/SEC1):2012,8099,"Guangdong Sat Technology Co. Ltd., No. 11 Lianbao Rd, Shengfeng District, Xiaolan Town, Zhongshan City, Guangdong, China – 528400",https://wsrv.nl/?url=https%3A%2F%2Fi.ibb.co%2FG4f0kTHg%2FSkat-15-02-chrome-black.png&output=webp&q=78
Skat 15,DDW165X,36V DC,350mA,4000K, CRI>97,Φ78*H102mm,36°,15W,AJ/CG,ASFD1500/40/36/W,R-41159492,IS 10322 (PART 5/SEC1):2012,7099,"Guangdong Sat Technology Co. Ltd., No. 11 Lianbao Rd, Shengfeng District, Xiaolan Town, Zhongshan City, Guangdong, China – 528400",https://wsrv.nl/?url=https%3A%2F%2Fi.ibb.co%2FnMwG8VTF%2FSkat-15-05-white.png&output=webp&q=78
Skat 15,DDW165X,36V DC,350mA,4000K, CRI>97,Φ78*H102mm,36°,15W,AJ/CG,ASFD1500/40/36/B,R-41159492,IS 10322 (PART 5/SEC1):2012,7099,"Guangdong Sat Technology Co. Ltd., No. 11 Lianbao Rd, Shengfeng District, Xiaolan Town, Zhongshan City, Guangdong, China – 528400",https://wsrv.nl/?url=https%3A%2F%2Fi.ibb.co%2FwNcLSnbJ%2FSkat-15-03-mat-black-default.png&output=webp&q=78
Skat 15,DDW165X,36V DC,350mA,4000K, CRI>97,Φ78*H102mm,36°,15W,AJ/CG,ASFD1500/40/36/CG,R-41159492,IS 10322 (PART 5/SEC1):2012,8099,"Guangdong Sat Technology Co. Ltd., No. 11 Lianbao Rd, Shengfeng District, Xiaolan Town, Zhongshan City, Guangdong, China – 528400",https://wsrv.nl/?url=https%3A%2F%2Fi.ibb.co%2FRTRmq0J8%2FSkat-15-04-champeing-gold.png&output=webp&q=78
Skat 15,DDW165X,36V DC,350mA,4000K, CRI>97,Φ78*H102mm,36°,15W,AJ/CG,ASFD1500/40/36/RG,R-41159492,IS 10322 (PART 5/SEC1):2012,8099,"Guangdong Sat Technology Co. Ltd., No. 11 Lianbao Rd, Shengfeng District, Xiaolan Town, Zhongshan City, Guangdong, China – 528400",https://wsrv.nl/?url=https%3A%2F%2Fi.ibb.co%2Fb5771mnf%2FSkat-15-08-rose-gold.png&output=webp&q=78
Skat 15,DDW165X,36V DC,350mA,4000K, CRI>97,Φ78*H102mm,36°,15W,AJ/CG,ASFD1500/40/36/BR,R-41159492,IS 10322 (PART 5/SEC1):2012,8099,"Guangdong Sat Technology Co. Ltd., No. 11 Lianbao Rd, Shengfeng District, Xiaolan Town, Zhongshan City, Guangdong, China – 528400",https://wsrv.nl/?url=https%3A%2F%2Fi.ibb.co%2FnsLt9WYr%2FSkat-15-10-brown.png&output=webp&q=78
Skat 15,DDW165X,36V DC,350mA,4000K, CRI>97,Φ78*H102mm,36°,15W,AJ/CG,ASFD1500/40/36/COF,R-41159492,IS 10322 (PART 5/SEC1):2012,8099,"Guangdong Sat Technology Co. Ltd., No. 11 Lianbao Rd, Shengfeng District, Xiaolan Town, Zhongshan City, Guangdong, China – 528400",https://wsrv.nl/?url=https%3A%2F%2Fi.ibb.co%2F356VYHwW%2FSkat-15-07-coffee.png&output=webp&q=78
Skat 15,DDW165X,36V DC,350mA,4000K, CRI>97,Φ78*H102mm,36°,15W,AJ/CG,ASFD1500/40/36/DGR,R-41159492,IS 10322 (PART 5/SEC1):2012,8099,"Guangdong Sat Technology Co. Ltd., No. 11 Lianbao Rd, Shengfeng District, Xiaolan Town, Zhongshan City, Guangdong, China – 528400",https://wsrv.nl/?url=https%3A%2F%2Fi.ibb.co%2FyF12RgVG%2FSkat-15-09-dark-gray-default-001.png&output=webp&q=78
Skat 15,DDW165X,36V DC,350mA,4000K, CRI>97,Φ78*H102mm,36°,15W,AJ/CG,ASFD1500/40/36/BB,R-41159492,IS 10322 (PART 5/SEC1):2012,8099,"Guangdong Sat Technology Co. Ltd., No. 11 Lianbao Rd, Shengfeng District, Xiaolan Town, Zhongshan City, Guangdong, China – 528400",https://wsrv.nl/?url=https%3A%2F%2Fi.ibb.co%2FfdR4c1G1%2FSkat-15-06-ballet-blue.png&output=webp&q=78
Skat 15,DDW165X,36V DC,350mA,4000K, CRI>97,Φ78*H102mm,36°,15W,AJ/CG,ASFD1500/40/36/CH,R-41159492,IS 10322 (PART 5/SEC1):2012,8099,"Guangdong Sat Technology Co. Ltd., No. 11 Lianbao Rd, Shengfeng District, Xiaolan Town, Zhongshan City, Guangdong, China – 528400",https://wsrv.nl/?url=https%3A%2F%2Fi.ibb.co%2F5xxnhv0n%2FSkat-15-01-chrome.png&output=webp&q=78
Skat 15,DDW165X,36V DC,350mA,4000K, CRI>97,Φ78*H102mm,36°,15W,AJ/CG,ASFD1500/40/36/CHB,R-41159492,IS 10322 (PART 5/SEC1):2012,8099,"Guangdong Sat Technology Co. Ltd., No. 11 Lianbao Rd, Shengfeng District, Xiaolan Town, Zhongshan City, Guangdong, China – 528400",https://wsrv.nl/?url=https%3A%2F%2Fi.ibb.co%2FG4f0kTHg%2FSkat-15-02-chrome-black.png&output=webp&q=78
Skat 15,DDW165X,36V DC,350mA,5000K, CRI>97,Φ78*H102mm,36°,15W,AJ/CG,ASFD1500/50/36/W,R-41159492,IS 10322 (PART 5/SEC1):2012,7099,"Guangdong Sat Technology Co. Ltd., No. 11 Lianbao Rd, Shengfeng District, Xiaolan Town, Zhongshan City, Guangdong, China – 528400",https://wsrv.nl/?url=https%3A%2F%2Fi.ibb.co%2FnMwG8VTF%2FSkat-15-05-white.png&output=webp&q=78
Skat 15,DDW165X,36V DC,350mA,5000K, CRI>97,Φ78*H102mm,36°,15W,AJ/CG,ASFD1500/50/36/B,R-41159492,IS 10322 (PART 5/SEC1):2012,7099,"Guangdong Sat Technology Co. Ltd., No. 11 Lianbao Rd, Shengfeng District, Xiaolan Town, Zhongshan City, Guangdong, China – 528400",https://wsrv.nl/?url=https%3A%2F%2Fi.ibb.co%2FwNcLSnbJ%2FSkat-15-03-mat-black-default.png&output=webp&q=78
Skat 15,DDW165X,36V DC,350mA,5000K, CRI>97,Φ78*H102mm,36°,15W,AJ/CG,ASFD1500/50/36/CG,R-41159492,IS 10322 (PART 5/SEC1):2012,8099,"Guangdong Sat Technology Co. Ltd., No. 11 Lianbao Rd, Shengfeng District, Xiaolan Town, Zhongshan City, Guangdong, China – 528400",https://wsrv.nl/?url=https%3A%2F%2Fi.ibb.co%2FRTRmq0J8%2FSkat-15-04-champeing-gold.png&output=webp&q=78
Skat 15,DDW165X,36V DC,350mA,5000K, CRI>97,Φ78*H102mm,36°,15W,AJ/CG,ASFD1500/50/36/RG,R-41159492,IS 10322 (PART 5/SEC1):2012,8099,"Guangdong Sat Technology Co. Ltd., No. 11 Lianbao Rd, Shengfeng District, Xiaolan Town, Zhongshan City, Guangdong, China – 528400",https://wsrv.nl/?url=https%3A%2F%2Fi.ibb.co%2Fb5771mnf%2FSkat-15-08-rose-gold.png&output=webp&q=78
Skat 15,DDW165X,36V DC,350mA,5000K, CRI>97,Φ78*H102mm,36°,15W,AJ/CG,ASFD1500/50/36/BR,R-41159492,IS 10322 (PART 5/SEC1):2012,8099,"Guangdong Sat Technology Co. Ltd., No. 11 Lianbao Rd, Shengfeng District, Xiaolan Town, Zhongshan City, Guangdong, China – 528400",https://wsrv.nl/?url=https%3A%2F%2Fi.ibb.co%2FnsLt9WYr%2FSkat-15-10-brown.png&output=webp&q=78
Skat 15,DDW165X,36V DC,350mA,5000K, CRI>97,Φ78*H102mm,36°,15W,AJ/CG,ASFD1500/50/36/COF,R-41159492,IS 10322 (PART 5/SEC1):2012,8099,"Guangdong Sat Technology Co. Ltd., No. 11 Lianbao Rd, Shengfeng District, Xiaolan Town, Zhongshan City, Guangdong, China – 528400",https://wsrv.nl/?url=https%3A%2F%2Fi.ibb.co%2F356VYHwW%2FSkat-15-07-coffee.png&output=webp&q=78
Skat 15,DDW165X,36V DC,350mA,5000K, CRI>97,Φ78*H102mm,36°,15W,AJ/CG,ASFD1500/50/36/DGR,R-41159492,IS 10322 (PART 5/SEC1):2012,8099,"Guangdong Sat Technology Co. Ltd., No. 11 Lianbao Rd, Shengfeng District, Xiaolan Town, Zhongshan City, Guangdong, China – 528400",https://wsrv.nl/?url=https%3A%2F%2Fi.ibb.co%2FyF12RgVG%2FSkat-15-09-dark-gray-default-001.png&output=webp&q=78
Skat 15,DDW165X,36V DC,350mA,5000K, CRI>97,Φ78*H102mm,36°,15W,AJ/CG,ASFD1500/50/36/BB,R-41159492,IS 10322 (PART 5/SEC1):2012,8099,"Guangdong Sat Technology Co. Ltd., No. 11 Lianbao Rd, Shengfeng District, Xiaolan Town, Zhongshan City, Guangdong, China – 528400",https://wsrv.nl/?url=https%3A%2F%2Fi.ibb.co%2FfdR4c1G1%2FSkat-15-06-ballet-blue.png&output=webp&q=78
Skat 15,DDW165X,36V DC,350mA,5000K, CRI>97,Φ78*H102mm,36°,15W,AJ/CG,ASFD1500/50/36/CH,R-41159492,IS 10322 (PART 5/SEC1):2012,8099,"Guangdong Sat Technology Co. Ltd., No. 11 Lianbao Rd, Shengfeng District, Xiaolan Town, Zhongshan City, Guangdong, China – 528400",https://wsrv.nl/?url=https%3A%2F%2Fi.ibb.co%2F5xxnhv0n%2FSkat-15-01-chrome.png&output=webp&q=78
Skat 15,DDW165X,36V DC,350mA,5000K, CRI>97,Φ78*H102mm,36°,15W,AJ/CG,ASFD1500/50/36/CHB,R-41159492,IS 10322 (PART 5/SEC1):2012,8099,"Guangdong Sat Technology Co. Ltd., No. 11 Lianbao Rd, Shengfeng District, Xiaolan Town, Zhongshan City, Guangdong, China – 528400",https://wsrv.nl/?url=https%3A%2F%2Fi.ibb.co%2FG4f0kTHg%2FSkat-15-02-chrome-black.png&output=webp&q=78
Skat 15,DDW165X,36V DC,350mA,2700K, CRI>97,Φ78*H102mm,60°,15W,AJ/CG,ASFD1500/27/60/W,R-41159492,IS 10322 (PART 5/SEC1):2012,7099,"Guangdong Sat Technology Co. Ltd., No. 11 Lianbao Rd, Shengfeng District, Xiaolan Town, Zhongshan City, Guangdong, China – 528400",https://wsrv.nl/?url=https%3A%2F%2Fi.ibb.co%2FnMwG8VTF%2FSkat-15-05-white.png&output=webp&q=78
Skat 15,DDW165X,36V DC,350mA,2700K, CRI>97,Φ78*H102mm,60°,15W,AJ/CG,ASFD1500/27/60/B,R-41159492,IS 10322 (PART 5/SEC1):2012,7099,"Guangdong Sat Technology Co. Ltd., No. 11 Lianbao Rd, Shengfeng District, Xiaolan Town, Zhongshan City, Guangdong, China – 528400",https://wsrv.nl/?url=https%3A%2F%2Fi.ibb.co%2FwNcLSnbJ%2FSkat-15-03-mat-black-default.png&output=webp&q=78
Skat 15,DDW165X,36V DC,350mA,2700K, CRI>97,Φ78*H102mm,60°,15W,AJ/CG,ASFD1500/27/60/CG,R-41159492,IS 10322 (PART 5/SEC1):2012,8099,"Guangdong Sat Technology Co. Ltd., No. 11 Lianbao Rd, Shengfeng District, Xiaolan Town, Zhongshan City, Guangdong, China – 528400",https://wsrv.nl/?url=https%3A%2F%2Fi.ibb.co%2FRTRmq0J8%2FSkat-15-04-champeing-gold.png&output=webp&q=78
Skat 15,DDW165X,36V DC,350mA,2700K, CRI>97,Φ78*H102mm,60°,15W,AJ/CG,ASFD1500/27/60/RG,R-41159492,IS 10322 (PART 5/SEC1):2012,8099,"Guangdong Sat Technology Co. Ltd., No. 11 Lianbao Rd, Shengfeng District, Xiaolan Town, Zhongshan City, Guangdong, China – 528400",https://wsrv.nl/?url=https%3A%2F%2Fi.ibb.co%2Fb5771mnf%2FSkat-15-08-rose-gold.png&output=webp&q=78
Skat 15,DDW165X,36V DC,350mA,2700K, CRI>97,Φ78*H102mm,60°,15W,AJ/CG,ASFD1500/27/60/BR,R-41159492,IS 10322 (PART 5/SEC1):2012,8099,"Guangdong Sat Technology Co. Ltd., No. 11 Lianbao Rd, Shengfeng District, Xiaolan Town, Zhongshan City, Guangdong, China – 528400",https://wsrv.nl/?url=https%3A%2F%2Fi.ibb.co%2FnsLt9WYr%2FSkat-15-10-brown.png&output=webp&q=78
Skat 15,DDW165X,36V DC,350mA,2700K, CRI>97,Φ78*H102mm,60°,15W,AJ/CG,ASFD1500/27/60/COF,R-41159492,IS 10322 (PART 5/SEC1):2012,8099,"Guangdong Sat Technology Co. Ltd., No. 11 Lianbao Rd, Shengfeng District, Xiaolan Town, Zhongshan City, Guangdong, China – 528400",https://wsrv.nl/?url=https%3A%2F%2Fi.ibb.co%2F356VYHwW%2FSkat-15-07-coffee.png&output=webp&q=78
Skat 15,DDW165X,36V DC,350mA,2700K, CRI>97,Φ78*H102mm,60°,15W,AJ/CG,ASFD1500/27/60/DGR,R-41159492,IS 10322 (PART 5/SEC1):2012,8099,"Guangdong Sat Technology Co. Ltd., No. 11 Lianbao Rd, Shengfeng District, Xiaolan Town, Zhongshan City, Guangdong, China – 528400",https://wsrv.nl/?url=https%3A%2F%2Fi.ibb.co%2FyF12RgVG%2FSkat-15-09-dark-gray-default-001.png&output=webp&q=78
Skat 15,DDW165X,36V DC,350mA,2700K, CRI>97,Φ78*H102mm,60°,15W,AJ/CG,ASFD1500/27/60/BB,R-41159492,IS 10322 (PART 5/SEC1):2012,8099,"Guangdong Sat Technology Co. Ltd., No. 11 Lianbao Rd, Shengfeng District, Xiaolan Town, Zhongshan City, Guangdong, China – 528400",https://wsrv.nl/?url=https%3A%2F%2Fi.ibb.co%2FfdR4c1G1%2FSkat-15-06-ballet-blue.png&output=webp&q=78
Skat 15,DDW165X,36V DC,350mA,2700K, CRI>97,Φ78*H102mm,60°,15W,AJ/CG,ASFD1500/27/60/CH,R-41159492,IS 10322 (PART 5/SEC1):2012,8099,"Guangdong Sat Technology Co. Ltd., No. 11 Lianbao Rd, Shengfeng District, Xiaolan Town, Zhongshan City, Guangdong, China – 528400",https://wsrv.nl/?url=https%3A%2F%2Fi.ibb.co%2F5xxnhv0n%2FSkat-15-01-chrome.png&output=webp&q=78
Skat 15,DDW165X,36V DC,350mA,2700K, CRI>97,Φ78*H102mm,60°,15W,AJ/CG,ASFD1500/27/60/CHB,R-41159492,IS 10322 (PART 5/SEC1):2012,8099,"Guangdong Sat Technology Co. Ltd., No. 11 Lianbao Rd, Shengfeng District, Xiaolan Town, Zhongshan City, Guangdong, China – 528400",https://wsrv.nl/?url=https%3A%2F%2Fi.ibb.co%2FG4f0kTHg%2FSkat-15-02-chrome-black.png&output=webp&q=78
Skat 15,DDW165X,36V DC,350mA,3000K, CRI>97,Φ78*H102mm,60°,15W,AJ/CG,ASFD1500/30/60/W,R-41159492,IS 10322 (PART 5/SEC1):2012,7099,"Guangdong Sat Technology Co. Ltd., No. 11 Lianbao Rd, Shengfeng District, Xiaolan Town, Zhongshan City, Guangdong, China – 528400",https://wsrv.nl/?url=https%3A%2F%2Fi.ibb.co%2FnMwG8VTF%2FSkat-15-05-white.png&output=webp&q=78
Skat 15,DDW165X,36V DC,350mA,3000K, CRI>97,Φ78*H102mm,60°,15W,AJ/CG,ASFD1500/30/60/B,R-41159492,IS 10322 (PART 5/SEC1):2012,7099,"Guangdong Sat Technology Co. Ltd., No. 11 Lianbao Rd, Shengfeng District, Xiaolan Town, Zhongshan City, Guangdong, China – 528400",https://wsrv.nl/?url=https%3A%2F%2Fi.ibb.co%2FwNcLSnbJ%2FSkat-15-03-mat-black-default.png&output=webp&q=78
Skat 15,DDW165X,36V DC,350mA,3000K, CRI>97,Φ78*H102mm,60°,15W,AJ/CG,ASFD1500/30/60/CG,R-41159492,IS 10322 (PART 5/SEC1):2012,8099,"Guangdong Sat Technology Co. Ltd., No. 11 Lianbao Rd, Shengfeng District, Xiaolan Town, Zhongshan City, Guangdong, China – 528400",https://wsrv.nl/?url=https%3A%2F%2Fi.ibb.co%2FRTRmq0J8%2FSkat-15-04-champeing-gold.png&output=webp&q=78
Skat 15,DDW165X,36V DC,350mA,3000K, CRI>97,Φ78*H102mm,60°,15W,AJ/CG,ASFD1500/30/60/RG,R-41159492,IS 10322 (PART 5/SEC1):2012,8099,"Guangdong Sat Technology Co. Ltd., No. 11 Lianbao Rd, Shengfeng District, Xiaolan Town, Zhongshan City, Guangdong, China – 528400",https://wsrv.nl/?url=https%3A%2F%2Fi.ibb.co%2Fb5771mnf%2FSkat-15-08-rose-gold.png&output=webp&q=78
Skat 15,DDW165X,36V DC,350mA,3000K, CRI>97,Φ78*H102mm,60°,15W,AJ/CG,ASFD1500/30/60/BR,R-41159492,IS 10322 (PART 5/SEC1):2012,8099,"Guangdong Sat Technology Co. Ltd., No. 11 Lianbao Rd, Shengfeng District, Xiaolan Town, Zhongshan City, Guangdong, China – 528400",https://wsrv.nl/?url=https%3A%2F%2Fi.ibb.co%2FnsLt9WYr%2FSkat-15-10-brown.png&output=webp&q=78
Skat 15,DDW165X,36V DC,350mA,3000K, CRI>97,Φ78*H102mm,60°,15W,AJ/CG,ASFD1500/30/60/COF,R-41159492,IS 10322 (PART 5/SEC1):2012,8099,"Guangdong Sat Technology Co. Ltd., No. 11 Lianbao Rd, Shengfeng District, Xiaolan Town, Zhongshan City, Guangdong, China – 528400",https://wsrv.nl/?url=https%3A%2F%2Fi.ibb.co%2F356VYHwW%2FSkat-15-07-coffee.png&output=webp&q=78
Skat 15,DDW165X,36V DC,350mA,3000K, CRI>97,Φ78*H102mm,60°,15W,AJ/CG,ASFD1500/30/60/DGR,R-41159492,IS 10322 (PART 5/SEC1):2012,8099,"Guangdong Sat Technology Co. Ltd., No. 11 Lianbao Rd, Shengfeng District, Xiaolan Town, Zhongshan City, Guangdong, China – 528400",https://wsrv.nl/?url=https%3A%2F%2Fi.ibb.co%2FyF12RgVG%2FSkat-15-09-dark-gray-default-001.png&output=webp&q=78
Skat 15,DDW165X,36V DC,350mA,3000K, CRI>97,Φ78*H102mm,60°,15W,AJ/CG,ASFD1500/30/60/BB,R-41159492,IS 10322 (PART 5/SEC1):2012,8099,"Guangdong Sat Technology Co. Ltd., No. 11 Lianbao Rd, Shengfeng District, Xiaolan Town, Zhongshan City, Guangdong, China – 528400",https://wsrv.nl/?url=https%3A%2F%2Fi.ibb.co%2FfdR4c1G1%2FSkat-15-06-ballet-blue.png&output=webp&q=78
Skat 15,DDW165X,36V DC,350mA,3000K, CRI>97,Φ78*H102mm,60°,15W,AJ/CG,ASFD1500/30/60/CH,R-41159492,IS 10322 (PART 5/SEC1):2012,8099,"Guangdong Sat Technology Co. Ltd., No. 11 Lianbao Rd, Shengfeng District, Xiaolan Town, Zhongshan City, Guangdong, China – 528400",https://wsrv.nl/?url=https%3A%2F%2Fi.ibb.co%2F5xxnhv0n%2FSkat-15-01-chrome.png&output=webp&q=78
Skat 15,DDW165X,36V DC,350mA,3000K, CRI>97,Φ78*H102mm,60°,15W,AJ/CG,ASFD1500/30/60/CHB,R-41159492,IS 10322 (PART 5/SEC1):2012,8099,"Guangdong Sat Technology Co. Ltd., No. 11 Lianbao Rd, Shengfeng District, Xiaolan Town, Zhongshan City, Guangdong, China – 528400",https://wsrv.nl/?url=https%3A%2F%2Fi.ibb.co%2FG4f0kTHg%2FSkat-15-02-chrome-black.png&output=webp&q=78
Skat 15,DDW165X,36V DC,350mA,3500K, CRI>97,Φ78*H102mm,60°,15W,AJ/CG,ASFD1500/35/60/W,R-41159492,IS 10322 (PART 5/SEC1):2012,7099,"Guangdong Sat Technology Co. Ltd., No. 11 Lianbao Rd, Shengfeng District, Xiaolan Town, Zhongshan City, Guangdong, China – 528400",https://wsrv.nl/?url=https%3A%2F%2Fi.ibb.co%2FnMwG8VTF%2FSkat-15-05-white.png&output=webp&q=78
Skat 15,DDW165X,36V DC,350mA,3500K, CRI>97,Φ78*H102mm,60°,15W,AJ/CG,ASFD1500/35/60/B,R-41159492,IS 10322 (PART 5/SEC1):2012,7099,"Guangdong Sat Technology Co. Ltd., No. 11 Lianbao Rd, Shengfeng District, Xiaolan Town, Zhongshan City, Guangdong, China – 528400",https://wsrv.nl/?url=https%3A%2F%2Fi.ibb.co%2FwNcLSnbJ%2FSkat-15-03-mat-black-default.png&output=webp&q=78
Skat 15,DDW165X,36V DC,350mA,3500K, CRI>97,Φ78*H102mm,60°,15W,AJ/CG,ASFD1500/35/60/CG,R-41159492,IS 10322 (PART 5/SEC1):2012,8099,"Guangdong Sat Technology Co. Ltd., No. 11 Lianbao Rd, Shengfeng District, Xiaolan Town, Zhongshan City, Guangdong, China – 528400",https://wsrv.nl/?url=https%3A%2F%2Fi.ibb.co%2FRTRmq0J8%2FSkat-15-04-champeing-gold.png&output=webp&q=78
Skat 15,DDW165X,36V DC,350mA,3500K, CRI>97,Φ78*H102mm,60°,15W,AJ/CG,ASFD1500/35/60/RG,R-41159492,IS 10322 (PART 5/SEC1):2012,8099,"Guangdong Sat Technology Co. Ltd., No. 11 Lianbao Rd, Shengfeng District, Xiaolan Town, Zhongshan City, Guangdong, China – 528400",https://wsrv.nl/?url=https%3A%2F%2Fi.ibb.co%2Fb5771mnf%2FSkat-15-08-rose-gold.png&output=webp&q=78
Skat 15,DDW165X,36V DC,350mA,3500K, CRI>97,Φ78*H102mm,60°,15W,AJ/CG,ASFD1500/35/60/BR,R-41159492,IS 10322 (PART 5/SEC1):2012,8099,"Guangdong Sat Technology Co. Ltd., No. 11 Lianbao Rd, Shengfeng District, Xiaolan Town, Zhongshan City, Guangdong, China – 528400",https://wsrv.nl/?url=https%3A%2F%2Fi.ibb.co%2FnsLt9WYr%2FSkat-15-10-brown.png&output=webp&q=78
Skat 15,DDW165X,36V DC,350mA,3500K, CRI>97,Φ78*H102mm,60°,15W,AJ/CG,ASFD1500/35/60/COF,R-41159492,IS 10322 (PART 5/SEC1):2012,8099,"Guangdong Sat Technology Co. Ltd., No. 11 Lianbao Rd, Shengfeng District, Xiaolan Town, Zhongshan City, Guangdong, China – 528400",https://wsrv.nl/?url=https%3A%2F%2Fi.ibb.co%2F356VYHwW%2FSkat-15-07-coffee.png&output=webp&q=78
Skat 15,DDW165X,36V DC,350mA,3500K, CRI>97,Φ78*H102mm,60°,15W,AJ/CG,ASFD1500/35/60/DGR,R-41159492,IS 10322 (PART 5/SEC1):2012,8099,"Guangdong Sat Technology Co. Ltd., No. 11 Lianbao Rd, Shengfeng District, Xiaolan Town, Zhongshan City, Guangdong, China – 528400",https://wsrv.nl/?url=https%3A%2F%2Fi.ibb.co%2FyF12RgVG%2FSkat-15-09-dark-gray-default-001.png&output=webp&q=78
Skat 15,DDW165X,36V DC,350mA,3500K, CRI>97,Φ78*H102mm,60°,15W,AJ/CG,ASFD1500/35/60/BB,R-41159492,IS 10322 (PART 5/SEC1):2012,8099,"Guangdong Sat Technology Co. Ltd., No. 11 Lianbao Rd, Shengfeng District, Xiaolan Town, Zhongshan City, Guangdong, China – 528400",https://wsrv.nl/?url=https%3A%2F%2Fi.ibb.co%2FfdR4c1G1%2FSkat-15-06-ballet-blue.png&output=webp&q=78
Skat 15,DDW165X,36V DC,350mA,3500K, CRI>97,Φ78*H102mm,60°,15W,AJ/CG,ASFD1500/35/60/CH,R-41159492,IS 10322 (PART 5/SEC1):2012,8099,"Guangdong Sat Technology Co. Ltd., No. 11 Lianbao Rd, Shengfeng District, Xiaolan Town, Zhongshan City, Guangdong, China – 528400",https://wsrv.nl/?url=https%3A%2F%2Fi.ibb.co%2F5xxnhv0n%2FSkat-15-01-chrome.png&output=webp&q=78
Skat 15,DDW165X,36V DC,350mA,3500K, CRI>97,Φ78*H102mm,60°,15W,AJ/CG,ASFD1500/35/60/CHB,R-41159492,IS 10322 (PART 5/SEC1):2012,8099,"Guangdong Sat Technology Co. Ltd., No. 11 Lianbao Rd, Shengfeng District, Xiaolan Town, Zhongshan City, Guangdong, China – 528400",https://wsrv.nl/?url=https%3A%2F%2Fi.ibb.co%2FG4f0kTHg%2FSkat-15-02-chrome-black.png&output=webp&q=78
Skat 15,DDW165X,36V DC,350mA,4000K, CRI>97,Φ78*H102mm,60°,15W,AJ/CG,ASFD1500/40/60/W,R-41159492,IS 10322 (PART 5/SEC1):2012,7099,"Guangdong Sat Technology Co. Ltd., No. 11 Lianbao Rd, Shengfeng District, Xiaolan Town, Zhongshan City, Guangdong, China – 528400",https://wsrv.nl/?url=https%3A%2F%2Fi.ibb.co%2FnMwG8VTF%2FSkat-15-05-white.png&output=webp&q=78
Skat 15,DDW165X,36V DC,350mA,4000K, CRI>97,Φ78*H102mm,60°,15W,AJ/CG,ASFD1500/40/60/B,R-41159492,IS 10322 (PART 5/SEC1):2012,7099,"Guangdong Sat Technology Co. Ltd., No. 11 Lianbao Rd, Shengfeng District, Xiaolan Town, Zhongshan City, Guangdong, China – 528400",https://wsrv.nl/?url=https%3A%2F%2Fi.ibb.co%2FwNcLSnbJ%2FSkat-15-03-mat-black-default.png&output=webp&q=78
Skat 15,DDW165X,36V DC,350mA,4000K, CRI>97,Φ78*H102mm,60°,15W,AJ/CG,ASFD1500/40/60/CG,R-41159492,IS 10322 (PART 5/SEC1):2012,8099,"Guangdong Sat Technology Co. Ltd., No. 11 Lianbao Rd, Shengfeng District, Xiaolan Town, Zhongshan City, Guangdong, China – 528400",https://wsrv.nl/?url=https%3A%2F%2Fi.ibb.co%2FRTRmq0J8%2FSkat-15-04-champeing-gold.png&output=webp&q=78
Skat 15,DDW165X,36V DC,350mA,4000K, CRI>97,Φ78*H102mm,60°,15W,AJ/CG,ASFD1500/40/60/RG,R-41159492,IS 10322 (PART 5/SEC1):2012,8099,"Guangdong Sat Technology Co. Ltd., No. 11 Lianbao Rd, Shengfeng District, Xiaolan Town, Zhongshan City, Guangdong, China – 528400",https://wsrv.nl/?url=https%3A%2F%2Fi.ibb.co%2Fb5771mnf%2FSkat-15-08-rose-gold.png&output=webp&q=78
Skat 15,DDW165X,36V DC,350mA,4000K, CRI>97,Φ78*H102mm,60°,15W,AJ/CG,ASFD1500/40/60/BR,R-41159492,IS 10322 (PART 5/SEC1):2012,8099,"Guangdong Sat Technology Co. Ltd., No. 11 Lianbao Rd, Shengfeng District, Xiaolan Town, Zhongshan City, Guangdong, China – 528400",https://wsrv.nl/?url=https%3A%2F%2Fi.ibb.co%2FnsLt9WYr%2FSkat-15-10-brown.png&output=webp&q=78
Skat 15,DDW165X,36V DC,350mA,4000K, CRI>97,Φ78*H102mm,60°,15W,AJ/CG,ASFD1500/40/60/COF,R-41159492,IS 10322 (PART 5/SEC1):2012,8099,"Guangdong Sat Technology Co. Ltd., No. 11 Lianbao Rd, Shengfeng District, Xiaolan Town, Zhongshan City, Guangdong, China – 528400",https://wsrv.nl/?url=https%3A%2F%2Fi.ibb.co%2F356VYHwW%2FSkat-15-07-coffee.png&output=webp&q=78
Skat 15,DDW165X,36V DC,350mA,4000K, CRI>97,Φ78*H102mm,60°,15W,AJ/CG,ASFD1500/40/60/DGR,R-41159492,IS 10322 (PART 5/SEC1):2012,8099,"Guangdong Sat Technology Co. Ltd., No. 11 Lianbao Rd, Shengfeng District, Xiaolan Town, Zhongshan City, Guangdong, China – 528400",https://wsrv.nl/?url=https%3A%2F%2Fi.ibb.co%2FyF12RgVG%2FSkat-15-09-dark-gray-default-001.png&output=webp&q=78
Skat 15,DDW165X,36V DC,350mA,4000K, CRI>97,Φ78*H102mm,60°,15W,AJ/CG,ASFD1500/40/60/BB,R-41159492,IS 10322 (PART 5/SEC1):2012,8099,"Guangdong Sat Technology Co. Ltd., No. 11 Lianbao Rd, Shengfeng District, Xiaolan Town, Zhongshan City, Guangdong, China – 528400",https://wsrv.nl/?url=https%3A%2F%2Fi.ibb.co%2FfdR4c1G1%2FSkat-15-06-ballet-blue.png&output=webp&q=78
Skat 15,DDW165X,36V DC,350mA,4000K, CRI>97,Φ78*H102mm,60°,15W,AJ/CG,ASFD1500/40/60/CH,R-41159492,IS 10322 (PART 5/SEC1):2012,8099,"Guangdong Sat Technology Co. Ltd., No. 11 Lianbao Rd, Shengfeng District, Xiaolan Town, Zhongshan City, Guangdong, China – 528400",https://wsrv.nl/?url=https%3A%2F%2Fi.ibb.co%2F5xxnhv0n%2FSkat-15-01-chrome.png&output=webp&q=78
Skat 15,DDW165X,36V DC,350mA,4000K, CRI>97,Φ78*H102mm,60°,15W,AJ/CG,ASFD1500/40/60/CHB,R-41159492,IS 10322 (PART 5/SEC1):2012,8099,"Guangdong Sat Technology Co. Ltd., No. 11 Lianbao Rd, Shengfeng District, Xiaolan Town, Zhongshan City, Guangdong, China – 528400",https://wsrv.nl/?url=https%3A%2F%2Fi.ibb.co%2FG4f0kTHg%2FSkat-15-02-chrome-black.png&output=webp&q=78
Skat 15,DDW165X,36V DC,350mA,5000K, CRI>97,Φ78*H102mm,60°,15W,AJ/CG,ASFD1500/50/60/W,R-41159492,IS 10322 (PART 5/SEC1):2012,7099,"Guangdong Sat Technology Co. Ltd., No. 11 Lianbao Rd, Shengfeng District, Xiaolan Town, Zhongshan City, Guangdong, China – 528400",https://wsrv.nl/?url=https%3A%2F%2Fi.ibb.co%2FnMwG8VTF%2FSkat-15-05-white.png&output=webp&q=78
Skat 15,DDW165X,36V DC,350mA,5000K, CRI>97,Φ78*H102mm,60°,15W,AJ/CG,ASFD1500/50/60/B,R-41159492,IS 10322 (PART 5/SEC1):2012,7099,"Guangdong Sat Technology Co. Ltd., No. 11 Lianbao Rd, Shengfeng District, Xiaolan Town, Zhongshan City, Guangdong, China – 528400",https://wsrv.nl/?url=https%3A%2F%2Fi.ibb.co%2FwNcLSnbJ%2FSkat-15-03-mat-black-default.png&output=webp&q=78
Skat 15,DDW165X,36V DC,350mA,5000K, CRI>97,Φ78*H102mm,60°,15W,AJ/CG,ASFD1500/50/60/CG,R-41159492,IS 10322 (PART 5/SEC1):2012,8099,"Guangdong Sat Technology Co. Ltd., No. 11 Lianbao Rd, Shengfeng District, Xiaolan Town, Zhongshan City, Guangdong, China – 528400",https://wsrv.nl/?url=https%3A%2F%2Fi.ibb.co%2FRTRmq0J8%2FSkat-15-04-champeing-gold.png&output=webp&q=78
Skat 15,DDW165X,36V DC,350mA,5000K, CRI>97,Φ78*H102mm,60°,15W,AJ/CG,ASFD1500/50/60/RG,R-41159492,IS 10322 (PART 5/SEC1):2012,8099,"Guangdong Sat Technology Co. Ltd., No. 11 Lianbao Rd, Shengfeng District, Xiaolan Town, Zhongshan City, Guangdong, China – 528400",https://wsrv.nl/?url=https%3A%2F%2Fi.ibb.co%2Fb5771mnf%2FSkat-15-08-rose-gold.png&output=webp&q=78
Skat 15,DDW165X,36V DC,350mA,5000K, CRI>97,Φ78*H102mm,60°,15W,AJ/CG,ASFD1500/50/60/BR,R-41159492,IS 10322 (PART 5/SEC1):2012,8099,"Guangdong Sat Technology Co. Ltd., No. 11 Lianbao Rd, Shengfeng District, Xiaolan Town, Zhongshan City, Guangdong, China – 528400",https://wsrv.nl/?url=https%3A%2F%2Fi.ibb.co%2FnsLt9WYr%2FSkat-15-10-brown.png&output=webp&q=78
Skat 15,DDW165X,36V DC,350mA,5000K, CRI>97,Φ78*H102mm,60°,15W,AJ/CG,ASFD1500/50/60/COF,R-41159492,IS 10322 (PART 5/SEC1):2012,8099,"Guangdong Sat Technology Co. Ltd., No. 11 Lianbao Rd, Shengfeng District, Xiaolan Town, Zhongshan City, Guangdong, China – 528400",https://wsrv.nl/?url=https%3A%2F%2Fi.ibb.co%2F356VYHwW%2FSkat-15-07-coffee.png&output=webp&q=78
Skat 15,DDW165X,36V DC,350mA,5000K, CRI>97,Φ78*H102mm,60°,15W,AJ/CG,ASFD1500/50/60/DGR,R-41159492,IS 10322 (PART 5/SEC1):2012,8099,"Guangdong Sat Technology Co. Ltd., No. 11 Lianbao Rd, Shengfeng District, Xiaolan Town, Zhongshan City, Guangdong, China – 528400",https://wsrv.nl/?url=https%3A%2F%2Fi.ibb.co%2FyF12RgVG%2FSkat-15-09-dark-gray-default-001.png&output=webp&q=78
Skat 15,DDW165X,36V DC,350mA,5000K, CRI>97,Φ78*H102mm,60°,15W,AJ/CG,ASFD1500/50/60/BB,R-41159492,IS 10322 (PART 5/SEC1):2012,8099,"Guangdong Sat Technology Co. Ltd., No. 11 Lianbao Rd, Shengfeng District, Xiaolan Town, Zhongshan City, Guangdong, China – 528400",https://wsrv.nl/?url=https%3A%2F%2Fi.ibb.co%2FfdR4c1G1%2FSkat-15-06-ballet-blue.png&output=webp&q=78
Skat 15,DDW165X,36V DC,350mA,5000K, CRI>97,Φ78*H102mm,60°,15W,AJ/CG,ASFD1500/50/60/CH,R-41159492,IS 10322 (PART 5/SEC1):2012,8099,"Guangdong Sat Technology Co. Ltd., No. 11 Lianbao Rd, Shengfeng District, Xiaolan Town, Zhongshan City, Guangdong, China – 528400",https://wsrv.nl/?url=https%3A%2F%2Fi.ibb.co%2F5xxnhv0n%2FSkat-15-01-chrome.png&output=webp&q=78
Skat 15,DDW165X,36V DC,350mA,5000K, CRI>97,Φ78*H102mm,60°,15W,AJ/CG,ASFD1500/50/60/CHB,R-41159492,IS 10322 (PART 5/SEC1):2012,8099,"Guangdong Sat Technology Co. Ltd., No. 11 Lianbao Rd, Shengfeng District, Xiaolan Town, Zhongshan City, Guangdong, China – 528400",https://wsrv.nl/?url=https%3A%2F%2Fi.ibb.co%2FG4f0kTHg%2FSkat-15-02-chrome-black.png&output=webp&q=78
SKAT Tunable,DDW165X,36V DC,350mA,2700K~6500K, CRI>97,Φ78*H102mm,15°,15W,AJ/CG,ASFD1500/CT/15/W,R-41159492,IS 10322 (PART 5/SEC1):2012,8299,"Guangdong Sat Technology Co. Ltd., No. 11 Lianbao Rd, Shengfeng District, Xiaolan Town, Zhongshan City, Guangdong, China – 528400",https://wsrv.nl/?url=https%3A%2F%2Fi.ibb.co%2FnMwG8VTF%2FSkat-15-05-white.png&output=webp&q=78
SKAT Tunable,DDW165X,36V DC,350mA,2700K~6500K, CRI>97,Φ78*H102mm,15°,15W,AJ/CG,ASFD1500/CT/15/B,R-41159492,IS 10322 (PART 5/SEC1):2012,8299,"Guangdong Sat Technology Co. Ltd., No. 11 Lianbao Rd, Shengfeng District, Xiaolan Town, Zhongshan City, Guangdong, China – 528400",https://wsrv.nl/?url=https%3A%2F%2Fi.ibb.co%2FwNcLSnbJ%2FSkat-15-03-mat-black-default.png&output=webp&q=78
SKAT Tunable,DDW165X,36V DC,350mA,2700K~6500K, CRI>97,Φ78*H102mm,15°,15W,AJ/CG,ASFD1500/CT/15/CG,R-41159492,IS 10322 (PART 5/SEC1):2012,9299,"Guangdong Sat Technology Co. Ltd., No. 11 Lianbao Rd, Shengfeng District, Xiaolan Town, Zhongshan City, Guangdong, China – 528400",https://wsrv.nl/?url=https%3A%2F%2Fi.ibb.co%2FRTRmq0J8%2FSkat-15-04-champeing-gold.png&output=webp&q=78
SKAT Tunable,DDW165X,36V DC,350mA,2700K~6500K, CRI>97,Φ78*H102mm,15°,15W,AJ/CG,ASFD1500/CT/15/RG,R-41159492,IS 10322 (PART 5/SEC1):2012,9299,"Guangdong Sat Technology Co. Ltd., No. 11 Lianbao Rd, Shengfeng District, Xiaolan Town, Zhongshan City, Guangdong, China – 528400",https://wsrv.nl/?url=https%3A%2F%2Fi.ibb.co%2Fb5771mnf%2FSkat-15-08-rose-gold.png&output=webp&q=78
SKAT Tunable,DDW165X,36V DC,350mA,2700K~6500K, CRI>97,Φ78*H102mm,15°,15W,AJ/CG,ASFD1500/CT/15/BR,R-41159492,IS 10322 (PART 5/SEC1):2012,9299,"Guangdong Sat Technology Co. Ltd., No. 11 Lianbao Rd, Shengfeng District, Xiaolan Town, Zhongshan City, Guangdong, China – 528400",https://wsrv.nl/?url=https%3A%2F%2Fi.ibb.co%2FnsLt9WYr%2FSkat-15-10-brown.png&output=webp&q=78
SKAT Tunable,DDW165X,36V DC,350mA,2700K~6500K, CRI>97,Φ78*H102mm,15°,15W,AJ/CG,ASFD1500/CT/15/COF,R-41159492,IS 10322 (PART 5/SEC1):2012,9299,"Guangdong Sat Technology Co. Ltd., No. 11 Lianbao Rd, Shengfeng District, Xiaolan Town, Zhongshan City, Guangdong, China – 528400",https://wsrv.nl/?url=https%3A%2F%2Fi.ibb.co%2F356VYHwW%2FSkat-15-07-coffee.png&output=webp&q=78
SKAT Tunable,DDW165X,36V DC,350mA,2700K~6500K, CRI>97,Φ78*H102mm,15°,15W,AJ/CG,ASFD1500/CT/15/DGR,R-41159492,IS 10322 (PART 5/SEC1):2012,9299,"Guangdong Sat Technology Co. Ltd., No. 11 Lianbao Rd, Shengfeng District, Xiaolan Town, Zhongshan City, Guangdong, China – 528400",https://wsrv.nl/?url=https%3A%2F%2Fi.ibb.co%2FyF12RgVG%2FSkat-15-09-dark-gray-default-001.png&output=webp&q=78
SKAT Tunable,DDW165X,36V DC,350mA,2700K~6500K, CRI>97,Φ78*H102mm,15°,15W,AJ/CG,ASFD1500/CT/15/BB,R-41159492,IS 10322 (PART 5/SEC1):2012,9299,"Guangdong Sat Technology Co. Ltd., No. 11 Lianbao Rd, Shengfeng District, Xiaolan Town, Zhongshan City, Guangdong, China – 528400",https://wsrv.nl/?url=https%3A%2F%2Fi.ibb.co%2FfdR4c1G1%2FSkat-15-06-ballet-blue.png&output=webp&q=78
SKAT Tunable,DDW165X,36V DC,350mA,2700K~6500K, CRI>97,Φ78*H102mm,15°,15W,AJ/CG,ASFD1500/CT/15/CH,R-41159492,IS 10322 (PART 5/SEC1):2012,9299,"Guangdong Sat Technology Co. Ltd., No. 11 Lianbao Rd, Shengfeng District, Xiaolan Town, Zhongshan City, Guangdong, China – 528400",https://wsrv.nl/?url=https%3A%2F%2Fi.ibb.co%2F5xxnhv0n%2FSkat-15-01-chrome.png&output=webp&q=78
SKAT Tunable,DDW165X,36V DC,350mA,2700K~6500K, CRI>97,Φ78*H102mm,15°,15W,AJ/CG,ASFD1500/CT/15/CHB,R-41159492,IS 10322 (PART 5/SEC1):2012,9299,"Guangdong Sat Technology Co. Ltd., No. 11 Lianbao Rd, Shengfeng District, Xiaolan Town, Zhongshan City, Guangdong, China – 528400",https://wsrv.nl/?url=https%3A%2F%2Fi.ibb.co%2FG4f0kTHg%2FSkat-15-02-chrome-black.png&output=webp&q=78
SKAT Tunable,DDW165X,36V DC,350mA,2700K~6500K, CRI>97,Φ78*H102mm,36°,15W,AJ/CG,ASFD1500/CT/36/W,R-41159492,IS 10322 (PART 5/SEC1):2012,8299,"Guangdong Sat Technology Co. Ltd., No. 11 Lianbao Rd, Shengfeng District, Xiaolan Town, Zhongshan City, Guangdong, China – 528400",https://wsrv.nl/?url=https%3A%2F%2Fi.ibb.co%2FnMwG8VTF%2FSkat-15-05-white.png&output=webp&q=78
SKAT Tunable,DDW165X,36V DC,350mA,2700K~6500K, CRI>97,Φ78*H102mm,36°,15W,AJ/CG,ASFD1500/CT/36/B,R-41159492,IS 10322 (PART 5/SEC1):2012,8299,"Guangdong Sat Technology Co. Ltd., No. 11 Lianbao Rd, Shengfeng District, Xiaolan Town, Zhongshan City, Guangdong, China – 528400",https://wsrv.nl/?url=https%3A%2F%2Fi.ibb.co%2FwNcLSnbJ%2FSkat-15-03-mat-black-default.png&output=webp&q=78
SKAT Tunable,DDW165X,36V DC,350mA,2700K~6500K, CRI>97,Φ78*H102mm,36°,15W,AJ/CG,ASFD1500/CT/36/CG,R-41159492,IS 10322 (PART 5/SEC1):2012,9299,"Guangdong Sat Technology Co. Ltd., No. 11 Lianbao Rd, Shengfeng District, Xiaolan Town, Zhongshan City, Guangdong, China – 528400",https://wsrv.nl/?url=https%3A%2F%2Fi.ibb.co%2FRTRmq0J8%2FSkat-15-04-champeing-gold.png&output=webp&q=78
SKAT Tunable,DDW165X,36V DC,350mA,2700K~6500K, CRI>97,Φ78*H102mm,36°,15W,AJ/CG,ASFD1500/CT/36/RG,R-41159492,IS 10322 (PART 5/SEC1):2012,9299,"Guangdong Sat Technology Co. Ltd., No. 11 Lianbao Rd, Shengfeng District, Xiaolan Town, Zhongshan City, Guangdong, China – 528400",https://wsrv.nl/?url=https%3A%2F%2Fi.ibb.co%2Fb5771mnf%2FSkat-15-08-rose-gold.png&output=webp&q=78
SKAT Tunable,DDW165X,36V DC,350mA,2700K~6500K, CRI>97,Φ78*H102mm,36°,15W,AJ/CG,ASFD1500/CT/36/BR,R-41159492,IS 10322 (PART 5/SEC1):2012,9299,"Guangdong Sat Technology Co. Ltd., No. 11 Lianbao Rd, Shengfeng District, Xiaolan Town, Zhongshan City, Guangdong, China – 528400",https://wsrv.nl/?url=https%3A%2F%2Fi.ibb.co%2FnsLt9WYr%2FSkat-15-10-brown.png&output=webp&q=78
SKAT Tunable,DDW165X,36V DC,350mA,2700K~6500K, CRI>97,Φ78*H102mm,36°,15W,AJ/CG,ASFD1500/CT/36/COF,R-41159492,IS 10322 (PART 5/SEC1):2012,9299,"Guangdong Sat Technology Co. Ltd., No. 11 Lianbao Rd, Shengfeng District, Xiaolan Town, Zhongshan City, Guangdong, China – 528400",https://wsrv.nl/?url=https%3A%2F%2Fi.ibb.co%2F356VYHwW%2FSkat-15-07-coffee.png&output=webp&q=78
SKAT Tunable,DDW165X,36V DC,350mA,2700K~6500K, CRI>97,Φ78*H102mm,36°,15W,AJ/CG,ASFD1500/CT/36/DGR,R-41159492,IS 10322 (PART 5/SEC1):2012,9299,"Guangdong Sat Technology Co. Ltd., No. 11 Lianbao Rd, Shengfeng District, Xiaolan Town, Zhongshan City, Guangdong, China – 528400",https://wsrv.nl/?url=https%3A%2F%2Fi.ibb.co%2FyF12RgVG%2FSkat-15-09-dark-gray-default-001.png&output=webp&q=78
SKAT Tunable,DDW165X,36V DC,350mA,2700K~6500K, CRI>97,Φ78*H102mm,36°,15W,AJ/CG,ASFD1500/CT/36/BB,R-41159492,IS 10322 (PART 5/SEC1):2012,9299,"Guangdong Sat Technology Co. Ltd., No. 11 Lianbao Rd, Shengfeng District, Xiaolan Town, Zhongshan City, Guangdong, China – 528400",https://wsrv.nl/?url=https%3A%2F%2Fi.ibb.co%2FfdR4c1G1%2FSkat-15-06-ballet-blue.png&output=webp&q=78
SKAT Tunable,DDW165X,36V DC,350mA,2700K~6500K, CRI>97,Φ78*H102mm,36°,15W,AJ/CG,ASFD1500/CT/36/CH,R-41159492,IS 10322 (PART 5/SEC1):2012,9299,"Guangdong Sat Technology Co. Ltd., No. 11 Lianbao Rd, Shengfeng District, Xiaolan Town, Zhongshan City, Guangdong, China – 528400",https://wsrv.nl/?url=https%3A%2F%2Fi.ibb.co%2F5xxnhv0n%2FSkat-15-01-chrome.png&output=webp&q=78
SKAT Tunable,DDW165X,36V DC,350mA,2700K~6500K, CRI>97,Φ78*H102mm,36°,15W,AJ/CG,ASFD1500/CT/36/CHB,R-41159492,IS 10322 (PART 5/SEC1):2012,9299,"Guangdong Sat Technology Co. Ltd., No. 11 Lianbao Rd, Shengfeng District, Xiaolan Town, Zhongshan City, Guangdong, China – 528400",https://wsrv.nl/?url=https%3A%2F%2Fi.ibb.co%2FG4f0kTHg%2FSkat-15-02-chrome-black.png&output=webp&q=78
SKAT Tunable,DDW165X,36V DC,350mA,2700K~6500K, CRI>97,Φ78*H102mm,60°,15W,AJ/CG,ASFD1500/CT/60/W,R-41159492,IS 10322 (PART 5/SEC1):2012,8299,"Guangdong Sat Technology Co. Ltd., No. 11 Lianbao Rd, Shengfeng District, Xiaolan Town, Zhongshan City, Guangdong, China – 528400",https://wsrv.nl/?url=https%3A%2F%2Fi.ibb.co%2FnMwG8VTF%2FSkat-15-05-white.png&output=webp&q=78
SKAT Tunable,DDW165X,36V DC,350mA,2700K~6500K, CRI>97,Φ78*H102mm,60°,15W,AJ/CG,ASFD1500/CT/60/B,R-41159492,IS 10322 (PART 5/SEC1):2012,8299,"Guangdong Sat Technology Co. Ltd., No. 11 Lianbao Rd, Shengfeng District, Xiaolan Town, Zhongshan City, Guangdong, China – 528400",https://wsrv.nl/?url=https%3A%2F%2Fi.ibb.co%2FwNcLSnbJ%2FSkat-15-03-mat-black-default.png&output=webp&q=78
SKAT Tunable,DDW165X,36V DC,350mA,2700K~6500K, CRI>97,Φ78*H102mm,60°,15W,AJ/CG,ASFD1500/CT/60/CG,R-41159492,IS 10322 (PART 5/SEC1):2012,9299,"Guangdong Sat Technology Co. Ltd., No. 11 Lianbao Rd, Shengfeng District, Xiaolan Town, Zhongshan City, Guangdong, China – 528400",https://wsrv.nl/?url=https%3A%2F%2Fi.ibb.co%2FRTRmq0J8%2FSkat-15-04-champeing-gold.png&output=webp&q=78
SKAT Tunable,DDW165X,36V DC,350mA,2700K~6500K, CRI>97,Φ78*H102mm,60°,15W,AJ/CG,ASFD1500/CT/60/RG,R-41159492,IS 10322 (PART 5/SEC1):2012,9299,"Guangdong Sat Technology Co. Ltd., No. 11 Lianbao Rd, Shengfeng District, Xiaolan Town, Zhongshan City, Guangdong, China – 528400",https://wsrv.nl/?url=https%3A%2F%2Fi.ibb.co%2Fb5771mnf%2FSkat-15-08-rose-gold.png&output=webp&q=78
SKAT Tunable,DDW165X,36V DC,350mA,2700K~6500K, CRI>97,Φ78*H102mm,60°,15W,AJ/CG,ASFD1500/CT/60/BR,R-41159492,IS 10322 (PART 5/SEC1):2012,9299,"Guangdong Sat Technology Co. Ltd., No. 11 Lianbao Rd, Shengfeng District, Xiaolan Town, Zhongshan City, Guangdong, China – 528400",https://wsrv.nl/?url=https%3A%2F%2Fi.ibb.co%2FnsLt9WYr%2FSkat-15-10-brown.png&output=webp&q=78
SKAT Tunable,DDW165X,36V DC,350mA,2700K~6500K, CRI>97,Φ78*H102mm,60°,15W,AJ/CG,ASFD1500/CT/60/COF,R-41159492,IS 10322 (PART 5/SEC1):2012,9299,"Guangdong Sat Technology Co. Ltd., No. 11 Lianbao Rd, Shengfeng District, Xiaolan Town, Zhongshan City, Guangdong, China – 528400",https://wsrv.nl/?url=https%3A%2F%2Fi.ibb.co%2F356VYHwW%2FSkat-15-07-coffee.png&output=webp&q=78
SKAT Tunable,DDW165X,36V DC,350mA,2700K~6500K, CRI>97,Φ78*H102mm,60°,15W,AJ/CG,ASFD1500/CT/60/DGR,R-41159492,IS 10322 (PART 5/SEC1):2012,9299,"Guangdong Sat Technology Co. Ltd., No. 11 Lianbao Rd, Shengfeng District, Xiaolan Town, Zhongshan City, Guangdong, China – 528400",https://wsrv.nl/?url=https%3A%2F%2Fi.ibb.co%2FyF12RgVG%2FSkat-15-09-dark-gray-default-001.png&output=webp&q=78
SKAT Tunable,DDW165X,36V DC,350mA,2700K~6500K, CRI>97,Φ78*H102mm,60°,15W,AJ/CG,ASFD1500/CT/60/BB,R-41159492,IS 10322 (PART 5/SEC1):2012,9299,"Guangdong Sat Technology Co. Ltd., No. 11 Lianbao Rd, Shengfeng District, Xiaolan Town, Zhongshan City, Guangdong, China – 528400",https://wsrv.nl/?url=https%3A%2F%2Fi.ibb.co%2FfdR4c1G1%2FSkat-15-06-ballet-blue.png&output=webp&q=78
SKAT Tunable,DDW165X,36V DC,350mA,2700K~6500K, CRI>97,Φ78*H102mm,60°,15W,AJ/CG,ASFD1500/CT/60/CH,R-41159492,IS 10322 (PART 5/SEC1):2012,9299,"Guangdong Sat Technology Co. Ltd., No. 11 Lianbao Rd, Shengfeng District, Xiaolan Town, Zhongshan City, Guangdong, China – 528400",https://wsrv.nl/?url=https%3A%2F%2Fi.ibb.co%2F5xxnhv0n%2FSkat-15-01-chrome.png&output=webp&q=78
SKAT Tunable,DDW165X,36V DC,350mA,2700K~6500K, CRI>97,Φ78*H102mm,60°,15W,AJ/CG,ASFD1500/CT/60/CHB,R-41159492,IS 10322 (PART 5/SEC1):2012,9299,"Guangdong Sat Technology Co. Ltd., No. 11 Lianbao Rd, Shengfeng District, Xiaolan Town, Zhongshan City, Guangdong, China – 528400",https://wsrv.nl/?url=https%3A%2F%2Fi.ibb.co%2FG4f0kTHg%2FSkat-15-02-chrome-black.png&output=webp&q=78
Felis 5,DTB125F,36V DC,100mA,2700K, CRI>97,Φ49*H74mm,15°,5W,AJ/CG,ARFD0540/27/15/W,R-41159492,IS 10322 (PART 5/SEC1):2012,3999,"Guangdong Sat Technology Co. Ltd., No. 11 Lianbao Rd, Shengfeng District, Xiaolan Town, Zhongshan City, Guangdong, China – 528400",https://wsrv.nl/?url=https%3A%2F%2Fi.ibb.co%2FrKLdwWHF%2FFelis-5-white.png&output=webp&q=78
Felis 5,DTB125F,36V DC,100mA,2700K, CRI>97,Φ49*H74mm,15°,5W,AJ/CG,ARFD0540/27/15/B,R-41159492,IS 10322 (PART 5/SEC1):2012,3999,"Guangdong Sat Technology Co. Ltd., No. 11 Lianbao Rd, Shengfeng District, Xiaolan Town, Zhongshan City, Guangdong, China – 528400",https://wsrv.nl/?url=https%3A%2F%2Fi.ibb.co%2FNndRgxxV%2FFelis-5-black.png&output=webp&q=78
Felis 5,DTB125F,36V DC,100mA,3000K, CRI>97,Φ49*H74mm,15°,5W,AJ/CG,ARFD0540/30/15/W,R-41159492,IS 10322 (PART 5/SEC1):2012,3999,"Guangdong Sat Technology Co. Ltd., No. 11 Lianbao Rd, Shengfeng District, Xiaolan Town, Zhongshan City, Guangdong, China – 528400",https://wsrv.nl/?url=https%3A%2F%2Fi.ibb.co%2FrKLdwWHF%2FFelis-5-white.png&output=webp&q=78
Felis 5,DTB125F,36V DC,100mA,3000K, CRI>97,Φ49*H74mm,15°,5W,AJ/CG,ARFD0540/30/15/B,R-41159492,IS 10322 (PART 5/SEC1):2012,3999,"Guangdong Sat Technology Co. Ltd., No. 11 Lianbao Rd, Shengfeng District, Xiaolan Town, Zhongshan City, Guangdong, China – 528400",https://wsrv.nl/?url=https%3A%2F%2Fi.ibb.co%2FNndRgxxV%2FFelis-5-black.png&output=webp&q=78
Felis 5,DTB125F,36V DC,100mA,3500K, CRI>97,Φ49*H74mm,15°,5W,AJ/CG,ARFD0540/35/15/W,R-41159492,IS 10322 (PART 5/SEC1):2012,3999,"Guangdong Sat Technology Co. Ltd., No. 11 Lianbao Rd, Shengfeng District, Xiaolan Town, Zhongshan City, Guangdong, China – 528400",https://wsrv.nl/?url=https%3A%2F%2Fi.ibb.co%2FrKLdwWHF%2FFelis-5-white.png&output=webp&q=78
Felis 5,DTB125F,36V DC,100mA,3500K, CRI>97,Φ49*H74mm,15°,5W,AJ/CG,ARFD0540/35/15/B,R-41159492,IS 10322 (PART 5/SEC1):2012,3999,"Guangdong Sat Technology Co. Ltd., No. 11 Lianbao Rd, Shengfeng District, Xiaolan Town, Zhongshan City, Guangdong, China – 528400",https://wsrv.nl/?url=https%3A%2F%2Fi.ibb.co%2FNndRgxxV%2FFelis-5-black.png&output=webp&q=78
Felis 5,DTB125F,36V DC,100mA,4000K, CRI>97,Φ49*H74mm,15°,5W,AJ/CG,ARFD0540/40/15/W,R-41159492,IS 10322 (PART 5/SEC1):2012,3999,"Guangdong Sat Technology Co. Ltd., No. 11 Lianbao Rd, Shengfeng District, Xiaolan Town, Zhongshan City, Guangdong, China – 528400",https://wsrv.nl/?url=https%3A%2F%2Fi.ibb.co%2FrKLdwWHF%2FFelis-5-white.png&output=webp&q=78
Felis 5,DTB125F,36V DC,100mA,4000K, CRI>97,Φ49*H74mm,15°,5W,AJ/CG,ARFD0540/40/15/B,R-41159492,IS 10322 (PART 5/SEC1):2012,3999,"Guangdong Sat Technology Co. Ltd., No. 11 Lianbao Rd, Shengfeng District, Xiaolan Town, Zhongshan City, Guangdong, China – 528400",https://wsrv.nl/?url=https%3A%2F%2Fi.ibb.co%2FNndRgxxV%2FFelis-5-black.png&output=webp&q=78
Felis 5,DTB125F,36V DC,100mA,5000K, CRI>97,Φ49*H74mm,15°,5W,AJ/CG,ARFD0540/50/15/W,R-41159492,IS 10322 (PART 5/SEC1):2012,3999,"Guangdong Sat Technology Co. Ltd., No. 11 Lianbao Rd, Shengfeng District, Xiaolan Town, Zhongshan City, Guangdong, China – 528400",https://wsrv.nl/?url=https%3A%2F%2Fi.ibb.co%2FrKLdwWHF%2FFelis-5-white.png&output=webp&q=78
Felis 5,DTB125F,36V DC,100mA,5000K, CRI>97,Φ49*H74mm,15°,5W,AJ/CG,ARFD0540/50/15/B,R-41159492,IS 10322 (PART 5/SEC1):2012,3999,"Guangdong Sat Technology Co. Ltd., No. 11 Lianbao Rd, Shengfeng District, Xiaolan Town, Zhongshan City, Guangdong, China – 528400",https://wsrv.nl/?url=https%3A%2F%2Fi.ibb.co%2FNndRgxxV%2FFelis-5-black.png&output=webp&q=78
Felis 5,DTB125F,36V DC,100mA,2700K, CRI>97,Φ49*H74mm,24°,5W,AJ/CG,ARFD0540/27/24/W,R-41159492,IS 10322 (PART 5/SEC1):2012,3999,"Guangdong Sat Technology Co. Ltd., No. 11 Lianbao Rd, Shengfeng District, Xiaolan Town, Zhongshan City, Guangdong, China – 528400",https://wsrv.nl/?url=https%3A%2F%2Fi.ibb.co%2FrKLdwWHF%2FFelis-5-white.png&output=webp&q=78
Felis 5,DTB125F,36V DC,100mA,2700K, CRI>97,Φ49*H74mm,24°,5W,AJ/CG,ARFD0540/27/24/B,R-41159492,IS 10322 (PART 5/SEC1):2012,3999,"Guangdong Sat Technology Co. Ltd., No. 11 Lianbao Rd, Shengfeng District, Xiaolan Town, Zhongshan City, Guangdong, China – 528400",https://wsrv.nl/?url=https%3A%2F%2Fi.ibb.co%2FNndRgxxV%2FFelis-5-black.png&output=webp&q=78
Felis 5,DTB125F,36V DC,100mA,3000K, CRI>97,Φ49*H74mm,24°,5W,AJ/CG,ARFD0540/30/24/W,R-41159492,IS 10322 (PART 5/SEC1):2012,3999,"Guangdong Sat Technology Co. Ltd., No. 11 Lianbao Rd, Shengfeng District, Xiaolan Town, Zhongshan City, Guangdong, China – 528400",https://wsrv.nl/?url=https%3A%2F%2Fi.ibb.co%2FrKLdwWHF%2FFelis-5-white.png&output=webp&q=78
Felis 5,DTB125F,36V DC,100mA,3000K, CRI>97,Φ49*H74mm,24°,5W,AJ/CG,ARFD0540/30/24/B,R-41159492,IS 10322 (PART 5/SEC1):2012,3999,"Guangdong Sat Technology Co. Ltd., No. 11 Lianbao Rd, Shengfeng District, Xiaolan Town, Zhongshan City, Guangdong, China – 528400",https://wsrv.nl/?url=https%3A%2F%2Fi.ibb.co%2FNndRgxxV%2FFelis-5-black.png&output=webp&q=78
Felis 5,DTB125F,36V DC,100mA,3500K, CRI>97,Φ49*H74mm,24°,5W,AJ/CG,ARFD0540/35/24/W,R-41159492,IS 10322 (PART 5/SEC1):2012,3999,"Guangdong Sat Technology Co. Ltd., No. 11 Lianbao Rd, Shengfeng District, Xiaolan Town, Zhongshan City, Guangdong, China – 528400",https://wsrv.nl/?url=https%3A%2F%2Fi.ibb.co%2FrKLdwWHF%2FFelis-5-white.png&output=webp&q=78
Felis 5,DTB125F,36V DC,100mA,3500K, CRI>97,Φ49*H74mm,24°,5W,AJ/CG,ARFD0540/35/24/B,R-41159492,IS 10322 (PART 5/SEC1):2012,3999,"Guangdong Sat Technology Co. Ltd., No. 11 Lianbao Rd, Shengfeng District, Xiaolan Town, Zhongshan City, Guangdong, China – 528400",https://wsrv.nl/?url=https%3A%2F%2Fi.ibb.co%2FNndRgxxV%2FFelis-5-black.png&output=webp&q=78
Felis 5,DTB125F,36V DC,100mA,4000K, CRI>97,Φ49*H74mm,24°,5W,AJ/CG,ARFD0540/40/24/W,R-41159492,IS 10322 (PART 5/SEC1):2012,3999,"Guangdong Sat Technology Co. Ltd., No. 11 Lianbao Rd, Shengfeng District, Xiaolan Town, Zhongshan City, Guangdong, China – 528400",https://wsrv.nl/?url=https%3A%2F%2Fi.ibb.co%2FrKLdwWHF%2FFelis-5-white.png&output=webp&q=78
Felis 5,DTB125F,36V DC,100mA,4000K, CRI>97,Φ49*H74mm,24°,5W,AJ/CG,ARFD0540/40/24/B,R-41159492,IS 10322 (PART 5/SEC1):2012,3999,"Guangdong Sat Technology Co. Ltd., No. 11 Lianbao Rd, Shengfeng District, Xiaolan Town, Zhongshan City, Guangdong, China – 528400",https://wsrv.nl/?url=https%3A%2F%2Fi.ibb.co%2FNndRgxxV%2FFelis-5-black.png&output=webp&q=78
Felis 5,DTB125F,36V DC,100mA,5000K, CRI>97,Φ49*H74mm,24°,5W,AJ/CG,ARFD0540/50/24/W,R-41159492,IS 10322 (PART 5/SEC1):2012,3999,"Guangdong Sat Technology Co. Ltd., No. 11 Lianbao Rd, Shengfeng District, Xiaolan Town, Zhongshan City, Guangdong, China – 528400",https://wsrv.nl/?url=https%3A%2F%2Fi.ibb.co%2FrKLdwWHF%2FFelis-5-white.png&output=webp&q=78
Felis 5,DTB125F,36V DC,100mA,5000K, CRI>97,Φ49*H74mm,24°,5W,AJ/CG,ARFD0540/50/24/B,R-41159492,IS 10322 (PART 5/SEC1):2012,3999,"Guangdong Sat Technology Co. Ltd., No. 11 Lianbao Rd, Shengfeng District, Xiaolan Town, Zhongshan City, Guangdong, China – 528400",https://wsrv.nl/?url=https%3A%2F%2Fi.ibb.co%2FNndRgxxV%2FFelis-5-black.png&output=webp&q=78
Felis 5,DTB125F,36V DC,100mA,2700K, CRI>97,Φ49*H74mm,36°,5W,AJ/CG,ARFD0540/27/36/W,R-41159492,IS 10322 (PART 5/SEC1):2012,3999,"Guangdong Sat Technology Co. Ltd., No. 11 Lianbao Rd, Shengfeng District, Xiaolan Town, Zhongshan City, Guangdong, China – 528400",https://wsrv.nl/?url=https%3A%2F%2Fi.ibb.co%2FrKLdwWHF%2FFelis-5-white.png&output=webp&q=78
Felis 5,DTB125F,36V DC,100mA,2700K, CRI>97,Φ49*H74mm,36°,5W,AJ/CG,ARFD0540/27/36/B,R-41159492,IS 10322 (PART 5/SEC1):2012,3999,"Guangdong Sat Technology Co. Ltd., No. 11 Lianbao Rd, Shengfeng District, Xiaolan Town, Zhongshan City, Guangdong, China – 528400",https://wsrv.nl/?url=https%3A%2F%2Fi.ibb.co%2FNndRgxxV%2FFelis-5-black.png&output=webp&q=78
Felis 5,DTB125F,36V DC,100mA,3000K, CRI>97,Φ49*H74mm,36°,5W,AJ/CG,ARFD0540/30/36/W,R-41159492,IS 10322 (PART 5/SEC1):2012,3999,"Guangdong Sat Technology Co. Ltd., No. 11 Lianbao Rd, Shengfeng District, Xiaolan Town, Zhongshan City, Guangdong, China – 528400",https://wsrv.nl/?url=https%3A%2F%2Fi.ibb.co%2FrKLdwWHF%2FFelis-5-white.png&output=webp&q=78
Felis 5,DTB125F,36V DC,100mA,3000K, CRI>97,Φ49*H74mm,36°,5W,AJ/CG,ARFD0540/30/36/B,R-41159492,IS 10322 (PART 5/SEC1):2012,3999,"Guangdong Sat Technology Co. Ltd., No. 11 Lianbao Rd, Shengfeng District, Xiaolan Town, Zhongshan City, Guangdong, China – 528400",https://wsrv.nl/?url=https%3A%2F%2Fi.ibb.co%2FNndRgxxV%2FFelis-5-black.png&output=webp&q=78
Felis 5,DTB125F,36V DC,100mA,3500K, CRI>97,Φ49*H74mm,36°,5W,AJ/CG,ARFD0540/35/36/W,R-41159492,IS 10322 (PART 5/SEC1):2012,3999,"Guangdong Sat Technology Co. Ltd., No. 11 Lianbao Rd, Shengfeng District, Xiaolan Town, Zhongshan City, Guangdong, China – 528400",https://wsrv.nl/?url=https%3A%2F%2Fi.ibb.co%2FrKLdwWHF%2FFelis-5-white.png&output=webp&q=78
Felis 5,DTB125F,36V DC,100mA,3500K, CRI>97,Φ49*H74mm,36°,5W,AJ/CG,ARFD0540/35/36/B,R-41159492,IS 10322 (PART 5/SEC1):2012,3999,"Guangdong Sat Technology Co. Ltd., No. 11 Lianbao Rd, Shengfeng District, Xiaolan Town, Zhongshan City, Guangdong, China – 528400",https://wsrv.nl/?url=https%3A%2F%2Fi.ibb.co%2FNndRgxxV%2FFelis-5-black.png&output=webp&q=78
Felis 5,DTB125F,36V DC,100mA,4000K, CRI>97,Φ49*H74mm,36°,5W,AJ/CG,ARFD0540/40/36/W,R-41159492,IS 10322 (PART 5/SEC1):2012,3999,"Guangdong Sat Technology Co. Ltd., No. 11 Lianbao Rd, Shengfeng District, Xiaolan Town, Zhongshan City, Guangdong, China – 528400",https://wsrv.nl/?url=https%3A%2F%2Fi.ibb.co%2FrKLdwWHF%2FFelis-5-white.png&output=webp&q=78
Felis 5,DTB125F,36V DC,100mA,4000K, CRI>97,Φ49*H74mm,36°,5W,AJ/CG,ARFD0540/40/36/B,R-41159492,IS 10322 (PART 5/SEC1):2012,3999,"Guangdong Sat Technology Co. Ltd., No. 11 Lianbao Rd, Shengfeng District, Xiaolan Town, Zhongshan City, Guangdong, China – 528400",https://wsrv.nl/?url=https%3A%2F%2Fi.ibb.co%2FNndRgxxV%2FFelis-5-black.png&output=webp&q=78
Felis 5,DTB125F,36V DC,100mA,5000K, CRI>97,Φ49*H74mm,36°,5W,AJ/CG,ARFD0540/50/36/W,R-41159492,IS 10322 (PART 5/SEC1):2012,3999,"Guangdong Sat Technology Co. Ltd., No. 11 Lianbao Rd, Shengfeng District, Xiaolan Town, Zhongshan City, Guangdong, China – 528400",https://wsrv.nl/?url=https%3A%2F%2Fi.ibb.co%2FrKLdwWHF%2FFelis-5-white.png&output=webp&q=78
Felis 5,DTB125F,36V DC,100mA,5000K, CRI>97,Φ49*H74mm,36°,5W,AJ/CG,ARFD0540/50/36/B,R-41159492,IS 10322 (PART 5/SEC1):2012,3999,"Guangdong Sat Technology Co. Ltd., No. 11 Lianbao Rd, Shengfeng District, Xiaolan Town, Zhongshan City, Guangdong, China – 528400",https://wsrv.nl/?url=https%3A%2F%2Fi.ibb.co%2FNndRgxxV%2FFelis-5-black.png&output=webp&q=78
Felis 5 Tunable,DTB125F,36V DC,100mA,2700K~6500K, CRI>97,Φ49*H74mm,15°,5W,AJ/CG,ARFD0540/CT/15/W,R-41159492,IS 10322 (PART 5/SEC1):2012,5199,"Guangdong Sat Technology Co. Ltd., No. 11 Lianbao Rd, Shengfeng District, Xiaolan Town, Zhongshan City, Guangdong, China – 528400",https://wsrv.nl/?url=https%3A%2F%2Fi.ibb.co%2FrKLdwWHF%2FFelis-5-white.png&output=webp&q=78
Felis 5 Tunable,DTB125F,36V DC,100mA,2700K~6500K, CRI>97,Φ49*H74mm,15°,5W,AJ/CG,ARFD0540/CT/15/B,R-41159492,IS 10322 (PART 5/SEC1):2012,5199,"Guangdong Sat Technology Co. Ltd., No. 11 Lianbao Rd, Shengfeng District, Xiaolan Town, Zhongshan City, Guangdong, China – 528400",https://wsrv.nl/?url=https%3A%2F%2Fi.ibb.co%2FNndRgxxV%2FFelis-5-black.png&output=webp&q=78
Felis 5 Tunable,DTB125F,36V DC,100mA,2700K~6500K, CRI>97,Φ49*H74mm,24°,5W,AJ/CG,ARFD0540/CT/24/W,R-41159492,IS 10322 (PART 5/SEC1):2012,5199,"Guangdong Sat Technology Co. Ltd., No. 11 Lianbao Rd, Shengfeng District, Xiaolan Town, Zhongshan City, Guangdong, China – 528400",https://wsrv.nl/?url=https%3A%2F%2Fi.ibb.co%2FrKLdwWHF%2FFelis-5-white.png&output=webp&q=78
Felis 5 Tunable,DTB125F,36V DC,100mA,2700K~6500K, CRI>97,Φ49*H74mm,24°,5W,AJ/CG,ARFD0540/CT/24/B,R-41159492,IS 10322 (PART 5/SEC1):2012,5199,"Guangdong Sat Technology Co. Ltd., No. 11 Lianbao Rd, Shengfeng District, Xiaolan Town, Zhongshan City, Guangdong, China – 528400",https://wsrv.nl/?url=https%3A%2F%2Fi.ibb.co%2FNndRgxxV%2FFelis-5-black.png&output=webp&q=78
Felis 5 Tunable,DTB125F,36V DC,100mA,2700K~6500K, CRI>97,Φ49*H74mm,36°,5W,AJ/CG,ARFD0540/CT/36/W,R-41159492,IS 10322 (PART 5/SEC1):2012,5199,"Guangdong Sat Technology Co. Ltd., No. 11 Lianbao Rd, Shengfeng District, Xiaolan Town, Zhongshan City, Guangdong, China – 528400",https://wsrv.nl/?url=https%3A%2F%2Fi.ibb.co%2FrKLdwWHF%2FFelis-5-white.png&output=webp&q=78
Felis 5 Tunable,DTB125F,36V DC,100mA,2700K~6500K, CRI>97,Φ49*H74mm,36°,5W,AJ/CG,ARFD0540/CT/36/B,R-41159492,IS 10322 (PART 5/SEC1):2012,5199,"Guangdong Sat Technology Co. Ltd., No. 11 Lianbao Rd, Shengfeng District, Xiaolan Town, Zhongshan City, Guangdong, China – 528400",https://wsrv.nl/?url=https%3A%2F%2Fi.ibb.co%2FNndRgxxV%2FFelis-5-black.png&output=webp&q=78
Felis 7,DTB125F,36V DC,150mA,2700K, CRI>97,Φ64*H72mm,15°,7W,AJ/CG,ARFD0755/27/15/W,R-41159492,IS 10322 (PART 5/SEC1):2012,4499,"Guangdong Sat Technology Co. Ltd., No. 11 Lianbao Rd, Shengfeng District, Xiaolan Town, Zhongshan City, Guangdong, China – 528400",https://wsrv.nl/?url=https%3A%2F%2Fi.ibb.co%2F8DTFBZ3V%2FFelis-7-white.png&output=webp&q=78
Felis 7,DTB125F,36V DC,150mA,2700K, CRI>97,Φ64*H72mm,15°,7W,AJ/CG,ARFD0755/27/15/B,R-41159492,IS 10322 (PART 5/SEC1):2012,4499,"Guangdong Sat Technology Co. Ltd., No. 11 Lianbao Rd, Shengfeng District, Xiaolan Town, Zhongshan City, Guangdong, China – 528400",https://wsrv.nl/?url=https%3A%2F%2Fi.ibb.co%2F20hCDBy7%2FFelis-7-black.png&output=webp&q=78
Felis 7,DTB125F,36V DC,150mA,3000K, CRI>97,Φ64*H72mm,15°,7W,AJ/CG,ARFD0755/30/15/W,R-41159492,IS 10322 (PART 5/SEC1):2012,4499,"Guangdong Sat Technology Co. Ltd., No. 11 Lianbao Rd, Shengfeng District, Xiaolan Town, Zhongshan City, Guangdong, China – 528400",https://wsrv.nl/?url=https%3A%2F%2Fi.ibb.co%2F8DTFBZ3V%2FFelis-7-white.png&output=webp&q=78
Felis 7,DTB125F,36V DC,150mA,3000K, CRI>97,Φ64*H72mm,15°,7W,AJ/CG,ARFD0755/30/15/B,R-41159492,IS 10322 (PART 5/SEC1):2012,4499,"Guangdong Sat Technology Co. Ltd., No. 11 Lianbao Rd, Shengfeng District, Xiaolan Town, Zhongshan City, Guangdong, China – 528400",https://wsrv.nl/?url=https%3A%2F%2Fi.ibb.co%2F20hCDBy7%2FFelis-7-black.png&output=webp&q=78
Felis 7,DTB125F,36V DC,150mA,3500K, CRI>97,Φ64*H72mm,15°,7W,AJ/CG,ARFD0755/35/15/W,R-41159492,IS 10322 (PART 5/SEC1):2012,4499,"Guangdong Sat Technology Co. Ltd., No. 11 Lianbao Rd, Shengfeng District, Xiaolan Town, Zhongshan City, Guangdong, China – 528400",https://wsrv.nl/?url=https%3A%2F%2Fi.ibb.co%2F8DTFBZ3V%2FFelis-7-white.png&output=webp&q=78
Felis 7,DTB125F,36V DC,150mA,3500K, CRI>97,Φ64*H72mm,15°,7W,AJ/CG,ARFD0755/35/15/B,R-41159492,IS 10322 (PART 5/SEC1):2012,4499,"Guangdong Sat Technology Co. Ltd., No. 11 Lianbao Rd, Shengfeng District, Xiaolan Town, Zhongshan City, Guangdong, China – 528400",https://wsrv.nl/?url=https%3A%2F%2Fi.ibb.co%2F20hCDBy7%2FFelis-7-black.png&output=webp&q=78
Felis 7,DTB125F,36V DC,150mA,4000K, CRI>97,Φ64*H72mm,15°,7W,AJ/CG,ARFD0755/40/15/W,R-41159492,IS 10322 (PART 5/SEC1):2012,4499,"Guangdong Sat Technology Co. Ltd., No. 11 Lianbao Rd, Shengfeng District, Xiaolan Town, Zhongshan City, Guangdong, China – 528400",https://wsrv.nl/?url=https%3A%2F%2Fi.ibb.co%2F8DTFBZ3V%2FFelis-7-white.png&output=webp&q=78
Felis 7,DTB125F,36V DC,150mA,4000K, CRI>97,Φ64*H72mm,15°,7W,AJ/CG,ARFD0755/40/15/B,R-41159492,IS 10322 (PART 5/SEC1):2012,4499,"Guangdong Sat Technology Co. Ltd., No. 11 Lianbao Rd, Shengfeng District, Xiaolan Town, Zhongshan City, Guangdong, China – 528400",https://wsrv.nl/?url=https%3A%2F%2Fi.ibb.co%2F20hCDBy7%2FFelis-7-black.png&output=webp&q=78
Felis 7,DTB125F,36V DC,150mA,5000K, CRI>97,Φ64*H72mm,15°,7W,AJ/CG,ARFD0755/50/15/W,R-41159492,IS 10322 (PART 5/SEC1):2012,4499,"Guangdong Sat Technology Co. Ltd., No. 11 Lianbao Rd, Shengfeng District, Xiaolan Town, Zhongshan City, Guangdong, China – 528400",https://wsrv.nl/?url=https%3A%2F%2Fi.ibb.co%2F8DTFBZ3V%2FFelis-7-white.png&output=webp&q=78
Felis 7,DTB125F,36V DC,150mA,5000K, CRI>97,Φ64*H72mm,15°,7W,AJ/CG,ARFD0755/50/15/B,R-41159492,IS 10322 (PART 5/SEC1):2012,4499,"Guangdong Sat Technology Co. Ltd., No. 11 Lianbao Rd, Shengfeng District, Xiaolan Town, Zhongshan City, Guangdong, China – 528400",https://wsrv.nl/?url=https%3A%2F%2Fi.ibb.co%2F20hCDBy7%2FFelis-7-black.png&output=webp&q=78
Felis 7,DTB125F,36V DC,150mA,2700K, CRI>97,Φ64*H72mm,24°,7W,AJ/CG,ARFD0755/27/24/W,R-41159492,IS 10322 (PART 5/SEC1):2012,4499,"Guangdong Sat Technology Co. Ltd., No. 11 Lianbao Rd, Shengfeng District, Xiaolan Town, Zhongshan City, Guangdong, China – 528400",https://wsrv.nl/?url=https%3A%2F%2Fi.ibb.co%2F8DTFBZ3V%2FFelis-7-white.png&output=webp&q=78
Felis 7,DTB125F,36V DC,150mA,2700K, CRI>97,Φ64*H72mm,24°,7W,AJ/CG,ARFD0755/27/24/B,R-41159492,IS 10322 (PART 5/SEC1):2012,4499,"Guangdong Sat Technology Co. Ltd., No. 11 Lianbao Rd, Shengfeng District, Xiaolan Town, Zhongshan City, Guangdong, China – 528400",https://wsrv.nl/?url=https%3A%2F%2Fi.ibb.co%2F20hCDBy7%2FFelis-7-black.png&output=webp&q=78
Felis 7,DTB125F,36V DC,150mA,3000K, CRI>97,Φ64*H72mm,24°,7W,AJ/CG,ARFD0755/30/24/W,R-41159492,IS 10322 (PART 5/SEC1):2012,4499,"Guangdong Sat Technology Co. Ltd., No. 11 Lianbao Rd, Shengfeng District, Xiaolan Town, Zhongshan City, Guangdong, China – 528400",https://wsrv.nl/?url=https%3A%2F%2Fi.ibb.co%2F8DTFBZ3V%2FFelis-7-white.png&output=webp&q=78
Felis 7,DTB125F,36V DC,150mA,3000K, CRI>97,Φ64*H72mm,24°,7W,AJ/CG,ARFD0755/30/24/B,R-41159492,IS 10322 (PART 5/SEC1):2012,4499,"Guangdong Sat Technology Co. Ltd., No. 11 Lianbao Rd, Shengfeng District, Xiaolan Town, Zhongshan City, Guangdong, China – 528400",https://wsrv.nl/?url=https%3A%2F%2Fi.ibb.co%2F20hCDBy7%2FFelis-7-black.png&output=webp&q=78
Felis 7,DTB125F,36V DC,150mA,3500K, CRI>97,Φ64*H72mm,24°,7W,AJ/CG,ARFD0755/35/24/W,R-41159492,IS 10322 (PART 5/SEC1):2012,4499,"Guangdong Sat Technology Co. Ltd., No. 11 Lianbao Rd, Shengfeng District, Xiaolan Town, Zhongshan City, Guangdong, China – 528400",https://wsrv.nl/?url=https%3A%2F%2Fi.ibb.co%2F8DTFBZ3V%2FFelis-7-white.png&output=webp&q=78
Felis 7,DTB125F,36V DC,150mA,3500K, CRI>97,Φ64*H72mm,24°,7W,AJ/CG,ARFD0755/35/24/B,R-41159492,IS 10322 (PART 5/SEC1):2012,4499,"Guangdong Sat Technology Co. Ltd., No. 11 Lianbao Rd, Shengfeng District, Xiaolan Town, Zhongshan City, Guangdong, China – 528400",https://wsrv.nl/?url=https%3A%2F%2Fi.ibb.co%2F20hCDBy7%2FFelis-7-black.png&output=webp&q=78
Felis 7,DTB125F,36V DC,150mA,4000K, CRI>97,Φ64*H72mm,24°,7W,AJ/CG,ARFD0755/40/24/W,R-41159492,IS 10322 (PART 5/SEC1):2012,4499,"Guangdong Sat Technology Co. Ltd., No. 11 Lianbao Rd, Shengfeng District, Xiaolan Town, Zhongshan City, Guangdong, China – 528400",https://wsrv.nl/?url=https%3A%2F%2Fi.ibb.co%2F8DTFBZ3V%2FFelis-7-white.png&output=webp&q=78
Felis 7,DTB125F,36V DC,150mA,4000K, CRI>97,Φ64*H72mm,24°,7W,AJ/CG,ARFD0755/40/24/B,R-41159492,IS 10322 (PART 5/SEC1):2012,4499,"Guangdong Sat Technology Co. Ltd., No. 11 Lianbao Rd, Shengfeng District, Xiaolan Town, Zhongshan City, Guangdong, China – 528400",https://wsrv.nl/?url=https%3A%2F%2Fi.ibb.co%2F20hCDBy7%2FFelis-7-black.png&output=webp&q=78
Felis 7,DTB125F,36V DC,150mA,5000K, CRI>97,Φ64*H72mm,24°,7W,AJ/CG,ARFD0755/50/24/W,R-41159492,IS 10322 (PART 5/SEC1):2012,4499,"Guangdong Sat Technology Co. Ltd., No. 11 Lianbao Rd, Shengfeng District, Xiaolan Town, Zhongshan City, Guangdong, China – 528400",https://wsrv.nl/?url=https%3A%2F%2Fi.ibb.co%2F8DTFBZ3V%2FFelis-7-white.png&output=webp&q=78
Felis 7,DTB125F,36V DC,150mA,5000K, CRI>97,Φ64*H72mm,24°,7W,AJ/CG,ARFD0755/50/24/B,R-41159492,IS 10322 (PART 5/SEC1):2012,4499,"Guangdong Sat Technology Co. Ltd., No. 11 Lianbao Rd, Shengfeng District, Xiaolan Town, Zhongshan City, Guangdong, China – 528400",https://wsrv.nl/?url=https%3A%2F%2Fi.ibb.co%2F20hCDBy7%2FFelis-7-black.png&output=webp&q=78
Felis 7,DTB125F,36V DC,150mA,2700K, CRI>97,Φ64*H72mm,36°,7W,AJ/CG,ARFD0755/27/36/W,R-41159492,IS 10322 (PART 5/SEC1):2012,4499,"Guangdong Sat Technology Co. Ltd., No. 11 Lianbao Rd, Shengfeng District, Xiaolan Town, Zhongshan City, Guangdong, China – 528400",https://wsrv.nl/?url=https%3A%2F%2Fi.ibb.co%2F8DTFBZ3V%2FFelis-7-white.png&output=webp&q=78
Felis 7,DTB125F,36V DC,150mA,2700K, CRI>97,Φ64*H72mm,36°,7W,AJ/CG,ARFD0755/27/36/B,R-41159492,IS 10322 (PART 5/SEC1):2012,4499,"Guangdong Sat Technology Co. Ltd., No. 11 Lianbao Rd, Shengfeng District, Xiaolan Town, Zhongshan City, Guangdong, China – 528400",https://wsrv.nl/?url=https%3A%2F%2Fi.ibb.co%2F20hCDBy7%2FFelis-7-black.png&output=webp&q=78
Felis 7,DTB125F,36V DC,150mA,3000K, CRI>97,Φ64*H72mm,36°,7W,AJ/CG,ARFD0755/30/36/W,R-41159492,IS 10322 (PART 5/SEC1):2012,4499,"Guangdong Sat Technology Co. Ltd., No. 11 Lianbao Rd, Shengfeng District, Xiaolan Town, Zhongshan City, Guangdong, China – 528400",https://wsrv.nl/?url=https%3A%2F%2Fi.ibb.co%2F8DTFBZ3V%2FFelis-7-white.png&output=webp&q=78
Felis 7,DTB125F,36V DC,150mA,3000K, CRI>97,Φ64*H72mm,36°,7W,AJ/CG,ARFD0755/30/36/B,R-41159492,IS 10322 (PART 5/SEC1):2012,4499,"Guangdong Sat Technology Co. Ltd., No. 11 Lianbao Rd, Shengfeng District, Xiaolan Town, Zhongshan City, Guangdong, China – 528400",https://wsrv.nl/?url=https%3A%2F%2Fi.ibb.co%2F20hCDBy7%2FFelis-7-black.png&output=webp&q=78
Felis 7,DTB125F,36V DC,150mA,3500K, CRI>97,Φ64*H72mm,36°,7W,AJ/CG,ARFD0755/35/36/W,R-41159492,IS 10322 (PART 5/SEC1):2012,4499,"Guangdong Sat Technology Co. Ltd., No. 11 Lianbao Rd, Shengfeng District, Xiaolan Town, Zhongshan City, Guangdong, China – 528400",https://wsrv.nl/?url=https%3A%2F%2Fi.ibb.co%2F8DTFBZ3V%2FFelis-7-white.png&output=webp&q=78
Felis 7,DTB125F,36V DC,150mA,3500K, CRI>97,Φ64*H72mm,36°,7W,AJ/CG,ARFD0755/35/36/B,R-41159492,IS 10322 (PART 5/SEC1):2012,4499,"Guangdong Sat Technology Co. Ltd., No. 11 Lianbao Rd, Shengfeng District, Xiaolan Town, Zhongshan City, Guangdong, China – 528400",https://wsrv.nl/?url=https%3A%2F%2Fi.ibb.co%2F20hCDBy7%2FFelis-7-black.png&output=webp&q=78
Felis 7,DTB125F,36V DC,150mA,4000K, CRI>97,Φ64*H72mm,36°,7W,AJ/CG,ARFD0755/40/36/W,R-41159492,IS 10322 (PART 5/SEC1):2012,4499,"Guangdong Sat Technology Co. Ltd., No. 11 Lianbao Rd, Shengfeng District, Xiaolan Town, Zhongshan City, Guangdong, China – 528400",https://wsrv.nl/?url=https%3A%2F%2Fi.ibb.co%2F8DTFBZ3V%2FFelis-7-white.png&output=webp&q=78
Felis 7,DTB125F,36V DC,150mA,4000K, CRI>97,Φ64*H72mm,36°,7W,AJ/CG,ARFD0755/40/36/B,R-41159492,IS 10322 (PART 5/SEC1):2012,4499,"Guangdong Sat Technology Co. Ltd., No. 11 Lianbao Rd, Shengfeng District, Xiaolan Town, Zhongshan City, Guangdong, China – 528400",https://wsrv.nl/?url=https%3A%2F%2Fi.ibb.co%2F20hCDBy7%2FFelis-7-black.png&output=webp&q=78
Felis 7,DTB125F,36V DC,150mA,5000K, CRI>97,Φ64*H72mm,36°,7W,AJ/CG,ARFD0755/50/36/W,R-41159492,IS 10322 (PART 5/SEC1):2012,4499,"Guangdong Sat Technology Co. Ltd., No. 11 Lianbao Rd, Shengfeng District, Xiaolan Town, Zhongshan City, Guangdong, China – 528400",https://wsrv.nl/?url=https%3A%2F%2Fi.ibb.co%2F8DTFBZ3V%2FFelis-7-white.png&output=webp&q=78
Felis 7,DTB125F,36V DC,150mA,5000K, CRI>97,Φ64*H72mm,36°,7W,AJ/CG,ARFD0755/50/36/B,R-41159492,IS 10322 (PART 5/SEC1):2012,4499,"Guangdong Sat Technology Co. Ltd., No. 11 Lianbao Rd, Shengfeng District, Xiaolan Town, Zhongshan City, Guangdong, China – 528400",https://wsrv.nl/?url=https%3A%2F%2Fi.ibb.co%2F20hCDBy7%2FFelis-7-black.png&output=webp&q=78
Felis 7 Tunable,DTB125F,36V DC,150mA,2700K~6500K, CRI>97,Φ64*H72mm,15°,7W,AJ/CG,ARFD0755/CT/15/W,R-41159492,IS 10322 (PART 5/SEC1):2012,5699,"Guangdong Sat Technology Co. Ltd., No. 11 Lianbao Rd, Shengfeng District, Xiaolan Town, Zhongshan City, Guangdong, China – 528400",https://wsrv.nl/?url=https%3A%2F%2Fi.ibb.co%2F8DTFBZ3V%2FFelis-7-white.png&output=webp&q=78
Felis 7 Tunable,DTB125F,36V DC,150mA,2700K~6500K, CRI>97,Φ64*H72mm,15°,7W,AJ/CG,ARFD0755/CT/15/B,R-41159492,IS 10322 (PART 5/SEC1):2012,5699,"Guangdong Sat Technology Co. Ltd., No. 11 Lianbao Rd, Shengfeng District, Xiaolan Town, Zhongshan City, Guangdong, China – 528400",https://wsrv.nl/?url=https%3A%2F%2Fi.ibb.co%2F20hCDBy7%2FFelis-7-black.png&output=webp&q=78
Felis 7 Tunable,DTB125F,36V DC,150mA,2700K~6500K, CRI>97,Φ64*H72mm,24°,7W,AJ/CG,ARFD0755/CT/24/W,R-41159492,IS 10322 (PART 5/SEC1):2012,5699,"Guangdong Sat Technology Co. Ltd., No. 11 Lianbao Rd, Shengfeng District, Xiaolan Town, Zhongshan City, Guangdong, China – 528400",https://wsrv.nl/?url=https%3A%2F%2Fi.ibb.co%2F8DTFBZ3V%2FFelis-7-white.png&output=webp&q=78
Felis 7 Tunable,DTB125F,36V DC,150mA,2700K~6500K, CRI>97,Φ64*H72mm,24°,7W,AJ/CG,ARFD0755/CT/24/B,R-41159492,IS 10322 (PART 5/SEC1):2012,5699,"Guangdong Sat Technology Co. Ltd., No. 11 Lianbao Rd, Shengfeng District, Xiaolan Town, Zhongshan City, Guangdong, China – 528400",https://wsrv.nl/?url=https%3A%2F%2Fi.ibb.co%2F20hCDBy7%2FFelis-7-black.png&output=webp&q=78
Felis 7 Tunable,DTB125F,36V DC,150mA,2700K~6500K, CRI>97,Φ64*H72mm,36°,7W,AJ/CG,ARFD0755/CT/36/W,R-41159492,IS 10322 (PART 5/SEC1):2012,5699,"Guangdong Sat Technology Co. Ltd., No. 11 Lianbao Rd, Shengfeng District, Xiaolan Town, Zhongshan City, Guangdong, China – 528400",https://wsrv.nl/?url=https%3A%2F%2Fi.ibb.co%2F8DTFBZ3V%2FFelis-7-white.png&output=webp&q=78
Felis 7 Tunable,DTB125F,36V DC,150mA,2700K~6500K, CRI>97,Φ64*H72mm,36°,7W,AJ/CG,ARFD0755/CT/36/B,R-41159492,IS 10322 (PART 5/SEC1):2012,5699,"Guangdong Sat Technology Co. Ltd., No. 11 Lianbao Rd, Shengfeng District, Xiaolan Town, Zhongshan City, Guangdong, China – 528400",https://wsrv.nl/?url=https%3A%2F%2Fi.ibb.co%2F20hCDBy7%2FFelis-7-black.png&output=webp&q=78
Felis 9,DTB125F,36V DC,200mA,2700K, CRI>97,Φ84*H86mm,15°,9W,AJ/CG,ARFD0975/27/15/W,R-41159492,IS 10322 (PART 5/SEC1):2012,5299,"Guangdong Sat Technology Co. Ltd., No. 11 Lianbao Rd, Shengfeng District, Xiaolan Town, Zhongshan City, Guangdong, China – 528400",https://wsrv.nl/?url=https%3A%2F%2Fi.ibb.co%2FB5DB00Pn%2FFelis-9-white.png&output=webp&q=78
Felis 9,DTB125F,36V DC,200mA,2700K, CRI>97,Φ84*H86mm,15°,9W,AJ/CG,ARFD0975/27/15/B,R-41159492,IS 10322 (PART 5/SEC1):2012,5299,"Guangdong Sat Technology Co. Ltd., No. 11 Lianbao Rd, Shengfeng District, Xiaolan Town, Zhongshan City, Guangdong, China – 528400",https://wsrv.nl/?url=https%3A%2F%2Fi.ibb.co%2F0pD5vh10%2FFelis-9-black.png&output=webp&q=78
Felis 9,DTB125F,36V DC,200mA,2700K, CRI>97,Φ84*H86mm,24°,9W,AJ/CG,ARFD0975/27/24/W,R-41159492,IS 10322 (PART 5/SEC1):2012,5299,"Guangdong Sat Technology Co. Ltd., No. 11 Lianbao Rd, Shengfeng District, Xiaolan Town, Zhongshan City, Guangdong, China – 528400",https://wsrv.nl/?url=https%3A%2F%2Fi.ibb.co%2FB5DB00Pn%2FFelis-9-white.png&output=webp&q=78
Felis 9,DTB125F,36V DC,200mA,2700K, CRI>97,Φ84*H86mm,24°,9W,AJ/CG,ARFD0975/27/24/B,R-41159492,IS 10322 (PART 5/SEC1):2012,5299,"Guangdong Sat Technology Co. Ltd., No. 11 Lianbao Rd, Shengfeng District, Xiaolan Town, Zhongshan City, Guangdong, China – 528400",https://wsrv.nl/?url=https%3A%2F%2Fi.ibb.co%2F0pD5vh10%2FFelis-9-black.png&output=webp&q=78
Felis 9,DTB125F,36V DC,200mA,2700K, CRI>97,Φ84*H86mm,36°,9W,AJ/CG,ARFD0975/27/36/W,R-41159492,IS 10322 (PART 5/SEC1):2012,5299,"Guangdong Sat Technology Co. Ltd., No. 11 Lianbao Rd, Shengfeng District, Xiaolan Town, Zhongshan City, Guangdong, China – 528400",https://wsrv.nl/?url=https%3A%2F%2Fi.ibb.co%2FB5DB00Pn%2FFelis-9-white.png&output=webp&q=78
Felis 9,DTB125F,36V DC,200mA,2700K, CRI>97,Φ84*H86mm,36°,9W,AJ/CG,ARFD0975/27/36/B,R-41159492,IS 10322 (PART 5/SEC1):2012,5299,"Guangdong Sat Technology Co. Ltd., No. 11 Lianbao Rd, Shengfeng District, Xiaolan Town, Zhongshan City, Guangdong, China – 528400",https://wsrv.nl/?url=https%3A%2F%2Fi.ibb.co%2F0pD5vh10%2FFelis-9-black.png&output=webp&q=78
Felis 9,DTB125F,36V DC,200mA,3000K, CRI>97,Φ84*H86mm,15°,9W,AJ/CG,ARFD0975/30/15/W,R-41159492,IS 10322 (PART 5/SEC1):2012,5299,"Guangdong Sat Technology Co. Ltd., No. 11 Lianbao Rd, Shengfeng District, Xiaolan Town, Zhongshan City, Guangdong, China – 528400",https://wsrv.nl/?url=https%3A%2F%2Fi.ibb.co%2FB5DB00Pn%2FFelis-9-white.png&output=webp&q=78
Felis 9,DTB125F,36V DC,200mA,3000K, CRI>97,Φ84*H86mm,15°,9W,AJ/CG,ARFD0975/30/15/B,R-41159492,IS 10322 (PART 5/SEC1):2012,5299,"Guangdong Sat Technology Co. Ltd., No. 11 Lianbao Rd, Shengfeng District, Xiaolan Town, Zhongshan City, Guangdong, China – 528400",https://wsrv.nl/?url=https%3A%2F%2Fi.ibb.co%2F0pD5vh10%2FFelis-9-black.png&output=webp&q=78
Felis 9,DTB125F,36V DC,200mA,3000K, CRI>97,Φ84*H86mm,24°,9W,AJ/CG,ARFD0975/30/24/W,R-41159492,IS 10322 (PART 5/SEC1):2012,5299,"Guangdong Sat Technology Co. Ltd., No. 11 Lianbao Rd, Shengfeng District, Xiaolan Town, Zhongshan City, Guangdong, China – 528400",https://wsrv.nl/?url=https%3A%2F%2Fi.ibb.co%2FB5DB00Pn%2FFelis-9-white.png&output=webp&q=78
Felis 9,DTB125F,36V DC,200mA,3000K, CRI>97,Φ84*H86mm,24°,9W,AJ/CG,ARFD0975/30/24/B,R-41159492,IS 10322 (PART 5/SEC1):2012,5299,"Guangdong Sat Technology Co. Ltd., No. 11 Lianbao Rd, Shengfeng District, Xiaolan Town, Zhongshan City, Guangdong, China – 528400",https://wsrv.nl/?url=https%3A%2F%2Fi.ibb.co%2F0pD5vh10%2FFelis-9-black.png&output=webp&q=78
Felis 9,DTB125F,36V DC,200mA,3000K, CRI>97,Φ84*H86mm,36°,9W,AJ/CG,ARFD0975/30/36/W,R-41159492,IS 10322 (PART 5/SEC1):2012,5299,"Guangdong Sat Technology Co. Ltd., No. 11 Lianbao Rd, Shengfeng District, Xiaolan Town, Zhongshan City, Guangdong, China – 528400",https://wsrv.nl/?url=https%3A%2F%2Fi.ibb.co%2FB5DB00Pn%2FFelis-9-white.png&output=webp&q=78
Felis 9,DTB125F,36V DC,200mA,3000K, CRI>97,Φ84*H86mm,36°,9W,AJ/CG,ARFD0975/30/36/B,R-41159492,IS 10322 (PART 5/SEC1):2012,5299,"Guangdong Sat Technology Co. Ltd., No. 11 Lianbao Rd, Shengfeng District, Xiaolan Town, Zhongshan City, Guangdong, China – 528400",https://wsrv.nl/?url=https%3A%2F%2Fi.ibb.co%2F0pD5vh10%2FFelis-9-black.png&output=webp&q=78
Felis 9,DTB125F,36V DC,200mA,3500K, CRI>97,Φ84*H86mm,15°,9W,AJ/CG,ARFD0975/35/15/W,R-41159492,IS 10322 (PART 5/SEC1):2012,5299,"Guangdong Sat Technology Co. Ltd., No. 11 Lianbao Rd, Shengfeng District, Xiaolan Town, Zhongshan City, Guangdong, China – 528400",https://wsrv.nl/?url=https%3A%2F%2Fi.ibb.co%2FB5DB00Pn%2FFelis-9-white.png&output=webp&q=78
Felis 9,DTB125F,36V DC,200mA,3500K, CRI>97,Φ84*H86mm,15°,9W,AJ/CG,ARFD0975/35/15/B,R-41159492,IS 10322 (PART 5/SEC1):2012,5299,"Guangdong Sat Technology Co. Ltd., No. 11 Lianbao Rd, Shengfeng District, Xiaolan Town, Zhongshan City, Guangdong, China – 528400",https://wsrv.nl/?url=https%3A%2F%2Fi.ibb.co%2F0pD5vh10%2FFelis-9-black.png&output=webp&q=78
Felis 9,DTB125F,36V DC,200mA,3500K, CRI>97,Φ84*H86mm,24°,9W,AJ/CG,ARFD0975/35/24/W,R-41159492,IS 10322 (PART 5/SEC1):2012,5299,"Guangdong Sat Technology Co. Ltd., No. 11 Lianbao Rd, Shengfeng District, Xiaolan Town, Zhongshan City, Guangdong, China – 528400",https://wsrv.nl/?url=https%3A%2F%2Fi.ibb.co%2FB5DB00Pn%2FFelis-9-white.png&output=webp&q=78
Felis 9,DTB125F,36V DC,200mA,3500K, CRI>97,Φ84*H86mm,24°,9W,AJ/CG,ARFD0975/35/24/B,R-41159492,IS 10322 (PART 5/SEC1):2012,5299,"Guangdong Sat Technology Co. Ltd., No. 11 Lianbao Rd, Shengfeng District, Xiaolan Town, Zhongshan City, Guangdong, China – 528400",https://wsrv.nl/?url=https%3A%2F%2Fi.ibb.co%2F0pD5vh10%2FFelis-9-black.png&output=webp&q=78
Felis 9,DTB125F,36V DC,200mA,3500K, CRI>97,Φ84*H86mm,36°,9W,AJ/CG,ARFD0975/35/36/W,R-41159492,IS 10322 (PART 5/SEC1):2012,5299,"Guangdong Sat Technology Co. Ltd., No. 11 Lianbao Rd, Shengfeng District, Xiaolan Town, Zhongshan City, Guangdong, China – 528400",https://wsrv.nl/?url=https%3A%2F%2Fi.ibb.co%2FB5DB00Pn%2FFelis-9-white.png&output=webp&q=78
Felis 9,DTB125F,36V DC,200mA,3500K, CRI>97,Φ84*H86mm,36°,9W,AJ/CG,ARFD0975/35/36/B,R-41159492,IS 10322 (PART 5/SEC1):2012,5299,"Guangdong Sat Technology Co. Ltd., No. 11 Lianbao Rd, Shengfeng District, Xiaolan Town, Zhongshan City, Guangdong, China – 528400",https://wsrv.nl/?url=https%3A%2F%2Fi.ibb.co%2F0pD5vh10%2FFelis-9-black.png&output=webp&q=78
Felis 9,DTB125F,36V DC,200mA,4000K, CRI>97,Φ84*H86mm,15°,9W,AJ/CG,ARFD0975/40/15/W,R-41159492,IS 10322 (PART 5/SEC1):2012,5299,"Guangdong Sat Technology Co. Ltd., No. 11 Lianbao Rd, Shengfeng District, Xiaolan Town, Zhongshan City, Guangdong, China – 528400",https://wsrv.nl/?url=https%3A%2F%2Fi.ibb.co%2FB5DB00Pn%2FFelis-9-white.png&output=webp&q=78
Felis 9,DTB125F,36V DC,200mA,4000K, CRI>97,Φ84*H86mm,15°,9W,AJ/CG,ARFD0975/40/15/B,R-41159492,IS 10322 (PART 5/SEC1):2012,5299,"Guangdong Sat Technology Co. Ltd., No. 11 Lianbao Rd, Shengfeng District, Xiaolan Town, Zhongshan City, Guangdong, China – 528400",https://wsrv.nl/?url=https%3A%2F%2Fi.ibb.co%2F0pD5vh10%2FFelis-9-black.png&output=webp&q=78
Felis 9,DTB125F,36V DC,200mA,4000K, CRI>97,Φ84*H86mm,24°,9W,AJ/CG,ARFD0975/40/24/W,R-41159492,IS 10322 (PART 5/SEC1):2012,5299,"Guangdong Sat Technology Co. Ltd., No. 11 Lianbao Rd, Shengfeng District, Xiaolan Town, Zhongshan City, Guangdong, China – 528400",https://wsrv.nl/?url=https%3A%2F%2Fi.ibb.co%2FB5DB00Pn%2FFelis-9-white.png&output=webp&q=78
Felis 9,DTB125F,36V DC,200mA,4000K, CRI>97,Φ84*H86mm,24°,9W,AJ/CG,ARFD0975/40/24/B,R-41159492,IS 10322 (PART 5/SEC1):2012,5299,"Guangdong Sat Technology Co. Ltd., No. 11 Lianbao Rd, Shengfeng District, Xiaolan Town, Zhongshan City, Guangdong, China – 528400",https://wsrv.nl/?url=https%3A%2F%2Fi.ibb.co%2F0pD5vh10%2FFelis-9-black.png&output=webp&q=78
Felis 9,DTB125F,36V DC,200mA,4000K, CRI>97,Φ84*H86mm,36°,9W,AJ/CG,ARFD0975/40/36/W,R-41159492,IS 10322 (PART 5/SEC1):2012,5299,"Guangdong Sat Technology Co. Ltd., No. 11 Lianbao Rd, Shengfeng District, Xiaolan Town, Zhongshan City, Guangdong, China – 528400",https://wsrv.nl/?url=https%3A%2F%2Fi.ibb.co%2FB5DB00Pn%2FFelis-9-white.png&output=webp&q=78
Felis 9,DTB125F,36V DC,200mA,4000K, CRI>97,Φ84*H86mm,36°,9W,AJ/CG,ARFD0975/40/36/B,R-41159492,IS 10322 (PART 5/SEC1):2012,5299,"Guangdong Sat Technology Co. Ltd., No. 11 Lianbao Rd, Shengfeng District, Xiaolan Town, Zhongshan City, Guangdong, China – 528400",https://wsrv.nl/?url=https%3A%2F%2Fi.ibb.co%2F0pD5vh10%2FFelis-9-black.png&output=webp&q=78
Felis 9,DTB125F,36V DC,200mA,5000K, CRI>97,Φ84*H86mm,15°,9W,AJ/CG,ARFD0975/50/15/W,R-41159492,IS 10322 (PART 5/SEC1):2012,5299,"Guangdong Sat Technology Co. Ltd., No. 11 Lianbao Rd, Shengfeng District, Xiaolan Town, Zhongshan City, Guangdong, China – 528400",https://wsrv.nl/?url=https%3A%2F%2Fi.ibb.co%2FB5DB00Pn%2FFelis-9-white.png&output=webp&q=78
Felis 9,DTB125F,36V DC,200mA,5000K, CRI>97,Φ84*H86mm,15°,9W,AJ/CG,ARFD0975/50/15/B,R-41159492,IS 10322 (PART 5/SEC1):2012,5299,"Guangdong Sat Technology Co. Ltd., No. 11 Lianbao Rd, Shengfeng District, Xiaolan Town, Zhongshan City, Guangdong, China – 528400",https://wsrv.nl/?url=https%3A%2F%2Fi.ibb.co%2F0pD5vh10%2FFelis-9-black.png&output=webp&q=78
Felis 9,DTB125F,36V DC,200mA,5000K, CRI>97,Φ84*H86mm,24°,9W,AJ/CG,ARFD0975/50/24/W,R-41159492,IS 10322 (PART 5/SEC1):2012,5299,"Guangdong Sat Technology Co. Ltd., No. 11 Lianbao Rd, Shengfeng District, Xiaolan Town, Zhongshan City, Guangdong, China – 528400",https://wsrv.nl/?url=https%3A%2F%2Fi.ibb.co%2FB5DB00Pn%2FFelis-9-white.png&output=webp&q=78
Felis 9,DTB125F,36V DC,200mA,5000K, CRI>97,Φ84*H86mm,24°,9W,AJ/CG,ARFD0975/50/24/B,R-41159492,IS 10322 (PART 5/SEC1):2012,5299,"Guangdong Sat Technology Co. Ltd., No. 11 Lianbao Rd, Shengfeng District, Xiaolan Town, Zhongshan City, Guangdong, China – 528400",https://wsrv.nl/?url=https%3A%2F%2Fi.ibb.co%2F0pD5vh10%2FFelis-9-black.png&output=webp&q=78
Felis 9,DTB125F,36V DC,200mA,5000K, CRI>97,Φ84*H86mm,36°,9W,AJ/CG,ARFD0975/50/36/W,R-41159492,IS 10322 (PART 5/SEC1):2012,5299,"Guangdong Sat Technology Co. Ltd., No. 11 Lianbao Rd, Shengfeng District, Xiaolan Town, Zhongshan City, Guangdong, China – 528400",https://wsrv.nl/?url=https%3A%2F%2Fi.ibb.co%2FB5DB00Pn%2FFelis-9-white.png&output=webp&q=78
Felis 9,DTB125F,36V DC,200mA,5000K, CRI>97,Φ84*H86mm,36°,9W,AJ/CG,ARFD0975/50/36/B,R-41159492,IS 10322 (PART 5/SEC1):2012,5299,"Guangdong Sat Technology Co. Ltd., No. 11 Lianbao Rd, Shengfeng District, Xiaolan Town, Zhongshan City, Guangdong, China – 528400",https://wsrv.nl/?url=https%3A%2F%2Fi.ibb.co%2F0pD5vh10%2FFelis-9-black.png&output=webp&q=78
Felis 9 Tunable,DTB125F,36V DC,200mA,2700K~6500K, CRI>97,Φ84*H86mm,15°,9W,AJ/CG,ARFD0975/CT/15/W,R-41159492,IS 10322 (PART 5/SEC1):2012,6499,"Guangdong Sat Technology Co. Ltd., No. 11 Lianbao Rd, Shengfeng District, Xiaolan Town, Zhongshan City, Guangdong, China – 528400",https://wsrv.nl/?url=https%3A%2F%2Fi.ibb.co%2FB5DB00Pn%2FFelis-9-white.png&output=webp&q=78
Felis 9 Tunable,DTB125F,36V DC,200mA,2700K~6500K, CRI>97,Φ84*H86mm,15°,9W,AJ/CG,ARFD0975/CT/15/B,R-41159492,IS 10322 (PART 5/SEC1):2012,6499,"Guangdong Sat Technology Co. Ltd., No. 11 Lianbao Rd, Shengfeng District, Xiaolan Town, Zhongshan City, Guangdong, China – 528400",https://wsrv.nl/?url=https%3A%2F%2Fi.ibb.co%2F0pD5vh10%2FFelis-9-black.png&output=webp&q=78
Felis 9 Tunable,DTB125F,36V DC,200mA,2700K~6500K, CRI>97,Φ84*H86mm,24°,9W,AJ/CG,ARFD0975/CT/24/W,R-41159492,IS 10322 (PART 5/SEC1):2012,6499,"Guangdong Sat Technology Co. Ltd., No. 11 Lianbao Rd, Shengfeng District, Xiaolan Town, Zhongshan City, Guangdong, China – 528400",https://wsrv.nl/?url=https%3A%2F%2Fi.ibb.co%2FB5DB00Pn%2FFelis-9-white.png&output=webp&q=78
Felis 9 Tunable,DTB125F,36V DC,200mA,2700K~6500K, CRI>97,Φ84*H86mm,24°,9W,AJ/CG,ARFD0975/CT/24/B,R-41159492,IS 10322 (PART 5/SEC1):2012,6499,"Guangdong Sat Technology Co. Ltd., No. 11 Lianbao Rd, Shengfeng District, Xiaolan Town, Zhongshan City, Guangdong, China – 528400",https://wsrv.nl/?url=https%3A%2F%2Fi.ibb.co%2F0pD5vh10%2FFelis-9-black.png&output=webp&q=78
Felis 9 Tunable,DTB125F,36V DC,200mA,2700K~6500K, CRI>97,Φ84*H86mm,36°,9W,AJ/CG,ARFD0975/CT/36/W,R-41159492,IS 10322 (PART 5/SEC1):2012,6499,"Guangdong Sat Technology Co. Ltd., No. 11 Lianbao Rd, Shengfeng District, Xiaolan Town, Zhongshan City, Guangdong, China – 528400",https://wsrv.nl/?url=https%3A%2F%2Fi.ibb.co%2FB5DB00Pn%2FFelis-9-white.png&output=webp&q=78
Felis 9 Tunable,DTB125F,36V DC,200mA,2700K~6500K, CRI>97,Φ84*H86mm,36°,9W,AJ/CG,ARFD0975/CT/36/B,R-41159492,IS 10322 (PART 5/SEC1):2012,6499,"Guangdong Sat Technology Co. Ltd., No. 11 Lianbao Rd, Shengfeng District, Xiaolan Town, Zhongshan City, Guangdong, China – 528400",https://wsrv.nl/?url=https%3A%2F%2Fi.ibb.co%2F0pD5vh10%2FFelis-9-black.png&output=webp&q=78
Felis 15,DTB125F,36V DC,350mA,2700K, CRI>97,Φ94*H97mm,15°,15W,AJ/CG,ARFD1585/27/15/W,R-41159492,IS 10322 (PART 5/SEC1):2012,5899,"Guangdong Sat Technology Co. Ltd., No. 11 Lianbao Rd, Shengfeng District, Xiaolan Town, Zhongshan City, Guangdong, China – 528400",https://wsrv.nl/?url=https%3A%2F%2Fi.ibb.co%2FgFP5zSwV%2FFelis-15-white.png&output=webp&q=78
Felis 15,DTB125F,36V DC,350mA,2700K, CRI>97,Φ94*H97mm,15°,15W,AJ/CG,ARFD1585/27/15/B,R-41159492,IS 10322 (PART 5/SEC1):2012,5899,"Guangdong Sat Technology Co. Ltd., No. 11 Lianbao Rd, Shengfeng District, Xiaolan Town, Zhongshan City, Guangdong, China – 528400",https://wsrv.nl/?url=https%3A%2F%2Fi.ibb.co%2FCpnh7vN9%2FFelis-15-black.png&output=webp&q=78
Felis 15,DTB125F,36V DC,350mA,2700K, CRI>97,Φ94*H97mm,24°,15W,AJ/CG,ARFD1585/27/24/W,R-41159492,IS 10322 (PART 5/SEC1):2012,5899,"Guangdong Sat Technology Co. Ltd., No. 11 Lianbao Rd, Shengfeng District, Xiaolan Town, Zhongshan City, Guangdong, China – 528400",https://wsrv.nl/?url=https%3A%2F%2Fi.ibb.co%2FgFP5zSwV%2FFelis-15-white.png&output=webp&q=78
Felis 15,DTB125F,36V DC,350mA,2700K, CRI>97,Φ94*H97mm,24°,15W,AJ/CG,ARFD1585/27/24/B,R-41159492,IS 10322 (PART 5/SEC1):2012,5899,"Guangdong Sat Technology Co. Ltd., No. 11 Lianbao Rd, Shengfeng District, Xiaolan Town, Zhongshan City, Guangdong, China – 528400",https://wsrv.nl/?url=https%3A%2F%2Fi.ibb.co%2FCpnh7vN9%2FFelis-15-black.png&output=webp&q=78
Felis 15,DTB125F,36V DC,350mA,2700K, CRI>97,Φ94*H97mm,36°,15W,AJ/CG,ARFD1585/27/36/W,R-41159492,IS 10322 (PART 5/SEC1):2012,5899,"Guangdong Sat Technology Co. Ltd., No. 11 Lianbao Rd, Shengfeng District, Xiaolan Town, Zhongshan City, Guangdong, China – 528400",https://wsrv.nl/?url=https%3A%2F%2Fi.ibb.co%2FgFP5zSwV%2FFelis-15-white.png&output=webp&q=78
Felis 15,DTB125F,36V DC,350mA,2700K, CRI>97,Φ94*H97mm,36°,15W,AJ/CG,ARFD1585/27/36/B,R-41159492,IS 10322 (PART 5/SEC1):2012,5899,"Guangdong Sat Technology Co. Ltd., No. 11 Lianbao Rd, Shengfeng District, Xiaolan Town, Zhongshan City, Guangdong, China – 528400",https://wsrv.nl/?url=https%3A%2F%2Fi.ibb.co%2FCpnh7vN9%2FFelis-15-black.png&output=webp&q=78
Felis 15,DTB125F,36V DC,350mA,2700K, CRI>97,Φ94*H97mm,55°,15W,AJ/CG,ARFD1585/27/55/W,R-41159492,IS 10322 (PART 5/SEC1):2012,5899,"Guangdong Sat Technology Co. Ltd., No. 11 Lianbao Rd, Shengfeng District, Xiaolan Town, Zhongshan City, Guangdong, China – 528400",https://wsrv.nl/?url=https%3A%2F%2Fi.ibb.co%2FgFP5zSwV%2FFelis-15-white.png&output=webp&q=78
Felis 15,DTB125F,36V DC,350mA,2700K, CRI>97,Φ94*H97mm,55°,15W,AJ/CG,ARFD1585/27/55/B,R-41159492,IS 10322 (PART 5/SEC1):2012,5899,"Guangdong Sat Technology Co. Ltd., No. 11 Lianbao Rd, Shengfeng District, Xiaolan Town, Zhongshan City, Guangdong, China – 528400",https://wsrv.nl/?url=https%3A%2F%2Fi.ibb.co%2FCpnh7vN9%2FFelis-15-black.png&output=webp&q=78
Felis 15,DTB125F,36V DC,350mA,3000K, CRI>97,Φ94*H97mm,15°,15W,AJ/CG,ARFD1585/30/15/W,R-41159492,IS 10322 (PART 5/SEC1):2012,5899,"Guangdong Sat Technology Co. Ltd., No. 11 Lianbao Rd, Shengfeng District, Xiaolan Town, Zhongshan City, Guangdong, China – 528400",https://wsrv.nl/?url=https%3A%2F%2Fi.ibb.co%2FgFP5zSwV%2FFelis-15-white.png&output=webp&q=78
Felis 15,DTB125F,36V DC,350mA,3000K, CRI>97,Φ94*H97mm,15°,15W,AJ/CG,ARFD1585/30/15/B,R-41159492,IS 10322 (PART 5/SEC1):2012,5899,"Guangdong Sat Technology Co. Ltd., No. 11 Lianbao Rd, Shengfeng District, Xiaolan Town, Zhongshan City, Guangdong, China – 528400",https://wsrv.nl/?url=https%3A%2F%2Fi.ibb.co%2FCpnh7vN9%2FFelis-15-black.png&output=webp&q=78
Felis 15,DTB125F,36V DC,350mA,3000K, CRI>97,Φ94*H97mm,24°,15W,AJ/CG,ARFD1585/30/24/W,R-41159492,IS 10322 (PART 5/SEC1):2012,5899,"Guangdong Sat Technology Co. Ltd., No. 11 Lianbao Rd, Shengfeng District, Xiaolan Town, Zhongshan City, Guangdong, China – 528400",https://wsrv.nl/?url=https%3A%2F%2Fi.ibb.co%2FgFP5zSwV%2FFelis-15-white.png&output=webp&q=78
Felis 15,DTB125F,36V DC,350mA,3000K, CRI>97,Φ94*H97mm,24°,15W,AJ/CG,ARFD1585/30/24/B,R-41159492,IS 10322 (PART 5/SEC1):2012,5899,"Guangdong Sat Technology Co. Ltd., No. 11 Lianbao Rd, Shengfeng District, Xiaolan Town, Zhongshan City, Guangdong, China – 528400",https://wsrv.nl/?url=https%3A%2F%2Fi.ibb.co%2FCpnh7vN9%2FFelis-15-black.png&output=webp&q=78
Felis 15,DTB125F,36V DC,350mA,3000K, CRI>97,Φ94*H97mm,36°,15W,AJ/CG,ARFD1585/30/36/W,R-41159492,IS 10322 (PART 5/SEC1):2012,5899,"Guangdong Sat Technology Co. Ltd., No. 11 Lianbao Rd, Shengfeng District, Xiaolan Town, Zhongshan City, Guangdong, China – 528400",https://wsrv.nl/?url=https%3A%2F%2Fi.ibb.co%2FgFP5zSwV%2FFelis-15-white.png&output=webp&q=78
Felis 15,DTB125F,36V DC,350mA,3000K, CRI>97,Φ94*H97mm,36°,15W,AJ/CG,ARFD1585/30/36/B,R-41159492,IS 10322 (PART 5/SEC1):2012,5899,"Guangdong Sat Technology Co. Ltd., No. 11 Lianbao Rd, Shengfeng District, Xiaolan Town, Zhongshan City, Guangdong, China – 528400",https://wsrv.nl/?url=https%3A%2F%2Fi.ibb.co%2FCpnh7vN9%2FFelis-15-black.png&output=webp&q=78
Felis 15,DTB125F,36V DC,350mA,3000K, CRI>97,Φ94*H97mm,55°,15W,AJ/CG,ARFD1585/30/55/W,R-41159492,IS 10322 (PART 5/SEC1):2012,5899,"Guangdong Sat Technology Co. Ltd., No. 11 Lianbao Rd, Shengfeng District, Xiaolan Town, Zhongshan City, Guangdong, China – 528400",https://wsrv.nl/?url=https%3A%2F%2Fi.ibb.co%2FgFP5zSwV%2FFelis-15-white.png&output=webp&q=78
Felis 15,DTB125F,36V DC,350mA,3000K, CRI>97,Φ94*H97mm,55°,15W,AJ/CG,ARFD1585/30/55/B,R-41159492,IS 10322 (PART 5/SEC1):2012,5899,"Guangdong Sat Technology Co. Ltd., No. 11 Lianbao Rd, Shengfeng District, Xiaolan Town, Zhongshan City, Guangdong, China – 528400",https://wsrv.nl/?url=https%3A%2F%2Fi.ibb.co%2FCpnh7vN9%2FFelis-15-black.png&output=webp&q=78
Felis 15,DTB125F,36V DC,350mA,3500K, CRI>97,Φ94*H97mm,15°,15W,AJ/CG,ARFD1585/35/15/W,R-41159492,IS 10322 (PART 5/SEC1):2012,5899,"Guangdong Sat Technology Co. Ltd., No. 11 Lianbao Rd, Shengfeng District, Xiaolan Town, Zhongshan City, Guangdong, China – 528400",https://wsrv.nl/?url=https%3A%2F%2Fi.ibb.co%2FgFP5zSwV%2FFelis-15-white.png&output=webp&q=78
Felis 15,DTB125F,36V DC,350mA,3500K, CRI>97,Φ94*H97mm,15°,15W,AJ/CG,ARFD1585/35/15/B,R-41159492,IS 10322 (PART 5/SEC1):2012,5899,"Guangdong Sat Technology Co. Ltd., No. 11 Lianbao Rd, Shengfeng District, Xiaolan Town, Zhongshan City, Guangdong, China – 528400",https://wsrv.nl/?url=https%3A%2F%2Fi.ibb.co%2FCpnh7vN9%2FFelis-15-black.png&output=webp&q=78
Felis 15,DTB125F,36V DC,350mA,3500K, CRI>97,Φ94*H97mm,24°,15W,AJ/CG,ARFD1585/35/24/W,R-41159492,IS 10322 (PART 5/SEC1):2012,5899,"Guangdong Sat Technology Co. Ltd., No. 11 Lianbao Rd, Shengfeng District, Xiaolan Town, Zhongshan City, Guangdong, China – 528400",https://wsrv.nl/?url=https%3A%2F%2Fi.ibb.co%2FgFP5zSwV%2FFelis-15-white.png&output=webp&q=78
Felis 15,DTB125F,36V DC,350mA,3500K, CRI>97,Φ94*H97mm,24°,15W,AJ/CG,ARFD1585/35/24/B,R-41159492,IS 10322 (PART 5/SEC1):2012,5899,"Guangdong Sat Technology Co. Ltd., No. 11 Lianbao Rd, Shengfeng District, Xiaolan Town, Zhongshan City, Guangdong, China – 528400",https://wsrv.nl/?url=https%3A%2F%2Fi.ibb.co%2FCpnh7vN9%2FFelis-15-black.png&output=webp&q=78
Felis 15,DTB125F,36V DC,350mA,3500K, CRI>97,Φ94*H97mm,36°,15W,AJ/CG,ARFD1585/35/36/W,R-41159492,IS 10322 (PART 5/SEC1):2012,5899,"Guangdong Sat Technology Co. Ltd., No. 11 Lianbao Rd, Shengfeng District, Xiaolan Town, Zhongshan City, Guangdong, China – 528400",https://wsrv.nl/?url=https%3A%2F%2Fi.ibb.co%2FgFP5zSwV%2FFelis-15-white.png&output=webp&q=78
Felis 15,DTB125F,36V DC,350mA,3500K, CRI>97,Φ94*H97mm,36°,15W,AJ/CG,ARFD1585/35/36/B,R-41159492,IS 10322 (PART 5/SEC1):2012,5899,"Guangdong Sat Technology Co. Ltd., No. 11 Lianbao Rd, Shengfeng District, Xiaolan Town, Zhongshan City, Guangdong, China – 528400",https://wsrv.nl/?url=https%3A%2F%2Fi.ibb.co%2FCpnh7vN9%2FFelis-15-black.png&output=webp&q=78
Felis 15,DTB125F,36V DC,350mA,3500K, CRI>97,Φ94*H97mm,55°,15W,AJ/CG,ARFD1585/35/55/W,R-41159492,IS 10322 (PART 5/SEC1):2012,5899,"Guangdong Sat Technology Co. Ltd., No. 11 Lianbao Rd, Shengfeng District, Xiaolan Town, Zhongshan City, Guangdong, China – 528400",https://wsrv.nl/?url=https%3A%2F%2Fi.ibb.co%2FgFP5zSwV%2FFelis-15-white.png&output=webp&q=78
Felis 15,DTB125F,36V DC,350mA,3500K, CRI>97,Φ94*H97mm,55°,15W,AJ/CG,ARFD1585/35/55/B,R-41159492,IS 10322 (PART 5/SEC1):2012,5899,"Guangdong Sat Technology Co. Ltd., No. 11 Lianbao Rd, Shengfeng District, Xiaolan Town, Zhongshan City, Guangdong, China – 528400",https://wsrv.nl/?url=https%3A%2F%2Fi.ibb.co%2FCpnh7vN9%2FFelis-15-black.png&output=webp&q=78
Felis 15,DTB125F,36V DC,350mA,4000K, CRI>97,Φ94*H97mm,15°,15W,AJ/CG,ARFD1585/40/15/W,R-41159492,IS 10322 (PART 5/SEC1):2012,5899,"Guangdong Sat Technology Co. Ltd., No. 11 Lianbao Rd, Shengfeng District, Xiaolan Town, Zhongshan City, Guangdong, China – 528400",https://wsrv.nl/?url=https%3A%2F%2Fi.ibb.co%2FgFP5zSwV%2FFelis-15-white.png&output=webp&q=78
Felis 15,DTB125F,36V DC,350mA,4000K, CRI>97,Φ94*H97mm,15°,15W,AJ/CG,ARFD1585/40/15/B,R-41159492,IS 10322 (PART 5/SEC1):2012,5899,"Guangdong Sat Technology Co. Ltd., No. 11 Lianbao Rd, Shengfeng District, Xiaolan Town, Zhongshan City, Guangdong, China – 528400",https://wsrv.nl/?url=https%3A%2F%2Fi.ibb.co%2FCpnh7vN9%2FFelis-15-black.png&output=webp&q=78
Felis 15,DTB125F,36V DC,350mA,4000K, CRI>97,Φ94*H97mm,24°,15W,AJ/CG,ARFD1585/40/24/W,R-41159492,IS 10322 (PART 5/SEC1):2012,5899,"Guangdong Sat Technology Co. Ltd., No. 11 Lianbao Rd, Shengfeng District, Xiaolan Town, Zhongshan City, Guangdong, China – 528400",https://wsrv.nl/?url=https%3A%2F%2Fi.ibb.co%2FgFP5zSwV%2FFelis-15-white.png&output=webp&q=78
Felis 15,DTB125F,36V DC,350mA,4000K, CRI>97,Φ94*H97mm,24°,15W,AJ/CG,ARFD1585/40/24/B,R-41159492,IS 10322 (PART 5/SEC1):2012,5899,"Guangdong Sat Technology Co. Ltd., No. 11 Lianbao Rd, Shengfeng District, Xiaolan Town, Zhongshan City, Guangdong, China – 528400",https://wsrv.nl/?url=https%3A%2F%2Fi.ibb.co%2FCpnh7vN9%2FFelis-15-black.png&output=webp&q=78
Felis 15,DTB125F,36V DC,350mA,4000K, CRI>97,Φ94*H97mm,36°,15W,AJ/CG,ARFD1585/40/36/W,R-41159492,IS 10322 (PART 5/SEC1):2012,5899,"Guangdong Sat Technology Co. Ltd., No. 11 Lianbao Rd, Shengfeng District, Xiaolan Town, Zhongshan City, Guangdong, China – 528400",https://wsrv.nl/?url=https%3A%2F%2Fi.ibb.co%2FgFP5zSwV%2FFelis-15-white.png&output=webp&q=78
Felis 15,DTB125F,36V DC,350mA,4000K, CRI>97,Φ94*H97mm,36°,15W,AJ/CG,ARFD1585/40/36/B,R-41159492,IS 10322 (PART 5/SEC1):2012,5899,"Guangdong Sat Technology Co. Ltd., No. 11 Lianbao Rd, Shengfeng District, Xiaolan Town, Zhongshan City, Guangdong, China – 528400",https://wsrv.nl/?url=https%3A%2F%2Fi.ibb.co%2FCpnh7vN9%2FFelis-15-black.png&output=webp&q=78
Felis 15,DTB125F,36V DC,350mA,4000K, CRI>97,Φ94*H97mm,55°,15W,AJ/CG,ARFD1585/40/55/W,R-41159492,IS 10322 (PART 5/SEC1):2012,5899,"Guangdong Sat Technology Co. Ltd., No. 11 Lianbao Rd, Shengfeng District, Xiaolan Town, Zhongshan City, Guangdong, China – 528400",https://wsrv.nl/?url=https%3A%2F%2Fi.ibb.co%2FgFP5zSwV%2FFelis-15-white.png&output=webp&q=78
Felis 15,DTB125F,36V DC,350mA,4000K, CRI>97,Φ94*H97mm,55°,15W,AJ/CG,ARFD1585/40/55/B,R-41159492,IS 10322 (PART 5/SEC1):2012,5899,"Guangdong Sat Technology Co. Ltd., No. 11 Lianbao Rd, Shengfeng District, Xiaolan Town, Zhongshan City, Guangdong, China – 528400",https://wsrv.nl/?url=https%3A%2F%2Fi.ibb.co%2FCpnh7vN9%2FFelis-15-black.png&output=webp&q=78
Felis 15,DTB125F,36V DC,350mA,5000K, CRI>97,Φ94*H97mm,15°,15W,AJ/CG,ARFD1585/50/15/W,R-41159492,IS 10322 (PART 5/SEC1):2012,5899,"Guangdong Sat Technology Co. Ltd., No. 11 Lianbao Rd, Shengfeng District, Xiaolan Town, Zhongshan City, Guangdong, China – 528400",https://wsrv.nl/?url=https%3A%2F%2Fi.ibb.co%2FgFP5zSwV%2FFelis-15-white.png&output=webp&q=78
Felis 15,DTB125F,36V DC,350mA,5000K, CRI>97,Φ94*H97mm,15°,15W,AJ/CG,ARFD1585/50/15/B,R-41159492,IS 10322 (PART 5/SEC1):2012,5899,"Guangdong Sat Technology Co. Ltd., No. 11 Lianbao Rd, Shengfeng District, Xiaolan Town, Zhongshan City, Guangdong, China – 528400",https://wsrv.nl/?url=https%3A%2F%2Fi.ibb.co%2FCpnh7vN9%2FFelis-15-black.png&output=webp&q=78
Felis 15,DTB125F,36V DC,350mA,5000K, CRI>97,Φ94*H97mm,24°,15W,AJ/CG,ARFD1585/50/24/W,R-41159492,IS 10322 (PART 5/SEC1):2012,5899,"Guangdong Sat Technology Co. Ltd., No. 11 Lianbao Rd, Shengfeng District, Xiaolan Town, Zhongshan City, Guangdong, China – 528400",https://wsrv.nl/?url=https%3A%2F%2Fi.ibb.co%2FgFP5zSwV%2FFelis-15-white.png&output=webp&q=78
Felis 15,DTB125F,36V DC,350mA,5000K, CRI>97,Φ94*H97mm,24°,15W,AJ/CG,ARFD1585/50/24/B,R-41159492,IS 10322 (PART 5/SEC1):2012,5899,"Guangdong Sat Technology Co. Ltd., No. 11 Lianbao Rd, Shengfeng District, Xiaolan Town, Zhongshan City, Guangdong, China – 528400",https://wsrv.nl/?url=https%3A%2F%2Fi.ibb.co%2FCpnh7vN9%2FFelis-15-black.png&output=webp&q=78
Felis 15,DTB125F,36V DC,350mA,5000K, CRI>97,Φ94*H97mm,36°,15W,AJ/CG,ARFD1585/50/36/W,R-41159492,IS 10322 (PART 5/SEC1):2012,5899,"Guangdong Sat Technology Co. Ltd., No. 11 Lianbao Rd, Shengfeng District, Xiaolan Town, Zhongshan City, Guangdong, China – 528400",https://wsrv.nl/?url=https%3A%2F%2Fi.ibb.co%2FgFP5zSwV%2FFelis-15-white.png&output=webp&q=78
Felis 15,DTB125F,36V DC,350mA,5000K, CRI>97,Φ94*H97mm,36°,15W,AJ/CG,ARFD1585/50/36/B,R-41159492,IS 10322 (PART 5/SEC1):2012,5899,"Guangdong Sat Technology Co. Ltd., No. 11 Lianbao Rd, Shengfeng District, Xiaolan Town, Zhongshan City, Guangdong, China – 528400",https://wsrv.nl/?url=https%3A%2F%2Fi.ibb.co%2FCpnh7vN9%2FFelis-15-black.png&output=webp&q=78
Felis 15,DTB125F,36V DC,350mA,5000K, CRI>97,Φ94*H97mm,55°,15W,AJ/CG,ARFD1585/50/55/W,R-41159492,IS 10322 (PART 5/SEC1):2012,5899,"Guangdong Sat Technology Co. Ltd., No. 11 Lianbao Rd, Shengfeng District, Xiaolan Town, Zhongshan City, Guangdong, China – 528400",https://wsrv.nl/?url=https%3A%2F%2Fi.ibb.co%2FgFP5zSwV%2FFelis-15-white.png&output=webp&q=78
Felis 15,DTB125F,36V DC,350mA,5000K, CRI>97,Φ94*H97mm,55°,15W,AJ/CG,ARFD1585/50/55/B,R-41159492,IS 10322 (PART 5/SEC1):2012,5899,"Guangdong Sat Technology Co. Ltd., No. 11 Lianbao Rd, Shengfeng District, Xiaolan Town, Zhongshan City, Guangdong, China – 528400",https://wsrv.nl/?url=https%3A%2F%2Fi.ibb.co%2FCpnh7vN9%2FFelis-15-black.png&output=webp&q=78
Felis 15 Tunable,DTB125F,36V DC,350mA,2700K~6500K, CRI>97,Φ94*H97mm,15°,15W,AJ/CG,ARFD1585/CT/15/B,R-41159492,IS 10322 (PART 5/SEC1):2012,7099,"Guangdong Sat Technology Co. Ltd., No. 11 Lianbao Rd, Shengfeng District, Xiaolan Town, Zhongshan City, Guangdong, China – 528400",https://wsrv.nl/?url=https%3A%2F%2Fi.ibb.co%2FCpnh7vN9%2FFelis-15-black.png&output=webp&q=78
Felis 15 Tunable,DTB125F,36V DC,350mA,2700K~6500K, CRI>97,Φ94*H97mm,15°,15W,AJ/CG,ARFD1585/CT/15/W,R-41159492,IS 10322 (PART 5/SEC1):2012,7099,"Guangdong Sat Technology Co. Ltd., No. 11 Lianbao Rd, Shengfeng District, Xiaolan Town, Zhongshan City, Guangdong, China – 528400",https://wsrv.nl/?url=https%3A%2F%2Fi.ibb.co%2FgFP5zSwV%2FFelis-15-white.png&output=webp&q=78
Felis 15 Tunable,DTB125F,36V DC,350mA,2700K~6500K, CRI>97,Φ94*H97mm,24°,15W,AJ/CG,ARFD1585/CT/24/B,R-41159492,IS 10322 (PART 5/SEC1):2012,7099,"Guangdong Sat Technology Co. Ltd., No. 11 Lianbao Rd, Shengfeng District, Xiaolan Town, Zhongshan City, Guangdong, China – 528400",https://wsrv.nl/?url=https%3A%2F%2Fi.ibb.co%2FCpnh7vN9%2FFelis-15-black.png&output=webp&q=78
Felis 15 Tunable,DTB125F,36V DC,350mA,2700K~6500K, CRI>97,Φ94*H97mm,24°,15W,AJ/CG,ARFD1585/CT/24/W,R-41159492,IS 10322 (PART 5/SEC1):2012,7099,"Guangdong Sat Technology Co. Ltd., No. 11 Lianbao Rd, Shengfeng District, Xiaolan Town, Zhongshan City, Guangdong, China – 528400",https://wsrv.nl/?url=https%3A%2F%2Fi.ibb.co%2FgFP5zSwV%2FFelis-15-white.png&output=webp&q=78
Felis 15 Tunable,DTB125F,36V DC,350mA,2700K~6500K, CRI>97,Φ94*H97mm,36°,15W,AJ/CG,ARFD1585/CT/36/B,R-41159492,IS 10322 (PART 5/SEC1):2012,7099,"Guangdong Sat Technology Co. Ltd., No. 11 Lianbao Rd, Shengfeng District, Xiaolan Town, Zhongshan City, Guangdong, China – 528400",https://wsrv.nl/?url=https%3A%2F%2Fi.ibb.co%2FCpnh7vN9%2FFelis-15-black.png&output=webp&q=78
Felis 15 Tunable,DTB125F,36V DC,350mA,2700K~6500K, CRI>97,Φ94*H97mm,36°,15W,AJ/CG,ARFD1585/CT/36/W,R-41159492,IS 10322 (PART 5/SEC1):2012,7099,"Guangdong Sat Technology Co. Ltd., No. 11 Lianbao Rd, Shengfeng District, Xiaolan Town, Zhongshan City, Guangdong, China – 528400",https://wsrv.nl/?url=https%3A%2F%2Fi.ibb.co%2FgFP5zSwV%2FFelis-15-white.png&output=webp&q=78
Felis 15 Tunable,DTB125F,36V DC,350mA,2700K~6500K, CRI>97,Φ94*H97mm,55°,15W,AJ/CG,ARFD1585/CT/55/W,R-41159492,IS 10322 (PART 5/SEC1):2012,7099,"Guangdong Sat Technology Co. Ltd., No. 11 Lianbao Rd, Shengfeng District, Xiaolan Town, Zhongshan City, Guangdong, China – 528400",https://wsrv.nl/?url=https%3A%2F%2Fi.ibb.co%2FgFP5zSwV%2FFelis-15-white.png&output=webp&q=78
Felis 15 Tunable,DTB125F,36V DC,350mA,2700K~6500K, CRI>97,Φ94*H97mm,55°,15W,AJ/CG,ARFD1585/CT/55/B,R-41159492,IS 10322 (PART 5/SEC1):2012,7099,"Guangdong Sat Technology Co. Ltd., No. 11 Lianbao Rd, Shengfeng District, Xiaolan Town, Zhongshan City, Guangdong, China – 528400",https://wsrv.nl/?url=https%3A%2F%2Fi.ibb.co%2FCpnh7vN9%2FFelis-15-black.png&output=webp&q=78
Tevel,DDI085X,36V DC,150mA,2700K, CRI>97,Φ82*H93mm,15°,7W,AJ/CG,ARAD0775/27/15/W,R-41159492,IS 10322 (PART 5/SEC1):2012,4949,"Guangdong Sat Technology Co. Ltd., No. 11 Lianbao Rd, Shengfeng District, Xiaolan Town, Zhongshan City, Guangdong, China – 528400",https://wsrv.nl/?url=https%3A%2F%2Fi.ibb.co%2FycDH7MvF%2FTevel-white.png&output=webp&q=78
Tevel,DDI085X,36V DC,150mA,2700K, CRI>97,Φ82*H93mm,15°,7W,AJ/CG,ARAD0775/27/15/B,R-41159492,IS 10322 (PART 5/SEC1):2012,4949,"Guangdong Sat Technology Co. Ltd., No. 11 Lianbao Rd, Shengfeng District, Xiaolan Town, Zhongshan City, Guangdong, China – 528400",https://wsrv.nl/?url=https%3A%2F%2Fi.ibb.co%2F9990JZPf%2FTevel-black.png&output=webp&q=78
Tevel,DDI085X,36V DC,150mA,2700K, CRI>97,Φ82*H93mm,24°,7W,AJ/CG,ARAD0775/27/24/W,R-41159492,IS 10322 (PART 5/SEC1):2012,4949,"Guangdong Sat Technology Co. Ltd., No. 11 Lianbao Rd, Shengfeng District, Xiaolan Town, Zhongshan City, Guangdong, China – 528400",https://wsrv.nl/?url=https%3A%2F%2Fi.ibb.co%2FycDH7MvF%2FTevel-white.png&output=webp&q=78
Tevel,DDI085X,36V DC,150mA,2700K, CRI>97,Φ82*H93mm,24°,7W,AJ/CG,ARAD0775/27/24/B,R-41159492,IS 10322 (PART 5/SEC1):2012,4949,"Guangdong Sat Technology Co. Ltd., No. 11 Lianbao Rd, Shengfeng District, Xiaolan Town, Zhongshan City, Guangdong, China – 528400",https://wsrv.nl/?url=https%3A%2F%2Fi.ibb.co%2F9990JZPf%2FTevel-black.png&output=webp&q=78
Tevel,DDI085X,36V DC,150mA,2700K, CRI>97,Φ82*H93mm,36°,7W,AJ/CG,ARAD0775/27/36/W,R-41159492,IS 10322 (PART 5/SEC1):2012,4949,"Guangdong Sat Technology Co. Ltd., No. 11 Lianbao Rd, Shengfeng District, Xiaolan Town, Zhongshan City, Guangdong, China – 528400",https://wsrv.nl/?url=https%3A%2F%2Fi.ibb.co%2FycDH7MvF%2FTevel-white.png&output=webp&q=78
Tevel,DDI085X,36V DC,150mA,2700K, CRI>97,Φ82*H93mm,36°,7W,AJ/CG,ARAD0775/27/36/B,R-41159492,IS 10322 (PART 5/SEC1):2012,4949,"Guangdong Sat Technology Co. Ltd., No. 11 Lianbao Rd, Shengfeng District, Xiaolan Town, Zhongshan City, Guangdong, China – 528400",https://wsrv.nl/?url=https%3A%2F%2Fi.ibb.co%2F9990JZPf%2FTevel-black.png&output=webp&q=78
Tevel,DDI085X,36V DC,150mA,3000K, CRI>97,Φ82*H93mm,15°,7W,AJ/CG,ARAD0775/30/15/W,R-41159492,IS 10322 (PART 5/SEC1):2012,4949,"Guangdong Sat Technology Co. Ltd., No. 11 Lianbao Rd, Shengfeng District, Xiaolan Town, Zhongshan City, Guangdong, China – 528400",https://wsrv.nl/?url=https%3A%2F%2Fi.ibb.co%2FycDH7MvF%2FTevel-white.png&output=webp&q=78
Tevel,DDI085X,36V DC,150mA,3000K, CRI>97,Φ82*H93mm,15°,7W,AJ/CG,ARAD0775/30/15/B,R-41159492,IS 10322 (PART 5/SEC1):2012,4949,"Guangdong Sat Technology Co. Ltd., No. 11 Lianbao Rd, Shengfeng District, Xiaolan Town, Zhongshan City, Guangdong, China – 528400",https://wsrv.nl/?url=https%3A%2F%2Fi.ibb.co%2F9990JZPf%2FTevel-black.png&output=webp&q=78
Tevel,DDI085X,36V DC,150mA,3000K, CRI>97,Φ82*H93mm,24°,7W,AJ/CG,ARAD0775/30/24/W,R-41159492,IS 10322 (PART 5/SEC1):2012,4949,"Guangdong Sat Technology Co. Ltd., No. 11 Lianbao Rd, Shengfeng District, Xiaolan Town, Zhongshan City, Guangdong, China – 528400",https://wsrv.nl/?url=https%3A%2F%2Fi.ibb.co%2FycDH7MvF%2FTevel-white.png&output=webp&q=78
Tevel,DDI085X,36V DC,150mA,3000K, CRI>97,Φ82*H93mm,24°,7W,AJ/CG,ARAD0775/30/24/B,R-41159492,IS 10322 (PART 5/SEC1):2012,4949,"Guangdong Sat Technology Co. Ltd., No. 11 Lianbao Rd, Shengfeng District, Xiaolan Town, Zhongshan City, Guangdong, China – 528400",https://wsrv.nl/?url=https%3A%2F%2Fi.ibb.co%2F9990JZPf%2FTevel-black.png&output=webp&q=78
Tevel,DDI085X,36V DC,150mA,3000K, CRI>97,Φ82*H93mm,36°,7W,AJ/CG,ARAD0775/30/36/W,R-41159492,IS 10322 (PART 5/SEC1):2012,4949,"Guangdong Sat Technology Co. Ltd., No. 11 Lianbao Rd, Shengfeng District, Xiaolan Town, Zhongshan City, Guangdong, China – 528400",https://wsrv.nl/?url=https%3A%2F%2Fi.ibb.co%2FycDH7MvF%2FTevel-white.png&output=webp&q=78
Tevel,DDI085X,36V DC,150mA,3000K, CRI>97,Φ82*H93mm,36°,7W,AJ/CG,ARAD0775/30/36/B,R-41159492,IS 10322 (PART 5/SEC1):2012,4949,"Guangdong Sat Technology Co. Ltd., No. 11 Lianbao Rd, Shengfeng District, Xiaolan Town, Zhongshan City, Guangdong, China – 528400",https://wsrv.nl/?url=https%3A%2F%2Fi.ibb.co%2F9990JZPf%2FTevel-black.png&output=webp&q=78
Tevel,DDI085X,36V DC,150mA,3500K, CRI>97,Φ82*H93mm,15°,7W,AJ/CG,ARAD0775/35/15/W,R-41159492,IS 10322 (PART 5/SEC1):2012,4949,"Guangdong Sat Technology Co. Ltd., No. 11 Lianbao Rd, Shengfeng District, Xiaolan Town, Zhongshan City, Guangdong, China – 528400",https://wsrv.nl/?url=https%3A%2F%2Fi.ibb.co%2FycDH7MvF%2FTevel-white.png&output=webp&q=78
Tevel,DDI085X,36V DC,150mA,3500K, CRI>97,Φ82*H93mm,15°,7W,AJ/CG,ARAD0775/35/15/B,R-41159492,IS 10322 (PART 5/SEC1):2012,4949,"Guangdong Sat Technology Co. Ltd., No. 11 Lianbao Rd, Shengfeng District, Xiaolan Town, Zhongshan City, Guangdong, China – 528400",https://wsrv.nl/?url=https%3A%2F%2Fi.ibb.co%2F9990JZPf%2FTevel-black.png&output=webp&q=78
Tevel,DDI085X,36V DC,150mA,3500K, CRI>97,Φ82*H93mm,24°,7W,AJ/CG,ARAD0775/35/24/W,R-41159492,IS 10322 (PART 5/SEC1):2012,4949,"Guangdong Sat Technology Co. Ltd., No. 11 Lianbao Rd, Shengfeng District, Xiaolan Town, Zhongshan City, Guangdong, China – 528400",https://wsrv.nl/?url=https%3A%2F%2Fi.ibb.co%2FycDH7MvF%2FTevel-white.png&output=webp&q=78
Tevel,DDI085X,36V DC,150mA,3500K, CRI>97,Φ82*H93mm,24°,7W,AJ/CG,ARAD0775/35/24/B,R-41159492,IS 10322 (PART 5/SEC1):2012,4949,"Guangdong Sat Technology Co. Ltd., No. 11 Lianbao Rd, Shengfeng District, Xiaolan Town, Zhongshan City, Guangdong, China – 528400",https://wsrv.nl/?url=https%3A%2F%2Fi.ibb.co%2F9990JZPf%2FTevel-black.png&output=webp&q=78
Tevel,DDI085X,36V DC,150mA,3500K, CRI>97,Φ82*H93mm,36°,7W,AJ/CG,ARAD0775/35/36/W,R-41159492,IS 10322 (PART 5/SEC1):2012,4949,"Guangdong Sat Technology Co. Ltd., No. 11 Lianbao Rd, Shengfeng District, Xiaolan Town, Zhongshan City, Guangdong, China – 528400",https://wsrv.nl/?url=https%3A%2F%2Fi.ibb.co%2FycDH7MvF%2FTevel-white.png&output=webp&q=78
Tevel,DDI085X,36V DC,150mA,3500K, CRI>97,Φ82*H93mm,36°,7W,AJ/CG,ARAD0775/35/36/B,R-41159492,IS 10322 (PART 5/SEC1):2012,4949,"Guangdong Sat Technology Co. Ltd., No. 11 Lianbao Rd, Shengfeng District, Xiaolan Town, Zhongshan City, Guangdong, China – 528400",https://wsrv.nl/?url=https%3A%2F%2Fi.ibb.co%2F9990JZPf%2FTevel-black.png&output=webp&q=78
Tevel,DDI085X,36V DC,150mA,4000K, CRI>97,Φ82*H93mm,15°,7W,AJ/CG,ARAD0775/40/15/W,R-41159492,IS 10322 (PART 5/SEC1):2012,4949,"Guangdong Sat Technology Co. Ltd., No. 11 Lianbao Rd, Shengfeng District, Xiaolan Town, Zhongshan City, Guangdong, China – 528400",https://wsrv.nl/?url=https%3A%2F%2Fi.ibb.co%2FycDH7MvF%2FTevel-white.png&output=webp&q=78
Tevel,DDI085X,36V DC,150mA,4000K, CRI>97,Φ82*H93mm,15°,7W,AJ/CG,ARAD0775/40/15/B,R-41159492,IS 10322 (PART 5/SEC1):2012,4949,"Guangdong Sat Technology Co. Ltd., No. 11 Lianbao Rd, Shengfeng District, Xiaolan Town, Zhongshan City, Guangdong, China – 528400",https://wsrv.nl/?url=https%3A%2F%2Fi.ibb.co%2F9990JZPf%2FTevel-black.png&output=webp&q=78
Tevel,DDI085X,36V DC,150mA,4000K, CRI>97,Φ82*H93mm,24°,7W,AJ/CG,ARAD0775/40/24/W,R-41159492,IS 10322 (PART 5/SEC1):2012,4949,"Guangdong Sat Technology Co. Ltd., No. 11 Lianbao Rd, Shengfeng District, Xiaolan Town, Zhongshan City, Guangdong, China – 528400",https://wsrv.nl/?url=https%3A%2F%2Fi.ibb.co%2FycDH7MvF%2FTevel-white.png&output=webp&q=78
Tevel,DDI085X,36V DC,150mA,4000K, CRI>97,Φ82*H93mm,24°,7W,AJ/CG,ARAD0775/40/24/B,R-41159492,IS 10322 (PART 5/SEC1):2012,4949,"Guangdong Sat Technology Co. Ltd., No. 11 Lianbao Rd, Shengfeng District, Xiaolan Town, Zhongshan City, Guangdong, China – 528400",https://wsrv.nl/?url=https%3A%2F%2Fi.ibb.co%2F9990JZPf%2FTevel-black.png&output=webp&q=78
Tevel,DDI085X,36V DC,150mA,4000K, CRI>97,Φ82*H93mm,36°,7W,AJ/CG,ARAD0775/40/36/W,R-41159492,IS 10322 (PART 5/SEC1):2012,4949,"Guangdong Sat Technology Co. Ltd., No. 11 Lianbao Rd, Shengfeng District, Xiaolan Town, Zhongshan City, Guangdong, China – 528400",https://wsrv.nl/?url=https%3A%2F%2Fi.ibb.co%2FycDH7MvF%2FTevel-white.png&output=webp&q=78
Tevel,DDI085X,36V DC,150mA,4000K, CRI>97,Φ82*H93mm,36°,7W,AJ/CG,ARAD0775/40/36/B,R-41159492,IS 10322 (PART 5/SEC1):2012,4949,"Guangdong Sat Technology Co. Ltd., No. 11 Lianbao Rd, Shengfeng District, Xiaolan Town, Zhongshan City, Guangdong, China – 528400",https://wsrv.nl/?url=https%3A%2F%2Fi.ibb.co%2F9990JZPf%2FTevel-black.png&output=webp&q=78
Tevel,DDI085X,36V DC,150mA,5000K, CRI>97,Φ82*H93mm,15°,7W,AJ/CG,ARAD0775/50/15/W,R-41159492,IS 10322 (PART 5/SEC1):2012,4949,"Guangdong Sat Technology Co. Ltd., No. 11 Lianbao Rd, Shengfeng District, Xiaolan Town, Zhongshan City, Guangdong, China – 528400",https://wsrv.nl/?url=https%3A%2F%2Fi.ibb.co%2FycDH7MvF%2FTevel-white.png&output=webp&q=78
Tevel,DDI085X,36V DC,150mA,5000K, CRI>97,Φ82*H93mm,15°,7W,AJ/CG,ARAD0775/50/15/B,R-41159492,IS 10322 (PART 5/SEC1):2012,4949,"Guangdong Sat Technology Co. Ltd., No. 11 Lianbao Rd, Shengfeng District, Xiaolan Town, Zhongshan City, Guangdong, China – 528400",https://wsrv.nl/?url=https%3A%2F%2Fi.ibb.co%2F9990JZPf%2FTevel-black.png&output=webp&q=78
Tevel,DDI085X,36V DC,150mA,5000K, CRI>97,Φ82*H93mm,24°,7W,AJ/CG,ARAD0775/50/24/W,R-41159492,IS 10322 (PART 5/SEC1):2012,4949,"Guangdong Sat Technology Co. Ltd., No. 11 Lianbao Rd, Shengfeng District, Xiaolan Town, Zhongshan City, Guangdong, China – 528400",https://wsrv.nl/?url=https%3A%2F%2Fi.ibb.co%2FycDH7MvF%2FTevel-white.png&output=webp&q=78
Tevel,DDI085X,36V DC,150mA,5000K, CRI>97,Φ82*H93mm,24°,7W,AJ/CG,ARAD0775/50/24/B,R-41159492,IS 10322 (PART 5/SEC1):2012,4949,"Guangdong Sat Technology Co. Ltd., No. 11 Lianbao Rd, Shengfeng District, Xiaolan Town, Zhongshan City, Guangdong, China – 528400",https://wsrv.nl/?url=https%3A%2F%2Fi.ibb.co%2F9990JZPf%2FTevel-black.png&output=webp&q=78
Tevel,DDI085X,36V DC,150mA,5000K, CRI>97,Φ82*H93mm,36°,7W,AJ/CG,ARAD0775/50/36/W,R-41159492,IS 10322 (PART 5/SEC1):2012,4949,"Guangdong Sat Technology Co. Ltd., No. 11 Lianbao Rd, Shengfeng District, Xiaolan Town, Zhongshan City, Guangdong, China – 528400",https://wsrv.nl/?url=https%3A%2F%2Fi.ibb.co%2FycDH7MvF%2FTevel-white.png&output=webp&q=78
Tevel,DDI085X,36V DC,150mA,5000K, CRI>97,Φ82*H93mm,36°,7W,AJ/CG,ARAD0775/50/36/B,R-41159492,IS 10322 (PART 5/SEC1):2012,4949,"Guangdong Sat Technology Co. Ltd., No. 11 Lianbao Rd, Shengfeng District, Xiaolan Town, Zhongshan City, Guangdong, China – 528400",https://wsrv.nl/?url=https%3A%2F%2Fi.ibb.co%2F9990JZPf%2FTevel-black.png&output=webp&q=78
Tevel Tunable,DDI085X,36V DC,150mA,2700K~6500K, CRI>97,Φ82*H93mm,15°,7W,AJ/CG,ARAD0775/CT/15/W,R-41159492,IS 10322 (PART 5/SEC1):2012,6149,"Guangdong Sat Technology Co. Ltd., No. 11 Lianbao Rd, Shengfeng District, Xiaolan Town, Zhongshan City, Guangdong, China – 528400",https://wsrv.nl/?url=https%3A%2F%2Fi.ibb.co%2FycDH7MvF%2FTevel-white.png&output=webp&q=78
Tevel Tunable,DDI085X,36V DC,150mA,2700K~6500K, CRI>97,Φ82*H93mm,15°,7W,AJ/CG,ARAD0775/CT/15/B,R-41159492,IS 10322 (PART 5/SEC1):2012,6149,"Guangdong Sat Technology Co. Ltd., No. 11 Lianbao Rd, Shengfeng District, Xiaolan Town, Zhongshan City, Guangdong, China – 528400",https://wsrv.nl/?url=https%3A%2F%2Fi.ibb.co%2F9990JZPf%2FTevel-black.png&output=webp&q=78
Tevel Tunable,DDI085X,36V DC,150mA,2700K~6500K, CRI>97,Φ82*H93mm,24°,7W,AJ/CG,ARAD0775/CT/24/W,R-41159492,IS 10322 (PART 5/SEC1):2012,6149,"Guangdong Sat Technology Co. Ltd., No. 11 Lianbao Rd, Shengfeng District, Xiaolan Town, Zhongshan City, Guangdong, China – 528400",https://wsrv.nl/?url=https%3A%2F%2Fi.ibb.co%2FycDH7MvF%2FTevel-white.png&output=webp&q=78
Tevel Tunable,DDI085X,36V DC,150mA,2700K~6500K, CRI>97,Φ82*H93mm,24°,7W,AJ/CG,ARAD0775/CT/24/B,R-41159492,IS 10322 (PART 5/SEC1):2012,6149,"Guangdong Sat Technology Co. Ltd., No. 11 Lianbao Rd, Shengfeng District, Xiaolan Town, Zhongshan City, Guangdong, China – 528400",https://wsrv.nl/?url=https%3A%2F%2Fi.ibb.co%2F9990JZPf%2FTevel-black.png&output=webp&q=78
Tevel Tunable,DDI085X,36V DC,150mA,2700K~6500K, CRI>97,Φ82*H93mm,36°,7W,AJ/CG,ARAD0775/CT/36/W,R-41159492,IS 10322 (PART 5/SEC1):2012,6149,"Guangdong Sat Technology Co. Ltd., No. 11 Lianbao Rd, Shengfeng District, Xiaolan Town, Zhongshan City, Guangdong, China – 528400",https://wsrv.nl/?url=https%3A%2F%2Fi.ibb.co%2FycDH7MvF%2FTevel-white.png&output=webp&q=78
Tevel Tunable,DDI085X,36V DC,150mA,2700K~6500K, CRI>97,Φ82*H93mm,36°,7W,AJ/CG,ARAD0775/CT/36/B,R-41159492,IS 10322 (PART 5/SEC1):2012,6149,"Guangdong Sat Technology Co. Ltd., No. 11 Lianbao Rd, Shengfeng District, Xiaolan Town, Zhongshan City, Guangdong, China – 528400",https://wsrv.nl/?url=https%3A%2F%2Fi.ibb.co%2F9990JZPf%2FTevel-black.png&output=webp&q=78
Altair Mini,DTD075C,36V DC,160mA,2700K, CRI>97,Φ70*H107mm,15°,7W,AJ/CG,ARAS0735/27/15/W,R-41159492,IS 10322 (PART 5/SEC1):2012,5649,"Guangdong Sat Technology Co. Ltd., No. 11 Lianbao Rd, Shengfeng District, Xiaolan Town, Zhongshan City, Guangdong, China – 528400",https://wsrv.nl/?url=https%3A%2F%2Fi.ibb.co%2FXkktJG1y%2FAltair-mini-white.png&output=webp&q=78
Altair Mini,DTD075C,36V DC,160mA,2700K, CRI>97,Φ70*H107mm,15°,7W,AJ/CG,ARAS0735/27/15/B,R-41159492,IS 10322 (PART 5/SEC1):2012,5649,"Guangdong Sat Technology Co. Ltd., No. 11 Lianbao Rd, Shengfeng District, Xiaolan Town, Zhongshan City, Guangdong, China – 528400",https://wsrv.nl/?url=https%3A%2F%2Fi.ibb.co%2F7NTLvYnw%2FAltair-mini-Black.png&output=webp&q=78
Altair Mini,DTD075C,36V DC,160mA,2700K, CRI>97,Φ70*H107mm,15°,7W,AJ/CG,ARAS0735/27/15/CG,R-41159492,IS 10322 (PART 5/SEC1):2012,6649,"Guangdong Sat Technology Co. Ltd., No. 11 Lianbao Rd, Shengfeng District, Xiaolan Town, Zhongshan City, Guangdong, China – 528400",https://wsrv.nl/?url=https%3A%2F%2Fi.ibb.co%2F0p6PVgWK%2FAltair-mini-Champeign-Gold.png&output=webp&q=78
Altair Mini,DTD075C,36V DC,160mA,2700K, CRI>97,Φ70*H107mm,15°,7W,AJ/CG,ARAS0735/27/15/RG,R-41159492,IS 10322 (PART 5/SEC1):2012,6649,"Guangdong Sat Technology Co. Ltd., No. 11 Lianbao Rd, Shengfeng District, Xiaolan Town, Zhongshan City, Guangdong, China – 528400",https://wsrv.nl/?url=https%3A%2F%2Fi.ibb.co%2FnNzy0n5z%2FAltair-mini-rose-gold.png&output=webp&q=78
Altair Mini,DTD075C,36V DC,160mA,2700K, CRI>97,Φ70*H107mm,15°,7W,AJ/CG,ARAS0735/27/15/BR,R-41159492,IS 10322 (PART 5/SEC1):2012,6649,"Guangdong Sat Technology Co. Ltd., No. 11 Lianbao Rd, Shengfeng District, Xiaolan Town, Zhongshan City, Guangdong, China – 528400",https://wsrv.nl/?url=https%3A%2F%2Fi.ibb.co%2FQ3S9HhmD%2FAltair-mini-L-Brown.png&output=webp&q=78
Altair Mini,DTD075C,36V DC,160mA,2700K, CRI>97,Φ70*H107mm,15°,7W,AJ/CG,ARAS0735/27/15/COF,R-41159492,IS 10322 (PART 5/SEC1):2012,6649,"Guangdong Sat Technology Co. Ltd., No. 11 Lianbao Rd, Shengfeng District, Xiaolan Town, Zhongshan City, Guangdong, China – 528400",https://wsrv.nl/?url=https%3A%2F%2Fi.ibb.co%2Fwr7rGF2f%2FAltair-mini-cofee.png&output=webp&q=78
Altair Mini,DTD075C,36V DC,160mA,2700K, CRI>97,Φ70*H107mm,15°,7W,AJ/CG,ARAS0735/27/15/DGR,R-41159492,IS 10322 (PART 5/SEC1):2012,6649,"Guangdong Sat Technology Co. Ltd., No. 11 Lianbao Rd, Shengfeng District, Xiaolan Town, Zhongshan City, Guangdong, China – 528400",https://wsrv.nl/?url=https%3A%2F%2Fi.ibb.co%2FRkQr3qQK%2FAltair-mini-dark-gray.png&output=webp&q=78
Altair Mini,DTD075C,36V DC,160mA,2700K, CRI>97,Φ70*H107mm,15°,7W,AJ/CG,ARAS0735/27/15/BB,R-41159492,IS 10322 (PART 5/SEC1):2012,6649,"Guangdong Sat Technology Co. Ltd., No. 11 Lianbao Rd, Shengfeng District, Xiaolan Town, Zhongshan City, Guangdong, China – 528400",https://wsrv.nl/?url=https%3A%2F%2Fi.ibb.co%2Fbg5c7DKD%2FAltair-mini-ballet-blue-new.png&output=webp&q=78
Altair Mini,DTD075C,36V DC,160mA,2700K, CRI>97,Φ70*H107mm,15°,7W,AJ/CG,ARAS0735/27/15/CH,R-41159492,IS 10322 (PART 5/SEC1):2012,6649,"Guangdong Sat Technology Co. Ltd., No. 11 Lianbao Rd, Shengfeng District, Xiaolan Town, Zhongshan City, Guangdong, China – 528400",https://wsrv.nl/?url=https%3A%2F%2Fi.ibb.co%2FG4wyVYnT%2FAltair-mini-Chrome.png&output=webp&q=78
Altair Mini,DTD075C,36V DC,160mA,2700K, CRI>97,Φ70*H107mm,15°,7W,AJ/CG,ARAS0735/27/15/CHB,R-41159492,IS 10322 (PART 5/SEC1):2012,6649,"Guangdong Sat Technology Co. Ltd., No. 11 Lianbao Rd, Shengfeng District, Xiaolan Town, Zhongshan City, Guangdong, China – 528400",https://wsrv.nl/?url=https%3A%2F%2Fi.ibb.co%2FPZsybzRz%2FAltair-mini-Chrome-Black.png&output=webp&q=78
Altair Mini,DTD075C,36V DC,160mA,3000K, CRI>97,Φ70*H107mm,15°,7W,AJ/CG,ARAS0735/30/15/W,R-41159492,IS 10322 (PART 5/SEC1):2012,5649,"Guangdong Sat Technology Co. Ltd., No. 11 Lianbao Rd, Shengfeng District, Xiaolan Town, Zhongshan City, Guangdong, China – 528400",https://wsrv.nl/?url=https%3A%2F%2Fi.ibb.co%2FXkktJG1y%2FAltair-mini-white.png&output=webp&q=78
Altair Mini,DTD075C,36V DC,160mA,3000K, CRI>97,Φ70*H107mm,15°,7W,AJ/CG,ARAS0735/30/15/B,R-41159492,IS 10322 (PART 5/SEC1):2012,5649,"Guangdong Sat Technology Co. Ltd., No. 11 Lianbao Rd, Shengfeng District, Xiaolan Town, Zhongshan City, Guangdong, China – 528400",https://wsrv.nl/?url=https%3A%2F%2Fi.ibb.co%2F7NTLvYnw%2FAltair-mini-Black.png&output=webp&q=78
Altair Mini,DTD075C,36V DC,160mA,3000K, CRI>97,Φ70*H107mm,15°,7W,AJ/CG,ARAS0735/30/15/CG,R-41159492,IS 10322 (PART 5/SEC1):2012,6649,"Guangdong Sat Technology Co. Ltd., No. 11 Lianbao Rd, Shengfeng District, Xiaolan Town, Zhongshan City, Guangdong, China – 528400",https://wsrv.nl/?url=https%3A%2F%2Fi.ibb.co%2F0p6PVgWK%2FAltair-mini-Champeign-Gold.png&output=webp&q=78
Altair Mini,DTD075C,36V DC,160mA,3000K, CRI>97,Φ70*H107mm,15°,7W,AJ/CG,ARAS0735/30/15/RG,R-41159492,IS 10322 (PART 5/SEC1):2012,6649,"Guangdong Sat Technology Co. Ltd., No. 11 Lianbao Rd, Shengfeng District, Xiaolan Town, Zhongshan City, Guangdong, China – 528400",https://wsrv.nl/?url=https%3A%2F%2Fi.ibb.co%2FnNzy0n5z%2FAltair-mini-rose-gold.png&output=webp&q=78
Altair Mini,DTD075C,36V DC,160mA,3000K, CRI>97,Φ70*H107mm,15°,7W,AJ/CG,ARAS0735/30/15/BR,R-41159492,IS 10322 (PART 5/SEC1):2012,6649,"Guangdong Sat Technology Co. Ltd., No. 11 Lianbao Rd, Shengfeng District, Xiaolan Town, Zhongshan City, Guangdong, China – 528400",https://wsrv.nl/?url=https%3A%2F%2Fi.ibb.co%2FQ3S9HhmD%2FAltair-mini-L-Brown.png&output=webp&q=78
Altair Mini,DTD075C,36V DC,160mA,3000K, CRI>97,Φ70*H107mm,15°,7W,AJ/CG,ARAS0735/30/15/COF,R-41159492,IS 10322 (PART 5/SEC1):2012,6649,"Guangdong Sat Technology Co. Ltd., No. 11 Lianbao Rd, Shengfeng District, Xiaolan Town, Zhongshan City, Guangdong, China – 528400",https://wsrv.nl/?url=https%3A%2F%2Fi.ibb.co%2Fwr7rGF2f%2FAltair-mini-cofee.png&output=webp&q=78
Altair Mini,DTD075C,36V DC,160mA,3000K, CRI>97,Φ70*H107mm,15°,7W,AJ/CG,ARAS0735/30/15/DGR,R-41159492,IS 10322 (PART 5/SEC1):2012,6649,"Guangdong Sat Technology Co. Ltd., No. 11 Lianbao Rd, Shengfeng District, Xiaolan Town, Zhongshan City, Guangdong, China – 528400",https://wsrv.nl/?url=https%3A%2F%2Fi.ibb.co%2FRkQr3qQK%2FAltair-mini-dark-gray.png&output=webp&q=78
Altair Mini,DTD075C,36V DC,160mA,3000K, CRI>97,Φ70*H107mm,15°,7W,AJ/CG,ARAS0735/30/15/BB,R-41159492,IS 10322 (PART 5/SEC1):2012,6649,"Guangdong Sat Technology Co. Ltd., No. 11 Lianbao Rd, Shengfeng District, Xiaolan Town, Zhongshan City, Guangdong, China – 528400",https://wsrv.nl/?url=https%3A%2F%2Fi.ibb.co%2Fbg5c7DKD%2FAltair-mini-ballet-blue-new.png&output=webp&q=78
Altair Mini,DTD075C,36V DC,160mA,3000K, CRI>97,Φ70*H107mm,15°,7W,AJ/CG,ARAS0735/30/15/CH,R-41159492,IS 10322 (PART 5/SEC1):2012,6649,"Guangdong Sat Technology Co. Ltd., No. 11 Lianbao Rd, Shengfeng District, Xiaolan Town, Zhongshan City, Guangdong, China – 528400",https://wsrv.nl/?url=https%3A%2F%2Fi.ibb.co%2FG4wyVYnT%2FAltair-mini-Chrome.png&output=webp&q=78
Altair Mini,DTD075C,36V DC,160mA,3000K, CRI>97,Φ70*H107mm,15°,7W,AJ/CG,ARAS0735/30/15/CHB,R-41159492,IS 10322 (PART 5/SEC1):2012,6649,"Guangdong Sat Technology Co. Ltd., No. 11 Lianbao Rd, Shengfeng District, Xiaolan Town, Zhongshan City, Guangdong, China – 528400",https://wsrv.nl/?url=https%3A%2F%2Fi.ibb.co%2FPZsybzRz%2FAltair-mini-Chrome-Black.png&output=webp&q=78
Altair Mini,DTD075C,36V DC,160mA,3500K, CRI>97,Φ70*H107mm,15°,7W,AJ/CG,ARAS0735/35/15/W,R-41159492,IS 10322 (PART 5/SEC1):2012,5649,"Guangdong Sat Technology Co. Ltd., No. 11 Lianbao Rd, Shengfeng District, Xiaolan Town, Zhongshan City, Guangdong, China – 528400",https://wsrv.nl/?url=https%3A%2F%2Fi.ibb.co%2FXkktJG1y%2FAltair-mini-white.png&output=webp&q=78
Altair Mini,DTD075C,36V DC,160mA,3500K, CRI>97,Φ70*H107mm,15°,7W,AJ/CG,ARAS0735/35/15/B,R-41159492,IS 10322 (PART 5/SEC1):2012,5649,"Guangdong Sat Technology Co. Ltd., No. 11 Lianbao Rd, Shengfeng District, Xiaolan Town, Zhongshan City, Guangdong, China – 528400",https://wsrv.nl/?url=https%3A%2F%2Fi.ibb.co%2F7NTLvYnw%2FAltair-mini-Black.png&output=webp&q=78
Altair Mini,DTD075C,36V DC,160mA,3500K, CRI>97,Φ70*H107mm,15°,7W,AJ/CG,ARAS0735/35/15/CG,R-41159492,IS 10322 (PART 5/SEC1):2012,6649,"Guangdong Sat Technology Co. Ltd., No. 11 Lianbao Rd, Shengfeng District, Xiaolan Town, Zhongshan City, Guangdong, China – 528400",https://wsrv.nl/?url=https%3A%2F%2Fi.ibb.co%2F0p6PVgWK%2FAltair-mini-Champeign-Gold.png&output=webp&q=78
Altair Mini,DTD075C,36V DC,160mA,3500K, CRI>97,Φ70*H107mm,15°,7W,AJ/CG,ARAS0735/35/15/RG,R-41159492,IS 10322 (PART 5/SEC1):2012,6649,"Guangdong Sat Technology Co. Ltd., No. 11 Lianbao Rd, Shengfeng District, Xiaolan Town, Zhongshan City, Guangdong, China – 528400",https://wsrv.nl/?url=https%3A%2F%2Fi.ibb.co%2FnNzy0n5z%2FAltair-mini-rose-gold.png&output=webp&q=78
Altair Mini,DTD075C,36V DC,160mA,3500K, CRI>97,Φ70*H107mm,15°,7W,AJ/CG,ARAS0735/35/15/BR,R-41159492,IS 10322 (PART 5/SEC1):2012,6649,"Guangdong Sat Technology Co. Ltd., No. 11 Lianbao Rd, Shengfeng District, Xiaolan Town, Zhongshan City, Guangdong, China – 528400",https://wsrv.nl/?url=https%3A%2F%2Fi.ibb.co%2FQ3S9HhmD%2FAltair-mini-L-Brown.png&output=webp&q=78
Altair Mini,DTD075C,36V DC,160mA,3500K, CRI>97,Φ70*H107mm,15°,7W,AJ/CG,ARAS0735/35/15/COF,R-41159492,IS 10322 (PART 5/SEC1):2012,6649,"Guangdong Sat Technology Co. Ltd., No. 11 Lianbao Rd, Shengfeng District, Xiaolan Town, Zhongshan City, Guangdong, China – 528400",https://wsrv.nl/?url=https%3A%2F%2Fi.ibb.co%2Fwr7rGF2f%2FAltair-mini-cofee.png&output=webp&q=78
Altair Mini,DTD075C,36V DC,160mA,3500K, CRI>97,Φ70*H107mm,15°,7W,AJ/CG,ARAS0735/35/15/DGR,R-41159492,IS 10322 (PART 5/SEC1):2012,6649,"Guangdong Sat Technology Co. Ltd., No. 11 Lianbao Rd, Shengfeng District, Xiaolan Town, Zhongshan City, Guangdong, China – 528400",https://wsrv.nl/?url=https%3A%2F%2Fi.ibb.co%2FRkQr3qQK%2FAltair-mini-dark-gray.png&output=webp&q=78
Altair Mini,DTD075C,36V DC,160mA,3500K, CRI>97,Φ70*H107mm,15°,7W,AJ/CG,ARAS0735/35/15/BB,R-41159492,IS 10322 (PART 5/SEC1):2012,6649,"Guangdong Sat Technology Co. Ltd., No. 11 Lianbao Rd, Shengfeng District, Xiaolan Town, Zhongshan City, Guangdong, China – 528400",https://wsrv.nl/?url=https%3A%2F%2Fi.ibb.co%2Fbg5c7DKD%2FAltair-mini-ballet-blue-new.png&output=webp&q=78
Altair Mini,DTD075C,36V DC,160mA,3500K, CRI>97,Φ70*H107mm,15°,7W,AJ/CG,ARAS0735/35/15/CH,R-41159492,IS 10322 (PART 5/SEC1):2012,6649,"Guangdong Sat Technology Co. Ltd., No. 11 Lianbao Rd, Shengfeng District, Xiaolan Town, Zhongshan City, Guangdong, China – 528400",https://wsrv.nl/?url=https%3A%2F%2Fi.ibb.co%2FG4wyVYnT%2FAltair-mini-Chrome.png&output=webp&q=78
Altair Mini,DTD075C,36V DC,160mA,3500K, CRI>97,Φ70*H107mm,15°,7W,AJ/CG,ARAS0735/35/15/CHB,R-41159492,IS 10322 (PART 5/SEC1):2012,6649,"Guangdong Sat Technology Co. Ltd., No. 11 Lianbao Rd, Shengfeng District, Xiaolan Town, Zhongshan City, Guangdong, China – 528400",https://wsrv.nl/?url=https%3A%2F%2Fi.ibb.co%2FPZsybzRz%2FAltair-mini-Chrome-Black.png&output=webp&q=78
Altair Mini,DTD075C,36V DC,160mA,4000K, CRI>97,Φ70*H107mm,15°,7W,AJ/CG,ARAS0735/40/15/W,R-41159492,IS 10322 (PART 5/SEC1):2012,5649,"Guangdong Sat Technology Co. Ltd., No. 11 Lianbao Rd, Shengfeng District, Xiaolan Town, Zhongshan City, Guangdong, China – 528400",https://wsrv.nl/?url=https%3A%2F%2Fi.ibb.co%2FXkktJG1y%2FAltair-mini-white.png&output=webp&q=78
Altair Mini,DTD075C,36V DC,160mA,4000K, CRI>97,Φ70*H107mm,15°,7W,AJ/CG,ARAS0735/40/15/B,R-41159492,IS 10322 (PART 5/SEC1):2012,5649,"Guangdong Sat Technology Co. Ltd., No. 11 Lianbao Rd, Shengfeng District, Xiaolan Town, Zhongshan City, Guangdong, China – 528400",https://wsrv.nl/?url=https%3A%2F%2Fi.ibb.co%2F7NTLvYnw%2FAltair-mini-Black.png&output=webp&q=78
Altair Mini,DTD075C,36V DC,160mA,4000K, CRI>97,Φ70*H107mm,15°,7W,AJ/CG,ARAS0735/40/15/CG,R-41159492,IS 10322 (PART 5/SEC1):2012,6649,"Guangdong Sat Technology Co. Ltd., No. 11 Lianbao Rd, Shengfeng District, Xiaolan Town, Zhongshan City, Guangdong, China – 528400",https://wsrv.nl/?url=https%3A%2F%2Fi.ibb.co%2F0p6PVgWK%2FAltair-mini-Champeign-Gold.png&output=webp&q=78
Altair Mini,DTD075C,36V DC,160mA,4000K, CRI>97,Φ70*H107mm,15°,7W,AJ/CG,ARAS0735/40/15/RG,R-41159492,IS 10322 (PART 5/SEC1):2012,6649,"Guangdong Sat Technology Co. Ltd., No. 11 Lianbao Rd, Shengfeng District, Xiaolan Town, Zhongshan City, Guangdong, China – 528400",https://wsrv.nl/?url=https%3A%2F%2Fi.ibb.co%2FnNzy0n5z%2FAltair-mini-rose-gold.png&output=webp&q=78
Altair Mini,DTD075C,36V DC,160mA,4000K, CRI>97,Φ70*H107mm,15°,7W,AJ/CG,ARAS0735/40/15/BR,R-41159492,IS 10322 (PART 5/SEC1):2012,6649,"Guangdong Sat Technology Co. Ltd., No. 11 Lianbao Rd, Shengfeng District, Xiaolan Town, Zhongshan City, Guangdong, China – 528400",https://wsrv.nl/?url=https%3A%2F%2Fi.ibb.co%2FQ3S9HhmD%2FAltair-mini-L-Brown.png&output=webp&q=78
Altair Mini,DTD075C,36V DC,160mA,4000K, CRI>97,Φ70*H107mm,15°,7W,AJ/CG,ARAS0735/40/15/COF,R-41159492,IS 10322 (PART 5/SEC1):2012,6649,"Guangdong Sat Technology Co. Ltd., No. 11 Lianbao Rd, Shengfeng District, Xiaolan Town, Zhongshan City, Guangdong, China – 528400",https://wsrv.nl/?url=https%3A%2F%2Fi.ibb.co%2Fwr7rGF2f%2FAltair-mini-cofee.png&output=webp&q=78
Altair Mini,DTD075C,36V DC,160mA,4000K, CRI>97,Φ70*H107mm,15°,7W,AJ/CG,ARAS0735/40/15/DGR,R-41159492,IS 10322 (PART 5/SEC1):2012,6649,"Guangdong Sat Technology Co. Ltd., No. 11 Lianbao Rd, Shengfeng District, Xiaolan Town, Zhongshan City, Guangdong, China – 528400",https://wsrv.nl/?url=https%3A%2F%2Fi.ibb.co%2FRkQr3qQK%2FAltair-mini-dark-gray.png&output=webp&q=78
Altair Mini,DTD075C,36V DC,160mA,4000K, CRI>97,Φ70*H107mm,15°,7W,AJ/CG,ARAS0735/40/15/BB,R-41159492,IS 10322 (PART 5/SEC1):2012,6649,"Guangdong Sat Technology Co. Ltd., No. 11 Lianbao Rd, Shengfeng District, Xiaolan Town, Zhongshan City, Guangdong, China – 528400",https://wsrv.nl/?url=https%3A%2F%2Fi.ibb.co%2Fbg5c7DKD%2FAltair-mini-ballet-blue-new.png&output=webp&q=78
Altair Mini,DTD075C,36V DC,160mA,4000K, CRI>97,Φ70*H107mm,15°,7W,AJ/CG,ARAS0735/40/15/CH,R-41159492,IS 10322 (PART 5/SEC1):2012,6649,"Guangdong Sat Technology Co. Ltd., No. 11 Lianbao Rd, Shengfeng District, Xiaolan Town, Zhongshan City, Guangdong, China – 528400",https://wsrv.nl/?url=https%3A%2F%2Fi.ibb.co%2FG4wyVYnT%2FAltair-mini-Chrome.png&output=webp&q=78
Altair Mini,DTD075C,36V DC,160mA,4000K, CRI>97,Φ70*H107mm,15°,7W,AJ/CG,ARAS0735/40/15/CHB,R-41159492,IS 10322 (PART 5/SEC1):2012,6649,"Guangdong Sat Technology Co. Ltd., No. 11 Lianbao Rd, Shengfeng District, Xiaolan Town, Zhongshan City, Guangdong, China – 528400",https://wsrv.nl/?url=https%3A%2F%2Fi.ibb.co%2FPZsybzRz%2FAltair-mini-Chrome-Black.png&output=webp&q=78
Altair Mini,DTD075C,36V DC,160mA,5000K, CRI>97,Φ70*H107mm,15°,7W,AJ/CG,ARAS0735/50/15/W,R-41159492,IS 10322 (PART 5/SEC1):2012,5649,"Guangdong Sat Technology Co. Ltd., No. 11 Lianbao Rd, Shengfeng District, Xiaolan Town, Zhongshan City, Guangdong, China – 528400",https://wsrv.nl/?url=https%3A%2F%2Fi.ibb.co%2FXkktJG1y%2FAltair-mini-white.png&output=webp&q=78
Altair Mini,DTD075C,36V DC,160mA,5000K, CRI>97,Φ70*H107mm,15°,7W,AJ/CG,ARAS0735/50/15/B,R-41159492,IS 10322 (PART 5/SEC1):2012,5649,"Guangdong Sat Technology Co. Ltd., No. 11 Lianbao Rd, Shengfeng District, Xiaolan Town, Zhongshan City, Guangdong, China – 528400",https://wsrv.nl/?url=https%3A%2F%2Fi.ibb.co%2F7NTLvYnw%2FAltair-mini-Black.png&output=webp&q=78
Altair Mini,DTD075C,36V DC,160mA,5000K, CRI>97,Φ70*H107mm,15°,7W,AJ/CG,ARAS0735/50/15/CG,R-41159492,IS 10322 (PART 5/SEC1):2012,6649,"Guangdong Sat Technology Co. Ltd., No. 11 Lianbao Rd, Shengfeng District, Xiaolan Town, Zhongshan City, Guangdong, China – 528400",https://wsrv.nl/?url=https%3A%2F%2Fi.ibb.co%2F0p6PVgWK%2FAltair-mini-Champeign-Gold.png&output=webp&q=78
Altair Mini,DTD075C,36V DC,160mA,5000K, CRI>97,Φ70*H107mm,15°,7W,AJ/CG,ARAS0735/50/15/RG,R-41159492,IS 10322 (PART 5/SEC1):2012,6649,"Guangdong Sat Technology Co. Ltd., No. 11 Lianbao Rd, Shengfeng District, Xiaolan Town, Zhongshan City, Guangdong, China – 528400",https://wsrv.nl/?url=https%3A%2F%2Fi.ibb.co%2FnNzy0n5z%2FAltair-mini-rose-gold.png&output=webp&q=78
Altair Mini,DTD075C,36V DC,160mA,5000K, CRI>97,Φ70*H107mm,15°,7W,AJ/CG,ARAS0735/50/15/BR,R-41159492,IS 10322 (PART 5/SEC1):2012,6649,"Guangdong Sat Technology Co. Ltd., No. 11 Lianbao Rd, Shengfeng District, Xiaolan Town, Zhongshan City, Guangdong, China – 528400",https://wsrv.nl/?url=https%3A%2F%2Fi.ibb.co%2FQ3S9HhmD%2FAltair-mini-L-Brown.png&output=webp&q=78
Altair Mini,DTD075C,36V DC,160mA,5000K, CRI>97,Φ70*H107mm,15°,7W,AJ/CG,ARAS0735/50/15/COF,R-41159492,IS 10322 (PART 5/SEC1):2012,6649,"Guangdong Sat Technology Co. Ltd., No. 11 Lianbao Rd, Shengfeng District, Xiaolan Town, Zhongshan City, Guangdong, China – 528400",https://wsrv.nl/?url=https%3A%2F%2Fi.ibb.co%2Fwr7rGF2f%2FAltair-mini-cofee.png&output=webp&q=78
Altair Mini,DTD075C,36V DC,160mA,5000K, CRI>97,Φ70*H107mm,15°,7W,AJ/CG,ARAS0735/50/15/DGR,R-41159492,IS 10322 (PART 5/SEC1):2012,6649,"Guangdong Sat Technology Co. Ltd., No. 11 Lianbao Rd, Shengfeng District, Xiaolan Town, Zhongshan City, Guangdong, China – 528400",https://wsrv.nl/?url=https%3A%2F%2Fi.ibb.co%2FRkQr3qQK%2FAltair-mini-dark-gray.png&output=webp&q=78
Altair Mini,DTD075C,36V DC,160mA,5000K, CRI>97,Φ70*H107mm,15°,7W,AJ/CG,ARAS0735/50/15/BB,R-41159492,IS 10322 (PART 5/SEC1):2012,6649,"Guangdong Sat Technology Co. Ltd., No. 11 Lianbao Rd, Shengfeng District, Xiaolan Town, Zhongshan City, Guangdong, China – 528400",https://wsrv.nl/?url=https%3A%2F%2Fi.ibb.co%2Fbg5c7DKD%2FAltair-mini-ballet-blue-new.png&output=webp&q=78
Altair Mini,DTD075C,36V DC,160mA,5000K, CRI>97,Φ70*H107mm,15°,7W,AJ/CG,ARAS0735/50/15/CH,R-41159492,IS 10322 (PART 5/SEC1):2012,6649,"Guangdong Sat Technology Co. Ltd., No. 11 Lianbao Rd, Shengfeng District, Xiaolan Town, Zhongshan City, Guangdong, China – 528400",https://wsrv.nl/?url=https%3A%2F%2Fi.ibb.co%2FG4wyVYnT%2FAltair-mini-Chrome.png&output=webp&q=78
Altair Mini,DTD075C,36V DC,160mA,5000K, CRI>97,Φ70*H107mm,15°,7W,AJ/CG,ARAS0735/50/15/CHB,R-41159492,IS 10322 (PART 5/SEC1):2012,6649,"Guangdong Sat Technology Co. Ltd., No. 11 Lianbao Rd, Shengfeng District, Xiaolan Town, Zhongshan City, Guangdong, China – 528400",https://wsrv.nl/?url=https%3A%2F%2Fi.ibb.co%2FPZsybzRz%2FAltair-mini-Chrome-Black.png&output=webp&q=78
Altair Mini,DTD075C,36V DC,160mA,2700K, CRI>97,Φ70*H107mm,24°,7W,AJ/CG,ARAS0735/27/24/W,R-41159492,IS 10322 (PART 5/SEC1):2012,5649,"Guangdong Sat Technology Co. Ltd., No. 11 Lianbao Rd, Shengfeng District, Xiaolan Town, Zhongshan City, Guangdong, China – 528400",https://wsrv.nl/?url=https%3A%2F%2Fi.ibb.co%2FXkktJG1y%2FAltair-mini-white.png&output=webp&q=78
Altair Mini,DTD075C,36V DC,160mA,2700K, CRI>97,Φ70*H107mm,24°,7W,AJ/CG,ARAS0735/27/24/B,R-41159492,IS 10322 (PART 5/SEC1):2012,5649,"Guangdong Sat Technology Co. Ltd., No. 11 Lianbao Rd, Shengfeng District, Xiaolan Town, Zhongshan City, Guangdong, China – 528400",https://wsrv.nl/?url=https%3A%2F%2Fi.ibb.co%2F7NTLvYnw%2FAltair-mini-Black.png&output=webp&q=78
Altair Mini,DTD075C,36V DC,160mA,2700K, CRI>97,Φ70*H107mm,24°,7W,AJ/CG,ARAS0735/27/24/CG,R-41159492,IS 10322 (PART 5/SEC1):2012,6649,"Guangdong Sat Technology Co. Ltd., No. 11 Lianbao Rd, Shengfeng District, Xiaolan Town, Zhongshan City, Guangdong, China – 528400",https://wsrv.nl/?url=https%3A%2F%2Fi.ibb.co%2F0p6PVgWK%2FAltair-mini-Champeign-Gold.png&output=webp&q=78
Altair Mini,DTD075C,36V DC,160mA,2700K, CRI>97,Φ70*H107mm,24°,7W,AJ/CG,ARAS0735/27/24/RG,R-41159492,IS 10322 (PART 5/SEC1):2012,6649,"Guangdong Sat Technology Co. Ltd., No. 11 Lianbao Rd, Shengfeng District, Xiaolan Town, Zhongshan City, Guangdong, China – 528400",https://wsrv.nl/?url=https%3A%2F%2Fi.ibb.co%2FnNzy0n5z%2FAltair-mini-rose-gold.png&output=webp&q=78
Altair Mini,DTD075C,36V DC,160mA,2700K, CRI>97,Φ70*H107mm,24°,7W,AJ/CG,ARAS0735/27/24/BR,R-41159492,IS 10322 (PART 5/SEC1):2012,6649,"Guangdong Sat Technology Co. Ltd., No. 11 Lianbao Rd, Shengfeng District, Xiaolan Town, Zhongshan City, Guangdong, China – 528400",https://wsrv.nl/?url=https%3A%2F%2Fi.ibb.co%2FQ3S9HhmD%2FAltair-mini-L-Brown.png&output=webp&q=78
Altair Mini,DTD075C,36V DC,160mA,2700K, CRI>97,Φ70*H107mm,24°,7W,AJ/CG,ARAS0735/27/24/COF,R-41159492,IS 10322 (PART 5/SEC1):2012,6649,"Guangdong Sat Technology Co. Ltd., No. 11 Lianbao Rd, Shengfeng District, Xiaolan Town, Zhongshan City, Guangdong, China – 528400",https://wsrv.nl/?url=https%3A%2F%2Fi.ibb.co%2Fwr7rGF2f%2FAltair-mini-cofee.png&output=webp&q=78
Altair Mini,DTD075C,36V DC,160mA,2700K, CRI>97,Φ70*H107mm,24°,7W,AJ/CG,ARAS0735/27/24/DGR,R-41159492,IS 10322 (PART 5/SEC1):2012,6649,"Guangdong Sat Technology Co. Ltd., No. 11 Lianbao Rd, Shengfeng District, Xiaolan Town, Zhongshan City, Guangdong, China – 528400",https://wsrv.nl/?url=https%3A%2F%2Fi.ibb.co%2FRkQr3qQK%2FAltair-mini-dark-gray.png&output=webp&q=78
Altair Mini,DTD075C,36V DC,160mA,2700K, CRI>97,Φ70*H107mm,24°,7W,AJ/CG,ARAS0735/27/24/BB,R-41159492,IS 10322 (PART 5/SEC1):2012,6649,"Guangdong Sat Technology Co. Ltd., No. 11 Lianbao Rd, Shengfeng District, Xiaolan Town, Zhongshan City, Guangdong, China – 528400",https://wsrv.nl/?url=https%3A%2F%2Fi.ibb.co%2Fbg5c7DKD%2FAltair-mini-ballet-blue-new.png&output=webp&q=78
Altair Mini,DTD075C,36V DC,160mA,2700K, CRI>97,Φ70*H107mm,24°,7W,AJ/CG,ARAS0735/27/24/CH,R-41159492,IS 10322 (PART 5/SEC1):2012,6649,"Guangdong Sat Technology Co. Ltd., No. 11 Lianbao Rd, Shengfeng District, Xiaolan Town, Zhongshan City, Guangdong, China – 528400",https://wsrv.nl/?url=https%3A%2F%2Fi.ibb.co%2FG4wyVYnT%2FAltair-mini-Chrome.png&output=webp&q=78
Altair Mini,DTD075C,36V DC,160mA,2700K, CRI>97,Φ70*H107mm,24°,7W,AJ/CG,ARAS0735/27/24/CHB,R-41159492,IS 10322 (PART 5/SEC1):2012,6649,"Guangdong Sat Technology Co. Ltd., No. 11 Lianbao Rd, Shengfeng District, Xiaolan Town, Zhongshan City, Guangdong, China – 528400",https://wsrv.nl/?url=https%3A%2F%2Fi.ibb.co%2FPZsybzRz%2FAltair-mini-Chrome-Black.png&output=webp&q=78
Altair Mini,DTD075C,36V DC,160mA,3000K, CRI>97,Φ70*H107mm,24°,7W,AJ/CG,ARAS0735/30/24/W,R-41159492,IS 10322 (PART 5/SEC1):2012,5649,"Guangdong Sat Technology Co. Ltd., No. 11 Lianbao Rd, Shengfeng District, Xiaolan Town, Zhongshan City, Guangdong, China – 528400",https://wsrv.nl/?url=https%3A%2F%2Fi.ibb.co%2FXkktJG1y%2FAltair-mini-white.png&output=webp&q=78
Altair Mini,DTD075C,36V DC,160mA,3000K, CRI>97,Φ70*H107mm,24°,7W,AJ/CG,ARAS0735/30/24/B,R-41159492,IS 10322 (PART 5/SEC1):2012,5649,"Guangdong Sat Technology Co. Ltd., No. 11 Lianbao Rd, Shengfeng District, Xiaolan Town, Zhongshan City, Guangdong, China – 528400",https://wsrv.nl/?url=https%3A%2F%2Fi.ibb.co%2F7NTLvYnw%2FAltair-mini-Black.png&output=webp&q=78
Altair Mini,DTD075C,36V DC,160mA,3000K, CRI>97,Φ70*H107mm,24°,7W,AJ/CG,ARAS0735/30/24/CG,R-41159492,IS 10322 (PART 5/SEC1):2012,6649,"Guangdong Sat Technology Co. Ltd., No. 11 Lianbao Rd, Shengfeng District, Xiaolan Town, Zhongshan City, Guangdong, China – 528400",https://wsrv.nl/?url=https%3A%2F%2Fi.ibb.co%2F0p6PVgWK%2FAltair-mini-Champeign-Gold.png&output=webp&q=78
Altair Mini,DTD075C,36V DC,160mA,3000K, CRI>97,Φ70*H107mm,24°,7W,AJ/CG,ARAS0735/30/24/RG,R-41159492,IS 10322 (PART 5/SEC1):2012,6649,"Guangdong Sat Technology Co. Ltd., No. 11 Lianbao Rd, Shengfeng District, Xiaolan Town, Zhongshan City, Guangdong, China – 528400",https://wsrv.nl/?url=https%3A%2F%2Fi.ibb.co%2FnNzy0n5z%2FAltair-mini-rose-gold.png&output=webp&q=78
Altair Mini,DTD075C,36V DC,160mA,3000K, CRI>97,Φ70*H107mm,24°,7W,AJ/CG,ARAS0735/30/24/BR,R-41159492,IS 10322 (PART 5/SEC1):2012,6649,"Guangdong Sat Technology Co. Ltd., No. 11 Lianbao Rd, Shengfeng District, Xiaolan Town, Zhongshan City, Guangdong, China – 528400",https://wsrv.nl/?url=https%3A%2F%2Fi.ibb.co%2FQ3S9HhmD%2FAltair-mini-L-Brown.png&output=webp&q=78
Altair Mini,DTD075C,36V DC,160mA,3000K, CRI>97,Φ70*H107mm,24°,7W,AJ/CG,ARAS0735/30/24/COF,R-41159492,IS 10322 (PART 5/SEC1):2012,6649,"Guangdong Sat Technology Co. Ltd., No. 11 Lianbao Rd, Shengfeng District, Xiaolan Town, Zhongshan City, Guangdong, China – 528400",https://wsrv.nl/?url=https%3A%2F%2Fi.ibb.co%2Fwr7rGF2f%2FAltair-mini-cofee.png&output=webp&q=78
Altair Mini,DTD075C,36V DC,160mA,3000K, CRI>97,Φ70*H107mm,24°,7W,AJ/CG,ARAS0735/30/24/DGR,R-41159492,IS 10322 (PART 5/SEC1):2012,6649,"Guangdong Sat Technology Co. Ltd., No. 11 Lianbao Rd, Shengfeng District, Xiaolan Town, Zhongshan City, Guangdong, China – 528400",https://wsrv.nl/?url=https%3A%2F%2Fi.ibb.co%2FRkQr3qQK%2FAltair-mini-dark-gray.png&output=webp&q=78
Altair Mini,DTD075C,36V DC,160mA,3000K, CRI>97,Φ70*H107mm,24°,7W,AJ/CG,ARAS0735/30/24/BB,R-41159492,IS 10322 (PART 5/SEC1):2012,6649,"Guangdong Sat Technology Co. Ltd., No. 11 Lianbao Rd, Shengfeng District, Xiaolan Town, Zhongshan City, Guangdong, China – 528400",https://wsrv.nl/?url=https%3A%2F%2Fi.ibb.co%2Fbg5c7DKD%2FAltair-mini-ballet-blue-new.png&output=webp&q=78
Altair Mini,DTD075C,36V DC,160mA,3000K, CRI>97,Φ70*H107mm,24°,7W,AJ/CG,ARAS0735/30/24/CH,R-41159492,IS 10322 (PART 5/SEC1):2012,6649,"Guangdong Sat Technology Co. Ltd., No. 11 Lianbao Rd, Shengfeng District, Xiaolan Town, Zhongshan City, Guangdong, China – 528400",https://wsrv.nl/?url=https%3A%2F%2Fi.ibb.co%2FG4wyVYnT%2FAltair-mini-Chrome.png&output=webp&q=78
Altair Mini,DTD075C,36V DC,160mA,3000K, CRI>97,Φ70*H107mm,24°,7W,AJ/CG,ARAS0735/30/24/CHB,R-41159492,IS 10322 (PART 5/SEC1):2012,6649,"Guangdong Sat Technology Co. Ltd., No. 11 Lianbao Rd, Shengfeng District, Xiaolan Town, Zhongshan City, Guangdong, China – 528400",https://wsrv.nl/?url=https%3A%2F%2Fi.ibb.co%2FPZsybzRz%2FAltair-mini-Chrome-Black.png&output=webp&q=78
Altair Mini,DTD075C,36V DC,160mA,3500K, CRI>97,Φ70*H107mm,24°,7W,AJ/CG,ARAS0735/35/24/W,R-41159492,IS 10322 (PART 5/SEC1):2012,5649,"Guangdong Sat Technology Co. Ltd., No. 11 Lianbao Rd, Shengfeng District, Xiaolan Town, Zhongshan City, Guangdong, China – 528400",https://wsrv.nl/?url=https%3A%2F%2Fi.ibb.co%2FXkktJG1y%2FAltair-mini-white.png&output=webp&q=78
Altair Mini,DTD075C,36V DC,160mA,3500K, CRI>97,Φ70*H107mm,24°,7W,AJ/CG,ARAS0735/35/24/B,R-41159492,IS 10322 (PART 5/SEC1):2012,5649,"Guangdong Sat Technology Co. Ltd., No. 11 Lianbao Rd, Shengfeng District, Xiaolan Town, Zhongshan City, Guangdong, China – 528400",https://wsrv.nl/?url=https%3A%2F%2Fi.ibb.co%2F7NTLvYnw%2FAltair-mini-Black.png&output=webp&q=78
Altair Mini,DTD075C,36V DC,160mA,3500K, CRI>97,Φ70*H107mm,24°,7W,AJ/CG,ARAS0735/35/24/CG,R-41159492,IS 10322 (PART 5/SEC1):2012,6649,"Guangdong Sat Technology Co. Ltd., No. 11 Lianbao Rd, Shengfeng District, Xiaolan Town, Zhongshan City, Guangdong, China – 528400",https://wsrv.nl/?url=https%3A%2F%2Fi.ibb.co%2F0p6PVgWK%2FAltair-mini-Champeign-Gold.png&output=webp&q=78
Altair Mini,DTD075C,36V DC,160mA,3500K, CRI>97,Φ70*H107mm,24°,7W,AJ/CG,ARAS0735/35/24/RG,R-41159492,IS 10322 (PART 5/SEC1):2012,6649,"Guangdong Sat Technology Co. Ltd., No. 11 Lianbao Rd, Shengfeng District, Xiaolan Town, Zhongshan City, Guangdong, China – 528400",https://wsrv.nl/?url=https%3A%2F%2Fi.ibb.co%2FnNzy0n5z%2FAltair-mini-rose-gold.png&output=webp&q=78
Altair Mini,DTD075C,36V DC,160mA,3500K, CRI>97,Φ70*H107mm,24°,7W,AJ/CG,ARAS0735/35/24/BR,R-41159492,IS 10322 (PART 5/SEC1):2012,6649,"Guangdong Sat Technology Co. Ltd., No. 11 Lianbao Rd, Shengfeng District, Xiaolan Town, Zhongshan City, Guangdong, China – 528400",https://wsrv.nl/?url=https%3A%2F%2Fi.ibb.co%2FQ3S9HhmD%2FAltair-mini-L-Brown.png&output=webp&q=78
Altair Mini,DTD075C,36V DC,160mA,3500K, CRI>97,Φ70*H107mm,24°,7W,AJ/CG,ARAS0735/35/24/COF,R-41159492,IS 10322 (PART 5/SEC1):2012,6649,"Guangdong Sat Technology Co. Ltd., No. 11 Lianbao Rd, Shengfeng District, Xiaolan Town, Zhongshan City, Guangdong, China – 528400",https://wsrv.nl/?url=https%3A%2F%2Fi.ibb.co%2Fwr7rGF2f%2FAltair-mini-cofee.png&output=webp&q=78
Altair Mini,DTD075C,36V DC,160mA,3500K, CRI>97,Φ70*H107mm,24°,7W,AJ/CG,ARAS0735/35/24/DGR,R-41159492,IS 10322 (PART 5/SEC1):2012,6649,"Guangdong Sat Technology Co. Ltd., No. 11 Lianbao Rd, Shengfeng District, Xiaolan Town, Zhongshan City, Guangdong, China – 528400",https://wsrv.nl/?url=https%3A%2F%2Fi.ibb.co%2FRkQr3qQK%2FAltair-mini-dark-gray.png&output=webp&q=78
Altair Mini,DTD075C,36V DC,160mA,3500K, CRI>97,Φ70*H107mm,24°,7W,AJ/CG,ARAS0735/35/24/BB,R-41159492,IS 10322 (PART 5/SEC1):2012,6649,"Guangdong Sat Technology Co. Ltd., No. 11 Lianbao Rd, Shengfeng District, Xiaolan Town, Zhongshan City, Guangdong, China – 528400",https://wsrv.nl/?url=https%3A%2F%2Fi.ibb.co%2Fbg5c7DKD%2FAltair-mini-ballet-blue-new.png&output=webp&q=78
Altair Mini,DTD075C,36V DC,160mA,3500K, CRI>97,Φ70*H107mm,24°,7W,AJ/CG,ARAS0735/35/24/CH,R-41159492,IS 10322 (PART 5/SEC1):2012,6649,"Guangdong Sat Technology Co. Ltd., No. 11 Lianbao Rd, Shengfeng District, Xiaolan Town, Zhongshan City, Guangdong, China – 528400",https://wsrv.nl/?url=https%3A%2F%2Fi.ibb.co%2FG4wyVYnT%2FAltair-mini-Chrome.png&output=webp&q=78
Altair Mini,DTD075C,36V DC,160mA,3500K, CRI>97,Φ70*H107mm,24°,7W,AJ/CG,ARAS0735/35/24/CHB,R-41159492,IS 10322 (PART 5/SEC1):2012,6649,"Guangdong Sat Technology Co. Ltd., No. 11 Lianbao Rd, Shengfeng District, Xiaolan Town, Zhongshan City, Guangdong, China – 528400",https://wsrv.nl/?url=https%3A%2F%2Fi.ibb.co%2FPZsybzRz%2FAltair-mini-Chrome-Black.png&output=webp&q=78
Altair Mini,DTD075C,36V DC,160mA,4000K, CRI>97,Φ70*H107mm,24°,7W,AJ/CG,ARAS0735/40/24/W,R-41159492,IS 10322 (PART 5/SEC1):2012,5649,"Guangdong Sat Technology Co. Ltd., No. 11 Lianbao Rd, Shengfeng District, Xiaolan Town, Zhongshan City, Guangdong, China – 528400",https://wsrv.nl/?url=https%3A%2F%2Fi.ibb.co%2FXkktJG1y%2FAltair-mini-white.png&output=webp&q=78
Altair Mini,DTD075C,36V DC,160mA,4000K, CRI>97,Φ70*H107mm,24°,7W,AJ/CG,ARAS0735/40/24/B,R-41159492,IS 10322 (PART 5/SEC1):2012,5649,"Guangdong Sat Technology Co. Ltd., No. 11 Lianbao Rd, Shengfeng District, Xiaolan Town, Zhongshan City, Guangdong, China – 528400",https://wsrv.nl/?url=https%3A%2F%2Fi.ibb.co%2F7NTLvYnw%2FAltair-mini-Black.png&output=webp&q=78
Altair Mini,DTD075C,36V DC,160mA,4000K, CRI>97,Φ70*H107mm,24°,7W,AJ/CG,ARAS0735/40/24/CG,R-41159492,IS 10322 (PART 5/SEC1):2012,6649,"Guangdong Sat Technology Co. Ltd., No. 11 Lianbao Rd, Shengfeng District, Xiaolan Town, Zhongshan City, Guangdong, China – 528400",https://wsrv.nl/?url=https%3A%2F%2Fi.ibb.co%2F0p6PVgWK%2FAltair-mini-Champeign-Gold.png&output=webp&q=78
Altair Mini,DTD075C,36V DC,160mA,4000K, CRI>97,Φ70*H107mm,24°,7W,AJ/CG,ARAS0735/40/24/RG,R-41159492,IS 10322 (PART 5/SEC1):2012,6649,"Guangdong Sat Technology Co. Ltd., No. 11 Lianbao Rd, Shengfeng District, Xiaolan Town, Zhongshan City, Guangdong, China – 528400",https://wsrv.nl/?url=https%3A%2F%2Fi.ibb.co%2FnNzy0n5z%2FAltair-mini-rose-gold.png&output=webp&q=78
Altair Mini,DTD075C,36V DC,160mA,4000K, CRI>97,Φ70*H107mm,24°,7W,AJ/CG,ARAS0735/40/24/BR,R-41159492,IS 10322 (PART 5/SEC1):2012,6649,"Guangdong Sat Technology Co. Ltd., No. 11 Lianbao Rd, Shengfeng District, Xiaolan Town, Zhongshan City, Guangdong, China – 528400",https://wsrv.nl/?url=https%3A%2F%2Fi.ibb.co%2FQ3S9HhmD%2FAltair-mini-L-Brown.png&output=webp&q=78
Altair Mini,DTD075C,36V DC,160mA,4000K, CRI>97,Φ70*H107mm,24°,7W,AJ/CG,ARAS0735/40/24/COF,R-41159492,IS 10322 (PART 5/SEC1):2012,6649,"Guangdong Sat Technology Co. Ltd., No. 11 Lianbao Rd, Shengfeng District, Xiaolan Town, Zhongshan City, Guangdong, China – 528400",https://wsrv.nl/?url=https%3A%2F%2Fi.ibb.co%2Fwr7rGF2f%2FAltair-mini-cofee.png&output=webp&q=78
Altair Mini,DTD075C,36V DC,160mA,4000K, CRI>97,Φ70*H107mm,24°,7W,AJ/CG,ARAS0735/40/24/DGR,R-41159492,IS 10322 (PART 5/SEC1):2012,6649,"Guangdong Sat Technology Co. Ltd., No. 11 Lianbao Rd, Shengfeng District, Xiaolan Town, Zhongshan City, Guangdong, China – 528400",https://wsrv.nl/?url=https%3A%2F%2Fi.ibb.co%2FRkQr3qQK%2FAltair-mini-dark-gray.png&output=webp&q=78
Altair Mini,DTD075C,36V DC,160mA,4000K, CRI>97,Φ70*H107mm,24°,7W,AJ/CG,ARAS0735/40/24/BB,R-41159492,IS 10322 (PART 5/SEC1):2012,6649,"Guangdong Sat Technology Co. Ltd., No. 11 Lianbao Rd, Shengfeng District, Xiaolan Town, Zhongshan City, Guangdong, China – 528400",https://wsrv.nl/?url=https%3A%2F%2Fi.ibb.co%2Fbg5c7DKD%2FAltair-mini-ballet-blue-new.png&output=webp&q=78
Altair Mini,DTD075C,36V DC,160mA,4000K, CRI>97,Φ70*H107mm,24°,7W,AJ/CG,ARAS0735/40/24/CH,R-41159492,IS 10322 (PART 5/SEC1):2012,6649,"Guangdong Sat Technology Co. Ltd., No. 11 Lianbao Rd, Shengfeng District, Xiaolan Town, Zhongshan City, Guangdong, China – 528400",https://wsrv.nl/?url=https%3A%2F%2Fi.ibb.co%2FG4wyVYnT%2FAltair-mini-Chrome.png&output=webp&q=78
Altair Mini,DTD075C,36V DC,160mA,4000K, CRI>97,Φ70*H107mm,24°,7W,AJ/CG,ARAS0735/40/24/CHB,R-41159492,IS 10322 (PART 5/SEC1):2012,6649,"Guangdong Sat Technology Co. Ltd., No. 11 Lianbao Rd, Shengfeng District, Xiaolan Town, Zhongshan City, Guangdong, China – 528400",https://wsrv.nl/?url=https%3A%2F%2Fi.ibb.co%2FPZsybzRz%2FAltair-mini-Chrome-Black.png&output=webp&q=78
Altair Mini,DTD075C,36V DC,160mA,5000K, CRI>97,Φ70*H107mm,24°,7W,AJ/CG,ARAS0735/50/24/W,R-41159492,IS 10322 (PART 5/SEC1):2012,5649,"Guangdong Sat Technology Co. Ltd., No. 11 Lianbao Rd, Shengfeng District, Xiaolan Town, Zhongshan City, Guangdong, China – 528400",https://wsrv.nl/?url=https%3A%2F%2Fi.ibb.co%2FXkktJG1y%2FAltair-mini-white.png&output=webp&q=78
Altair Mini,DTD075C,36V DC,160mA,5000K, CRI>97,Φ70*H107mm,24°,7W,AJ/CG,ARAS0735/50/24/B,R-41159492,IS 10322 (PART 5/SEC1):2012,5649,"Guangdong Sat Technology Co. Ltd., No. 11 Lianbao Rd, Shengfeng District, Xiaolan Town, Zhongshan City, Guangdong, China – 528400",https://wsrv.nl/?url=https%3A%2F%2Fi.ibb.co%2F7NTLvYnw%2FAltair-mini-Black.png&output=webp&q=78
Altair Mini,DTD075C,36V DC,160mA,5000K, CRI>97,Φ70*H107mm,24°,7W,AJ/CG,ARAS0735/50/24/CG,R-41159492,IS 10322 (PART 5/SEC1):2012,6649,"Guangdong Sat Technology Co. Ltd., No. 11 Lianbao Rd, Shengfeng District, Xiaolan Town, Zhongshan City, Guangdong, China – 528400",https://wsrv.nl/?url=https%3A%2F%2Fi.ibb.co%2F0p6PVgWK%2FAltair-mini-Champeign-Gold.png&output=webp&q=78
Altair Mini,DTD075C,36V DC,160mA,5000K, CRI>97,Φ70*H107mm,24°,7W,AJ/CG,ARAS0735/50/24/RG,R-41159492,IS 10322 (PART 5/SEC1):2012,6649,"Guangdong Sat Technology Co. Ltd., No. 11 Lianbao Rd, Shengfeng District, Xiaolan Town, Zhongshan City, Guangdong, China – 528400",https://wsrv.nl/?url=https%3A%2F%2Fi.ibb.co%2FnNzy0n5z%2FAltair-mini-rose-gold.png&output=webp&q=78
Altair Mini,DTD075C,36V DC,160mA,5000K, CRI>97,Φ70*H107mm,24°,7W,AJ/CG,ARAS0735/50/24/BR,R-41159492,IS 10322 (PART 5/SEC1):2012,6649,"Guangdong Sat Technology Co. Ltd., No. 11 Lianbao Rd, Shengfeng District, Xiaolan Town, Zhongshan City, Guangdong, China – 528400",https://wsrv.nl/?url=https%3A%2F%2Fi.ibb.co%2FQ3S9HhmD%2FAltair-mini-L-Brown.png&output=webp&q=78
Altair Mini,DTD075C,36V DC,160mA,5000K, CRI>97,Φ70*H107mm,24°,7W,AJ/CG,ARAS0735/50/24/COF,R-41159492,IS 10322 (PART 5/SEC1):2012,6649,"Guangdong Sat Technology Co. Ltd., No. 11 Lianbao Rd, Shengfeng District, Xiaolan Town, Zhongshan City, Guangdong, China – 528400",https://wsrv.nl/?url=https%3A%2F%2Fi.ibb.co%2Fwr7rGF2f%2FAltair-mini-cofee.png&output=webp&q=78
Altair Mini,DTD075C,36V DC,160mA,5000K, CRI>97,Φ70*H107mm,24°,7W,AJ/CG,ARAS0735/50/24/DGR,R-41159492,IS 10322 (PART 5/SEC1):2012,6649,"Guangdong Sat Technology Co. Ltd., No. 11 Lianbao Rd, Shengfeng District, Xiaolan Town, Zhongshan City, Guangdong, China – 528400",https://wsrv.nl/?url=https%3A%2F%2Fi.ibb.co%2FRkQr3qQK%2FAltair-mini-dark-gray.png&output=webp&q=78
Altair Mini,DTD075C,36V DC,160mA,5000K, CRI>97,Φ70*H107mm,24°,7W,AJ/CG,ARAS0735/50/24/BB,R-41159492,IS 10322 (PART 5/SEC1):2012,6649,"Guangdong Sat Technology Co. Ltd., No. 11 Lianbao Rd, Shengfeng District, Xiaolan Town, Zhongshan City, Guangdong, China – 528400",https://wsrv.nl/?url=https%3A%2F%2Fi.ibb.co%2Fbg5c7DKD%2FAltair-mini-ballet-blue-new.png&output=webp&q=78
Altair Mini,DTD075C,36V DC,160mA,5000K, CRI>97,Φ70*H107mm,24°,7W,AJ/CG,ARAS0735/50/24/CH,R-41159492,IS 10322 (PART 5/SEC1):2012,6649,"Guangdong Sat Technology Co. Ltd., No. 11 Lianbao Rd, Shengfeng District, Xiaolan Town, Zhongshan City, Guangdong, China – 528400",https://wsrv.nl/?url=https%3A%2F%2Fi.ibb.co%2FG4wyVYnT%2FAltair-mini-Chrome.png&output=webp&q=78
Altair Mini,DTD075C,36V DC,160mA,5000K, CRI>97,Φ70*H107mm,24°,7W,AJ/CG,ARAS0735/50/24/CHB,R-41159492,IS 10322 (PART 5/SEC1):2012,6649,"Guangdong Sat Technology Co. Ltd., No. 11 Lianbao Rd, Shengfeng District, Xiaolan Town, Zhongshan City, Guangdong, China – 528400",https://wsrv.nl/?url=https%3A%2F%2Fi.ibb.co%2FPZsybzRz%2FAltair-mini-Chrome-Black.png&output=webp&q=78
Altair Mini,DTD075C,36V DC,160mA,2700K, CRI>97,Φ70*H107mm,36°,7W,AJ/CG,ARAS0735/27/36/W,R-41159492,IS 10322 (PART 5/SEC1):2012,5649,"Guangdong Sat Technology Co. Ltd., No. 11 Lianbao Rd, Shengfeng District, Xiaolan Town, Zhongshan City, Guangdong, China – 528400",https://wsrv.nl/?url=https%3A%2F%2Fi.ibb.co%2FXkktJG1y%2FAltair-mini-white.png&output=webp&q=78
Altair Mini,DTD075C,36V DC,160mA,2700K, CRI>97,Φ70*H107mm,36°,7W,AJ/CG,ARAS0735/27/36/B,R-41159492,IS 10322 (PART 5/SEC1):2012,5649,"Guangdong Sat Technology Co. Ltd., No. 11 Lianbao Rd, Shengfeng District, Xiaolan Town, Zhongshan City, Guangdong, China – 528400",https://wsrv.nl/?url=https%3A%2F%2Fi.ibb.co%2F7NTLvYnw%2FAltair-mini-Black.png&output=webp&q=78
Altair Mini,DTD075C,36V DC,160mA,2700K, CRI>97,Φ70*H107mm,36°,7W,AJ/CG,ARAS0735/27/36/CG,R-41159492,IS 10322 (PART 5/SEC1):2012,6649,"Guangdong Sat Technology Co. Ltd., No. 11 Lianbao Rd, Shengfeng District, Xiaolan Town, Zhongshan City, Guangdong, China – 528400",https://wsrv.nl/?url=https%3A%2F%2Fi.ibb.co%2F0p6PVgWK%2FAltair-mini-Champeign-Gold.png&output=webp&q=78
Altair Mini,DTD075C,36V DC,160mA,2700K, CRI>97,Φ70*H107mm,36°,7W,AJ/CG,ARAS0735/27/36/RG,R-41159492,IS 10322 (PART 5/SEC1):2012,6649,"Guangdong Sat Technology Co. Ltd., No. 11 Lianbao Rd, Shengfeng District, Xiaolan Town, Zhongshan City, Guangdong, China – 528400",https://wsrv.nl/?url=https%3A%2F%2Fi.ibb.co%2FnNzy0n5z%2FAltair-mini-rose-gold.png&output=webp&q=78
Altair Mini,DTD075C,36V DC,160mA,2700K, CRI>97,Φ70*H107mm,36°,7W,AJ/CG,ARAS0735/27/36/BR,R-41159492,IS 10322 (PART 5/SEC1):2012,6649,"Guangdong Sat Technology Co. Ltd., No. 11 Lianbao Rd, Shengfeng District, Xiaolan Town, Zhongshan City, Guangdong, China – 528400",https://wsrv.nl/?url=https%3A%2F%2Fi.ibb.co%2FQ3S9HhmD%2FAltair-mini-L-Brown.png&output=webp&q=78
Altair Mini,DTD075C,36V DC,160mA,2700K, CRI>97,Φ70*H107mm,36°,7W,AJ/CG,ARAS0735/27/36/COF,R-41159492,IS 10322 (PART 5/SEC1):2012,6649,"Guangdong Sat Technology Co. Ltd., No. 11 Lianbao Rd, Shengfeng District, Xiaolan Town, Zhongshan City, Guangdong, China – 528400",https://wsrv.nl/?url=https%3A%2F%2Fi.ibb.co%2Fwr7rGF2f%2FAltair-mini-cofee.png&output=webp&q=78
Altair Mini,DTD075C,36V DC,160mA,2700K, CRI>97,Φ70*H107mm,36°,7W,AJ/CG,ARAS0735/27/36/DGR,R-41159492,IS 10322 (PART 5/SEC1):2012,6649,"Guangdong Sat Technology Co. Ltd., No. 11 Lianbao Rd, Shengfeng District, Xiaolan Town, Zhongshan City, Guangdong, China – 528400",https://wsrv.nl/?url=https%3A%2F%2Fi.ibb.co%2FRkQr3qQK%2FAltair-mini-dark-gray.png&output=webp&q=78
Altair Mini,DTD075C,36V DC,160mA,2700K, CRI>97,Φ70*H107mm,36°,7W,AJ/CG,ARAS0735/27/36/BB,R-41159492,IS 10322 (PART 5/SEC1):2012,6649,"Guangdong Sat Technology Co. Ltd., No. 11 Lianbao Rd, Shengfeng District, Xiaolan Town, Zhongshan City, Guangdong, China – 528400",https://wsrv.nl/?url=https%3A%2F%2Fi.ibb.co%2Fbg5c7DKD%2FAltair-mini-ballet-blue-new.png&output=webp&q=78
Altair Mini,DTD075C,36V DC,160mA,2700K, CRI>97,Φ70*H107mm,36°,7W,AJ/CG,ARAS0735/27/36/CH,R-41159492,IS 10322 (PART 5/SEC1):2012,6649,"Guangdong Sat Technology Co. Ltd., No. 11 Lianbao Rd, Shengfeng District, Xiaolan Town, Zhongshan City, Guangdong, China – 528400",https://wsrv.nl/?url=https%3A%2F%2Fi.ibb.co%2FG4wyVYnT%2FAltair-mini-Chrome.png&output=webp&q=78
Altair Mini,DTD075C,36V DC,160mA,2700K, CRI>97,Φ70*H107mm,36°,7W,AJ/CG,ARAS0735/27/36/CHB,R-41159492,IS 10322 (PART 5/SEC1):2012,6649,"Guangdong Sat Technology Co. Ltd., No. 11 Lianbao Rd, Shengfeng District, Xiaolan Town, Zhongshan City, Guangdong, China – 528400",https://wsrv.nl/?url=https%3A%2F%2Fi.ibb.co%2FPZsybzRz%2FAltair-mini-Chrome-Black.png&output=webp&q=78
Altair Mini,DTD075C,36V DC,160mA,3000K, CRI>97,Φ70*H107mm,36°,7W,AJ/CG,ARAS0735/30/36/W,R-41159492,IS 10322 (PART 5/SEC1):2012,5649,"Guangdong Sat Technology Co. Ltd., No. 11 Lianbao Rd, Shengfeng District, Xiaolan Town, Zhongshan City, Guangdong, China – 528400",https://wsrv.nl/?url=https%3A%2F%2Fi.ibb.co%2FXkktJG1y%2FAltair-mini-white.png&output=webp&q=78
Altair Mini,DTD075C,36V DC,160mA,3000K, CRI>97,Φ70*H107mm,36°,7W,AJ/CG,ARAS0735/30/36/B,R-41159492,IS 10322 (PART 5/SEC1):2012,5649,"Guangdong Sat Technology Co. Ltd., No. 11 Lianbao Rd, Shengfeng District, Xiaolan Town, Zhongshan City, Guangdong, China – 528400",https://wsrv.nl/?url=https%3A%2F%2Fi.ibb.co%2F7NTLvYnw%2FAltair-mini-Black.png&output=webp&q=78
Altair Mini,DTD075C,36V DC,160mA,3000K, CRI>97,Φ70*H107mm,36°,7W,AJ/CG,ARAS0735/30/36/CG,R-41159492,IS 10322 (PART 5/SEC1):2012,6649,"Guangdong Sat Technology Co. Ltd., No. 11 Lianbao Rd, Shengfeng District, Xiaolan Town, Zhongshan City, Guangdong, China – 528400",https://wsrv.nl/?url=https%3A%2F%2Fi.ibb.co%2F0p6PVgWK%2FAltair-mini-Champeign-Gold.png&output=webp&q=78
Altair Mini,DTD075C,36V DC,160mA,3000K, CRI>97,Φ70*H107mm,36°,7W,AJ/CG,ARAS0735/30/36/RG,R-41159492,IS 10322 (PART 5/SEC1):2012,6649,"Guangdong Sat Technology Co. Ltd., No. 11 Lianbao Rd, Shengfeng District, Xiaolan Town, Zhongshan City, Guangdong, China – 528400",https://wsrv.nl/?url=https%3A%2F%2Fi.ibb.co%2FnNzy0n5z%2FAltair-mini-rose-gold.png&output=webp&q=78
Altair Mini,DTD075C,36V DC,160mA,3000K, CRI>97,Φ70*H107mm,36°,7W,AJ/CG,ARAS0735/30/36/BR,R-41159492,IS 10322 (PART 5/SEC1):2012,6649,"Guangdong Sat Technology Co. Ltd., No. 11 Lianbao Rd, Shengfeng District, Xiaolan Town, Zhongshan City, Guangdong, China – 528400",https://wsrv.nl/?url=https%3A%2F%2Fi.ibb.co%2FQ3S9HhmD%2FAltair-mini-L-Brown.png&output=webp&q=78
Altair Mini,DTD075C,36V DC,160mA,3000K, CRI>97,Φ70*H107mm,36°,7W,AJ/CG,ARAS0735/30/36/COF,R-41159492,IS 10322 (PART 5/SEC1):2012,6649,"Guangdong Sat Technology Co. Ltd., No. 11 Lianbao Rd, Shengfeng District, Xiaolan Town, Zhongshan City, Guangdong, China – 528400",https://wsrv.nl/?url=https%3A%2F%2Fi.ibb.co%2Fwr7rGF2f%2FAltair-mini-cofee.png&output=webp&q=78
Altair Mini,DTD075C,36V DC,160mA,3000K, CRI>97,Φ70*H107mm,36°,7W,AJ/CG,ARAS0735/30/36/DGR,R-41159492,IS 10322 (PART 5/SEC1):2012,6649,"Guangdong Sat Technology Co. Ltd., No. 11 Lianbao Rd, Shengfeng District, Xiaolan Town, Zhongshan City, Guangdong, China – 528400",https://wsrv.nl/?url=https%3A%2F%2Fi.ibb.co%2FRkQr3qQK%2FAltair-mini-dark-gray.png&output=webp&q=78
Altair Mini,DTD075C,36V DC,160mA,3000K, CRI>97,Φ70*H107mm,36°,7W,AJ/CG,ARAS0735/30/36/BB,R-41159492,IS 10322 (PART 5/SEC1):2012,6649,"Guangdong Sat Technology Co. Ltd., No. 11 Lianbao Rd, Shengfeng District, Xiaolan Town, Zhongshan City, Guangdong, China – 528400",https://wsrv.nl/?url=https%3A%2F%2Fi.ibb.co%2Fbg5c7DKD%2FAltair-mini-ballet-blue-new.png&output=webp&q=78
Altair Mini,DTD075C,36V DC,160mA,3000K, CRI>97,Φ70*H107mm,36°,7W,AJ/CG,ARAS0735/30/36/CH,R-41159492,IS 10322 (PART 5/SEC1):2012,6649,"Guangdong Sat Technology Co. Ltd., No. 11 Lianbao Rd, Shengfeng District, Xiaolan Town, Zhongshan City, Guangdong, China – 528400",https://wsrv.nl/?url=https%3A%2F%2Fi.ibb.co%2FG4wyVYnT%2FAltair-mini-Chrome.png&output=webp&q=78
Altair Mini,DTD075C,36V DC,160mA,3000K, CRI>97,Φ70*H107mm,36°,7W,AJ/CG,ARAS0735/30/36/CHB,R-41159492,IS 10322 (PART 5/SEC1):2012,6649,"Guangdong Sat Technology Co. Ltd., No. 11 Lianbao Rd, Shengfeng District, Xiaolan Town, Zhongshan City, Guangdong, China – 528400",https://wsrv.nl/?url=https%3A%2F%2Fi.ibb.co%2FPZsybzRz%2FAltair-mini-Chrome-Black.png&output=webp&q=78
Altair Mini,DTD075C,36V DC,160mA,3500K, CRI>97,Φ70*H107mm,36°,7W,AJ/CG,ARAS0735/35/36/W,R-41159492,IS 10322 (PART 5/SEC1):2012,5649,"Guangdong Sat Technology Co. Ltd., No. 11 Lianbao Rd, Shengfeng District, Xiaolan Town, Zhongshan City, Guangdong, China – 528400",https://wsrv.nl/?url=https%3A%2F%2Fi.ibb.co%2FXkktJG1y%2FAltair-mini-white.png&output=webp&q=78
Altair Mini,DTD075C,36V DC,160mA,3500K, CRI>97,Φ70*H107mm,36°,7W,AJ/CG,ARAS0735/35/36/B,R-41159492,IS 10322 (PART 5/SEC1):2012,5649,"Guangdong Sat Technology Co. Ltd., No. 11 Lianbao Rd, Shengfeng District, Xiaolan Town, Zhongshan City, Guangdong, China – 528400",https://wsrv.nl/?url=https%3A%2F%2Fi.ibb.co%2F7NTLvYnw%2FAltair-mini-Black.png&output=webp&q=78
Altair Mini,DTD075C,36V DC,160mA,3500K, CRI>97,Φ70*H107mm,36°,7W,AJ/CG,ARAS0735/35/36/CG,R-41159492,IS 10322 (PART 5/SEC1):2012,6649,"Guangdong Sat Technology Co. Ltd., No. 11 Lianbao Rd, Shengfeng District, Xiaolan Town, Zhongshan City, Guangdong, China – 528400",https://wsrv.nl/?url=https%3A%2F%2Fi.ibb.co%2F0p6PVgWK%2FAltair-mini-Champeign-Gold.png&output=webp&q=78
Altair Mini,DTD075C,36V DC,160mA,3500K, CRI>97,Φ70*H107mm,36°,7W,AJ/CG,ARAS0735/35/36/RG,R-41159492,IS 10322 (PART 5/SEC1):2012,6649,"Guangdong Sat Technology Co. Ltd., No. 11 Lianbao Rd, Shengfeng District, Xiaolan Town, Zhongshan City, Guangdong, China – 528400",https://wsrv.nl/?url=https%3A%2F%2Fi.ibb.co%2FnNzy0n5z%2FAltair-mini-rose-gold.png&output=webp&q=78
Altair Mini,DTD075C,36V DC,160mA,3500K, CRI>97,Φ70*H107mm,36°,7W,AJ/CG,ARAS0735/35/36/BR,R-41159492,IS 10322 (PART 5/SEC1):2012,6649,"Guangdong Sat Technology Co. Ltd., No. 11 Lianbao Rd, Shengfeng District, Xiaolan Town, Zhongshan City, Guangdong, China – 528400",https://wsrv.nl/?url=https%3A%2F%2Fi.ibb.co%2FQ3S9HhmD%2FAltair-mini-L-Brown.png&output=webp&q=78
Altair Mini,DTD075C,36V DC,160mA,3500K, CRI>97,Φ70*H107mm,36°,7W,AJ/CG,ARAS0735/35/36/COF,R-41159492,IS 10322 (PART 5/SEC1):2012,6649,"Guangdong Sat Technology Co. Ltd., No. 11 Lianbao Rd, Shengfeng District, Xiaolan Town, Zhongshan City, Guangdong, China – 528400",https://wsrv.nl/?url=https%3A%2F%2Fi.ibb.co%2Fwr7rGF2f%2FAltair-mini-cofee.png&output=webp&q=78
Altair Mini,DTD075C,36V DC,160mA,3500K, CRI>97,Φ70*H107mm,36°,7W,AJ/CG,ARAS0735/35/36/DGR,R-41159492,IS 10322 (PART 5/SEC1):2012,6649,"Guangdong Sat Technology Co. Ltd., No. 11 Lianbao Rd, Shengfeng District, Xiaolan Town, Zhongshan City, Guangdong, China – 528400",https://wsrv.nl/?url=https%3A%2F%2Fi.ibb.co%2FRkQr3qQK%2FAltair-mini-dark-gray.png&output=webp&q=78
Altair Mini,DTD075C,36V DC,160mA,3500K, CRI>97,Φ70*H107mm,36°,7W,AJ/CG,ARAS0735/35/36/BB,R-41159492,IS 10322 (PART 5/SEC1):2012,6649,"Guangdong Sat Technology Co. Ltd., No. 11 Lianbao Rd, Shengfeng District, Xiaolan Town, Zhongshan City, Guangdong, China – 528400",https://wsrv.nl/?url=https%3A%2F%2Fi.ibb.co%2Fbg5c7DKD%2FAltair-mini-ballet-blue-new.png&output=webp&q=78
Altair Mini,DTD075C,36V DC,160mA,3500K, CRI>97,Φ70*H107mm,36°,7W,AJ/CG,ARAS0735/35/36/CH,R-41159492,IS 10322 (PART 5/SEC1):2012,6649,"Guangdong Sat Technology Co. Ltd., No. 11 Lianbao Rd, Shengfeng District, Xiaolan Town, Zhongshan City, Guangdong, China – 528400",https://wsrv.nl/?url=https%3A%2F%2Fi.ibb.co%2FG4wyVYnT%2FAltair-mini-Chrome.png&output=webp&q=78
Altair Mini,DTD075C,36V DC,160mA,3500K, CRI>97,Φ70*H107mm,36°,7W,AJ/CG,ARAS0735/35/36/CHB,R-41159492,IS 10322 (PART 5/SEC1):2012,6649,"Guangdong Sat Technology Co. Ltd., No. 11 Lianbao Rd, Shengfeng District, Xiaolan Town, Zhongshan City, Guangdong, China – 528400",https://wsrv.nl/?url=https%3A%2F%2Fi.ibb.co%2FPZsybzRz%2FAltair-mini-Chrome-Black.png&output=webp&q=78
Altair Mini,DTD075C,36V DC,160mA,4000K, CRI>97,Φ70*H107mm,36°,7W,AJ/CG,ARAS0735/40/36/W,R-41159492,IS 10322 (PART 5/SEC1):2012,5649,"Guangdong Sat Technology Co. Ltd., No. 11 Lianbao Rd, Shengfeng District, Xiaolan Town, Zhongshan City, Guangdong, China – 528400",https://wsrv.nl/?url=https%3A%2F%2Fi.ibb.co%2FXkktJG1y%2FAltair-mini-white.png&output=webp&q=78
Altair Mini,DTD075C,36V DC,160mA,4000K, CRI>97,Φ70*H107mm,36°,7W,AJ/CG,ARAS0735/40/36/B,R-41159492,IS 10322 (PART 5/SEC1):2012,5649,"Guangdong Sat Technology Co. Ltd., No. 11 Lianbao Rd, Shengfeng District, Xiaolan Town, Zhongshan City, Guangdong, China – 528400",https://wsrv.nl/?url=https%3A%2F%2Fi.ibb.co%2F7NTLvYnw%2FAltair-mini-Black.png&output=webp&q=78
Altair Mini,DTD075C,36V DC,160mA,4000K, CRI>97,Φ70*H107mm,36°,7W,AJ/CG,ARAS0735/40/36/CG,R-41159492,IS 10322 (PART 5/SEC1):2012,6649,"Guangdong Sat Technology Co. Ltd., No. 11 Lianbao Rd, Shengfeng District, Xiaolan Town, Zhongshan City, Guangdong, China – 528400",https://wsrv.nl/?url=https%3A%2F%2Fi.ibb.co%2F0p6PVgWK%2FAltair-mini-Champeign-Gold.png&output=webp&q=78
Altair Mini,DTD075C,36V DC,160mA,4000K, CRI>97,Φ70*H107mm,36°,7W,AJ/CG,ARAS0735/40/36/RG,R-41159492,IS 10322 (PART 5/SEC1):2012,6649,"Guangdong Sat Technology Co. Ltd., No. 11 Lianbao Rd, Shengfeng District, Xiaolan Town, Zhongshan City, Guangdong, China – 528400",https://wsrv.nl/?url=https%3A%2F%2Fi.ibb.co%2FnNzy0n5z%2FAltair-mini-rose-gold.png&output=webp&q=78
Altair Mini,DTD075C,36V DC,160mA,4000K, CRI>97,Φ70*H107mm,36°,7W,AJ/CG,ARAS0735/40/36/BR,R-41159492,IS 10322 (PART 5/SEC1):2012,6649,"Guangdong Sat Technology Co. Ltd., No. 11 Lianbao Rd, Shengfeng District, Xiaolan Town, Zhongshan City, Guangdong, China – 528400",https://wsrv.nl/?url=https%3A%2F%2Fi.ibb.co%2FQ3S9HhmD%2FAltair-mini-L-Brown.png&output=webp&q=78
Altair Mini,DTD075C,36V DC,160mA,4000K, CRI>97,Φ70*H107mm,36°,7W,AJ/CG,ARAS0735/40/36/COF,R-41159492,IS 10322 (PART 5/SEC1):2012,6649,"Guangdong Sat Technology Co. Ltd., No. 11 Lianbao Rd, Shengfeng District, Xiaolan Town, Zhongshan City, Guangdong, China – 528400",https://wsrv.nl/?url=https%3A%2F%2Fi.ibb.co%2Fwr7rGF2f%2FAltair-mini-cofee.png&output=webp&q=78
Altair Mini,DTD075C,36V DC,160mA,4000K, CRI>97,Φ70*H107mm,36°,7W,AJ/CG,ARAS0735/40/36/DGR,R-41159492,IS 10322 (PART 5/SEC1):2012,6649,"Guangdong Sat Technology Co. Ltd., No. 11 Lianbao Rd, Shengfeng District, Xiaolan Town, Zhongshan City, Guangdong, China – 528400",https://wsrv.nl/?url=https%3A%2F%2Fi.ibb.co%2FRkQr3qQK%2FAltair-mini-dark-gray.png&output=webp&q=78
Altair Mini,DTD075C,36V DC,160mA,4000K, CRI>97,Φ70*H107mm,36°,7W,AJ/CG,ARAS0735/40/36/BB,R-41159492,IS 10322 (PART 5/SEC1):2012,6649,"Guangdong Sat Technology Co. Ltd., No. 11 Lianbao Rd, Shengfeng District, Xiaolan Town, Zhongshan City, Guangdong, China – 528400",https://wsrv.nl/?url=https%3A%2F%2Fi.ibb.co%2Fbg5c7DKD%2FAltair-mini-ballet-blue-new.png&output=webp&q=78
Altair Mini,DTD075C,36V DC,160mA,4000K, CRI>97,Φ70*H107mm,36°,7W,AJ/CG,ARAS0735/40/36/CH,R-41159492,IS 10322 (PART 5/SEC1):2012,6649,"Guangdong Sat Technology Co. Ltd., No. 11 Lianbao Rd, Shengfeng District, Xiaolan Town, Zhongshan City, Guangdong, China – 528400",https://wsrv.nl/?url=https%3A%2F%2Fi.ibb.co%2FG4wyVYnT%2FAltair-mini-Chrome.png&output=webp&q=78
Altair Mini,DTD075C,36V DC,160mA,4000K, CRI>97,Φ70*H107mm,36°,7W,AJ/CG,ARAS0735/40/36/CHB,R-41159492,IS 10322 (PART 5/SEC1):2012,6649,"Guangdong Sat Technology Co. Ltd., No. 11 Lianbao Rd, Shengfeng District, Xiaolan Town, Zhongshan City, Guangdong, China – 528400",https://wsrv.nl/?url=https%3A%2F%2Fi.ibb.co%2FPZsybzRz%2FAltair-mini-Chrome-Black.png&output=webp&q=78
Altair Mini,DTD075C,36V DC,160mA,5000K, CRI>97,Φ70*H107mm,36°,7W,AJ/CG,ARAS0735/50/36/W,R-41159492,IS 10322 (PART 5/SEC1):2012,5649,"Guangdong Sat Technology Co. Ltd., No. 11 Lianbao Rd, Shengfeng District, Xiaolan Town, Zhongshan City, Guangdong, China – 528400",https://wsrv.nl/?url=https%3A%2F%2Fi.ibb.co%2FXkktJG1y%2FAltair-mini-white.png&output=webp&q=78
Altair Mini,DTD075C,36V DC,160mA,5000K, CRI>97,Φ70*H107mm,36°,7W,AJ/CG,ARAS0735/50/36/B,R-41159492,IS 10322 (PART 5/SEC1):2012,5649,"Guangdong Sat Technology Co. Ltd., No. 11 Lianbao Rd, Shengfeng District, Xiaolan Town, Zhongshan City, Guangdong, China – 528400",https://wsrv.nl/?url=https%3A%2F%2Fi.ibb.co%2F7NTLvYnw%2FAltair-mini-Black.png&output=webp&q=78
Altair Mini,DTD075C,36V DC,160mA,5000K, CRI>97,Φ70*H107mm,36°,7W,AJ/CG,ARAS0735/50/36/CG,R-41159492,IS 10322 (PART 5/SEC1):2012,6649,"Guangdong Sat Technology Co. Ltd., No. 11 Lianbao Rd, Shengfeng District, Xiaolan Town, Zhongshan City, Guangdong, China – 528400",https://wsrv.nl/?url=https%3A%2F%2Fi.ibb.co%2F0p6PVgWK%2FAltair-mini-Champeign-Gold.png&output=webp&q=78
Altair Mini,DTD075C,36V DC,160mA,5000K, CRI>97,Φ70*H107mm,36°,7W,AJ/CG,ARAS0735/50/36/RG,R-41159492,IS 10322 (PART 5/SEC1):2012,6649,"Guangdong Sat Technology Co. Ltd., No. 11 Lianbao Rd, Shengfeng District, Xiaolan Town, Zhongshan City, Guangdong, China – 528400",https://wsrv.nl/?url=https%3A%2F%2Fi.ibb.co%2FnNzy0n5z%2FAltair-mini-rose-gold.png&output=webp&q=78
Altair Mini,DTD075C,36V DC,160mA,5000K, CRI>97,Φ70*H107mm,36°,7W,AJ/CG,ARAS0735/50/36/BR,R-41159492,IS 10322 (PART 5/SEC1):2012,6649,"Guangdong Sat Technology Co. Ltd., No. 11 Lianbao Rd, Shengfeng District, Xiaolan Town, Zhongshan City, Guangdong, China – 528400",https://wsrv.nl/?url=https%3A%2F%2Fi.ibb.co%2FQ3S9HhmD%2FAltair-mini-L-Brown.png&output=webp&q=78
Altair Mini,DTD075C,36V DC,160mA,5000K, CRI>97,Φ70*H107mm,36°,7W,AJ/CG,ARAS0735/50/36/COF,R-41159492,IS 10322 (PART 5/SEC1):2012,6649,"Guangdong Sat Technology Co. Ltd., No. 11 Lianbao Rd, Shengfeng District, Xiaolan Town, Zhongshan City, Guangdong, China – 528400",https://wsrv.nl/?url=https%3A%2F%2Fi.ibb.co%2Fwr7rGF2f%2FAltair-mini-cofee.png&output=webp&q=78
Altair Mini,DTD075C,36V DC,160mA,5000K, CRI>97,Φ70*H107mm,36°,7W,AJ/CG,ARAS0735/50/36/DGR,R-41159492,IS 10322 (PART 5/SEC1):2012,6649,"Guangdong Sat Technology Co. Ltd., No. 11 Lianbao Rd, Shengfeng District, Xiaolan Town, Zhongshan City, Guangdong, China – 528400",https://wsrv.nl/?url=https%3A%2F%2Fi.ibb.co%2FRkQr3qQK%2FAltair-mini-dark-gray.png&output=webp&q=78
Altair Mini,DTD075C,36V DC,160mA,5000K, CRI>97,Φ70*H107mm,36°,7W,AJ/CG,ARAS0735/50/36/BB,R-41159492,IS 10322 (PART 5/SEC1):2012,6649,"Guangdong Sat Technology Co. Ltd., No. 11 Lianbao Rd, Shengfeng District, Xiaolan Town, Zhongshan City, Guangdong, China – 528400",https://wsrv.nl/?url=https%3A%2F%2Fi.ibb.co%2Fbg5c7DKD%2FAltair-mini-ballet-blue-new.png&output=webp&q=78
Altair Mini,DTD075C,36V DC,160mA,5000K, CRI>97,Φ70*H107mm,36°,7W,AJ/CG,ARAS0735/50/36/CH,R-41159492,IS 10322 (PART 5/SEC1):2012,6649,"Guangdong Sat Technology Co. Ltd., No. 11 Lianbao Rd, Shengfeng District, Xiaolan Town, Zhongshan City, Guangdong, China – 528400",https://wsrv.nl/?url=https%3A%2F%2Fi.ibb.co%2FG4wyVYnT%2FAltair-mini-Chrome.png&output=webp&q=78
Altair Mini,DTD075C,36V DC,160mA,5000K, CRI>97,Φ70*H107mm,36°,7W,AJ/CG,ARAS0735/50/36/CHB,R-41159492,IS 10322 (PART 5/SEC1):2012,6649,"Guangdong Sat Technology Co. Ltd., No. 11 Lianbao Rd, Shengfeng District, Xiaolan Town, Zhongshan City, Guangdong, China – 528400",https://wsrv.nl/?url=https%3A%2F%2Fi.ibb.co%2FPZsybzRz%2FAltair-mini-Chrome-Black.png&output=webp&q=78
Altair Mini,DTD075C,36V DC,160mA,2700K, CRI>97,Φ70*H107mm,15°~45° Zoom,7W,AJ/CG,ARAS0735/27/Z/W,R-41159492,IS 10322 (PART 5/SEC1):2012,5649,"Guangdong Sat Technology Co. Ltd., No. 11 Lianbao Rd, Shengfeng District, Xiaolan Town, Zhongshan City, Guangdong, China – 528400",https://wsrv.nl/?url=https%3A%2F%2Fi.ibb.co%2FXkktJG1y%2FAltair-mini-white.png&output=webp&q=78
Altair Mini,DTD075C,36V DC,160mA,2700K, CRI>97,Φ70*H107mm,15°~45° Zoom,7W,AJ/CG,ARAS0735/27/Z/B,R-41159492,IS 10322 (PART 5/SEC1):2012,5649,"Guangdong Sat Technology Co. Ltd., No. 11 Lianbao Rd, Shengfeng District, Xiaolan Town, Zhongshan City, Guangdong, China – 528400",https://wsrv.nl/?url=https%3A%2F%2Fi.ibb.co%2F7NTLvYnw%2FAltair-mini-Black.png&output=webp&q=78
Altair Mini,DTD075C,36V DC,160mA,2700K, CRI>97,Φ70*H107mm,15°~45° Zoom,7W,AJ/CG,ARAS0735/27/Z/CG,R-41159492,IS 10322 (PART 5/SEC1):2012,6649,"Guangdong Sat Technology Co. Ltd., No. 11 Lianbao Rd, Shengfeng District, Xiaolan Town, Zhongshan City, Guangdong, China – 528400",https://wsrv.nl/?url=https%3A%2F%2Fi.ibb.co%2F0p6PVgWK%2FAltair-mini-Champeign-Gold.png&output=webp&q=78
Altair Mini,DTD075C,36V DC,160mA,2700K, CRI>97,Φ70*H107mm,15°~45° Zoom,7W,AJ/CG,ARAS0735/27/Z/RG,R-41159492,IS 10322 (PART 5/SEC1):2012,6649,"Guangdong Sat Technology Co. Ltd., No. 11 Lianbao Rd, Shengfeng District, Xiaolan Town, Zhongshan City, Guangdong, China – 528400",https://wsrv.nl/?url=https%3A%2F%2Fi.ibb.co%2FnNzy0n5z%2FAltair-mini-rose-gold.png&output=webp&q=78
Altair Mini,DTD075C,36V DC,160mA,2700K, CRI>97,Φ70*H107mm,15°~45° Zoom,7W,AJ/CG,ARAS0735/27/Z/BR,R-41159492,IS 10322 (PART 5/SEC1):2012,6649,"Guangdong Sat Technology Co. Ltd., No. 11 Lianbao Rd, Shengfeng District, Xiaolan Town, Zhongshan City, Guangdong, China – 528400",https://wsrv.nl/?url=https%3A%2F%2Fi.ibb.co%2FQ3S9HhmD%2FAltair-mini-L-Brown.png&output=webp&q=78
Altair Mini,DTD075C,36V DC,160mA,2700K, CRI>97,Φ70*H107mm,15°~45° Zoom,7W,AJ/CG,ARAS0735/27/Z/COF,R-41159492,IS 10322 (PART 5/SEC1):2012,6649,"Guangdong Sat Technology Co. Ltd., No. 11 Lianbao Rd, Shengfeng District, Xiaolan Town, Zhongshan City, Guangdong, China – 528400",https://wsrv.nl/?url=https%3A%2F%2Fi.ibb.co%2Fwr7rGF2f%2FAltair-mini-cofee.png&output=webp&q=78
Altair Mini,DTD075C,36V DC,160mA,2700K, CRI>97,Φ70*H107mm,15°~45° Zoom,7W,AJ/CG,ARAS0735/27/Z/DGR,R-41159492,IS 10322 (PART 5/SEC1):2012,6649,"Guangdong Sat Technology Co. Ltd., No. 11 Lianbao Rd, Shengfeng District, Xiaolan Town, Zhongshan City, Guangdong, China – 528400",https://wsrv.nl/?url=https%3A%2F%2Fi.ibb.co%2FRkQr3qQK%2FAltair-mini-dark-gray.png&output=webp&q=78
Altair Mini,DTD075C,36V DC,160mA,2700K, CRI>97,Φ70*H107mm,15°~45° Zoom,7W,AJ/CG,ARAS0735/27/Z/BB,R-41159492,IS 10322 (PART 5/SEC1):2012,6649,"Guangdong Sat Technology Co. Ltd., No. 11 Lianbao Rd, Shengfeng District, Xiaolan Town, Zhongshan City, Guangdong, China – 528400",https://wsrv.nl/?url=https%3A%2F%2Fi.ibb.co%2Fbg5c7DKD%2FAltair-mini-ballet-blue-new.png&output=webp&q=78
Altair Mini,DTD075C,36V DC,160mA,2700K, CRI>97,Φ70*H107mm,15°~45° Zoom,7W,AJ/CG,ARAS0735/27/Z/CH,R-41159492,IS 10322 (PART 5/SEC1):2012,6649,"Guangdong Sat Technology Co. Ltd., No. 11 Lianbao Rd, Shengfeng District, Xiaolan Town, Zhongshan City, Guangdong, China – 528400",https://wsrv.nl/?url=https%3A%2F%2Fi.ibb.co%2FG4wyVYnT%2FAltair-mini-Chrome.png&output=webp&q=78
Altair Mini,DTD075C,36V DC,160mA,2700K, CRI>97,Φ70*H107mm,15°~45° Zoom,7W,AJ/CG,ARAS0735/27/Z/CHB,R-41159492,IS 10322 (PART 5/SEC1):2012,6649,"Guangdong Sat Technology Co. Ltd., No. 11 Lianbao Rd, Shengfeng District, Xiaolan Town, Zhongshan City, Guangdong, China – 528400",https://wsrv.nl/?url=https%3A%2F%2Fi.ibb.co%2FPZsybzRz%2FAltair-mini-Chrome-Black.png&output=webp&q=78
Altair Mini,DTD075C,36V DC,160mA,3000K, CRI>97,Φ70*H107mm,15°~45° Zoom,7W,AJ/CG,ARAS0735/30/Z/W,R-41159492,IS 10322 (PART 5/SEC1):2012,5649,"Guangdong Sat Technology Co. Ltd., No. 11 Lianbao Rd, Shengfeng District, Xiaolan Town, Zhongshan City, Guangdong, China – 528400",https://wsrv.nl/?url=https%3A%2F%2Fi.ibb.co%2FXkktJG1y%2FAltair-mini-white.png&output=webp&q=78
Altair Mini,DTD075C,36V DC,160mA,3000K, CRI>97,Φ70*H107mm,15°~45° Zoom,7W,AJ/CG,ARAS0735/30/Z/B,R-41159492,IS 10322 (PART 5/SEC1):2012,5649,"Guangdong Sat Technology Co. Ltd., No. 11 Lianbao Rd, Shengfeng District, Xiaolan Town, Zhongshan City, Guangdong, China – 528400",https://wsrv.nl/?url=https%3A%2F%2Fi.ibb.co%2F7NTLvYnw%2FAltair-mini-Black.png&output=webp&q=78
Altair Mini,DTD075C,36V DC,160mA,3000K, CRI>97,Φ70*H107mm,15°~45° Zoom,7W,AJ/CG,ARAS0735/30/Z/CG,R-41159492,IS 10322 (PART 5/SEC1):2012,6649,"Guangdong Sat Technology Co. Ltd., No. 11 Lianbao Rd, Shengfeng District, Xiaolan Town, Zhongshan City, Guangdong, China – 528400",https://wsrv.nl/?url=https%3A%2F%2Fi.ibb.co%2F0p6PVgWK%2FAltair-mini-Champeign-Gold.png&output=webp&q=78
Altair Mini,DTD075C,36V DC,160mA,3000K, CRI>97,Φ70*H107mm,15°~45° Zoom,7W,AJ/CG,ARAS0735/30/Z/RG,R-41159492,IS 10322 (PART 5/SEC1):2012,6649,"Guangdong Sat Technology Co. Ltd., No. 11 Lianbao Rd, Shengfeng District, Xiaolan Town, Zhongshan City, Guangdong, China – 528400",https://wsrv.nl/?url=https%3A%2F%2Fi.ibb.co%2FnNzy0n5z%2FAltair-mini-rose-gold.png&output=webp&q=78
Altair Mini,DTD075C,36V DC,160mA,3000K, CRI>97,Φ70*H107mm,15°~45° Zoom,7W,AJ/CG,ARAS0735/30/Z/BR,R-41159492,IS 10322 (PART 5/SEC1):2012,6649,"Guangdong Sat Technology Co. Ltd., No. 11 Lianbao Rd, Shengfeng District, Xiaolan Town, Zhongshan City, Guangdong, China – 528400",https://wsrv.nl/?url=https%3A%2F%2Fi.ibb.co%2FQ3S9HhmD%2FAltair-mini-L-Brown.png&output=webp&q=78
Altair Mini,DTD075C,36V DC,160mA,3000K, CRI>97,Φ70*H107mm,15°~45° Zoom,7W,AJ/CG,ARAS0735/30/Z/COF,R-41159492,IS 10322 (PART 5/SEC1):2012,6649,"Guangdong Sat Technology Co. Ltd., No. 11 Lianbao Rd, Shengfeng District, Xiaolan Town, Zhongshan City, Guangdong, China – 528400",https://wsrv.nl/?url=https%3A%2F%2Fi.ibb.co%2Fwr7rGF2f%2FAltair-mini-cofee.png&output=webp&q=78
Altair Mini,DTD075C,36V DC,160mA,3000K, CRI>97,Φ70*H107mm,15°~45° Zoom,7W,AJ/CG,ARAS0735/30/Z/DGR,R-41159492,IS 10322 (PART 5/SEC1):2012,6649,"Guangdong Sat Technology Co. Ltd., No. 11 Lianbao Rd, Shengfeng District, Xiaolan Town, Zhongshan City, Guangdong, China – 528400",https://wsrv.nl/?url=https%3A%2F%2Fi.ibb.co%2FRkQr3qQK%2FAltair-mini-dark-gray.png&output=webp&q=78
Altair Mini,DTD075C,36V DC,160mA,3000K, CRI>97,Φ70*H107mm,15°~45° Zoom,7W,AJ/CG,ARAS0735/30/Z/BB,R-41159492,IS 10322 (PART 5/SEC1):2012,6649,"Guangdong Sat Technology Co. Ltd., No. 11 Lianbao Rd, Shengfeng District, Xiaolan Town, Zhongshan City, Guangdong, China – 528400",https://wsrv.nl/?url=https%3A%2F%2Fi.ibb.co%2Fbg5c7DKD%2FAltair-mini-ballet-blue-new.png&output=webp&q=78
Altair Mini,DTD075C,36V DC,160mA,3000K, CRI>97,Φ70*H107mm,15°~45° Zoom,7W,AJ/CG,ARAS0735/30/Z/CH,R-41159492,IS 10322 (PART 5/SEC1):2012,6649,"Guangdong Sat Technology Co. Ltd., No. 11 Lianbao Rd, Shengfeng District, Xiaolan Town, Zhongshan City, Guangdong, China – 528400",https://wsrv.nl/?url=https%3A%2F%2Fi.ibb.co%2FG4wyVYnT%2FAltair-mini-Chrome.png&output=webp&q=78
Altair Mini,DTD075C,36V DC,160mA,3000K, CRI>97,Φ70*H107mm,15°~45° Zoom,7W,AJ/CG,ARAS0735/30/Z/CHB,R-41159492,IS 10322 (PART 5/SEC1):2012,6649,"Guangdong Sat Technology Co. Ltd., No. 11 Lianbao Rd, Shengfeng District, Xiaolan Town, Zhongshan City, Guangdong, China – 528400",https://wsrv.nl/?url=https%3A%2F%2Fi.ibb.co%2FPZsybzRz%2FAltair-mini-Chrome-Black.png&output=webp&q=78
Altair Mini,DTD075C,36V DC,160mA,3500K, CRI>97,Φ70*H107mm,15°~45° Zoom,7W,AJ/CG,ARAS0735/35/Z/W,R-41159492,IS 10322 (PART 5/SEC1):2012,5649,"Guangdong Sat Technology Co. Ltd., No. 11 Lianbao Rd, Shengfeng District, Xiaolan Town, Zhongshan City, Guangdong, China – 528400",https://wsrv.nl/?url=https%3A%2F%2Fi.ibb.co%2FXkktJG1y%2FAltair-mini-white.png&output=webp&q=78
Altair Mini,DTD075C,36V DC,160mA,3500K, CRI>97,Φ70*H107mm,15°~45° Zoom,7W,AJ/CG,ARAS0735/35/Z/B,R-41159492,IS 10322 (PART 5/SEC1):2012,5649,"Guangdong Sat Technology Co. Ltd., No. 11 Lianbao Rd, Shengfeng District, Xiaolan Town, Zhongshan City, Guangdong, China – 528400",https://wsrv.nl/?url=https%3A%2F%2Fi.ibb.co%2F7NTLvYnw%2FAltair-mini-Black.png&output=webp&q=78
Altair Mini,DTD075C,36V DC,160mA,3500K, CRI>97,Φ70*H107mm,15°~45° Zoom,7W,AJ/CG,ARAS0735/35/Z/CG,R-41159492,IS 10322 (PART 5/SEC1):2012,6649,"Guangdong Sat Technology Co. Ltd., No. 11 Lianbao Rd, Shengfeng District, Xiaolan Town, Zhongshan City, Guangdong, China – 528400",https://wsrv.nl/?url=https%3A%2F%2Fi.ibb.co%2F0p6PVgWK%2FAltair-mini-Champeign-Gold.png&output=webp&q=78
Altair Mini,DTD075C,36V DC,160mA,3500K, CRI>97,Φ70*H107mm,15°~45° Zoom,7W,AJ/CG,ARAS0735/35/Z/RG,R-41159492,IS 10322 (PART 5/SEC1):2012,6649,"Guangdong Sat Technology Co. Ltd., No. 11 Lianbao Rd, Shengfeng District, Xiaolan Town, Zhongshan City, Guangdong, China – 528400",https://wsrv.nl/?url=https%3A%2F%2Fi.ibb.co%2FnNzy0n5z%2FAltair-mini-rose-gold.png&output=webp&q=78
Altair Mini,DTD075C,36V DC,160mA,3500K, CRI>97,Φ70*H107mm,15°~45° Zoom,7W,AJ/CG,ARAS0735/35/Z/BR,R-41159492,IS 10322 (PART 5/SEC1):2012,6649,"Guangdong Sat Technology Co. Ltd., No. 11 Lianbao Rd, Shengfeng District, Xiaolan Town, Zhongshan City, Guangdong, China – 528400",https://wsrv.nl/?url=https%3A%2F%2Fi.ibb.co%2FQ3S9HhmD%2FAltair-mini-L-Brown.png&output=webp&q=78
Altair Mini,DTD075C,36V DC,160mA,3500K, CRI>97,Φ70*H107mm,15°~45° Zoom,7W,AJ/CG,ARAS0735/35/Z/COF,R-41159492,IS 10322 (PART 5/SEC1):2012,6649,"Guangdong Sat Technology Co. Ltd., No. 11 Lianbao Rd, Shengfeng District, Xiaolan Town, Zhongshan City, Guangdong, China – 528400",https://wsrv.nl/?url=https%3A%2F%2Fi.ibb.co%2Fwr7rGF2f%2FAltair-mini-cofee.png&output=webp&q=78
Altair Mini,DTD075C,36V DC,160mA,3500K, CRI>97,Φ70*H107mm,15°~45° Zoom,7W,AJ/CG,ARAS0735/35/Z/DGR,R-41159492,IS 10322 (PART 5/SEC1):2012,6649,"Guangdong Sat Technology Co. Ltd., No. 11 Lianbao Rd, Shengfeng District, Xiaolan Town, Zhongshan City, Guangdong, China – 528400",https://wsrv.nl/?url=https%3A%2F%2Fi.ibb.co%2FRkQr3qQK%2FAltair-mini-dark-gray.png&output=webp&q=78
Altair Mini,DTD075C,36V DC,160mA,3500K, CRI>97,Φ70*H107mm,15°~45° Zoom,7W,AJ/CG,ARAS0735/35/Z/BB,R-41159492,IS 10322 (PART 5/SEC1):2012,6649,"Guangdong Sat Technology Co. Ltd., No. 11 Lianbao Rd, Shengfeng District, Xiaolan Town, Zhongshan City, Guangdong, China – 528400",https://wsrv.nl/?url=https%3A%2F%2Fi.ibb.co%2Fbg5c7DKD%2FAltair-mini-ballet-blue-new.png&output=webp&q=78
Altair Mini,DTD075C,36V DC,160mA,3500K, CRI>97,Φ70*H107mm,15°~45° Zoom,7W,AJ/CG,ARAS0735/35/Z/CH,R-41159492,IS 10322 (PART 5/SEC1):2012,6649,"Guangdong Sat Technology Co. Ltd., No. 11 Lianbao Rd, Shengfeng District, Xiaolan Town, Zhongshan City, Guangdong, China – 528400",https://wsrv.nl/?url=https%3A%2F%2Fi.ibb.co%2FG4wyVYnT%2FAltair-mini-Chrome.png&output=webp&q=78
Altair Mini,DTD075C,36V DC,160mA,3500K, CRI>97,Φ70*H107mm,15°~45° Zoom,7W,AJ/CG,ARAS0735/35/Z/CHB,R-41159492,IS 10322 (PART 5/SEC1):2012,6649,"Guangdong Sat Technology Co. Ltd., No. 11 Lianbao Rd, Shengfeng District, Xiaolan Town, Zhongshan City, Guangdong, China – 528400",https://wsrv.nl/?url=https%3A%2F%2Fi.ibb.co%2FPZsybzRz%2FAltair-mini-Chrome-Black.png&output=webp&q=78
Altair Mini,DTD075C,36V DC,160mA,4000K, CRI>97,Φ70*H107mm,15°~45° Zoom,7W,AJ/CG,ARAS0735/40/Z/W,R-41159492,IS 10322 (PART 5/SEC1):2012,5649,"Guangdong Sat Technology Co. Ltd., No. 11 Lianbao Rd, Shengfeng District, Xiaolan Town, Zhongshan City, Guangdong, China – 528400",https://wsrv.nl/?url=https%3A%2F%2Fi.ibb.co%2FXkktJG1y%2FAltair-mini-white.png&output=webp&q=78
Altair Mini,DTD075C,36V DC,160mA,4000K, CRI>97,Φ70*H107mm,15°~45° Zoom,7W,AJ/CG,ARAS0735/40/Z/B,R-41159492,IS 10322 (PART 5/SEC1):2012,5649,"Guangdong Sat Technology Co. Ltd., No. 11 Lianbao Rd, Shengfeng District, Xiaolan Town, Zhongshan City, Guangdong, China – 528400",https://wsrv.nl/?url=https%3A%2F%2Fi.ibb.co%2F7NTLvYnw%2FAltair-mini-Black.png&output=webp&q=78
Altair Mini,DTD075C,36V DC,160mA,4000K, CRI>97,Φ70*H107mm,15°~45° Zoom,7W,AJ/CG,ARAS0735/40/Z/CG,R-41159492,IS 10322 (PART 5/SEC1):2012,6649,"Guangdong Sat Technology Co. Ltd., No. 11 Lianbao Rd, Shengfeng District, Xiaolan Town, Zhongshan City, Guangdong, China – 528400",https://wsrv.nl/?url=https%3A%2F%2Fi.ibb.co%2F0p6PVgWK%2FAltair-mini-Champeign-Gold.png&output=webp&q=78
Altair Mini,DTD075C,36V DC,160mA,4000K, CRI>97,Φ70*H107mm,15°~45° Zoom,7W,AJ/CG,ARAS0735/40/Z/RG,R-41159492,IS 10322 (PART 5/SEC1):2012,6649,"Guangdong Sat Technology Co. Ltd., No. 11 Lianbao Rd, Shengfeng District, Xiaolan Town, Zhongshan City, Guangdong, China – 528400",https://wsrv.nl/?url=https%3A%2F%2Fi.ibb.co%2FnNzy0n5z%2FAltair-mini-rose-gold.png&output=webp&q=78
Altair Mini,DTD075C,36V DC,160mA,4000K, CRI>97,Φ70*H107mm,15°~45° Zoom,7W,AJ/CG,ARAS0735/40/Z/BR,R-41159492,IS 10322 (PART 5/SEC1):2012,6649,"Guangdong Sat Technology Co. Ltd., No. 11 Lianbao Rd, Shengfeng District, Xiaolan Town, Zhongshan City, Guangdong, China – 528400",https://wsrv.nl/?url=https%3A%2F%2Fi.ibb.co%2FQ3S9HhmD%2FAltair-mini-L-Brown.png&output=webp&q=78
Altair Mini,DTD075C,36V DC,160mA,4000K, CRI>97,Φ70*H107mm,15°~45° Zoom,7W,AJ/CG,ARAS0735/40/Z/COF,R-41159492,IS 10322 (PART 5/SEC1):2012,6649,"Guangdong Sat Technology Co. Ltd., No. 11 Lianbao Rd, Shengfeng District, Xiaolan Town, Zhongshan City, Guangdong, China – 528400",https://wsrv.nl/?url=https%3A%2F%2Fi.ibb.co%2Fwr7rGF2f%2FAltair-mini-cofee.png&output=webp&q=78
Altair Mini,DTD075C,36V DC,160mA,4000K, CRI>97,Φ70*H107mm,15°~45° Zoom,7W,AJ/CG,ARAS0735/40/Z/DGR,R-41159492,IS 10322 (PART 5/SEC1):2012,6649,"Guangdong Sat Technology Co. Ltd., No. 11 Lianbao Rd, Shengfeng District, Xiaolan Town, Zhongshan City, Guangdong, China – 528400",https://wsrv.nl/?url=https%3A%2F%2Fi.ibb.co%2FRkQr3qQK%2FAltair-mini-dark-gray.png&output=webp&q=78
Altair Mini,DTD075C,36V DC,160mA,4000K, CRI>97,Φ70*H107mm,15°~45° Zoom,7W,AJ/CG,ARAS0735/40/Z/BB,R-41159492,IS 10322 (PART 5/SEC1):2012,6649,"Guangdong Sat Technology Co. Ltd., No. 11 Lianbao Rd, Shengfeng District, Xiaolan Town, Zhongshan City, Guangdong, China – 528400",https://wsrv.nl/?url=https%3A%2F%2Fi.ibb.co%2Fbg5c7DKD%2FAltair-mini-ballet-blue-new.png&output=webp&q=78
Altair Mini,DTD075C,36V DC,160mA,4000K, CRI>97,Φ70*H107mm,15°~45° Zoom,7W,AJ/CG,ARAS0735/40/Z/CH,R-41159492,IS 10322 (PART 5/SEC1):2012,6649,"Guangdong Sat Technology Co. Ltd., No. 11 Lianbao Rd, Shengfeng District, Xiaolan Town, Zhongshan City, Guangdong, China – 528400",https://wsrv.nl/?url=https%3A%2F%2Fi.ibb.co%2FG4wyVYnT%2FAltair-mini-Chrome.png&output=webp&q=78
Altair Mini,DTD075C,36V DC,160mA,4000K, CRI>97,Φ70*H107mm,15°~45° Zoom,7W,AJ/CG,ARAS0735/40/Z/CHB,R-41159492,IS 10322 (PART 5/SEC1):2012,6649,"Guangdong Sat Technology Co. Ltd., No. 11 Lianbao Rd, Shengfeng District, Xiaolan Town, Zhongshan City, Guangdong, China – 528400",https://wsrv.nl/?url=https%3A%2F%2Fi.ibb.co%2FPZsybzRz%2FAltair-mini-Chrome-Black.png&output=webp&q=78
Altair Mini,DTD075C,36V DC,160mA,5000K, CRI>97,Φ70*H107mm,15°~45° Zoom,7W,AJ/CG,ARAS0735/50/Z/W,R-41159492,IS 10322 (PART 5/SEC1):2012,5649,"Guangdong Sat Technology Co. Ltd., No. 11 Lianbao Rd, Shengfeng District, Xiaolan Town, Zhongshan City, Guangdong, China – 528400",https://wsrv.nl/?url=https%3A%2F%2Fi.ibb.co%2FXkktJG1y%2FAltair-mini-white.png&output=webp&q=78
Altair Mini,DTD075C,36V DC,160mA,5000K, CRI>97,Φ70*H107mm,15°~45° Zoom,7W,AJ/CG,ARAS0735/50/Z/B,R-41159492,IS 10322 (PART 5/SEC1):2012,5649,"Guangdong Sat Technology Co. Ltd., No. 11 Lianbao Rd, Shengfeng District, Xiaolan Town, Zhongshan City, Guangdong, China – 528400",https://wsrv.nl/?url=https%3A%2F%2Fi.ibb.co%2F7NTLvYnw%2FAltair-mini-Black.png&output=webp&q=78
Altair Mini,DTD075C,36V DC,160mA,5000K, CRI>97,Φ70*H107mm,15°~45° Zoom,7W,AJ/CG,ARAS0735/50/Z/CG,R-41159492,IS 10322 (PART 5/SEC1):2012,6649,"Guangdong Sat Technology Co. Ltd., No. 11 Lianbao Rd, Shengfeng District, Xiaolan Town, Zhongshan City, Guangdong, China – 528400",https://wsrv.nl/?url=https%3A%2F%2Fi.ibb.co%2F0p6PVgWK%2FAltair-mini-Champeign-Gold.png&output=webp&q=78
Altair Mini,DTD075C,36V DC,160mA,5000K, CRI>97,Φ70*H107mm,15°~45° Zoom,7W,AJ/CG,ARAS0735/50/Z/RG,R-41159492,IS 10322 (PART 5/SEC1):2012,6649,"Guangdong Sat Technology Co. Ltd., No. 11 Lianbao Rd, Shengfeng District, Xiaolan Town, Zhongshan City, Guangdong, China – 528400",https://wsrv.nl/?url=https%3A%2F%2Fi.ibb.co%2FnNzy0n5z%2FAltair-mini-rose-gold.png&output=webp&q=78
Altair Mini,DTD075C,36V DC,160mA,5000K, CRI>97,Φ70*H107mm,15°~45° Zoom,7W,AJ/CG,ARAS0735/50/Z/BR,R-41159492,IS 10322 (PART 5/SEC1):2012,6649,"Guangdong Sat Technology Co. Ltd., No. 11 Lianbao Rd, Shengfeng District, Xiaolan Town, Zhongshan City, Guangdong, China – 528400",https://wsrv.nl/?url=https%3A%2F%2Fi.ibb.co%2FQ3S9HhmD%2FAltair-mini-L-Brown.png&output=webp&q=78
Altair Mini,DTD075C,36V DC,160mA,5000K, CRI>97,Φ70*H107mm,15°~45° Zoom,7W,AJ/CG,ARAS0735/50/Z/COF,R-41159492,IS 10322 (PART 5/SEC1):2012,6649,"Guangdong Sat Technology Co. Ltd., No. 11 Lianbao Rd, Shengfeng District, Xiaolan Town, Zhongshan City, Guangdong, China – 528400",https://wsrv.nl/?url=https%3A%2F%2Fi.ibb.co%2Fwr7rGF2f%2FAltair-mini-cofee.png&output=webp&q=78
Altair Mini,DTD075C,36V DC,160mA,5000K, CRI>97,Φ70*H107mm,15°~45° Zoom,7W,AJ/CG,ARAS0735/50/Z/DGR,R-41159492,IS 10322 (PART 5/SEC1):2012,6649,"Guangdong Sat Technology Co. Ltd., No. 11 Lianbao Rd, Shengfeng District, Xiaolan Town, Zhongshan City, Guangdong, China – 528400",https://wsrv.nl/?url=https%3A%2F%2Fi.ibb.co%2FRkQr3qQK%2FAltair-mini-dark-gray.png&output=webp&q=78
Altair Mini,DTD075C,36V DC,160mA,5000K, CRI>97,Φ70*H107mm,15°~45° Zoom,7W,AJ/CG,ARAS0735/50/Z/BB,R-41159492,IS 10322 (PART 5/SEC1):2012,6649,"Guangdong Sat Technology Co. Ltd., No. 11 Lianbao Rd, Shengfeng District, Xiaolan Town, Zhongshan City, Guangdong, China – 528400",https://wsrv.nl/?url=https%3A%2F%2Fi.ibb.co%2Fbg5c7DKD%2FAltair-mini-ballet-blue-new.png&output=webp&q=78
Altair Mini,DTD075C,36V DC,160mA,5000K, CRI>97,Φ70*H107mm,15°~45° Zoom,7W,AJ/CG,ARAS0735/50/Z/CH,R-41159492,IS 10322 (PART 5/SEC1):2012,6649,"Guangdong Sat Technology Co. Ltd., No. 11 Lianbao Rd, Shengfeng District, Xiaolan Town, Zhongshan City, Guangdong, China – 528400",https://wsrv.nl/?url=https%3A%2F%2Fi.ibb.co%2FG4wyVYnT%2FAltair-mini-Chrome.png&output=webp&q=78
Altair Mini,DTD075C,36V DC,160mA,5000K, CRI>97,Φ70*H107mm,15°~45° Zoom,7W,AJ/CG,ARAS0735/50/Z/CHB,R-41159492,IS 10322 (PART 5/SEC1):2012,6649,"Guangdong Sat Technology Co. Ltd., No. 11 Lianbao Rd, Shengfeng District, Xiaolan Town, Zhongshan City, Guangdong, China – 528400",https://wsrv.nl/?url=https%3A%2F%2Fi.ibb.co%2FPZsybzRz%2FAltair-mini-Chrome-Black.png&output=webp&q=78
Altair Mini Tunable,DTD075C,36V DC,160mA,2700K~6500K, CRI>97,Φ70*H107mm,15°,7W,AJ/CG,ARAS0735/CT/15/B,R-41159492,IS 10322 (PART 5/SEC1):2012,6849,"Guangdong Sat Technology Co. Ltd., No. 11 Lianbao Rd, Shengfeng District, Xiaolan Town, Zhongshan City, Guangdong, China – 528400",https://wsrv.nl/?url=https%3A%2F%2Fi.ibb.co%2F7NTLvYnw%2FAltair-mini-Black.png&output=webp&q=78
Altair Mini Tunable,DTD075C,36V DC,160mA,2700K~6500K, CRI>97,Φ70*H107mm,15°,7W,AJ/CG,ARAS0735/CT/15/COF,R-41159492,IS 10322 (PART 5/SEC1):2012,7849,"Guangdong Sat Technology Co. Ltd., No. 11 Lianbao Rd, Shengfeng District, Xiaolan Town, Zhongshan City, Guangdong, China – 528400",https://wsrv.nl/?url=https%3A%2F%2Fi.ibb.co%2Fwr7rGF2f%2FAltair-mini-cofee.png&output=webp&q=78
Altair Mini Tunable,DTD075C,36V DC,160mA,2700K~6500K, CRI>97,Φ70*H107mm,15°,7W,AJ/CG,ARAS0735/CT/15/DGR,R-41159492,IS 10322 (PART 5/SEC1):2012,7849,"Guangdong Sat Technology Co. Ltd., No. 11 Lianbao Rd, Shengfeng District, Xiaolan Town, Zhongshan City, Guangdong, China – 528400",https://wsrv.nl/?url=https%3A%2F%2Fi.ibb.co%2FRkQr3qQK%2FAltair-mini-dark-gray.png&output=webp&q=78
Altair Mini Tunable,DTD075C,36V DC,160mA,2700K~6500K, CRI>97,Φ70*H107mm,15°,7W,AJ/CG,ARAS0735/CT/15/BB,R-41159492,IS 10322 (PART 5/SEC1):2012,7849,"Guangdong Sat Technology Co. Ltd., No. 11 Lianbao Rd, Shengfeng District, Xiaolan Town, Zhongshan City, Guangdong, China – 528400",https://wsrv.nl/?url=https%3A%2F%2Fi.ibb.co%2Fbg5c7DKD%2FAltair-mini-ballet-blue-new.png&output=webp&q=78
Altair Mini Tunable,DTD075C,36V DC,160mA,2700K~6500K, CRI>97,Φ70*H107mm,15°,7W,AJ/CG,ARAS0735/CT/15/CH,R-41159492,IS 10322 (PART 5/SEC1):2012,7849,"Guangdong Sat Technology Co. Ltd., No. 11 Lianbao Rd, Shengfeng District, Xiaolan Town, Zhongshan City, Guangdong, China – 528400",https://wsrv.nl/?url=https%3A%2F%2Fi.ibb.co%2FG4wyVYnT%2FAltair-mini-Chrome.png&output=webp&q=78
Altair Mini Tunable,DTD075C,36V DC,160mA,2700K~6500K, CRI>97,Φ70*H107mm,15°,7W,AJ/CG,ARAS0735/CT/15/W,R-41159492,IS 10322 (PART 5/SEC1):2012,6849,"Guangdong Sat Technology Co. Ltd., No. 11 Lianbao Rd, Shengfeng District, Xiaolan Town, Zhongshan City, Guangdong, China – 528400",https://wsrv.nl/?url=https%3A%2F%2Fi.ibb.co%2FXkktJG1y%2FAltair-mini-white.png&output=webp&q=78
Altair Mini Tunable,DTD075C,36V DC,160mA,2700K~6500K, CRI>97,Φ70*H107mm,15°,7W,AJ/CG,ARAS0735/CT/15/CG,R-41159492,IS 10322 (PART 5/SEC1):2012,7849,"Guangdong Sat Technology Co. Ltd., No. 11 Lianbao Rd, Shengfeng District, Xiaolan Town, Zhongshan City, Guangdong, China – 528400",https://wsrv.nl/?url=https%3A%2F%2Fi.ibb.co%2F0p6PVgWK%2FAltair-mini-Champeign-Gold.png&output=webp&q=78
Altair Mini Tunable,DTD075C,36V DC,160mA,2700K~6500K, CRI>97,Φ70*H107mm,15°,7W,AJ/CG,ARAS0735/CT/15/RG,R-41159492,IS 10322 (PART 5/SEC1):2012,7849,"Guangdong Sat Technology Co. Ltd., No. 11 Lianbao Rd, Shengfeng District, Xiaolan Town, Zhongshan City, Guangdong, China – 528400",https://wsrv.nl/?url=https%3A%2F%2Fi.ibb.co%2FnNzy0n5z%2FAltair-mini-rose-gold.png&output=webp&q=78
Altair Mini Tunable,DTD075C,36V DC,160mA,2700K~6500K, CRI>97,Φ70*H107mm,15°,7W,AJ/CG,ARAS0735/CT/15/BR,R-41159492,IS 10322 (PART 5/SEC1):2012,7849,"Guangdong Sat Technology Co. Ltd., No. 11 Lianbao Rd, Shengfeng District, Xiaolan Town, Zhongshan City, Guangdong, China – 528400",https://wsrv.nl/?url=https%3A%2F%2Fi.ibb.co%2FQ3S9HhmD%2FAltair-mini-L-Brown.png&output=webp&q=78
Altair Mini Tunable,DTD075C,36V DC,160mA,2700K~6500K, CRI>97,Φ70*H107mm,15°,7W,AJ/CG,ARAS0735/CT/15/CHB,R-41159492,IS 10322 (PART 5/SEC1):2012,7849,"Guangdong Sat Technology Co. Ltd., No. 11 Lianbao Rd, Shengfeng District, Xiaolan Town, Zhongshan City, Guangdong, China – 528400",https://wsrv.nl/?url=https%3A%2F%2Fi.ibb.co%2FPZsybzRz%2FAltair-mini-Chrome-Black.png&output=webp&q=78
Altair Mini Tunable,DTD075C,36V DC,160mA,2700K~6500K, CRI>97,Φ70*H107mm,24°,7W,AJ/CG,ARAS0735/CT/24/W,R-41159492,IS 10322 (PART 5/SEC1):2012,6849,"Guangdong Sat Technology Co. Ltd., No. 11 Lianbao Rd, Shengfeng District, Xiaolan Town, Zhongshan City, Guangdong, China – 528400",https://wsrv.nl/?url=https%3A%2F%2Fi.ibb.co%2FXkktJG1y%2FAltair-mini-white.png&output=webp&q=78
Altair Mini Tunable,DTD075C,36V DC,160mA,2700K~6500K, CRI>97,Φ70*H107mm,24°,7W,AJ/CG,ARAS0735/CT/24/CG,R-41159492,IS 10322 (PART 5/SEC1):2012,7849,"Guangdong Sat Technology Co. Ltd., No. 11 Lianbao Rd, Shengfeng District, Xiaolan Town, Zhongshan City, Guangdong, China – 528400",https://wsrv.nl/?url=https%3A%2F%2Fi.ibb.co%2F0p6PVgWK%2FAltair-mini-Champeign-Gold.png&output=webp&q=78
Altair Mini Tunable,DTD075C,36V DC,160mA,2700K~6500K, CRI>97,Φ70*H107mm,24°,7W,AJ/CG,ARAS0735/CT/24/RG,R-41159492,IS 10322 (PART 5/SEC1):2012,7849,"Guangdong Sat Technology Co. Ltd., No. 11 Lianbao Rd, Shengfeng District, Xiaolan Town, Zhongshan City, Guangdong, China – 528400",https://wsrv.nl/?url=https%3A%2F%2Fi.ibb.co%2FnNzy0n5z%2FAltair-mini-rose-gold.png&output=webp&q=78
Altair Mini Tunable,DTD075C,36V DC,160mA,2700K~6500K, CRI>97,Φ70*H107mm,24°,7W,AJ/CG,ARAS0735/CT/24/BR,R-41159492,IS 10322 (PART 5/SEC1):2012,7849,"Guangdong Sat Technology Co. Ltd., No. 11 Lianbao Rd, Shengfeng District, Xiaolan Town, Zhongshan City, Guangdong, China – 528400",https://wsrv.nl/?url=https%3A%2F%2Fi.ibb.co%2FQ3S9HhmD%2FAltair-mini-L-Brown.png&output=webp&q=78
Altair Mini Tunable,DTD075C,36V DC,160mA,2700K~6500K, CRI>97,Φ70*H107mm,24°,7W,AJ/CG,ARAS0735/CT/24/CHB,R-41159492,IS 10322 (PART 5/SEC1):2012,7849,"Guangdong Sat Technology Co. Ltd., No. 11 Lianbao Rd, Shengfeng District, Xiaolan Town, Zhongshan City, Guangdong, China – 528400",https://wsrv.nl/?url=https%3A%2F%2Fi.ibb.co%2FPZsybzRz%2FAltair-mini-Chrome-Black.png&output=webp&q=78
Altair Mini Tunable,DTD075C,36V DC,160mA,2700K~6500K, CRI>97,Φ70*H107mm,24°,7W,AJ/CG,ARAS0735/CT/24/B,R-41159492,IS 10322 (PART 5/SEC1):2012,6849,"Guangdong Sat Technology Co. Ltd., No. 11 Lianbao Rd, Shengfeng District, Xiaolan Town, Zhongshan City, Guangdong, China – 528400",https://wsrv.nl/?url=https%3A%2F%2Fi.ibb.co%2F7NTLvYnw%2FAltair-mini-Black.png&output=webp&q=78
Altair Mini Tunable,DTD075C,36V DC,160mA,2700K~6500K, CRI>97,Φ70*H107mm,24°,7W,AJ/CG,ARAS0735/CT/24/COF,R-41159492,IS 10322 (PART 5/SEC1):2012,7849,"Guangdong Sat Technology Co. Ltd., No. 11 Lianbao Rd, Shengfeng District, Xiaolan Town, Zhongshan City, Guangdong, China – 528400",https://wsrv.nl/?url=https%3A%2F%2Fi.ibb.co%2Fwr7rGF2f%2FAltair-mini-cofee.png&output=webp&q=78
Altair Mini Tunable,DTD075C,36V DC,160mA,2700K~6500K, CRI>97,Φ70*H107mm,24°,7W,AJ/CG,ARAS0735/CT/24/DGR,R-41159492,IS 10322 (PART 5/SEC1):2012,7849,"Guangdong Sat Technology Co. Ltd., No. 11 Lianbao Rd, Shengfeng District, Xiaolan Town, Zhongshan City, Guangdong, China – 528400",https://wsrv.nl/?url=https%3A%2F%2Fi.ibb.co%2FRkQr3qQK%2FAltair-mini-dark-gray.png&output=webp&q=78
Altair Mini Tunable,DTD075C,36V DC,160mA,2700K~6500K, CRI>97,Φ70*H107mm,24°,7W,AJ/CG,ARAS0735/CT/24/BB,R-41159492,IS 10322 (PART 5/SEC1):2012,7849,"Guangdong Sat Technology Co. Ltd., No. 11 Lianbao Rd, Shengfeng District, Xiaolan Town, Zhongshan City, Guangdong, China – 528400",https://wsrv.nl/?url=https%3A%2F%2Fi.ibb.co%2Fbg5c7DKD%2FAltair-mini-ballet-blue-new.png&output=webp&q=78
Altair Mini Tunable,DTD075C,36V DC,160mA,2700K~6500K, CRI>97,Φ70*H107mm,24°,7W,AJ/CG,ARAS0735/CT/24/CH,R-41159492,IS 10322 (PART 5/SEC1):2012,7849,"Guangdong Sat Technology Co. Ltd., No. 11 Lianbao Rd, Shengfeng District, Xiaolan Town, Zhongshan City, Guangdong, China – 528400",https://wsrv.nl/?url=https%3A%2F%2Fi.ibb.co%2FG4wyVYnT%2FAltair-mini-Chrome.png&output=webp&q=78
Altair Mini Tunable,DTD075C,36V DC,160mA,2700K~6500K, CRI>97,Φ70*H107mm,36°,7W,AJ/CG,ARAS0735/CT/36/B,R-41159492,IS 10322 (PART 5/SEC1):2012,6849,"Guangdong Sat Technology Co. Ltd., No. 11 Lianbao Rd, Shengfeng District, Xiaolan Town, Zhongshan City, Guangdong, China – 528400",https://wsrv.nl/?url=https%3A%2F%2Fi.ibb.co%2F7NTLvYnw%2FAltair-mini-Black.png&output=webp&q=78
Altair Mini Tunable,DTD075C,36V DC,160mA,2700K~6500K, CRI>97,Φ70*H107mm,36°,7W,AJ/CG,ARAS0735/CT/36/COF,R-41159492,IS 10322 (PART 5/SEC1):2012,7849,"Guangdong Sat Technology Co. Ltd., No. 11 Lianbao Rd, Shengfeng District, Xiaolan Town, Zhongshan City, Guangdong, China – 528400",https://wsrv.nl/?url=https%3A%2F%2Fi.ibb.co%2Fwr7rGF2f%2FAltair-mini-cofee.png&output=webp&q=78
Altair Mini Tunable,DTD075C,36V DC,160mA,2700K~6500K, CRI>97,Φ70*H107mm,36°,7W,AJ/CG,ARAS0735/CT/36/DGR,R-41159492,IS 10322 (PART 5/SEC1):2012,7849,"Guangdong Sat Technology Co. Ltd., No. 11 Lianbao Rd, Shengfeng District, Xiaolan Town, Zhongshan City, Guangdong, China – 528400",https://wsrv.nl/?url=https%3A%2F%2Fi.ibb.co%2FRkQr3qQK%2FAltair-mini-dark-gray.png&output=webp&q=78
Altair Mini Tunable,DTD075C,36V DC,160mA,2700K~6500K, CRI>97,Φ70*H107mm,36°,7W,AJ/CG,ARAS0735/CT/36/BB,R-41159492,IS 10322 (PART 5/SEC1):2012,7849,"Guangdong Sat Technology Co. Ltd., No. 11 Lianbao Rd, Shengfeng District, Xiaolan Town, Zhongshan City, Guangdong, China – 528400",https://wsrv.nl/?url=https%3A%2F%2Fi.ibb.co%2Fbg5c7DKD%2FAltair-mini-ballet-blue-new.png&output=webp&q=78
Altair Mini Tunable,DTD075C,36V DC,160mA,2700K~6500K, CRI>97,Φ70*H107mm,36°,7W,AJ/CG,ARAS0735/CT/36/CH,R-41159492,IS 10322 (PART 5/SEC1):2012,7849,"Guangdong Sat Technology Co. Ltd., No. 11 Lianbao Rd, Shengfeng District, Xiaolan Town, Zhongshan City, Guangdong, China – 528400",https://wsrv.nl/?url=https%3A%2F%2Fi.ibb.co%2FG4wyVYnT%2FAltair-mini-Chrome.png&output=webp&q=78
Altair Mini Tunable,DTD075C,36V DC,160mA,2700K~6500K, CRI>97,Φ70*H107mm,36°,7W,AJ/CG,ARAS0735/CT/36/W,R-41159492,IS 10322 (PART 5/SEC1):2012,6849,"Guangdong Sat Technology Co. Ltd., No. 11 Lianbao Rd, Shengfeng District, Xiaolan Town, Zhongshan City, Guangdong, China – 528400",https://wsrv.nl/?url=https%3A%2F%2Fi.ibb.co%2FXkktJG1y%2FAltair-mini-white.png&output=webp&q=78
Altair Mini Tunable,DTD075C,36V DC,160mA,2700K~6500K, CRI>97,Φ70*H107mm,36°,7W,AJ/CG,ARAS0735/CT/36/CG,R-41159492,IS 10322 (PART 5/SEC1):2012,7849,"Guangdong Sat Technology Co. Ltd., No. 11 Lianbao Rd, Shengfeng District, Xiaolan Town, Zhongshan City, Guangdong, China – 528400",https://wsrv.nl/?url=https%3A%2F%2Fi.ibb.co%2F0p6PVgWK%2FAltair-mini-Champeign-Gold.png&output=webp&q=78
Altair Mini Tunable,DTD075C,36V DC,160mA,2700K~6500K, CRI>97,Φ70*H107mm,36°,7W,AJ/CG,ARAS0735/CT/36/RG,R-41159492,IS 10322 (PART 5/SEC1):2012,7849,"Guangdong Sat Technology Co. Ltd., No. 11 Lianbao Rd, Shengfeng District, Xiaolan Town, Zhongshan City, Guangdong, China – 528400",https://wsrv.nl/?url=https%3A%2F%2Fi.ibb.co%2FnNzy0n5z%2FAltair-mini-rose-gold.png&output=webp&q=78
Altair Mini Tunable,DTD075C,36V DC,160mA,2700K~6500K, CRI>97,Φ70*H107mm,36°,7W,AJ/CG,ARAS0735/CT/36/BR,R-41159492,IS 10322 (PART 5/SEC1):2012,7849,"Guangdong Sat Technology Co. Ltd., No. 11 Lianbao Rd, Shengfeng District, Xiaolan Town, Zhongshan City, Guangdong, China – 528400",https://wsrv.nl/?url=https%3A%2F%2Fi.ibb.co%2FQ3S9HhmD%2FAltair-mini-L-Brown.png&output=webp&q=78
Altair Mini Tunable,DTD075C,36V DC,160mA,2700K~6500K, CRI>97,Φ70*H107mm,36°,7W,AJ/CG,ARAS0735/CT/36/CHB,R-41159492,IS 10322 (PART 5/SEC1):2012,7849,"Guangdong Sat Technology Co. Ltd., No. 11 Lianbao Rd, Shengfeng District, Xiaolan Town, Zhongshan City, Guangdong, China – 528400",https://wsrv.nl/?url=https%3A%2F%2Fi.ibb.co%2FPZsybzRz%2FAltair-mini-Chrome-Black.png&output=webp&q=78
Altair Mini Tunable,DTD075C,36V DC,160mA,2700K~6500K, CRI>97,Φ70*H107mm,15°~45° Zoom,7W,AJ/CG,ARAS0735/CT/Z/B,R-41159492,IS 10322 (PART 5/SEC1):2012,6849,"Guangdong Sat Technology Co. Ltd., No. 11 Lianbao Rd, Shengfeng District, Xiaolan Town, Zhongshan City, Guangdong, China – 528400",https://wsrv.nl/?url=https%3A%2F%2Fi.ibb.co%2F7NTLvYnw%2FAltair-mini-Black.png&output=webp&q=78
Altair Mini Tunable,DTD075C,36V DC,160mA,2700K~6500K, CRI>97,Φ70*H107mm,15°~45° Zoom,7W,AJ/CG,ARAS0735/CT/Z/COF,R-41159492,IS 10322 (PART 5/SEC1):2012,7849,"Guangdong Sat Technology Co. Ltd., No. 11 Lianbao Rd, Shengfeng District, Xiaolan Town, Zhongshan City, Guangdong, China – 528400",https://wsrv.nl/?url=https%3A%2F%2Fi.ibb.co%2Fwr7rGF2f%2FAltair-mini-cofee.png&output=webp&q=78
Altair Mini Tunable,DTD075C,36V DC,160mA,2700K~6500K, CRI>97,Φ70*H107mm,15°~45° Zoom,7W,AJ/CG,ARAS0735/CT/Z/DGR,R-41159492,IS 10322 (PART 5/SEC1):2012,7849,"Guangdong Sat Technology Co. Ltd., No. 11 Lianbao Rd, Shengfeng District, Xiaolan Town, Zhongshan City, Guangdong, China – 528400",https://wsrv.nl/?url=https%3A%2F%2Fi.ibb.co%2FRkQr3qQK%2FAltair-mini-dark-gray.png&output=webp&q=78
Altair Mini Tunable,DTD075C,36V DC,160mA,2700K~6500K, CRI>97,Φ70*H107mm,15°~45° Zoom,7W,AJ/CG,ARAS0735/CT/Z/BB,R-41159492,IS 10322 (PART 5/SEC1):2012,7849,"Guangdong Sat Technology Co. Ltd., No. 11 Lianbao Rd, Shengfeng District, Xiaolan Town, Zhongshan City, Guangdong, China – 528400",https://wsrv.nl/?url=https%3A%2F%2Fi.ibb.co%2Fbg5c7DKD%2FAltair-mini-ballet-blue-new.png&output=webp&q=78
Altair Mini Tunable,DTD075C,36V DC,160mA,2700K~6500K, CRI>97,Φ70*H107mm,15°~45° Zoom,7W,AJ/CG,ARAS0735/CT/Z/CH,R-41159492,IS 10322 (PART 5/SEC1):2012,7849,"Guangdong Sat Technology Co. Ltd., No. 11 Lianbao Rd, Shengfeng District, Xiaolan Town, Zhongshan City, Guangdong, China – 528400",https://wsrv.nl/?url=https%3A%2F%2Fi.ibb.co%2FG4wyVYnT%2FAltair-mini-Chrome.png&output=webp&q=78
Altair Mini Tunable,DTD075C,36V DC,160mA,2700K~6500K, CRI>97,Φ70*H107mm,15°~45° Zoom,7W,AJ/CG,ARAS0735/CT/Z/W,R-41159492,IS 10322 (PART 5/SEC1):2012,6849,"Guangdong Sat Technology Co. Ltd., No. 11 Lianbao Rd, Shengfeng District, Xiaolan Town, Zhongshan City, Guangdong, China – 528400",https://wsrv.nl/?url=https%3A%2F%2Fi.ibb.co%2FXkktJG1y%2FAltair-mini-white.png&output=webp&q=78
Altair Mini Tunable,DTD075C,36V DC,160mA,2700K~6500K, CRI>97,Φ70*H107mm,15°~45° Zoom,7W,AJ/CG,ARAS0735/CT/Z/CG,R-41159492,IS 10322 (PART 5/SEC1):2012,7849,"Guangdong Sat Technology Co. Ltd., No. 11 Lianbao Rd, Shengfeng District, Xiaolan Town, Zhongshan City, Guangdong, China – 528400",https://wsrv.nl/?url=https%3A%2F%2Fi.ibb.co%2F0p6PVgWK%2FAltair-mini-Champeign-Gold.png&output=webp&q=78
Altair Mini Tunable,DTD075C,36V DC,160mA,2700K~6500K, CRI>97,Φ70*H107mm,15°~45° Zoom,7W,AJ/CG,ARAS0735/CT/Z/RG,R-41159492,IS 10322 (PART 5/SEC1):2012,7849,"Guangdong Sat Technology Co. Ltd., No. 11 Lianbao Rd, Shengfeng District, Xiaolan Town, Zhongshan City, Guangdong, China – 528400",https://wsrv.nl/?url=https%3A%2F%2Fi.ibb.co%2FnNzy0n5z%2FAltair-mini-rose-gold.png&output=webp&q=78
Altair Mini Tunable,DTD075C,36V DC,160mA,2700K~6500K, CRI>97,Φ70*H107mm,15°~45° Zoom,7W,AJ/CG,ARAS0735/CT/Z/BR,R-41159492,IS 10322 (PART 5/SEC1):2012,7849,"Guangdong Sat Technology Co. Ltd., No. 11 Lianbao Rd, Shengfeng District, Xiaolan Town, Zhongshan City, Guangdong, China – 528400",https://wsrv.nl/?url=https%3A%2F%2Fi.ibb.co%2FQ3S9HhmD%2FAltair-mini-L-Brown.png&output=webp&q=78
Altair Mini Tunable,DTD075C,36V DC,160mA,2700K~6500K, CRI>97,Φ70*H107mm,15°~45° Zoom,7W,AJ/CG,ARAS0735/CT/Z/CHB,R-41159492,IS 10322 (PART 5/SEC1):2012,7849,"Guangdong Sat Technology Co. Ltd., No. 11 Lianbao Rd, Shengfeng District, Xiaolan Town, Zhongshan City, Guangdong, China – 528400",https://wsrv.nl/?url=https%3A%2F%2Fi.ibb.co%2FPZsybzRz%2FAltair-mini-Chrome-Black.png&output=webp&q=78
Altair dyna,DTD075C,36V DC,160mA,2700K, CRI>97,Φ70*H107mm,15°,7W,AJ/CG,ARPS0750/27/15/B,R-41159492,IS 10322 (PART 5/SEC1):2012,6699,"Guangdong Sat Technology Co. Ltd., No. 11 Lianbao Rd, Shengfeng District, Xiaolan Town, Zhongshan City, Guangdong, China – 528400",https://wsrv.nl/?url=https%3A%2F%2Fi.ibb.co%2FPZGkB0V9%2FAltair-Dyna-03-mat-black-default.png&output=webp&q=78
Altair dyna,DTD075C,36V DC,160mA,2700K, CRI>97,Φ70*H107mm,15°,7W,AJ/CG,ARPS0750/27/15/W,R-41159492,IS 10322 (PART 5/SEC1):2012,6699,"Guangdong Sat Technology Co. Ltd., No. 11 Lianbao Rd, Shengfeng District, Xiaolan Town, Zhongshan City, Guangdong, China – 528400",https://wsrv.nl/?url=https%3A%2F%2Fi.ibb.co%2FgNmZHxZ%2FAltair-Dyna-05-white.png&output=webp&q=78
Altair dyna,DTD075C,36V DC,160mA,2700K, CRI>97,Φ70*H107mm,15°,7W,AJ/CG,ARPS0750/27/15/CG,R-41159492,IS 10322 (PART 5/SEC1):2012,7699,"Guangdong Sat Technology Co. Ltd., No. 11 Lianbao Rd, Shengfeng District, Xiaolan Town, Zhongshan City, Guangdong, China – 528400",https://wsrv.nl/?url=https%3A%2F%2Fi.ibb.co%2F4wrBkbXG%2FAltair-Dyna-04-champeing-gold.png&output=webp&q=78
Altair dyna,DTD075C,36V DC,160mA,2700K, CRI>97,Φ70*H107mm,15°,7W,AJ/CG,ARPS0750/27/15/RG,R-41159492,IS 10322 (PART 5/SEC1):2012,7699,"Guangdong Sat Technology Co. Ltd., No. 11 Lianbao Rd, Shengfeng District, Xiaolan Town, Zhongshan City, Guangdong, China – 528400",https://wsrv.nl/?url=https%3A%2F%2Fi.ibb.co%2FDfLk9v2c%2FAltair-Dyna-08-rose-gold.png&output=webp&q=78
Altair dyna,DTD075C,36V DC,160mA,2700K, CRI>97,Φ70*H107mm,15°,7W,AJ/CG,ARPS0750/27/15/BR,R-41159492,IS 10322 (PART 5/SEC1):2012,7699,"Guangdong Sat Technology Co. Ltd., No. 11 Lianbao Rd, Shengfeng District, Xiaolan Town, Zhongshan City, Guangdong, China – 528400",https://wsrv.nl/?url=https%3A%2F%2Fi.ibb.co%2Fwr0kt7NZ%2FAltair-Dyna-10-brown.png&output=webp&q=78
Altair dyna,DTD075C,36V DC,160mA,2700K, CRI>97,Φ70*H107mm,15°,7W,AJ/CG,ARPS0750/27/15/COF,R-41159492,IS 10322 (PART 5/SEC1):2012,7699,"Guangdong Sat Technology Co. Ltd., No. 11 Lianbao Rd, Shengfeng District, Xiaolan Town, Zhongshan City, Guangdong, China – 528400",https://wsrv.nl/?url=https%3A%2F%2Fi.ibb.co%2FjPZX9CSS%2FAltair-Dyna-07-coffee.png&output=webp&q=78
Altair dyna,DTD075C,36V DC,160mA,2700K, CRI>97,Φ70*H107mm,15°,7W,AJ/CG,ARPS0750/27/15/DGR,R-41159492,IS 10322 (PART 5/SEC1):2012,7699,"Guangdong Sat Technology Co. Ltd., No. 11 Lianbao Rd, Shengfeng District, Xiaolan Town, Zhongshan City, Guangdong, China – 528400",https://wsrv.nl/?url=https%3A%2F%2Fi.ibb.co%2FKMXmkFK%2FAltair-Dyna-09-dark-gray-default-001.png&output=webp&q=78
Altair dyna,DTD075C,36V DC,160mA,2700K, CRI>97,Φ70*H107mm,15°,7W,AJ/CG,ARPS0750/27/15/BB,R-41159492,IS 10322 (PART 5/SEC1):2012,7699,"Guangdong Sat Technology Co. Ltd., No. 11 Lianbao Rd, Shengfeng District, Xiaolan Town, Zhongshan City, Guangdong, China – 528400",https://wsrv.nl/?url=https%3A%2F%2Fi.ibb.co%2Fd4KNJJ6j%2FAltair-Dyna-06-ballet-blue.png&output=webp&q=78
Altair dyna,DTD075C,36V DC,160mA,2700K, CRI>97,Φ70*H107mm,15°,7W,AJ/CG,ARPS0750/27/15/CH,R-41159492,IS 10322 (PART 5/SEC1):2012,7699,"Guangdong Sat Technology Co. Ltd., No. 11 Lianbao Rd, Shengfeng District, Xiaolan Town, Zhongshan City, Guangdong, China – 528400",https://wsrv.nl/?url=https%3A%2F%2Fi.ibb.co%2F8J4HCPs%2FAltair-Dyna-01-chrome.png&output=webp&q=78
Altair dyna,DTD075C,36V DC,160mA,2700K, CRI>97,Φ70*H107mm,15°,7W,AJ/CG,ARPS0750/27/15/CHB,R-41159492,IS 10322 (PART 5/SEC1):2012,7699,"Guangdong Sat Technology Co. Ltd., No. 11 Lianbao Rd, Shengfeng District, Xiaolan Town, Zhongshan City, Guangdong, China – 528400",https://wsrv.nl/?url=https%3A%2F%2Fi.ibb.co%2FFqm7qr2r%2FAltair-Dyna-02-chrome-black.png&output=webp&q=78
Altair dyna,DTD075C,36V DC,160mA,3000K, CRI>97,Φ70*H107mm,15°,7W,AJ/CG,ARPS0750/30/15/B,R-41159492,IS 10322 (PART 5/SEC1):2012,6699,"Guangdong Sat Technology Co. Ltd., No. 11 Lianbao Rd, Shengfeng District, Xiaolan Town, Zhongshan City, Guangdong, China – 528400",https://wsrv.nl/?url=https%3A%2F%2Fi.ibb.co%2FPZGkB0V9%2FAltair-Dyna-03-mat-black-default.png&output=webp&q=78
Altair dyna,DTD075C,36V DC,160mA,3000K, CRI>97,Φ70*H107mm,15°,7W,AJ/CG,ARPS0750/30/15/W,R-41159492,IS 10322 (PART 5/SEC1):2012,6699,"Guangdong Sat Technology Co. Ltd., No. 11 Lianbao Rd, Shengfeng District, Xiaolan Town, Zhongshan City, Guangdong, China – 528400",https://wsrv.nl/?url=https%3A%2F%2Fi.ibb.co%2FgNmZHxZ%2FAltair-Dyna-05-white.png&output=webp&q=78
Altair dyna,DTD075C,36V DC,160mA,3000K, CRI>97,Φ70*H107mm,15°,7W,AJ/CG,ARPS0750/30/15/CG,R-41159492,IS 10322 (PART 5/SEC1):2012,7699,"Guangdong Sat Technology Co. Ltd., No. 11 Lianbao Rd, Shengfeng District, Xiaolan Town, Zhongshan City, Guangdong, China – 528400",https://wsrv.nl/?url=https%3A%2F%2Fi.ibb.co%2F4wrBkbXG%2FAltair-Dyna-04-champeing-gold.png&output=webp&q=78
Altair dyna,DTD075C,36V DC,160mA,3000K, CRI>97,Φ70*H107mm,15°,7W,AJ/CG,ARPS0750/30/15/RG,R-41159492,IS 10322 (PART 5/SEC1):2012,7699,"Guangdong Sat Technology Co. Ltd., No. 11 Lianbao Rd, Shengfeng District, Xiaolan Town, Zhongshan City, Guangdong, China – 528400",https://wsrv.nl/?url=https%3A%2F%2Fi.ibb.co%2FDfLk9v2c%2FAltair-Dyna-08-rose-gold.png&output=webp&q=78
Altair dyna,DTD075C,36V DC,160mA,3000K, CRI>97,Φ70*H107mm,15°,7W,AJ/CG,ARPS0750/30/15/BR,R-41159492,IS 10322 (PART 5/SEC1):2012,7699,"Guangdong Sat Technology Co. Ltd., No. 11 Lianbao Rd, Shengfeng District, Xiaolan Town, Zhongshan City, Guangdong, China – 528400",https://wsrv.nl/?url=https%3A%2F%2Fi.ibb.co%2Fwr0kt7NZ%2FAltair-Dyna-10-brown.png&output=webp&q=78
Altair dyna,DTD075C,36V DC,160mA,3000K, CRI>97,Φ70*H107mm,15°,7W,AJ/CG,ARPS0750/30/15/COF,R-41159492,IS 10322 (PART 5/SEC1):2012,7699,"Guangdong Sat Technology Co. Ltd., No. 11 Lianbao Rd, Shengfeng District, Xiaolan Town, Zhongshan City, Guangdong, China – 528400",https://wsrv.nl/?url=https%3A%2F%2Fi.ibb.co%2FjPZX9CSS%2FAltair-Dyna-07-coffee.png&output=webp&q=78
Altair dyna,DTD075C,36V DC,160mA,3000K, CRI>97,Φ70*H107mm,15°,7W,AJ/CG,ARPS0750/30/15/DGR,R-41159492,IS 10322 (PART 5/SEC1):2012,7699,"Guangdong Sat Technology Co. Ltd., No. 11 Lianbao Rd, Shengfeng District, Xiaolan Town, Zhongshan City, Guangdong, China – 528400",https://wsrv.nl/?url=https%3A%2F%2Fi.ibb.co%2FKMXmkFK%2FAltair-Dyna-09-dark-gray-default-001.png&output=webp&q=78
Altair dyna,DTD075C,36V DC,160mA,3000K, CRI>97,Φ70*H107mm,15°,7W,AJ/CG,ARPS0750/30/15/BB,R-41159492,IS 10322 (PART 5/SEC1):2012,7699,"Guangdong Sat Technology Co. Ltd., No. 11 Lianbao Rd, Shengfeng District, Xiaolan Town, Zhongshan City, Guangdong, China – 528400",https://wsrv.nl/?url=https%3A%2F%2Fi.ibb.co%2Fd4KNJJ6j%2FAltair-Dyna-06-ballet-blue.png&output=webp&q=78
Altair dyna,DTD075C,36V DC,160mA,3000K, CRI>97,Φ70*H107mm,15°,7W,AJ/CG,ARPS0750/30/15/CH,R-41159492,IS 10322 (PART 5/SEC1):2012,7699,"Guangdong Sat Technology Co. Ltd., No. 11 Lianbao Rd, Shengfeng District, Xiaolan Town, Zhongshan City, Guangdong, China – 528400",https://wsrv.nl/?url=https%3A%2F%2Fi.ibb.co%2F8J4HCPs%2FAltair-Dyna-01-chrome.png&output=webp&q=78
Altair dyna,DTD075C,36V DC,160mA,3000K, CRI>97,Φ70*H107mm,15°,7W,AJ/CG,ARPS0750/30/15/CHB,R-41159492,IS 10322 (PART 5/SEC1):2012,7699,"Guangdong Sat Technology Co. Ltd., No. 11 Lianbao Rd, Shengfeng District, Xiaolan Town, Zhongshan City, Guangdong, China – 528400",https://wsrv.nl/?url=https%3A%2F%2Fi.ibb.co%2FFqm7qr2r%2FAltair-Dyna-02-chrome-black.png&output=webp&q=78
Altair dyna,DTD075C,36V DC,160mA,3500K, CRI>97,Φ70*H107mm,15°,7W,AJ/CG,ARPS0750/35/15/B,R-41159492,IS 10322 (PART 5/SEC1):2012,6699,"Guangdong Sat Technology Co. Ltd., No. 11 Lianbao Rd, Shengfeng District, Xiaolan Town, Zhongshan City, Guangdong, China – 528400",https://wsrv.nl/?url=https%3A%2F%2Fi.ibb.co%2FPZGkB0V9%2FAltair-Dyna-03-mat-black-default.png&output=webp&q=78
Altair dyna,DTD075C,36V DC,160mA,3500K, CRI>97,Φ70*H107mm,15°,7W,AJ/CG,ARPS0750/35/15/W,R-41159492,IS 10322 (PART 5/SEC1):2012,6699,"Guangdong Sat Technology Co. Ltd., No. 11 Lianbao Rd, Shengfeng District, Xiaolan Town, Zhongshan City, Guangdong, China – 528400",https://wsrv.nl/?url=https%3A%2F%2Fi.ibb.co%2FgNmZHxZ%2FAltair-Dyna-05-white.png&output=webp&q=78
Altair dyna,DTD075C,36V DC,160mA,3500K, CRI>97,Φ70*H107mm,15°,7W,AJ/CG,ARPS0750/35/15/CG,R-41159492,IS 10322 (PART 5/SEC1):2012,7699,"Guangdong Sat Technology Co. Ltd., No. 11 Lianbao Rd, Shengfeng District, Xiaolan Town, Zhongshan City, Guangdong, China – 528400",https://wsrv.nl/?url=https%3A%2F%2Fi.ibb.co%2F4wrBkbXG%2FAltair-Dyna-04-champeing-gold.png&output=webp&q=78
Altair dyna,DTD075C,36V DC,160mA,3500K, CRI>97,Φ70*H107mm,15°,7W,AJ/CG,ARPS0750/35/15/RG,R-41159492,IS 10322 (PART 5/SEC1):2012,7699,"Guangdong Sat Technology Co. Ltd., No. 11 Lianbao Rd, Shengfeng District, Xiaolan Town, Zhongshan City, Guangdong, China – 528400",https://wsrv.nl/?url=https%3A%2F%2Fi.ibb.co%2FDfLk9v2c%2FAltair-Dyna-08-rose-gold.png&output=webp&q=78
Altair dyna,DTD075C,36V DC,160mA,3500K, CRI>97,Φ70*H107mm,15°,7W,AJ/CG,ARPS0750/35/15/BR,R-41159492,IS 10322 (PART 5/SEC1):2012,7699,"Guangdong Sat Technology Co. Ltd., No. 11 Lianbao Rd, Shengfeng District, Xiaolan Town, Zhongshan City, Guangdong, China – 528400",https://wsrv.nl/?url=https%3A%2F%2Fi.ibb.co%2Fwr0kt7NZ%2FAltair-Dyna-10-brown.png&output=webp&q=78
Altair dyna,DTD075C,36V DC,160mA,3500K, CRI>97,Φ70*H107mm,15°,7W,AJ/CG,ARPS0750/35/15/COF,R-41159492,IS 10322 (PART 5/SEC1):2012,7699,"Guangdong Sat Technology Co. Ltd., No. 11 Lianbao Rd, Shengfeng District, Xiaolan Town, Zhongshan City, Guangdong, China – 528400",https://wsrv.nl/?url=https%3A%2F%2Fi.ibb.co%2FjPZX9CSS%2FAltair-Dyna-07-coffee.png&output=webp&q=78
Altair dyna,DTD075C,36V DC,160mA,3500K, CRI>97,Φ70*H107mm,15°,7W,AJ/CG,ARPS0750/35/15/DGR,R-41159492,IS 10322 (PART 5/SEC1):2012,7699,"Guangdong Sat Technology Co. Ltd., No. 11 Lianbao Rd, Shengfeng District, Xiaolan Town, Zhongshan City, Guangdong, China – 528400",https://wsrv.nl/?url=https%3A%2F%2Fi.ibb.co%2FKMXmkFK%2FAltair-Dyna-09-dark-gray-default-001.png&output=webp&q=78
Altair dyna,DTD075C,36V DC,160mA,3500K, CRI>97,Φ70*H107mm,15°,7W,AJ/CG,ARPS0750/35/15/BB,R-41159492,IS 10322 (PART 5/SEC1):2012,7699,"Guangdong Sat Technology Co. Ltd., No. 11 Lianbao Rd, Shengfeng District, Xiaolan Town, Zhongshan City, Guangdong, China – 528400",https://wsrv.nl/?url=https%3A%2F%2Fi.ibb.co%2Fd4KNJJ6j%2FAltair-Dyna-06-ballet-blue.png&output=webp&q=78
Altair dyna,DTD075C,36V DC,160mA,3500K, CRI>97,Φ70*H107mm,15°,7W,AJ/CG,ARPS0750/35/15/CH,R-41159492,IS 10322 (PART 5/SEC1):2012,7699,"Guangdong Sat Technology Co. Ltd., No. 11 Lianbao Rd, Shengfeng District, Xiaolan Town, Zhongshan City, Guangdong, China – 528400",https://wsrv.nl/?url=https%3A%2F%2Fi.ibb.co%2F8J4HCPs%2FAltair-Dyna-01-chrome.png&output=webp&q=78
Altair dyna,DTD075C,36V DC,160mA,3500K, CRI>97,Φ70*H107mm,15°,7W,AJ/CG,ARPS0750/35/15/CHB,R-41159492,IS 10322 (PART 5/SEC1):2012,7699,"Guangdong Sat Technology Co. Ltd., No. 11 Lianbao Rd, Shengfeng District, Xiaolan Town, Zhongshan City, Guangdong, China – 528400",https://wsrv.nl/?url=https%3A%2F%2Fi.ibb.co%2FFqm7qr2r%2FAltair-Dyna-02-chrome-black.png&output=webp&q=78
Altair dyna,DTD075C,36V DC,160mA,4000K, CRI>97,Φ70*H107mm,15°,7W,AJ/CG,ARPS0750/40/15/B,R-41159492,IS 10322 (PART 5/SEC1):2012,6699,"Guangdong Sat Technology Co. Ltd., No. 11 Lianbao Rd, Shengfeng District, Xiaolan Town, Zhongshan City, Guangdong, China – 528400",https://wsrv.nl/?url=https%3A%2F%2Fi.ibb.co%2FPZGkB0V9%2FAltair-Dyna-03-mat-black-default.png&output=webp&q=78
Altair dyna,DTD075C,36V DC,160mA,4000K, CRI>97,Φ70*H107mm,15°,7W,AJ/CG,ARPS0750/40/15/W,R-41159492,IS 10322 (PART 5/SEC1):2012,6699,"Guangdong Sat Technology Co. Ltd., No. 11 Lianbao Rd, Shengfeng District, Xiaolan Town, Zhongshan City, Guangdong, China – 528400",https://wsrv.nl/?url=https%3A%2F%2Fi.ibb.co%2FgNmZHxZ%2FAltair-Dyna-05-white.png&output=webp&q=78
Altair dyna,DTD075C,36V DC,160mA,4000K, CRI>97,Φ70*H107mm,15°,7W,AJ/CG,ARPS0750/40/15/CG,R-41159492,IS 10322 (PART 5/SEC1):2012,7699,"Guangdong Sat Technology Co. Ltd., No. 11 Lianbao Rd, Shengfeng District, Xiaolan Town, Zhongshan City, Guangdong, China – 528400",https://wsrv.nl/?url=https%3A%2F%2Fi.ibb.co%2F4wrBkbXG%2FAltair-Dyna-04-champeing-gold.png&output=webp&q=78
Altair dyna,DTD075C,36V DC,160mA,4000K, CRI>97,Φ70*H107mm,15°,7W,AJ/CG,ARPS0750/40/15/RG,R-41159492,IS 10322 (PART 5/SEC1):2012,7699,"Guangdong Sat Technology Co. Ltd., No. 11 Lianbao Rd, Shengfeng District, Xiaolan Town, Zhongshan City, Guangdong, China – 528400",https://wsrv.nl/?url=https%3A%2F%2Fi.ibb.co%2FDfLk9v2c%2FAltair-Dyna-08-rose-gold.png&output=webp&q=78
Altair dyna,DTD075C,36V DC,160mA,4000K, CRI>97,Φ70*H107mm,15°,7W,AJ/CG,ARPS0750/40/15/BR,R-41159492,IS 10322 (PART 5/SEC1):2012,7699,"Guangdong Sat Technology Co. Ltd., No. 11 Lianbao Rd, Shengfeng District, Xiaolan Town, Zhongshan City, Guangdong, China – 528400",https://wsrv.nl/?url=https%3A%2F%2Fi.ibb.co%2Fwr0kt7NZ%2FAltair-Dyna-10-brown.png&output=webp&q=78
Altair dyna,DTD075C,36V DC,160mA,4000K, CRI>97,Φ70*H107mm,15°,7W,AJ/CG,ARPS0750/40/15/COF,R-41159492,IS 10322 (PART 5/SEC1):2012,7699,"Guangdong Sat Technology Co. Ltd., No. 11 Lianbao Rd, Shengfeng District, Xiaolan Town, Zhongshan City, Guangdong, China – 528400",https://wsrv.nl/?url=https%3A%2F%2Fi.ibb.co%2FjPZX9CSS%2FAltair-Dyna-07-coffee.png&output=webp&q=78
Altair dyna,DTD075C,36V DC,160mA,4000K, CRI>97,Φ70*H107mm,15°,7W,AJ/CG,ARPS0750/40/15/DGR,R-41159492,IS 10322 (PART 5/SEC1):2012,7699,"Guangdong Sat Technology Co. Ltd., No. 11 Lianbao Rd, Shengfeng District, Xiaolan Town, Zhongshan City, Guangdong, China – 528400",https://wsrv.nl/?url=https%3A%2F%2Fi.ibb.co%2FKMXmkFK%2FAltair-Dyna-09-dark-gray-default-001.png&output=webp&q=78
Altair dyna,DTD075C,36V DC,160mA,4000K, CRI>97,Φ70*H107mm,15°,7W,AJ/CG,ARPS0750/40/15/BB,R-41159492,IS 10322 (PART 5/SEC1):2012,7699,"Guangdong Sat Technology Co. Ltd., No. 11 Lianbao Rd, Shengfeng District, Xiaolan Town, Zhongshan City, Guangdong, China – 528400",https://wsrv.nl/?url=https%3A%2F%2Fi.ibb.co%2Fd4KNJJ6j%2FAltair-Dyna-06-ballet-blue.png&output=webp&q=78
Altair dyna,DTD075C,36V DC,160mA,4000K, CRI>97,Φ70*H107mm,15°,7W,AJ/CG,ARPS0750/40/15/CH,R-41159492,IS 10322 (PART 5/SEC1):2012,7699,"Guangdong Sat Technology Co. Ltd., No. 11 Lianbao Rd, Shengfeng District, Xiaolan Town, Zhongshan City, Guangdong, China – 528400",https://wsrv.nl/?url=https%3A%2F%2Fi.ibb.co%2F8J4HCPs%2FAltair-Dyna-01-chrome.png&output=webp&q=78
Altair dyna,DTD075C,36V DC,160mA,4000K, CRI>97,Φ70*H107mm,15°,7W,AJ/CG,ARPS0750/40/15/CHB,R-41159492,IS 10322 (PART 5/SEC1):2012,7699,"Guangdong Sat Technology Co. Ltd., No. 11 Lianbao Rd, Shengfeng District, Xiaolan Town, Zhongshan City, Guangdong, China – 528400",https://wsrv.nl/?url=https%3A%2F%2Fi.ibb.co%2FFqm7qr2r%2FAltair-Dyna-02-chrome-black.png&output=webp&q=78
Altair dyna,DTD075C,36V DC,160mA,5000K, CRI>97,Φ70*H107mm,15°,7W,AJ/CG,ARPS0750/50/15/B,R-41159492,IS 10322 (PART 5/SEC1):2012,6699,"Guangdong Sat Technology Co. Ltd., No. 11 Lianbao Rd, Shengfeng District, Xiaolan Town, Zhongshan City, Guangdong, China – 528400",https://wsrv.nl/?url=https%3A%2F%2Fi.ibb.co%2FPZGkB0V9%2FAltair-Dyna-03-mat-black-default.png&output=webp&q=78
Altair dyna,DTD075C,36V DC,160mA,5000K, CRI>97,Φ70*H107mm,15°,7W,AJ/CG,ARPS0750/50/15/W,R-41159492,IS 10322 (PART 5/SEC1):2012,6699,"Guangdong Sat Technology Co. Ltd., No. 11 Lianbao Rd, Shengfeng District, Xiaolan Town, Zhongshan City, Guangdong, China – 528400",https://wsrv.nl/?url=https%3A%2F%2Fi.ibb.co%2FgNmZHxZ%2FAltair-Dyna-05-white.png&output=webp&q=78
Altair dyna,DTD075C,36V DC,160mA,5000K, CRI>97,Φ70*H107mm,15°,7W,AJ/CG,ARPS0750/50/15/CG,R-41159492,IS 10322 (PART 5/SEC1):2012,7699,"Guangdong Sat Technology Co. Ltd., No. 11 Lianbao Rd, Shengfeng District, Xiaolan Town, Zhongshan City, Guangdong, China – 528400",https://wsrv.nl/?url=https%3A%2F%2Fi.ibb.co%2F4wrBkbXG%2FAltair-Dyna-04-champeing-gold.png&output=webp&q=78
Altair dyna,DTD075C,36V DC,160mA,5000K, CRI>97,Φ70*H107mm,15°,7W,AJ/CG,ARPS0750/50/15/RG,R-41159492,IS 10322 (PART 5/SEC1):2012,7699,"Guangdong Sat Technology Co. Ltd., No. 11 Lianbao Rd, Shengfeng District, Xiaolan Town, Zhongshan City, Guangdong, China – 528400",https://wsrv.nl/?url=https%3A%2F%2Fi.ibb.co%2FDfLk9v2c%2FAltair-Dyna-08-rose-gold.png&output=webp&q=78
Altair dyna,DTD075C,36V DC,160mA,5000K, CRI>97,Φ70*H107mm,15°,7W,AJ/CG,ARPS0750/50/15/BR,R-41159492,IS 10322 (PART 5/SEC1):2012,7699,"Guangdong Sat Technology Co. Ltd., No. 11 Lianbao Rd, Shengfeng District, Xiaolan Town, Zhongshan City, Guangdong, China – 528400",https://wsrv.nl/?url=https%3A%2F%2Fi.ibb.co%2Fwr0kt7NZ%2FAltair-Dyna-10-brown.png&output=webp&q=78
Altair dyna,DTD075C,36V DC,160mA,5000K, CRI>97,Φ70*H107mm,15°,7W,AJ/CG,ARPS0750/50/15/COF,R-41159492,IS 10322 (PART 5/SEC1):2012,7699,"Guangdong Sat Technology Co. Ltd., No. 11 Lianbao Rd, Shengfeng District, Xiaolan Town, Zhongshan City, Guangdong, China – 528400",https://wsrv.nl/?url=https%3A%2F%2Fi.ibb.co%2FjPZX9CSS%2FAltair-Dyna-07-coffee.png&output=webp&q=78
Altair dyna,DTD075C,36V DC,160mA,5000K, CRI>97,Φ70*H107mm,15°,7W,AJ/CG,ARPS0750/50/15/DGR,R-41159492,IS 10322 (PART 5/SEC1):2012,7699,"Guangdong Sat Technology Co. Ltd., No. 11 Lianbao Rd, Shengfeng District, Xiaolan Town, Zhongshan City, Guangdong, China – 528400",https://wsrv.nl/?url=https%3A%2F%2Fi.ibb.co%2FKMXmkFK%2FAltair-Dyna-09-dark-gray-default-001.png&output=webp&q=78
Altair dyna,DTD075C,36V DC,160mA,5000K, CRI>97,Φ70*H107mm,15°,7W,AJ/CG,ARPS0750/50/15/BB,R-41159492,IS 10322 (PART 5/SEC1):2012,7699,"Guangdong Sat Technology Co. Ltd., No. 11 Lianbao Rd, Shengfeng District, Xiaolan Town, Zhongshan City, Guangdong, China – 528400",https://wsrv.nl/?url=https%3A%2F%2Fi.ibb.co%2Fd4KNJJ6j%2FAltair-Dyna-06-ballet-blue.png&output=webp&q=78
Altair dyna,DTD075C,36V DC,160mA,5000K, CRI>97,Φ70*H107mm,15°,7W,AJ/CG,ARPS0750/50/15/CH,R-41159492,IS 10322 (PART 5/SEC1):2012,7699,"Guangdong Sat Technology Co. Ltd., No. 11 Lianbao Rd, Shengfeng District, Xiaolan Town, Zhongshan City, Guangdong, China – 528400",https://wsrv.nl/?url=https%3A%2F%2Fi.ibb.co%2F8J4HCPs%2FAltair-Dyna-01-chrome.png&output=webp&q=78
Altair dyna,DTD075C,36V DC,160mA,5000K, CRI>97,Φ70*H107mm,15°,7W,AJ/CG,ARPS0750/50/15/CHB,R-41159492,IS 10322 (PART 5/SEC1):2012,7699,"Guangdong Sat Technology Co. Ltd., No. 11 Lianbao Rd, Shengfeng District, Xiaolan Town, Zhongshan City, Guangdong, China – 528400",https://wsrv.nl/?url=https%3A%2F%2Fi.ibb.co%2FFqm7qr2r%2FAltair-Dyna-02-chrome-black.png&output=webp&q=78
Altair dyna,DTD075C,36V DC,160mA,2700K, CRI>97,Φ70*H107mm,24°,7W,AJ/CG,ARPS0750/27/24/B,R-41159492,IS 10322 (PART 5/SEC1):2012,6699,"Guangdong Sat Technology Co. Ltd., No. 11 Lianbao Rd, Shengfeng District, Xiaolan Town, Zhongshan City, Guangdong, China – 528400",https://wsrv.nl/?url=https%3A%2F%2Fi.ibb.co%2FPZGkB0V9%2FAltair-Dyna-03-mat-black-default.png&output=webp&q=78
Altair dyna,DTD075C,36V DC,160mA,2700K, CRI>97,Φ70*H107mm,24°,7W,AJ/CG,ARPS0750/27/24/W,R-41159492,IS 10322 (PART 5/SEC1):2012,6699,"Guangdong Sat Technology Co. Ltd., No. 11 Lianbao Rd, Shengfeng District, Xiaolan Town, Zhongshan City, Guangdong, China – 528400",https://wsrv.nl/?url=https%3A%2F%2Fi.ibb.co%2FgNmZHxZ%2FAltair-Dyna-05-white.png&output=webp&q=78
Altair dyna,DTD075C,36V DC,160mA,2700K, CRI>97,Φ70*H107mm,24°,7W,AJ/CG,ARPS0750/27/24/CG,R-41159492,IS 10322 (PART 5/SEC1):2012,7699,"Guangdong Sat Technology Co. Ltd., No. 11 Lianbao Rd, Shengfeng District, Xiaolan Town, Zhongshan City, Guangdong, China – 528400",https://wsrv.nl/?url=https%3A%2F%2Fi.ibb.co%2F4wrBkbXG%2FAltair-Dyna-04-champeing-gold.png&output=webp&q=78
Altair dyna,DTD075C,36V DC,160mA,2700K, CRI>97,Φ70*H107mm,24°,7W,AJ/CG,ARPS0750/27/24/RG,R-41159492,IS 10322 (PART 5/SEC1):2012,7699,"Guangdong Sat Technology Co. Ltd., No. 11 Lianbao Rd, Shengfeng District, Xiaolan Town, Zhongshan City, Guangdong, China – 528400",https://wsrv.nl/?url=https%3A%2F%2Fi.ibb.co%2FDfLk9v2c%2FAltair-Dyna-08-rose-gold.png&output=webp&q=78
Altair dyna,DTD075C,36V DC,160mA,2700K, CRI>97,Φ70*H107mm,24°,7W,AJ/CG,ARPS0750/27/24/BR,R-41159492,IS 10322 (PART 5/SEC1):2012,7699,"Guangdong Sat Technology Co. Ltd., No. 11 Lianbao Rd, Shengfeng District, Xiaolan Town, Zhongshan City, Guangdong, China – 528400",https://wsrv.nl/?url=https%3A%2F%2Fi.ibb.co%2Fwr0kt7NZ%2FAltair-Dyna-10-brown.png&output=webp&q=78
Altair dyna,DTD075C,36V DC,160mA,2700K, CRI>97,Φ70*H107mm,24°,7W,AJ/CG,ARPS0750/27/24/COF,R-41159492,IS 10322 (PART 5/SEC1):2012,7699,"Guangdong Sat Technology Co. Ltd., No. 11 Lianbao Rd, Shengfeng District, Xiaolan Town, Zhongshan City, Guangdong, China – 528400",https://wsrv.nl/?url=https%3A%2F%2Fi.ibb.co%2FjPZX9CSS%2FAltair-Dyna-07-coffee.png&output=webp&q=78
Altair dyna,DTD075C,36V DC,160mA,2700K, CRI>97,Φ70*H107mm,24°,7W,AJ/CG,ARPS0750/27/24/DGR,R-41159492,IS 10322 (PART 5/SEC1):2012,7699,"Guangdong Sat Technology Co. Ltd., No. 11 Lianbao Rd, Shengfeng District, Xiaolan Town, Zhongshan City, Guangdong, China – 528400",https://wsrv.nl/?url=https%3A%2F%2Fi.ibb.co%2FKMXmkFK%2FAltair-Dyna-09-dark-gray-default-001.png&output=webp&q=78
Altair dyna,DTD075C,36V DC,160mA,2700K, CRI>97,Φ70*H107mm,24°,7W,AJ/CG,ARPS0750/27/24/BB,R-41159492,IS 10322 (PART 5/SEC1):2012,7699,"Guangdong Sat Technology Co. Ltd., No. 11 Lianbao Rd, Shengfeng District, Xiaolan Town, Zhongshan City, Guangdong, China – 528400",https://wsrv.nl/?url=https%3A%2F%2Fi.ibb.co%2Fd4KNJJ6j%2FAltair-Dyna-06-ballet-blue.png&output=webp&q=78
Altair dyna,DTD075C,36V DC,160mA,2700K, CRI>97,Φ70*H107mm,24°,7W,AJ/CG,ARPS0750/27/24/CH,R-41159492,IS 10322 (PART 5/SEC1):2012,7699,"Guangdong Sat Technology Co. Ltd., No. 11 Lianbao Rd, Shengfeng District, Xiaolan Town, Zhongshan City, Guangdong, China – 528400",https://wsrv.nl/?url=https%3A%2F%2Fi.ibb.co%2F8J4HCPs%2FAltair-Dyna-01-chrome.png&output=webp&q=78
Altair dyna,DTD075C,36V DC,160mA,2700K, CRI>97,Φ70*H107mm,24°,7W,AJ/CG,ARPS0750/27/24/CHB,R-41159492,IS 10322 (PART 5/SEC1):2012,7699,"Guangdong Sat Technology Co. Ltd., No. 11 Lianbao Rd, Shengfeng District, Xiaolan Town, Zhongshan City, Guangdong, China – 528400",https://wsrv.nl/?url=https%3A%2F%2Fi.ibb.co%2FFqm7qr2r%2FAltair-Dyna-02-chrome-black.png&output=webp&q=78
Altair dyna,DTD075C,36V DC,160mA,3000K, CRI>97,Φ70*H107mm,24°,7W,AJ/CG,ARPS0750/30/24/B,R-41159492,IS 10322 (PART 5/SEC1):2012,6699,"Guangdong Sat Technology Co. Ltd., No. 11 Lianbao Rd, Shengfeng District, Xiaolan Town, Zhongshan City, Guangdong, China – 528400",https://wsrv.nl/?url=https%3A%2F%2Fi.ibb.co%2FPZGkB0V9%2FAltair-Dyna-03-mat-black-default.png&output=webp&q=78
Altair dyna,DTD075C,36V DC,160mA,3000K, CRI>97,Φ70*H107mm,24°,7W,AJ/CG,ARPS0750/30/24/W,R-41159492,IS 10322 (PART 5/SEC1):2012,6699,"Guangdong Sat Technology Co. Ltd., No. 11 Lianbao Rd, Shengfeng District, Xiaolan Town, Zhongshan City, Guangdong, China – 528400",https://wsrv.nl/?url=https%3A%2F%2Fi.ibb.co%2FgNmZHxZ%2FAltair-Dyna-05-white.png&output=webp&q=78
Altair dyna,DTD075C,36V DC,160mA,3000K, CRI>97,Φ70*H107mm,24°,7W,AJ/CG,ARPS0750/30/24/CG,R-41159492,IS 10322 (PART 5/SEC1):2012,7699,"Guangdong Sat Technology Co. Ltd., No. 11 Lianbao Rd, Shengfeng District, Xiaolan Town, Zhongshan City, Guangdong, China – 528400",https://wsrv.nl/?url=https%3A%2F%2Fi.ibb.co%2F4wrBkbXG%2FAltair-Dyna-04-champeing-gold.png&output=webp&q=78
Altair dyna,DTD075C,36V DC,160mA,3000K, CRI>97,Φ70*H107mm,24°,7W,AJ/CG,ARPS0750/30/24/RG,R-41159492,IS 10322 (PART 5/SEC1):2012,7699,"Guangdong Sat Technology Co. Ltd., No. 11 Lianbao Rd, Shengfeng District, Xiaolan Town, Zhongshan City, Guangdong, China – 528400",https://wsrv.nl/?url=https%3A%2F%2Fi.ibb.co%2FDfLk9v2c%2FAltair-Dyna-08-rose-gold.png&output=webp&q=78
Altair dyna,DTD075C,36V DC,160mA,3000K, CRI>97,Φ70*H107mm,24°,7W,AJ/CG,ARPS0750/30/24/BR,R-41159492,IS 10322 (PART 5/SEC1):2012,7699,"Guangdong Sat Technology Co. Ltd., No. 11 Lianbao Rd, Shengfeng District, Xiaolan Town, Zhongshan City, Guangdong, China – 528400",https://wsrv.nl/?url=https%3A%2F%2Fi.ibb.co%2Fwr0kt7NZ%2FAltair-Dyna-10-brown.png&output=webp&q=78
Altair dyna,DTD075C,36V DC,160mA,3000K, CRI>97,Φ70*H107mm,24°,7W,AJ/CG,ARPS0750/30/24/COF,R-41159492,IS 10322 (PART 5/SEC1):2012,7699,"Guangdong Sat Technology Co. Ltd., No. 11 Lianbao Rd, Shengfeng District, Xiaolan Town, Zhongshan City, Guangdong, China – 528400",https://wsrv.nl/?url=https%3A%2F%2Fi.ibb.co%2FjPZX9CSS%2FAltair-Dyna-07-coffee.png&output=webp&q=78
Altair dyna,DTD075C,36V DC,160mA,3000K, CRI>97,Φ70*H107mm,24°,7W,AJ/CG,ARPS0750/30/24/DGR,R-41159492,IS 10322 (PART 5/SEC1):2012,7699,"Guangdong Sat Technology Co. Ltd., No. 11 Lianbao Rd, Shengfeng District, Xiaolan Town, Zhongshan City, Guangdong, China – 528400",https://wsrv.nl/?url=https%3A%2F%2Fi.ibb.co%2FKMXmkFK%2FAltair-Dyna-09-dark-gray-default-001.png&output=webp&q=78
Altair dyna,DTD075C,36V DC,160mA,3000K, CRI>97,Φ70*H107mm,24°,7W,AJ/CG,ARPS0750/30/24/BB,R-41159492,IS 10322 (PART 5/SEC1):2012,7699,"Guangdong Sat Technology Co. Ltd., No. 11 Lianbao Rd, Shengfeng District, Xiaolan Town, Zhongshan City, Guangdong, China – 528400",https://wsrv.nl/?url=https%3A%2F%2Fi.ibb.co%2Fd4KNJJ6j%2FAltair-Dyna-06-ballet-blue.png&output=webp&q=78
Altair dyna,DTD075C,36V DC,160mA,3000K, CRI>97,Φ70*H107mm,24°,7W,AJ/CG,ARPS0750/30/24/CH,R-41159492,IS 10322 (PART 5/SEC1):2012,7699,"Guangdong Sat Technology Co. Ltd., No. 11 Lianbao Rd, Shengfeng District, Xiaolan Town, Zhongshan City, Guangdong, China – 528400",https://wsrv.nl/?url=https%3A%2F%2Fi.ibb.co%2F8J4HCPs%2FAltair-Dyna-01-chrome.png&output=webp&q=78
Altair dyna,DTD075C,36V DC,160mA,3000K, CRI>97,Φ70*H107mm,24°,7W,AJ/CG,ARPS0750/30/24/CHB,R-41159492,IS 10322 (PART 5/SEC1):2012,7699,"Guangdong Sat Technology Co. Ltd., No. 11 Lianbao Rd, Shengfeng District, Xiaolan Town, Zhongshan City, Guangdong, China – 528400",https://wsrv.nl/?url=https%3A%2F%2Fi.ibb.co%2FFqm7qr2r%2FAltair-Dyna-02-chrome-black.png&output=webp&q=78
Altair dyna,DTD075C,36V DC,160mA,3500K, CRI>97,Φ70*H107mm,24°,7W,AJ/CG,ARPS0750/35/24/B,R-41159492,IS 10322 (PART 5/SEC1):2012,6699,"Guangdong Sat Technology Co. Ltd., No. 11 Lianbao Rd, Shengfeng District, Xiaolan Town, Zhongshan City, Guangdong, China – 528400",https://wsrv.nl/?url=https%3A%2F%2Fi.ibb.co%2FPZGkB0V9%2FAltair-Dyna-03-mat-black-default.png&output=webp&q=78
Altair dyna,DTD075C,36V DC,160mA,3500K, CRI>97,Φ70*H107mm,24°,7W,AJ/CG,ARPS0750/35/24/W,R-41159492,IS 10322 (PART 5/SEC1):2012,6699,"Guangdong Sat Technology Co. Ltd., No. 11 Lianbao Rd, Shengfeng District, Xiaolan Town, Zhongshan City, Guangdong, China – 528400",https://wsrv.nl/?url=https%3A%2F%2Fi.ibb.co%2FgNmZHxZ%2FAltair-Dyna-05-white.png&output=webp&q=78
Altair dyna,DTD075C,36V DC,160mA,3500K, CRI>97,Φ70*H107mm,24°,7W,AJ/CG,ARPS0750/35/24/CG,R-41159492,IS 10322 (PART 5/SEC1):2012,7699,"Guangdong Sat Technology Co. Ltd., No. 11 Lianbao Rd, Shengfeng District, Xiaolan Town, Zhongshan City, Guangdong, China – 528400",https://wsrv.nl/?url=https%3A%2F%2Fi.ibb.co%2F4wrBkbXG%2FAltair-Dyna-04-champeing-gold.png&output=webp&q=78
Altair dyna,DTD075C,36V DC,160mA,3500K, CRI>97,Φ70*H107mm,24°,7W,AJ/CG,ARPS0750/35/24/RG,R-41159492,IS 10322 (PART 5/SEC1):2012,7699,"Guangdong Sat Technology Co. Ltd., No. 11 Lianbao Rd, Shengfeng District, Xiaolan Town, Zhongshan City, Guangdong, China – 528400",https://wsrv.nl/?url=https%3A%2F%2Fi.ibb.co%2FDfLk9v2c%2FAltair-Dyna-08-rose-gold.png&output=webp&q=78
Altair dyna,DTD075C,36V DC,160mA,3500K, CRI>97,Φ70*H107mm,24°,7W,AJ/CG,ARPS0750/35/24/BR,R-41159492,IS 10322 (PART 5/SEC1):2012,7699,"Guangdong Sat Technology Co. Ltd., No. 11 Lianbao Rd, Shengfeng District, Xiaolan Town, Zhongshan City, Guangdong, China – 528400",https://wsrv.nl/?url=https%3A%2F%2Fi.ibb.co%2Fwr0kt7NZ%2FAltair-Dyna-10-brown.png&output=webp&q=78
Altair dyna,DTD075C,36V DC,160mA,3500K, CRI>97,Φ70*H107mm,24°,7W,AJ/CG,ARPS0750/35/24/COF,R-41159492,IS 10322 (PART 5/SEC1):2012,7699,"Guangdong Sat Technology Co. Ltd., No. 11 Lianbao Rd, Shengfeng District, Xiaolan Town, Zhongshan City, Guangdong, China – 528400",https://wsrv.nl/?url=https%3A%2F%2Fi.ibb.co%2FjPZX9CSS%2FAltair-Dyna-07-coffee.png&output=webp&q=78
Altair dyna,DTD075C,36V DC,160mA,3500K, CRI>97,Φ70*H107mm,24°,7W,AJ/CG,ARPS0750/35/24/DGR,R-41159492,IS 10322 (PART 5/SEC1):2012,7699,"Guangdong Sat Technology Co. Ltd., No. 11 Lianbao Rd, Shengfeng District, Xiaolan Town, Zhongshan City, Guangdong, China – 528400",https://wsrv.nl/?url=https%3A%2F%2Fi.ibb.co%2FKMXmkFK%2FAltair-Dyna-09-dark-gray-default-001.png&output=webp&q=78
Altair dyna,DTD075C,36V DC,160mA,3500K, CRI>97,Φ70*H107mm,24°,7W,AJ/CG,ARPS0750/35/24/BB,R-41159492,IS 10322 (PART 5/SEC1):2012,7699,"Guangdong Sat Technology Co. Ltd., No. 11 Lianbao Rd, Shengfeng District, Xiaolan Town, Zhongshan City, Guangdong, China – 528400",https://wsrv.nl/?url=https%3A%2F%2Fi.ibb.co%2Fd4KNJJ6j%2FAltair-Dyna-06-ballet-blue.png&output=webp&q=78
Altair dyna,DTD075C,36V DC,160mA,3500K, CRI>97,Φ70*H107mm,24°,7W,AJ/CG,ARPS0750/35/24/CH,R-41159492,IS 10322 (PART 5/SEC1):2012,7699,"Guangdong Sat Technology Co. Ltd., No. 11 Lianbao Rd, Shengfeng District, Xiaolan Town, Zhongshan City, Guangdong, China – 528400",https://wsrv.nl/?url=https%3A%2F%2Fi.ibb.co%2F8J4HCPs%2FAltair-Dyna-01-chrome.png&output=webp&q=78
Altair dyna,DTD075C,36V DC,160mA,3500K, CRI>97,Φ70*H107mm,24°,7W,AJ/CG,ARPS0750/35/24/CHB,R-41159492,IS 10322 (PART 5/SEC1):2012,7699,"Guangdong Sat Technology Co. Ltd., No. 11 Lianbao Rd, Shengfeng District, Xiaolan Town, Zhongshan City, Guangdong, China – 528400",https://wsrv.nl/?url=https%3A%2F%2Fi.ibb.co%2FFqm7qr2r%2FAltair-Dyna-02-chrome-black.png&output=webp&q=78
Altair dyna,DTD075C,36V DC,160mA,4000K, CRI>97,Φ70*H107mm,24°,7W,AJ/CG,ARPS0750/40/24/B,R-41159492,IS 10322 (PART 5/SEC1):2012,6699,"Guangdong Sat Technology Co. Ltd., No. 11 Lianbao Rd, Shengfeng District, Xiaolan Town, Zhongshan City, Guangdong, China – 528400",https://wsrv.nl/?url=https%3A%2F%2Fi.ibb.co%2FPZGkB0V9%2FAltair-Dyna-03-mat-black-default.png&output=webp&q=78
Altair dyna,DTD075C,36V DC,160mA,4000K, CRI>97,Φ70*H107mm,24°,7W,AJ/CG,ARPS0750/40/24/W,R-41159492,IS 10322 (PART 5/SEC1):2012,6699,"Guangdong Sat Technology Co. Ltd., No. 11 Lianbao Rd, Shengfeng District, Xiaolan Town, Zhongshan City, Guangdong, China – 528400",https://wsrv.nl/?url=https%3A%2F%2Fi.ibb.co%2FgNmZHxZ%2FAltair-Dyna-05-white.png&output=webp&q=78
Altair dyna,DTD075C,36V DC,160mA,4000K, CRI>97,Φ70*H107mm,24°,7W,AJ/CG,ARPS0750/40/24/CG,R-41159492,IS 10322 (PART 5/SEC1):2012,7699,"Guangdong Sat Technology Co. Ltd., No. 11 Lianbao Rd, Shengfeng District, Xiaolan Town, Zhongshan City, Guangdong, China – 528400",https://wsrv.nl/?url=https%3A%2F%2Fi.ibb.co%2F4wrBkbXG%2FAltair-Dyna-04-champeing-gold.png&output=webp&q=78
Altair dyna,DTD075C,36V DC,160mA,4000K, CRI>97,Φ70*H107mm,24°,7W,AJ/CG,ARPS0750/40/24/RG,R-41159492,IS 10322 (PART 5/SEC1):2012,7699,"Guangdong Sat Technology Co. Ltd., No. 11 Lianbao Rd, Shengfeng District, Xiaolan Town, Zhongshan City, Guangdong, China – 528400",https://wsrv.nl/?url=https%3A%2F%2Fi.ibb.co%2FDfLk9v2c%2FAltair-Dyna-08-rose-gold.png&output=webp&q=78
Altair dyna,DTD075C,36V DC,160mA,4000K, CRI>97,Φ70*H107mm,24°,7W,AJ/CG,ARPS0750/40/24/BR,R-41159492,IS 10322 (PART 5/SEC1):2012,7699,"Guangdong Sat Technology Co. Ltd., No. 11 Lianbao Rd, Shengfeng District, Xiaolan Town, Zhongshan City, Guangdong, China – 528400",https://wsrv.nl/?url=https%3A%2F%2Fi.ibb.co%2Fwr0kt7NZ%2FAltair-Dyna-10-brown.png&output=webp&q=78
Altair dyna,DTD075C,36V DC,160mA,4000K, CRI>97,Φ70*H107mm,24°,7W,AJ/CG,ARPS0750/40/24/COF,R-41159492,IS 10322 (PART 5/SEC1):2012,7699,"Guangdong Sat Technology Co. Ltd., No. 11 Lianbao Rd, Shengfeng District, Xiaolan Town, Zhongshan City, Guangdong, China – 528400",https://wsrv.nl/?url=https%3A%2F%2Fi.ibb.co%2FjPZX9CSS%2FAltair-Dyna-07-coffee.png&output=webp&q=78
Altair dyna,DTD075C,36V DC,160mA,4000K, CRI>97,Φ70*H107mm,24°,7W,AJ/CG,ARPS0750/40/24/DGR,R-41159492,IS 10322 (PART 5/SEC1):2012,7699,"Guangdong Sat Technology Co. Ltd., No. 11 Lianbao Rd, Shengfeng District, Xiaolan Town, Zhongshan City, Guangdong, China – 528400",https://wsrv.nl/?url=https%3A%2F%2Fi.ibb.co%2FKMXmkFK%2FAltair-Dyna-09-dark-gray-default-001.png&output=webp&q=78
Altair dyna,DTD075C,36V DC,160mA,4000K, CRI>97,Φ70*H107mm,24°,7W,AJ/CG,ARPS0750/40/24/BB,R-41159492,IS 10322 (PART 5/SEC1):2012,7699,"Guangdong Sat Technology Co. Ltd., No. 11 Lianbao Rd, Shengfeng District, Xiaolan Town, Zhongshan City, Guangdong, China – 528400",https://wsrv.nl/?url=https%3A%2F%2Fi.ibb.co%2Fd4KNJJ6j%2FAltair-Dyna-06-ballet-blue.png&output=webp&q=78
Altair dyna,DTD075C,36V DC,160mA,4000K, CRI>97,Φ70*H107mm,24°,7W,AJ/CG,ARPS0750/40/24/CH,R-41159492,IS 10322 (PART 5/SEC1):2012,7699,"Guangdong Sat Technology Co. Ltd., No. 11 Lianbao Rd, Shengfeng District, Xiaolan Town, Zhongshan City, Guangdong, China – 528400",https://wsrv.nl/?url=https%3A%2F%2Fi.ibb.co%2F8J4HCPs%2FAltair-Dyna-01-chrome.png&output=webp&q=78
Altair dyna,DTD075C,36V DC,160mA,4000K, CRI>97,Φ70*H107mm,24°,7W,AJ/CG,ARPS0750/40/24/CHB,R-41159492,IS 10322 (PART 5/SEC1):2012,7699,"Guangdong Sat Technology Co. Ltd., No. 11 Lianbao Rd, Shengfeng District, Xiaolan Town, Zhongshan City, Guangdong, China – 528400",https://wsrv.nl/?url=https%3A%2F%2Fi.ibb.co%2FFqm7qr2r%2FAltair-Dyna-02-chrome-black.png&output=webp&q=78
Altair dyna,DTD075C,36V DC,160mA,5000K, CRI>97,Φ70*H107mm,24°,7W,AJ/CG,ARPS0750/50/24/B,R-41159492,IS 10322 (PART 5/SEC1):2012,6699,"Guangdong Sat Technology Co. Ltd., No. 11 Lianbao Rd, Shengfeng District, Xiaolan Town, Zhongshan City, Guangdong, China – 528400",https://wsrv.nl/?url=https%3A%2F%2Fi.ibb.co%2FPZGkB0V9%2FAltair-Dyna-03-mat-black-default.png&output=webp&q=78
Altair dyna,DTD075C,36V DC,160mA,5000K, CRI>97,Φ70*H107mm,24°,7W,AJ/CG,ARPS0750/50/24/W,R-41159492,IS 10322 (PART 5/SEC1):2012,6699,"Guangdong Sat Technology Co. Ltd., No. 11 Lianbao Rd, Shengfeng District, Xiaolan Town, Zhongshan City, Guangdong, China – 528400",https://wsrv.nl/?url=https%3A%2F%2Fi.ibb.co%2FgNmZHxZ%2FAltair-Dyna-05-white.png&output=webp&q=78
Altair dyna,DTD075C,36V DC,160mA,5000K, CRI>97,Φ70*H107mm,24°,7W,AJ/CG,ARPS0750/50/24/CG,R-41159492,IS 10322 (PART 5/SEC1):2012,7699,"Guangdong Sat Technology Co. Ltd., No. 11 Lianbao Rd, Shengfeng District, Xiaolan Town, Zhongshan City, Guangdong, China – 528400",https://wsrv.nl/?url=https%3A%2F%2Fi.ibb.co%2F4wrBkbXG%2FAltair-Dyna-04-champeing-gold.png&output=webp&q=78
Altair dyna,DTD075C,36V DC,160mA,5000K, CRI>97,Φ70*H107mm,24°,7W,AJ/CG,ARPS0750/50/24/RG,R-41159492,IS 10322 (PART 5/SEC1):2012,7699,"Guangdong Sat Technology Co. Ltd., No. 11 Lianbao Rd, Shengfeng District, Xiaolan Town, Zhongshan City, Guangdong, China – 528400",https://wsrv.nl/?url=https%3A%2F%2Fi.ibb.co%2FDfLk9v2c%2FAltair-Dyna-08-rose-gold.png&output=webp&q=78
Altair dyna,DTD075C,36V DC,160mA,5000K, CRI>97,Φ70*H107mm,24°,7W,AJ/CG,ARPS0750/50/24/BR,R-41159492,IS 10322 (PART 5/SEC1):2012,7699,"Guangdong Sat Technology Co. Ltd., No. 11 Lianbao Rd, Shengfeng District, Xiaolan Town, Zhongshan City, Guangdong, China – 528400",https://wsrv.nl/?url=https%3A%2F%2Fi.ibb.co%2Fwr0kt7NZ%2FAltair-Dyna-10-brown.png&output=webp&q=78
Altair dyna,DTD075C,36V DC,160mA,5000K, CRI>97,Φ70*H107mm,24°,7W,AJ/CG,ARPS0750/50/24/COF,R-41159492,IS 10322 (PART 5/SEC1):2012,7699,"Guangdong Sat Technology Co. Ltd., No. 11 Lianbao Rd, Shengfeng District, Xiaolan Town, Zhongshan City, Guangdong, China – 528400",https://wsrv.nl/?url=https%3A%2F%2Fi.ibb.co%2FjPZX9CSS%2FAltair-Dyna-07-coffee.png&output=webp&q=78
Altair dyna,DTD075C,36V DC,160mA,5000K, CRI>97,Φ70*H107mm,24°,7W,AJ/CG,ARPS0750/50/24/DGR,R-41159492,IS 10322 (PART 5/SEC1):2012,7699,"Guangdong Sat Technology Co. Ltd., No. 11 Lianbao Rd, Shengfeng District, Xiaolan Town, Zhongshan City, Guangdong, China – 528400",https://wsrv.nl/?url=https%3A%2F%2Fi.ibb.co%2FKMXmkFK%2FAltair-Dyna-09-dark-gray-default-001.png&output=webp&q=78
Altair dyna,DTD075C,36V DC,160mA,5000K, CRI>97,Φ70*H107mm,24°,7W,AJ/CG,ARPS0750/50/24/BB,R-41159492,IS 10322 (PART 5/SEC1):2012,7699,"Guangdong Sat Technology Co. Ltd., No. 11 Lianbao Rd, Shengfeng District, Xiaolan Town, Zhongshan City, Guangdong, China – 528400",https://wsrv.nl/?url=https%3A%2F%2Fi.ibb.co%2Fd4KNJJ6j%2FAltair-Dyna-06-ballet-blue.png&output=webp&q=78
Altair dyna,DTD075C,36V DC,160mA,5000K, CRI>97,Φ70*H107mm,24°,7W,AJ/CG,ARPS0750/50/24/CH,R-41159492,IS 10322 (PART 5/SEC1):2012,7699,"Guangdong Sat Technology Co. Ltd., No. 11 Lianbao Rd, Shengfeng District, Xiaolan Town, Zhongshan City, Guangdong, China – 528400",https://wsrv.nl/?url=https%3A%2F%2Fi.ibb.co%2F8J4HCPs%2FAltair-Dyna-01-chrome.png&output=webp&q=78
Altair dyna,DTD075C,36V DC,160mA,5000K, CRI>97,Φ70*H107mm,24°,7W,AJ/CG,ARPS0750/50/24/CHB,R-41159492,IS 10322 (PART 5/SEC1):2012,7699,"Guangdong Sat Technology Co. Ltd., No. 11 Lianbao Rd, Shengfeng District, Xiaolan Town, Zhongshan City, Guangdong, China – 528400",https://wsrv.nl/?url=https%3A%2F%2Fi.ibb.co%2FFqm7qr2r%2FAltair-Dyna-02-chrome-black.png&output=webp&q=78
Altair dyna,DTD075C,36V DC,160mA,2700K, CRI>97,Φ70*H107mm,36°,7W,AJ/CG,ARPS0750/27/36/B,R-41159492,IS 10322 (PART 5/SEC1):2012,6699,"Guangdong Sat Technology Co. Ltd., No. 11 Lianbao Rd, Shengfeng District, Xiaolan Town, Zhongshan City, Guangdong, China – 528400",https://wsrv.nl/?url=https%3A%2F%2Fi.ibb.co%2FPZGkB0V9%2FAltair-Dyna-03-mat-black-default.png&output=webp&q=78
Altair dyna,DTD075C,36V DC,160mA,2700K, CRI>97,Φ70*H107mm,36°,7W,AJ/CG,ARPS0750/27/36/W,R-41159492,IS 10322 (PART 5/SEC1):2012,6699,"Guangdong Sat Technology Co. Ltd., No. 11 Lianbao Rd, Shengfeng District, Xiaolan Town, Zhongshan City, Guangdong, China – 528400",https://wsrv.nl/?url=https%3A%2F%2Fi.ibb.co%2FgNmZHxZ%2FAltair-Dyna-05-white.png&output=webp&q=78
Altair dyna,DTD075C,36V DC,160mA,2700K, CRI>97,Φ70*H107mm,36°,7W,AJ/CG,ARPS0750/27/36/CG,R-41159492,IS 10322 (PART 5/SEC1):2012,7699,"Guangdong Sat Technology Co. Ltd., No. 11 Lianbao Rd, Shengfeng District, Xiaolan Town, Zhongshan City, Guangdong, China – 528400",https://wsrv.nl/?url=https%3A%2F%2Fi.ibb.co%2F4wrBkbXG%2FAltair-Dyna-04-champeing-gold.png&output=webp&q=78
Altair dyna,DTD075C,36V DC,160mA,2700K, CRI>97,Φ70*H107mm,36°,7W,AJ/CG,ARPS0750/27/36/RG,R-41159492,IS 10322 (PART 5/SEC1):2012,7699,"Guangdong Sat Technology Co. Ltd., No. 11 Lianbao Rd, Shengfeng District, Xiaolan Town, Zhongshan City, Guangdong, China – 528400",https://wsrv.nl/?url=https%3A%2F%2Fi.ibb.co%2FDfLk9v2c%2FAltair-Dyna-08-rose-gold.png&output=webp&q=78
Altair dyna,DTD075C,36V DC,160mA,2700K, CRI>97,Φ70*H107mm,36°,7W,AJ/CG,ARPS0750/27/36/BR,R-41159492,IS 10322 (PART 5/SEC1):2012,7699,"Guangdong Sat Technology Co. Ltd., No. 11 Lianbao Rd, Shengfeng District, Xiaolan Town, Zhongshan City, Guangdong, China – 528400",https://wsrv.nl/?url=https%3A%2F%2Fi.ibb.co%2Fwr0kt7NZ%2FAltair-Dyna-10-brown.png&output=webp&q=78
Altair dyna,DTD075C,36V DC,160mA,2700K, CRI>97,Φ70*H107mm,36°,7W,AJ/CG,ARPS0750/27/36/COF,R-41159492,IS 10322 (PART 5/SEC1):2012,7699,"Guangdong Sat Technology Co. Ltd., No. 11 Lianbao Rd, Shengfeng District, Xiaolan Town, Zhongshan City, Guangdong, China – 528400",https://wsrv.nl/?url=https%3A%2F%2Fi.ibb.co%2FjPZX9CSS%2FAltair-Dyna-07-coffee.png&output=webp&q=78
Altair dyna,DTD075C,36V DC,160mA,2700K, CRI>97,Φ70*H107mm,36°,7W,AJ/CG,ARPS0750/27/36/DGR,R-41159492,IS 10322 (PART 5/SEC1):2012,7699,"Guangdong Sat Technology Co. Ltd., No. 11 Lianbao Rd, Shengfeng District, Xiaolan Town, Zhongshan City, Guangdong, China – 528400",https://wsrv.nl/?url=https%3A%2F%2Fi.ibb.co%2FKMXmkFK%2FAltair-Dyna-09-dark-gray-default-001.png&output=webp&q=78
Altair dyna,DTD075C,36V DC,160mA,2700K, CRI>97,Φ70*H107mm,36°,7W,AJ/CG,ARPS0750/27/36/BB,R-41159492,IS 10322 (PART 5/SEC1):2012,7699,"Guangdong Sat Technology Co. Ltd., No. 11 Lianbao Rd, Shengfeng District, Xiaolan Town, Zhongshan City, Guangdong, China – 528400",https://wsrv.nl/?url=https%3A%2F%2Fi.ibb.co%2Fd4KNJJ6j%2FAltair-Dyna-06-ballet-blue.png&output=webp&q=78
Altair dyna,DTD075C,36V DC,160mA,2700K, CRI>97,Φ70*H107mm,36°,7W,AJ/CG,ARPS0750/27/36/CH,R-41159492,IS 10322 (PART 5/SEC1):2012,7699,"Guangdong Sat Technology Co. Ltd., No. 11 Lianbao Rd, Shengfeng District, Xiaolan Town, Zhongshan City, Guangdong, China – 528400",https://wsrv.nl/?url=https%3A%2F%2Fi.ibb.co%2F8J4HCPs%2FAltair-Dyna-01-chrome.png&output=webp&q=78
Altair dyna,DTD075C,36V DC,160mA,2700K, CRI>97,Φ70*H107mm,36°,7W,AJ/CG,ARPS0750/27/36/CHB,R-41159492,IS 10322 (PART 5/SEC1):2012,7699,"Guangdong Sat Technology Co. Ltd., No. 11 Lianbao Rd, Shengfeng District, Xiaolan Town, Zhongshan City, Guangdong, China – 528400",https://wsrv.nl/?url=https%3A%2F%2Fi.ibb.co%2FFqm7qr2r%2FAltair-Dyna-02-chrome-black.png&output=webp&q=78
Altair dyna,DTD075C,36V DC,160mA,3000K, CRI>97,Φ70*H107mm,36°,7W,AJ/CG,ARPS0750/30/36/B,R-41159492,IS 10322 (PART 5/SEC1):2012,6699,"Guangdong Sat Technology Co. Ltd., No. 11 Lianbao Rd, Shengfeng District, Xiaolan Town, Zhongshan City, Guangdong, China – 528400",https://wsrv.nl/?url=https%3A%2F%2Fi.ibb.co%2FPZGkB0V9%2FAltair-Dyna-03-mat-black-default.png&output=webp&q=78
Altair dyna,DTD075C,36V DC,160mA,3000K, CRI>97,Φ70*H107mm,36°,7W,AJ/CG,ARPS0750/30/36/W,R-41159492,IS 10322 (PART 5/SEC1):2012,6699,"Guangdong Sat Technology Co. Ltd., No. 11 Lianbao Rd, Shengfeng District, Xiaolan Town, Zhongshan City, Guangdong, China – 528400",https://wsrv.nl/?url=https%3A%2F%2Fi.ibb.co%2FgNmZHxZ%2FAltair-Dyna-05-white.png&output=webp&q=78
Altair dyna,DTD075C,36V DC,160mA,3000K, CRI>97,Φ70*H107mm,36°,7W,AJ/CG,ARPS0750/30/36/CG,R-41159492,IS 10322 (PART 5/SEC1):2012,7699,"Guangdong Sat Technology Co. Ltd., No. 11 Lianbao Rd, Shengfeng District, Xiaolan Town, Zhongshan City, Guangdong, China – 528400",https://wsrv.nl/?url=https%3A%2F%2Fi.ibb.co%2F4wrBkbXG%2FAltair-Dyna-04-champeing-gold.png&output=webp&q=78
Altair dyna,DTD075C,36V DC,160mA,3000K, CRI>97,Φ70*H107mm,36°,7W,AJ/CG,ARPS0750/30/36/RG,R-41159492,IS 10322 (PART 5/SEC1):2012,7699,"Guangdong Sat Technology Co. Ltd., No. 11 Lianbao Rd, Shengfeng District, Xiaolan Town, Zhongshan City, Guangdong, China – 528400",https://wsrv.nl/?url=https%3A%2F%2Fi.ibb.co%2FDfLk9v2c%2FAltair-Dyna-08-rose-gold.png&output=webp&q=78
Altair dyna,DTD075C,36V DC,160mA,3000K, CRI>97,Φ70*H107mm,36°,7W,AJ/CG,ARPS0750/30/36/BR,R-41159492,IS 10322 (PART 5/SEC1):2012,7699,"Guangdong Sat Technology Co. Ltd., No. 11 Lianbao Rd, Shengfeng District, Xiaolan Town, Zhongshan City, Guangdong, China – 528400",https://wsrv.nl/?url=https%3A%2F%2Fi.ibb.co%2Fwr0kt7NZ%2FAltair-Dyna-10-brown.png&output=webp&q=78
Altair dyna,DTD075C,36V DC,160mA,3000K, CRI>97,Φ70*H107mm,36°,7W,AJ/CG,ARPS0750/30/36/COF,R-41159492,IS 10322 (PART 5/SEC1):2012,7699,"Guangdong Sat Technology Co. Ltd., No. 11 Lianbao Rd, Shengfeng District, Xiaolan Town, Zhongshan City, Guangdong, China – 528400",https://wsrv.nl/?url=https%3A%2F%2Fi.ibb.co%2FjPZX9CSS%2FAltair-Dyna-07-coffee.png&output=webp&q=78
Altair dyna,DTD075C,36V DC,160mA,3000K, CRI>97,Φ70*H107mm,36°,7W,AJ/CG,ARPS0750/30/36/DGR,R-41159492,IS 10322 (PART 5/SEC1):2012,7699,"Guangdong Sat Technology Co. Ltd., No. 11 Lianbao Rd, Shengfeng District, Xiaolan Town, Zhongshan City, Guangdong, China – 528400",https://wsrv.nl/?url=https%3A%2F%2Fi.ibb.co%2FKMXmkFK%2FAltair-Dyna-09-dark-gray-default-001.png&output=webp&q=78
Altair dyna,DTD075C,36V DC,160mA,3000K, CRI>97,Φ70*H107mm,36°,7W,AJ/CG,ARPS0750/30/36/BB,R-41159492,IS 10322 (PART 5/SEC1):2012,7699,"Guangdong Sat Technology Co. Ltd., No. 11 Lianbao Rd, Shengfeng District, Xiaolan Town, Zhongshan City, Guangdong, China – 528400",https://wsrv.nl/?url=https%3A%2F%2Fi.ibb.co%2Fd4KNJJ6j%2FAltair-Dyna-06-ballet-blue.png&output=webp&q=78
Altair dyna,DTD075C,36V DC,160mA,3000K, CRI>97,Φ70*H107mm,36°,7W,AJ/CG,ARPS0750/30/36/CH,R-41159492,IS 10322 (PART 5/SEC1):2012,7699,"Guangdong Sat Technology Co. Ltd., No. 11 Lianbao Rd, Shengfeng District, Xiaolan Town, Zhongshan City, Guangdong, China – 528400",https://wsrv.nl/?url=https%3A%2F%2Fi.ibb.co%2F8J4HCPs%2FAltair-Dyna-01-chrome.png&output=webp&q=78
Altair dyna,DTD075C,36V DC,160mA,3000K, CRI>97,Φ70*H107mm,36°,7W,AJ/CG,ARPS0750/30/36/CHB,R-41159492,IS 10322 (PART 5/SEC1):2012,7699,"Guangdong Sat Technology Co. Ltd., No. 11 Lianbao Rd, Shengfeng District, Xiaolan Town, Zhongshan City, Guangdong, China – 528400",https://wsrv.nl/?url=https%3A%2F%2Fi.ibb.co%2FFqm7qr2r%2FAltair-Dyna-02-chrome-black.png&output=webp&q=78
Altair dyna,DTD075C,36V DC,160mA,3500K, CRI>97,Φ70*H107mm,36°,7W,AJ/CG,ARPS0750/35/36/B,R-41159492,IS 10322 (PART 5/SEC1):2012,6699,"Guangdong Sat Technology Co. Ltd., No. 11 Lianbao Rd, Shengfeng District, Xiaolan Town, Zhongshan City, Guangdong, China – 528400",https://wsrv.nl/?url=https%3A%2F%2Fi.ibb.co%2FPZGkB0V9%2FAltair-Dyna-03-mat-black-default.png&output=webp&q=78
Altair dyna,DTD075C,36V DC,160mA,3500K, CRI>97,Φ70*H107mm,36°,7W,AJ/CG,ARPS0750/35/36/W,R-41159492,IS 10322 (PART 5/SEC1):2012,6699,"Guangdong Sat Technology Co. Ltd., No. 11 Lianbao Rd, Shengfeng District, Xiaolan Town, Zhongshan City, Guangdong, China – 528400",https://wsrv.nl/?url=https%3A%2F%2Fi.ibb.co%2FgNmZHxZ%2FAltair-Dyna-05-white.png&output=webp&q=78
Altair dyna,DTD075C,36V DC,160mA,3500K, CRI>97,Φ70*H107mm,36°,7W,AJ/CG,ARPS0750/35/36/CG,R-41159492,IS 10322 (PART 5/SEC1):2012,7699,"Guangdong Sat Technology Co. Ltd., No. 11 Lianbao Rd, Shengfeng District, Xiaolan Town, Zhongshan City, Guangdong, China – 528400",https://wsrv.nl/?url=https%3A%2F%2Fi.ibb.co%2F4wrBkbXG%2FAltair-Dyna-04-champeing-gold.png&output=webp&q=78
Altair dyna,DTD075C,36V DC,160mA,3500K, CRI>97,Φ70*H107mm,36°,7W,AJ/CG,ARPS0750/35/36/RG,R-41159492,IS 10322 (PART 5/SEC1):2012,7699,"Guangdong Sat Technology Co. Ltd., No. 11 Lianbao Rd, Shengfeng District, Xiaolan Town, Zhongshan City, Guangdong, China – 528400",https://wsrv.nl/?url=https%3A%2F%2Fi.ibb.co%2FDfLk9v2c%2FAltair-Dyna-08-rose-gold.png&output=webp&q=78
Altair dyna,DTD075C,36V DC,160mA,3500K, CRI>97,Φ70*H107mm,36°,7W,AJ/CG,ARPS0750/35/36/BR,R-41159492,IS 10322 (PART 5/SEC1):2012,7699,"Guangdong Sat Technology Co. Ltd., No. 11 Lianbao Rd, Shengfeng District, Xiaolan Town, Zhongshan City, Guangdong, China – 528400",https://wsrv.nl/?url=https%3A%2F%2Fi.ibb.co%2Fwr0kt7NZ%2FAltair-Dyna-10-brown.png&output=webp&q=78
Altair dyna,DTD075C,36V DC,160mA,3500K, CRI>97,Φ70*H107mm,36°,7W,AJ/CG,ARPS0750/35/36/COF,R-41159492,IS 10322 (PART 5/SEC1):2012,7699,"Guangdong Sat Technology Co. Ltd., No. 11 Lianbao Rd, Shengfeng District, Xiaolan Town, Zhongshan City, Guangdong, China – 528400",https://wsrv.nl/?url=https%3A%2F%2Fi.ibb.co%2FjPZX9CSS%2FAltair-Dyna-07-coffee.png&output=webp&q=78
Altair dyna,DTD075C,36V DC,160mA,3500K, CRI>97,Φ70*H107mm,36°,7W,AJ/CG,ARPS0750/35/36/DGR,R-41159492,IS 10322 (PART 5/SEC1):2012,7699,"Guangdong Sat Technology Co. Ltd., No. 11 Lianbao Rd, Shengfeng District, Xiaolan Town, Zhongshan City, Guangdong, China – 528400",https://wsrv.nl/?url=https%3A%2F%2Fi.ibb.co%2FKMXmkFK%2FAltair-Dyna-09-dark-gray-default-001.png&output=webp&q=78
Altair dyna,DTD075C,36V DC,160mA,3500K, CRI>97,Φ70*H107mm,36°,7W,AJ/CG,ARPS0750/35/36/BB,R-41159492,IS 10322 (PART 5/SEC1):2012,7699,"Guangdong Sat Technology Co. Ltd., No. 11 Lianbao Rd, Shengfeng District, Xiaolan Town, Zhongshan City, Guangdong, China – 528400",https://wsrv.nl/?url=https%3A%2F%2Fi.ibb.co%2Fd4KNJJ6j%2FAltair-Dyna-06-ballet-blue.png&output=webp&q=78
Altair dyna,DTD075C,36V DC,160mA,3500K, CRI>97,Φ70*H107mm,36°,7W,AJ/CG,ARPS0750/35/36/CH,R-41159492,IS 10322 (PART 5/SEC1):2012,7699,"Guangdong Sat Technology Co. Ltd., No. 11 Lianbao Rd, Shengfeng District, Xiaolan Town, Zhongshan City, Guangdong, China – 528400",https://wsrv.nl/?url=https%3A%2F%2Fi.ibb.co%2F8J4HCPs%2FAltair-Dyna-01-chrome.png&output=webp&q=78
Altair dyna,DTD075C,36V DC,160mA,3500K, CRI>97,Φ70*H107mm,36°,7W,AJ/CG,ARPS0750/35/36/CHB,R-41159492,IS 10322 (PART 5/SEC1):2012,7699,"Guangdong Sat Technology Co. Ltd., No. 11 Lianbao Rd, Shengfeng District, Xiaolan Town, Zhongshan City, Guangdong, China – 528400",https://wsrv.nl/?url=https%3A%2F%2Fi.ibb.co%2FFqm7qr2r%2FAltair-Dyna-02-chrome-black.png&output=webp&q=78
Altair dyna,DTD075C,36V DC,160mA,4000K, CRI>97,Φ70*H107mm,36°,7W,AJ/CG,ARPS0750/40/36/B,R-41159492,IS 10322 (PART 5/SEC1):2012,6699,"Guangdong Sat Technology Co. Ltd., No. 11 Lianbao Rd, Shengfeng District, Xiaolan Town, Zhongshan City, Guangdong, China – 528400",https://wsrv.nl/?url=https%3A%2F%2Fi.ibb.co%2FPZGkB0V9%2FAltair-Dyna-03-mat-black-default.png&output=webp&q=78
Altair dyna,DTD075C,36V DC,160mA,4000K, CRI>97,Φ70*H107mm,36°,7W,AJ/CG,ARPS0750/40/36/W,R-41159492,IS 10322 (PART 5/SEC1):2012,6699,"Guangdong Sat Technology Co. Ltd., No. 11 Lianbao Rd, Shengfeng District, Xiaolan Town, Zhongshan City, Guangdong, China – 528400",https://wsrv.nl/?url=https%3A%2F%2Fi.ibb.co%2FgNmZHxZ%2FAltair-Dyna-05-white.png&output=webp&q=78
Altair dyna,DTD075C,36V DC,160mA,4000K, CRI>97,Φ70*H107mm,36°,7W,AJ/CG,ARPS0750/40/36/CG,R-41159492,IS 10322 (PART 5/SEC1):2012,7699,"Guangdong Sat Technology Co. Ltd., No. 11 Lianbao Rd, Shengfeng District, Xiaolan Town, Zhongshan City, Guangdong, China – 528400",https://wsrv.nl/?url=https%3A%2F%2Fi.ibb.co%2F4wrBkbXG%2FAltair-Dyna-04-champeing-gold.png&output=webp&q=78
Altair dyna,DTD075C,36V DC,160mA,4000K, CRI>97,Φ70*H107mm,36°,7W,AJ/CG,ARPS0750/40/36/RG,R-41159492,IS 10322 (PART 5/SEC1):2012,7699,"Guangdong Sat Technology Co. Ltd., No. 11 Lianbao Rd, Shengfeng District, Xiaolan Town, Zhongshan City, Guangdong, China – 528400",https://wsrv.nl/?url=https%3A%2F%2Fi.ibb.co%2FDfLk9v2c%2FAltair-Dyna-08-rose-gold.png&output=webp&q=78
Altair dyna,DTD075C,36V DC,160mA,4000K, CRI>97,Φ70*H107mm,36°,7W,AJ/CG,ARPS0750/40/36/BR,R-41159492,IS 10322 (PART 5/SEC1):2012,7699,"Guangdong Sat Technology Co. Ltd., No. 11 Lianbao Rd, Shengfeng District, Xiaolan Town, Zhongshan City, Guangdong, China – 528400",https://wsrv.nl/?url=https%3A%2F%2Fi.ibb.co%2Fwr0kt7NZ%2FAltair-Dyna-10-brown.png&output=webp&q=78
Altair dyna,DTD075C,36V DC,160mA,4000K, CRI>97,Φ70*H107mm,36°,7W,AJ/CG,ARPS0750/40/36/COF,R-41159492,IS 10322 (PART 5/SEC1):2012,7699,"Guangdong Sat Technology Co. Ltd., No. 11 Lianbao Rd, Shengfeng District, Xiaolan Town, Zhongshan City, Guangdong, China – 528400",https://wsrv.nl/?url=https%3A%2F%2Fi.ibb.co%2FjPZX9CSS%2FAltair-Dyna-07-coffee.png&output=webp&q=78
Altair dyna,DTD075C,36V DC,160mA,4000K, CRI>97,Φ70*H107mm,36°,7W,AJ/CG,ARPS0750/40/36/DGR,R-41159492,IS 10322 (PART 5/SEC1):2012,7699,"Guangdong Sat Technology Co. Ltd., No. 11 Lianbao Rd, Shengfeng District, Xiaolan Town, Zhongshan City, Guangdong, China – 528400",https://wsrv.nl/?url=https%3A%2F%2Fi.ibb.co%2FKMXmkFK%2FAltair-Dyna-09-dark-gray-default-001.png&output=webp&q=78
Altair dyna,DTD075C,36V DC,160mA,4000K, CRI>97,Φ70*H107mm,36°,7W,AJ/CG,ARPS0750/40/36/BB,R-41159492,IS 10322 (PART 5/SEC1):2012,7699,"Guangdong Sat Technology Co. Ltd., No. 11 Lianbao Rd, Shengfeng District, Xiaolan Town, Zhongshan City, Guangdong, China – 528400",https://wsrv.nl/?url=https%3A%2F%2Fi.ibb.co%2Fd4KNJJ6j%2FAltair-Dyna-06-ballet-blue.png&output=webp&q=78
Altair dyna,DTD075C,36V DC,160mA,4000K, CRI>97,Φ70*H107mm,36°,7W,AJ/CG,ARPS0750/40/36/CH,R-41159492,IS 10322 (PART 5/SEC1):2012,7699,"Guangdong Sat Technology Co. Ltd., No. 11 Lianbao Rd, Shengfeng District, Xiaolan Town, Zhongshan City, Guangdong, China – 528400",https://wsrv.nl/?url=https%3A%2F%2Fi.ibb.co%2F8J4HCPs%2FAltair-Dyna-01-chrome.png&output=webp&q=78
Altair dyna,DTD075C,36V DC,160mA,4000K, CRI>97,Φ70*H107mm,36°,7W,AJ/CG,ARPS0750/40/36/CHB,R-41159492,IS 10322 (PART 5/SEC1):2012,7699,"Guangdong Sat Technology Co. Ltd., No. 11 Lianbao Rd, Shengfeng District, Xiaolan Town, Zhongshan City, Guangdong, China – 528400",https://wsrv.nl/?url=https%3A%2F%2Fi.ibb.co%2FFqm7qr2r%2FAltair-Dyna-02-chrome-black.png&output=webp&q=78
Altair dyna,DTD075C,36V DC,160mA,5000K, CRI>97,Φ70*H107mm,36°,7W,AJ/CG,ARPS0750/50/36/B,R-41159492,IS 10322 (PART 5/SEC1):2012,6699,"Guangdong Sat Technology Co. Ltd., No. 11 Lianbao Rd, Shengfeng District, Xiaolan Town, Zhongshan City, Guangdong, China – 528400",https://wsrv.nl/?url=https%3A%2F%2Fi.ibb.co%2FPZGkB0V9%2FAltair-Dyna-03-mat-black-default.png&output=webp&q=78
Altair dyna,DTD075C,36V DC,160mA,5000K, CRI>97,Φ70*H107mm,36°,7W,AJ/CG,ARPS0750/50/36/W,R-41159492,IS 10322 (PART 5/SEC1):2012,6699,"Guangdong Sat Technology Co. Ltd., No. 11 Lianbao Rd, Shengfeng District, Xiaolan Town, Zhongshan City, Guangdong, China – 528400",https://wsrv.nl/?url=https%3A%2F%2Fi.ibb.co%2FgNmZHxZ%2FAltair-Dyna-05-white.png&output=webp&q=78
Altair dyna,DTD075C,36V DC,160mA,5000K, CRI>97,Φ70*H107mm,36°,7W,AJ/CG,ARPS0750/50/36/CG,R-41159492,IS 10322 (PART 5/SEC1):2012,7699,"Guangdong Sat Technology Co. Ltd., No. 11 Lianbao Rd, Shengfeng District, Xiaolan Town, Zhongshan City, Guangdong, China – 528400",https://wsrv.nl/?url=https%3A%2F%2Fi.ibb.co%2F4wrBkbXG%2FAltair-Dyna-04-champeing-gold.png&output=webp&q=78
Altair dyna,DTD075C,36V DC,160mA,5000K, CRI>97,Φ70*H107mm,36°,7W,AJ/CG,ARPS0750/50/36/RG,R-41159492,IS 10322 (PART 5/SEC1):2012,7699,"Guangdong Sat Technology Co. Ltd., No. 11 Lianbao Rd, Shengfeng District, Xiaolan Town, Zhongshan City, Guangdong, China – 528400",https://wsrv.nl/?url=https%3A%2F%2Fi.ibb.co%2FDfLk9v2c%2FAltair-Dyna-08-rose-gold.png&output=webp&q=78
Altair dyna,DTD075C,36V DC,160mA,5000K, CRI>97,Φ70*H107mm,36°,7W,AJ/CG,ARPS0750/50/36/BR,R-41159492,IS 10322 (PART 5/SEC1):2012,7699,"Guangdong Sat Technology Co. Ltd., No. 11 Lianbao Rd, Shengfeng District, Xiaolan Town, Zhongshan City, Guangdong, China – 528400",https://wsrv.nl/?url=https%3A%2F%2Fi.ibb.co%2Fwr0kt7NZ%2FAltair-Dyna-10-brown.png&output=webp&q=78
Altair dyna,DTD075C,36V DC,160mA,5000K, CRI>97,Φ70*H107mm,36°,7W,AJ/CG,ARPS0750/50/36/COF,R-41159492,IS 10322 (PART 5/SEC1):2012,7699,"Guangdong Sat Technology Co. Ltd., No. 11 Lianbao Rd, Shengfeng District, Xiaolan Town, Zhongshan City, Guangdong, China – 528400",https://wsrv.nl/?url=https%3A%2F%2Fi.ibb.co%2FjPZX9CSS%2FAltair-Dyna-07-coffee.png&output=webp&q=78
Altair dyna,DTD075C,36V DC,160mA,5000K, CRI>97,Φ70*H107mm,36°,7W,AJ/CG,ARPS0750/50/36/DGR,R-41159492,IS 10322 (PART 5/SEC1):2012,7699,"Guangdong Sat Technology Co. Ltd., No. 11 Lianbao Rd, Shengfeng District, Xiaolan Town, Zhongshan City, Guangdong, China – 528400",https://wsrv.nl/?url=https%3A%2F%2Fi.ibb.co%2FKMXmkFK%2FAltair-Dyna-09-dark-gray-default-001.png&output=webp&q=78
Altair dyna,DTD075C,36V DC,160mA,5000K, CRI>97,Φ70*H107mm,36°,7W,AJ/CG,ARPS0750/50/36/BB,R-41159492,IS 10322 (PART 5/SEC1):2012,7699,"Guangdong Sat Technology Co. Ltd., No. 11 Lianbao Rd, Shengfeng District, Xiaolan Town, Zhongshan City, Guangdong, China – 528400",https://wsrv.nl/?url=https%3A%2F%2Fi.ibb.co%2Fd4KNJJ6j%2FAltair-Dyna-06-ballet-blue.png&output=webp&q=78
Altair dyna,DTD075C,36V DC,160mA,5000K, CRI>97,Φ70*H107mm,36°,7W,AJ/CG,ARPS0750/50/36/CH,R-41159492,IS 10322 (PART 5/SEC1):2012,7699,"Guangdong Sat Technology Co. Ltd., No. 11 Lianbao Rd, Shengfeng District, Xiaolan Town, Zhongshan City, Guangdong, China – 528400",https://wsrv.nl/?url=https%3A%2F%2Fi.ibb.co%2F8J4HCPs%2FAltair-Dyna-01-chrome.png&output=webp&q=78
Altair dyna,DTD075C,36V DC,160mA,5000K, CRI>97,Φ70*H107mm,36°,7W,AJ/CG,ARPS0750/50/36/CHB,R-41159492,IS 10322 (PART 5/SEC1):2012,7699,"Guangdong Sat Technology Co. Ltd., No. 11 Lianbao Rd, Shengfeng District, Xiaolan Town, Zhongshan City, Guangdong, China – 528400",https://wsrv.nl/?url=https%3A%2F%2Fi.ibb.co%2FFqm7qr2r%2FAltair-Dyna-02-chrome-black.png&output=webp&q=78
Altair dyna,DTD075C,36V DC,160mA,2700K, CRI>97,Φ70*H107mm,15°~45° Zoom,7W,AJ/CG,ARPS0750/27/Z/B,R-41159492,IS 10322 (PART 5/SEC1):2012,6699,"Guangdong Sat Technology Co. Ltd., No. 11 Lianbao Rd, Shengfeng District, Xiaolan Town, Zhongshan City, Guangdong, China – 528400",https://wsrv.nl/?url=https%3A%2F%2Fi.ibb.co%2FPZGkB0V9%2FAltair-Dyna-03-mat-black-default.png&output=webp&q=78
Altair dyna,DTD075C,36V DC,160mA,2700K, CRI>97,Φ70*H107mm,15°~45° Zoom,7W,AJ/CG,ARPS0750/27/Z/W,R-41159492,IS 10322 (PART 5/SEC1):2012,6699,"Guangdong Sat Technology Co. Ltd., No. 11 Lianbao Rd, Shengfeng District, Xiaolan Town, Zhongshan City, Guangdong, China – 528400",https://wsrv.nl/?url=https%3A%2F%2Fi.ibb.co%2FgNmZHxZ%2FAltair-Dyna-05-white.png&output=webp&q=78
Altair dyna,DTD075C,36V DC,160mA,2700K, CRI>97,Φ70*H107mm,15°~45° Zoom,7W,AJ/CG,ARPS0750/27/Z/CG,R-41159492,IS 10322 (PART 5/SEC1):2012,7699,"Guangdong Sat Technology Co. Ltd., No. 11 Lianbao Rd, Shengfeng District, Xiaolan Town, Zhongshan City, Guangdong, China – 528400",https://wsrv.nl/?url=https%3A%2F%2Fi.ibb.co%2F4wrBkbXG%2FAltair-Dyna-04-champeing-gold.png&output=webp&q=78
Altair dyna,DTD075C,36V DC,160mA,2700K, CRI>97,Φ70*H107mm,15°~45° Zoom,7W,AJ/CG,ARPS0750/27/Z/RG,R-41159492,IS 10322 (PART 5/SEC1):2012,7699,"Guangdong Sat Technology Co. Ltd., No. 11 Lianbao Rd, Shengfeng District, Xiaolan Town, Zhongshan City, Guangdong, China – 528400",https://wsrv.nl/?url=https%3A%2F%2Fi.ibb.co%2FDfLk9v2c%2FAltair-Dyna-08-rose-gold.png&output=webp&q=78
Altair dyna,DTD075C,36V DC,160mA,2700K, CRI>97,Φ70*H107mm,15°~45° Zoom,7W,AJ/CG,ARPS0750/27/Z/BR,R-41159492,IS 10322 (PART 5/SEC1):2012,7699,"Guangdong Sat Technology Co. Ltd., No. 11 Lianbao Rd, Shengfeng District, Xiaolan Town, Zhongshan City, Guangdong, China – 528400",https://wsrv.nl/?url=https%3A%2F%2Fi.ibb.co%2Fwr0kt7NZ%2FAltair-Dyna-10-brown.png&output=webp&q=78
Altair dyna,DTD075C,36V DC,160mA,2700K, CRI>97,Φ70*H107mm,15°~45° Zoom,7W,AJ/CG,ARPS0750/27/Z/COF,R-41159492,IS 10322 (PART 5/SEC1):2012,7699,"Guangdong Sat Technology Co. Ltd., No. 11 Lianbao Rd, Shengfeng District, Xiaolan Town, Zhongshan City, Guangdong, China – 528400",https://wsrv.nl/?url=https%3A%2F%2Fi.ibb.co%2FjPZX9CSS%2FAltair-Dyna-07-coffee.png&output=webp&q=78
Altair dyna,DTD075C,36V DC,160mA,2700K, CRI>97,Φ70*H107mm,15°~45° Zoom,7W,AJ/CG,ARPS0750/27/Z/DGR,R-41159492,IS 10322 (PART 5/SEC1):2012,7699,"Guangdong Sat Technology Co. Ltd., No. 11 Lianbao Rd, Shengfeng District, Xiaolan Town, Zhongshan City, Guangdong, China – 528400",https://wsrv.nl/?url=https%3A%2F%2Fi.ibb.co%2FKMXmkFK%2FAltair-Dyna-09-dark-gray-default-001.png&output=webp&q=78
Altair dyna,DTD075C,36V DC,160mA,2700K, CRI>97,Φ70*H107mm,15°~45° Zoom,7W,AJ/CG,ARPS0750/27/Z/BB,R-41159492,IS 10322 (PART 5/SEC1):2012,7699,"Guangdong Sat Technology Co. Ltd., No. 11 Lianbao Rd, Shengfeng District, Xiaolan Town, Zhongshan City, Guangdong, China – 528400",https://wsrv.nl/?url=https%3A%2F%2Fi.ibb.co%2Fd4KNJJ6j%2FAltair-Dyna-06-ballet-blue.png&output=webp&q=78
Altair dyna,DTD075C,36V DC,160mA,2700K, CRI>97,Φ70*H107mm,15°~45° Zoom,7W,AJ/CG,ARPS0750/27/Z/CH,R-41159492,IS 10322 (PART 5/SEC1):2012,7699,"Guangdong Sat Technology Co. Ltd., No. 11 Lianbao Rd, Shengfeng District, Xiaolan Town, Zhongshan City, Guangdong, China – 528400",https://wsrv.nl/?url=https%3A%2F%2Fi.ibb.co%2F8J4HCPs%2FAltair-Dyna-01-chrome.png&output=webp&q=78
Altair dyna,DTD075C,36V DC,160mA,2700K, CRI>97,Φ70*H107mm,15°~45° Zoom,7W,AJ/CG,ARPS0750/27/Z/CHB,R-41159492,IS 10322 (PART 5/SEC1):2012,7699,"Guangdong Sat Technology Co. Ltd., No. 11 Lianbao Rd, Shengfeng District, Xiaolan Town, Zhongshan City, Guangdong, China – 528400",https://wsrv.nl/?url=https%3A%2F%2Fi.ibb.co%2FFqm7qr2r%2FAltair-Dyna-02-chrome-black.png&output=webp&q=78
Altair dyna,DTD075C,36V DC,160mA,3000K, CRI>97,Φ70*H107mm,15°~45° Zoom,7W,AJ/CG,ARPS0750/30/Z/B,R-41159492,IS 10322 (PART 5/SEC1):2012,6699,"Guangdong Sat Technology Co. Ltd., No. 11 Lianbao Rd, Shengfeng District, Xiaolan Town, Zhongshan City, Guangdong, China – 528400",https://wsrv.nl/?url=https%3A%2F%2Fi.ibb.co%2FPZGkB0V9%2FAltair-Dyna-03-mat-black-default.png&output=webp&q=78
Altair dyna,DTD075C,36V DC,160mA,3000K, CRI>97,Φ70*H107mm,15°~45° Zoom,7W,AJ/CG,ARPS0750/30/Z/W,R-41159492,IS 10322 (PART 5/SEC1):2012,6699,"Guangdong Sat Technology Co. Ltd., No. 11 Lianbao Rd, Shengfeng District, Xiaolan Town, Zhongshan City, Guangdong, China – 528400",https://wsrv.nl/?url=https%3A%2F%2Fi.ibb.co%2FgNmZHxZ%2FAltair-Dyna-05-white.png&output=webp&q=78
Altair dyna,DTD075C,36V DC,160mA,3000K, CRI>97,Φ70*H107mm,15°~45° Zoom,7W,AJ/CG,ARPS0750/30/Z/CG,R-41159492,IS 10322 (PART 5/SEC1):2012,7699,"Guangdong Sat Technology Co. Ltd., No. 11 Lianbao Rd, Shengfeng District, Xiaolan Town, Zhongshan City, Guangdong, China – 528400",https://wsrv.nl/?url=https%3A%2F%2Fi.ibb.co%2F4wrBkbXG%2FAltair-Dyna-04-champeing-gold.png&output=webp&q=78
Altair dyna,DTD075C,36V DC,160mA,3000K, CRI>97,Φ70*H107mm,15°~45° Zoom,7W,AJ/CG,ARPS0750/30/Z/RG,R-41159492,IS 10322 (PART 5/SEC1):2012,7699,"Guangdong Sat Technology Co. Ltd., No. 11 Lianbao Rd, Shengfeng District, Xiaolan Town, Zhongshan City, Guangdong, China – 528400",https://wsrv.nl/?url=https%3A%2F%2Fi.ibb.co%2FDfLk9v2c%2FAltair-Dyna-08-rose-gold.png&output=webp&q=78
Altair dyna,DTD075C,36V DC,160mA,3000K, CRI>97,Φ70*H107mm,15°~45° Zoom,7W,AJ/CG,ARPS0750/30/Z/BR,R-41159492,IS 10322 (PART 5/SEC1):2012,7699,"Guangdong Sat Technology Co. Ltd., No. 11 Lianbao Rd, Shengfeng District, Xiaolan Town, Zhongshan City, Guangdong, China – 528400",https://wsrv.nl/?url=https%3A%2F%2Fi.ibb.co%2Fwr0kt7NZ%2FAltair-Dyna-10-brown.png&output=webp&q=78
Altair dyna,DTD075C,36V DC,160mA,3000K, CRI>97,Φ70*H107mm,15°~45° Zoom,7W,AJ/CG,ARPS0750/30/Z/COF,R-41159492,IS 10322 (PART 5/SEC1):2012,7699,"Guangdong Sat Technology Co. Ltd., No. 11 Lianbao Rd, Shengfeng District, Xiaolan Town, Zhongshan City, Guangdong, China – 528400",https://wsrv.nl/?url=https%3A%2F%2Fi.ibb.co%2FjPZX9CSS%2FAltair-Dyna-07-coffee.png&output=webp&q=78
Altair dyna,DTD075C,36V DC,160mA,3000K, CRI>97,Φ70*H107mm,15°~45° Zoom,7W,AJ/CG,ARPS0750/30/Z/DGR,R-41159492,IS 10322 (PART 5/SEC1):2012,7699,"Guangdong Sat Technology Co. Ltd., No. 11 Lianbao Rd, Shengfeng District, Xiaolan Town, Zhongshan City, Guangdong, China – 528400",https://wsrv.nl/?url=https%3A%2F%2Fi.ibb.co%2FKMXmkFK%2FAltair-Dyna-09-dark-gray-default-001.png&output=webp&q=78
Altair dyna,DTD075C,36V DC,160mA,3000K, CRI>97,Φ70*H107mm,15°~45° Zoom,7W,AJ/CG,ARPS0750/30/Z/BB,R-41159492,IS 10322 (PART 5/SEC1):2012,7699,"Guangdong Sat Technology Co. Ltd., No. 11 Lianbao Rd, Shengfeng District, Xiaolan Town, Zhongshan City, Guangdong, China – 528400",https://wsrv.nl/?url=https%3A%2F%2Fi.ibb.co%2Fd4KNJJ6j%2FAltair-Dyna-06-ballet-blue.png&output=webp&q=78
Altair dyna,DTD075C,36V DC,160mA,3000K, CRI>97,Φ70*H107mm,15°~45° Zoom,7W,AJ/CG,ARPS0750/30/Z/CH,R-41159492,IS 10322 (PART 5/SEC1):2012,7699,"Guangdong Sat Technology Co. Ltd., No. 11 Lianbao Rd, Shengfeng District, Xiaolan Town, Zhongshan City, Guangdong, China – 528400",https://wsrv.nl/?url=https%3A%2F%2Fi.ibb.co%2F8J4HCPs%2FAltair-Dyna-01-chrome.png&output=webp&q=78
Altair dyna,DTD075C,36V DC,160mA,3000K, CRI>97,Φ70*H107mm,15°~45° Zoom,7W,AJ/CG,ARPS0750/30/Z/CHB,R-41159492,IS 10322 (PART 5/SEC1):2012,7699,"Guangdong Sat Technology Co. Ltd., No. 11 Lianbao Rd, Shengfeng District, Xiaolan Town, Zhongshan City, Guangdong, China – 528400",https://wsrv.nl/?url=https%3A%2F%2Fi.ibb.co%2FFqm7qr2r%2FAltair-Dyna-02-chrome-black.png&output=webp&q=78
Altair dyna,DTD075C,36V DC,160mA,3500K, CRI>97,Φ70*H107mm,15°~45° Zoom,7W,AJ/CG,ARPS0750/35/Z/B,R-41159492,IS 10322 (PART 5/SEC1):2012,6699,"Guangdong Sat Technology Co. Ltd., No. 11 Lianbao Rd, Shengfeng District, Xiaolan Town, Zhongshan City, Guangdong, China – 528400",https://wsrv.nl/?url=https%3A%2F%2Fi.ibb.co%2FPZGkB0V9%2FAltair-Dyna-03-mat-black-default.png&output=webp&q=78
Altair dyna,DTD075C,36V DC,160mA,3500K, CRI>97,Φ70*H107mm,15°~45° Zoom,7W,AJ/CG,ARPS0750/35/Z/W,R-41159492,IS 10322 (PART 5/SEC1):2012,6699,"Guangdong Sat Technology Co. Ltd., No. 11 Lianbao Rd, Shengfeng District, Xiaolan Town, Zhongshan City, Guangdong, China – 528400",https://wsrv.nl/?url=https%3A%2F%2Fi.ibb.co%2FgNmZHxZ%2FAltair-Dyna-05-white.png&output=webp&q=78
Altair dyna,DTD075C,36V DC,160mA,3500K, CRI>97,Φ70*H107mm,15°~45° Zoom,7W,AJ/CG,ARPS0750/35/Z/CG,R-41159492,IS 10322 (PART 5/SEC1):2012,7699,"Guangdong Sat Technology Co. Ltd., No. 11 Lianbao Rd, Shengfeng District, Xiaolan Town, Zhongshan City, Guangdong, China – 528400",https://wsrv.nl/?url=https%3A%2F%2Fi.ibb.co%2F4wrBkbXG%2FAltair-Dyna-04-champeing-gold.png&output=webp&q=78
Altair dyna,DTD075C,36V DC,160mA,3500K, CRI>97,Φ70*H107mm,15°~45° Zoom,7W,AJ/CG,ARPS0750/35/Z/RG,R-41159492,IS 10322 (PART 5/SEC1):2012,7699,"Guangdong Sat Technology Co. Ltd., No. 11 Lianbao Rd, Shengfeng District, Xiaolan Town, Zhongshan City, Guangdong, China – 528400",https://wsrv.nl/?url=https%3A%2F%2Fi.ibb.co%2FDfLk9v2c%2FAltair-Dyna-08-rose-gold.png&output=webp&q=78
Altair dyna,DTD075C,36V DC,160mA,3500K, CRI>97,Φ70*H107mm,15°~45° Zoom,7W,AJ/CG,ARPS0750/35/Z/BR,R-41159492,IS 10322 (PART 5/SEC1):2012,7699,"Guangdong Sat Technology Co. Ltd., No. 11 Lianbao Rd, Shengfeng District, Xiaolan Town, Zhongshan City, Guangdong, China – 528400",https://wsrv.nl/?url=https%3A%2F%2Fi.ibb.co%2Fwr0kt7NZ%2FAltair-Dyna-10-brown.png&output=webp&q=78
Altair dyna,DTD075C,36V DC,160mA,3500K, CRI>97,Φ70*H107mm,15°~45° Zoom,7W,AJ/CG,ARPS0750/35/Z/COF,R-41159492,IS 10322 (PART 5/SEC1):2012,7699,"Guangdong Sat Technology Co. Ltd., No. 11 Lianbao Rd, Shengfeng District, Xiaolan Town, Zhongshan City, Guangdong, China – 528400",https://wsrv.nl/?url=https%3A%2F%2Fi.ibb.co%2FjPZX9CSS%2FAltair-Dyna-07-coffee.png&output=webp&q=78
Altair dyna,DTD075C,36V DC,160mA,3500K, CRI>97,Φ70*H107mm,15°~45° Zoom,7W,AJ/CG,ARPS0750/35/Z/DGR,R-41159492,IS 10322 (PART 5/SEC1):2012,7699,"Guangdong Sat Technology Co. Ltd., No. 11 Lianbao Rd, Shengfeng District, Xiaolan Town, Zhongshan City, Guangdong, China – 528400",https://wsrv.nl/?url=https%3A%2F%2Fi.ibb.co%2FKMXmkFK%2FAltair-Dyna-09-dark-gray-default-001.png&output=webp&q=78
Altair dyna,DTD075C,36V DC,160mA,3500K, CRI>97,Φ70*H107mm,15°~45° Zoom,7W,AJ/CG,ARPS0750/35/Z/BB,R-41159492,IS 10322 (PART 5/SEC1):2012,7699,"Guangdong Sat Technology Co. Ltd., No. 11 Lianbao Rd, Shengfeng District, Xiaolan Town, Zhongshan City, Guangdong, China – 528400",https://wsrv.nl/?url=https%3A%2F%2Fi.ibb.co%2Fd4KNJJ6j%2FAltair-Dyna-06-ballet-blue.png&output=webp&q=78
Altair dyna,DTD075C,36V DC,160mA,3500K, CRI>97,Φ70*H107mm,15°~45° Zoom,7W,AJ/CG,ARPS0750/35/Z/CH,R-41159492,IS 10322 (PART 5/SEC1):2012,7699,"Guangdong Sat Technology Co. Ltd., No. 11 Lianbao Rd, Shengfeng District, Xiaolan Town, Zhongshan City, Guangdong, China – 528400",https://wsrv.nl/?url=https%3A%2F%2Fi.ibb.co%2F8J4HCPs%2FAltair-Dyna-01-chrome.png&output=webp&q=78
Altair dyna,DTD075C,36V DC,160mA,3500K, CRI>97,Φ70*H107mm,15°~45° Zoom,7W,AJ/CG,ARPS0750/35/Z/CHB,R-41159492,IS 10322 (PART 5/SEC1):2012,7699,"Guangdong Sat Technology Co. Ltd., No. 11 Lianbao Rd, Shengfeng District, Xiaolan Town, Zhongshan City, Guangdong, China – 528400",https://wsrv.nl/?url=https%3A%2F%2Fi.ibb.co%2FFqm7qr2r%2FAltair-Dyna-02-chrome-black.png&output=webp&q=78
Altair dyna,DTD075C,36V DC,160mA,4000K, CRI>97,Φ70*H107mm,15°~45° Zoom,7W,AJ/CG,ARPS0750/40/Z/B,R-41159492,IS 10322 (PART 5/SEC1):2012,6699,"Guangdong Sat Technology Co. Ltd., No. 11 Lianbao Rd, Shengfeng District, Xiaolan Town, Zhongshan City, Guangdong, China – 528400",https://wsrv.nl/?url=https%3A%2F%2Fi.ibb.co%2FPZGkB0V9%2FAltair-Dyna-03-mat-black-default.png&output=webp&q=78
Altair dyna,DTD075C,36V DC,160mA,4000K, CRI>97,Φ70*H107mm,15°~45° Zoom,7W,AJ/CG,ARPS0750/40/Z/W,R-41159492,IS 10322 (PART 5/SEC1):2012,6699,"Guangdong Sat Technology Co. Ltd., No. 11 Lianbao Rd, Shengfeng District, Xiaolan Town, Zhongshan City, Guangdong, China – 528400",https://wsrv.nl/?url=https%3A%2F%2Fi.ibb.co%2FgNmZHxZ%2FAltair-Dyna-05-white.png&output=webp&q=78
Altair dyna,DTD075C,36V DC,160mA,4000K, CRI>97,Φ70*H107mm,15°~45° Zoom,7W,AJ/CG,ARPS0750/40/Z/CG,R-41159492,IS 10322 (PART 5/SEC1):2012,7699,"Guangdong Sat Technology Co. Ltd., No. 11 Lianbao Rd, Shengfeng District, Xiaolan Town, Zhongshan City, Guangdong, China – 528400",https://wsrv.nl/?url=https%3A%2F%2Fi.ibb.co%2F4wrBkbXG%2FAltair-Dyna-04-champeing-gold.png&output=webp&q=78
Altair dyna,DTD075C,36V DC,160mA,4000K, CRI>97,Φ70*H107mm,15°~45° Zoom,7W,AJ/CG,ARPS0750/40/Z/RG,R-41159492,IS 10322 (PART 5/SEC1):2012,7699,"Guangdong Sat Technology Co. Ltd., No. 11 Lianbao Rd, Shengfeng District, Xiaolan Town, Zhongshan City, Guangdong, China – 528400",https://wsrv.nl/?url=https%3A%2F%2Fi.ibb.co%2FDfLk9v2c%2FAltair-Dyna-08-rose-gold.png&output=webp&q=78
Altair dyna,DTD075C,36V DC,160mA,4000K, CRI>97,Φ70*H107mm,15°~45° Zoom,7W,AJ/CG,ARPS0750/40/Z/BR,R-41159492,IS 10322 (PART 5/SEC1):2012,7699,"Guangdong Sat Technology Co. Ltd., No. 11 Lianbao Rd, Shengfeng District, Xiaolan Town, Zhongshan City, Guangdong, China – 528400",https://wsrv.nl/?url=https%3A%2F%2Fi.ibb.co%2Fwr0kt7NZ%2FAltair-Dyna-10-brown.png&output=webp&q=78
Altair dyna,DTD075C,36V DC,160mA,4000K, CRI>97,Φ70*H107mm,15°~45° Zoom,7W,AJ/CG,ARPS0750/40/Z/COF,R-41159492,IS 10322 (PART 5/SEC1):2012,7699,"Guangdong Sat Technology Co. Ltd., No. 11 Lianbao Rd, Shengfeng District, Xiaolan Town, Zhongshan City, Guangdong, China – 528400",https://wsrv.nl/?url=https%3A%2F%2Fi.ibb.co%2FjPZX9CSS%2FAltair-Dyna-07-coffee.png&output=webp&q=78
Altair dyna,DTD075C,36V DC,160mA,4000K, CRI>97,Φ70*H107mm,15°~45° Zoom,7W,AJ/CG,ARPS0750/40/Z/DGR,R-41159492,IS 10322 (PART 5/SEC1):2012,7699,"Guangdong Sat Technology Co. Ltd., No. 11 Lianbao Rd, Shengfeng District, Xiaolan Town, Zhongshan City, Guangdong, China – 528400",https://wsrv.nl/?url=https%3A%2F%2Fi.ibb.co%2FKMXmkFK%2FAltair-Dyna-09-dark-gray-default-001.png&output=webp&q=78
Altair dyna,DTD075C,36V DC,160mA,4000K, CRI>97,Φ70*H107mm,15°~45° Zoom,7W,AJ/CG,ARPS0750/40/Z/BB,R-41159492,IS 10322 (PART 5/SEC1):2012,7699,"Guangdong Sat Technology Co. Ltd., No. 11 Lianbao Rd, Shengfeng District, Xiaolan Town, Zhongshan City, Guangdong, China – 528400",https://wsrv.nl/?url=https%3A%2F%2Fi.ibb.co%2Fd4KNJJ6j%2FAltair-Dyna-06-ballet-blue.png&output=webp&q=78
Altair dyna,DTD075C,36V DC,160mA,4000K, CRI>97,Φ70*H107mm,15°~45° Zoom,7W,AJ/CG,ARPS0750/40/Z/CH,R-41159492,IS 10322 (PART 5/SEC1):2012,7699,"Guangdong Sat Technology Co. Ltd., No. 11 Lianbao Rd, Shengfeng District, Xiaolan Town, Zhongshan City, Guangdong, China – 528400",https://wsrv.nl/?url=https%3A%2F%2Fi.ibb.co%2F8J4HCPs%2FAltair-Dyna-01-chrome.png&output=webp&q=78
Altair dyna,DTD075C,36V DC,160mA,4000K, CRI>97,Φ70*H107mm,15°~45° Zoom,7W,AJ/CG,ARPS0750/40/Z/CHB,R-41159492,IS 10322 (PART 5/SEC1):2012,7699,"Guangdong Sat Technology Co. Ltd., No. 11 Lianbao Rd, Shengfeng District, Xiaolan Town, Zhongshan City, Guangdong, China – 528400",https://wsrv.nl/?url=https%3A%2F%2Fi.ibb.co%2FFqm7qr2r%2FAltair-Dyna-02-chrome-black.png&output=webp&q=78
Altair dyna,DTD075C,36V DC,160mA,5000K, CRI>97,Φ70*H107mm,15°~45° Zoom,7W,AJ/CG,ARPS0750/50/Z/B,R-41159492,IS 10322 (PART 5/SEC1):2012,6699,"Guangdong Sat Technology Co. Ltd., No. 11 Lianbao Rd, Shengfeng District, Xiaolan Town, Zhongshan City, Guangdong, China – 528400",https://wsrv.nl/?url=https%3A%2F%2Fi.ibb.co%2FPZGkB0V9%2FAltair-Dyna-03-mat-black-default.png&output=webp&q=78
Altair dyna,DTD075C,36V DC,160mA,5000K, CRI>97,Φ70*H107mm,15°~45° Zoom,7W,AJ/CG,ARPS0750/50/Z/W,R-41159492,IS 10322 (PART 5/SEC1):2012,6699,"Guangdong Sat Technology Co. Ltd., No. 11 Lianbao Rd, Shengfeng District, Xiaolan Town, Zhongshan City, Guangdong, China – 528400",https://wsrv.nl/?url=https%3A%2F%2Fi.ibb.co%2FgNmZHxZ%2FAltair-Dyna-05-white.png&output=webp&q=78
Altair dyna,DTD075C,36V DC,160mA,5000K, CRI>97,Φ70*H107mm,15°~45° Zoom,7W,AJ/CG,ARPS0750/50/Z/CG,R-41159492,IS 10322 (PART 5/SEC1):2012,7699,"Guangdong Sat Technology Co. Ltd., No. 11 Lianbao Rd, Shengfeng District, Xiaolan Town, Zhongshan City, Guangdong, China – 528400",https://wsrv.nl/?url=https%3A%2F%2Fi.ibb.co%2F4wrBkbXG%2FAltair-Dyna-04-champeing-gold.png&output=webp&q=78
Altair dyna,DTD075C,36V DC,160mA,5000K, CRI>97,Φ70*H107mm,15°~45° Zoom,7W,AJ/CG,ARPS0750/50/Z/RG,R-41159492,IS 10322 (PART 5/SEC1):2012,7699,"Guangdong Sat Technology Co. Ltd., No. 11 Lianbao Rd, Shengfeng District, Xiaolan Town, Zhongshan City, Guangdong, China – 528400",https://wsrv.nl/?url=https%3A%2F%2Fi.ibb.co%2FDfLk9v2c%2FAltair-Dyna-08-rose-gold.png&output=webp&q=78
Altair dyna,DTD075C,36V DC,160mA,5000K, CRI>97,Φ70*H107mm,15°~45° Zoom,7W,AJ/CG,ARPS0750/50/Z/BR,R-41159492,IS 10322 (PART 5/SEC1):2012,7699,"Guangdong Sat Technology Co. Ltd., No. 11 Lianbao Rd, Shengfeng District, Xiaolan Town, Zhongshan City, Guangdong, China – 528400",https://wsrv.nl/?url=https%3A%2F%2Fi.ibb.co%2Fwr0kt7NZ%2FAltair-Dyna-10-brown.png&output=webp&q=78
Altair dyna,DTD075C,36V DC,160mA,5000K, CRI>97,Φ70*H107mm,15°~45° Zoom,7W,AJ/CG,ARPS0750/50/Z/COF,R-41159492,IS 10322 (PART 5/SEC1):2012,7699,"Guangdong Sat Technology Co. Ltd., No. 11 Lianbao Rd, Shengfeng District, Xiaolan Town, Zhongshan City, Guangdong, China – 528400",https://wsrv.nl/?url=https%3A%2F%2Fi.ibb.co%2FjPZX9CSS%2FAltair-Dyna-07-coffee.png&output=webp&q=78
Altair dyna,DTD075C,36V DC,160mA,5000K, CRI>97,Φ70*H107mm,15°~45° Zoom,7W,AJ/CG,ARPS0750/50/Z/DGR,R-41159492,IS 10322 (PART 5/SEC1):2012,7699,"Guangdong Sat Technology Co. Ltd., No. 11 Lianbao Rd, Shengfeng District, Xiaolan Town, Zhongshan City, Guangdong, China – 528400",https://wsrv.nl/?url=https%3A%2F%2Fi.ibb.co%2FKMXmkFK%2FAltair-Dyna-09-dark-gray-default-001.png&output=webp&q=78
Altair dyna,DTD075C,36V DC,160mA,5000K, CRI>97,Φ70*H107mm,15°~45° Zoom,7W,AJ/CG,ARPS0750/50/Z/BB,R-41159492,IS 10322 (PART 5/SEC1):2012,7699,"Guangdong Sat Technology Co. Ltd., No. 11 Lianbao Rd, Shengfeng District, Xiaolan Town, Zhongshan City, Guangdong, China – 528400",https://wsrv.nl/?url=https%3A%2F%2Fi.ibb.co%2Fd4KNJJ6j%2FAltair-Dyna-06-ballet-blue.png&output=webp&q=78
Altair dyna,DTD075C,36V DC,160mA,5000K, CRI>97,Φ70*H107mm,15°~45° Zoom,7W,AJ/CG,ARPS0750/50/Z/CH,R-41159492,IS 10322 (PART 5/SEC1):2012,7699,"Guangdong Sat Technology Co. Ltd., No. 11 Lianbao Rd, Shengfeng District, Xiaolan Town, Zhongshan City, Guangdong, China – 528400",https://wsrv.nl/?url=https%3A%2F%2Fi.ibb.co%2F8J4HCPs%2FAltair-Dyna-01-chrome.png&output=webp&q=78
Altair dyna,DTD075C,36V DC,160mA,5000K, CRI>97,Φ70*H107mm,15°~45° Zoom,7W,AJ/CG,ARPS0750/50/Z/CHB,R-41159492,IS 10322 (PART 5/SEC1):2012,7699,"Guangdong Sat Technology Co. Ltd., No. 11 Lianbao Rd, Shengfeng District, Xiaolan Town, Zhongshan City, Guangdong, China – 528400",https://wsrv.nl/?url=https%3A%2F%2Fi.ibb.co%2FFqm7qr2r%2FAltair-Dyna-02-chrome-black.png&output=webp&q=78
Altair dyna Tunable,DTD075C,36V DC,160mA,2700K~6500K, CRI>97,Φ70*H107mm,15°,7W,AJ/CG,ARPS0750/CT/15/B,R-41159492,IS 10322 (PART 5/SEC1):2012,7899,"Guangdong Sat Technology Co. Ltd., No. 11 Lianbao Rd, Shengfeng District, Xiaolan Town, Zhongshan City, Guangdong, China – 528400",https://wsrv.nl/?url=https%3A%2F%2Fi.ibb.co%2FPZGkB0V9%2FAltair-Dyna-03-mat-black-default.png&output=webp&q=78
Altair dyna Tunable,DTD075C,36V DC,160mA,2700K~6500K, CRI>97,Φ70*H107mm,15°,7W,AJ/CG,ARPS0750/CT/15/W,R-41159492,IS 10322 (PART 5/SEC1):2012,7899,"Guangdong Sat Technology Co. Ltd., No. 11 Lianbao Rd, Shengfeng District, Xiaolan Town, Zhongshan City, Guangdong, China – 528400",https://wsrv.nl/?url=https%3A%2F%2Fi.ibb.co%2FgNmZHxZ%2FAltair-Dyna-05-white.png&output=webp&q=78
Altair dyna Tunable,DTD075C,36V DC,160mA,2700K~6500K, CRI>97,Φ70*H107mm,15°,7W,AJ/CG,ARPS0750/CT/15/CG,R-41159492,IS 10322 (PART 5/SEC1):2012,8899,"Guangdong Sat Technology Co. Ltd., No. 11 Lianbao Rd, Shengfeng District, Xiaolan Town, Zhongshan City, Guangdong, China – 528400",https://wsrv.nl/?url=https%3A%2F%2Fi.ibb.co%2F4wrBkbXG%2FAltair-Dyna-04-champeing-gold.png&output=webp&q=78
Altair dyna Tunable,DTD075C,36V DC,160mA,2700K~6500K, CRI>97,Φ70*H107mm,15°,7W,AJ/CG,ARPS0750/CT/15/RG,R-41159492,IS 10322 (PART 5/SEC1):2012,8899,"Guangdong Sat Technology Co. Ltd., No. 11 Lianbao Rd, Shengfeng District, Xiaolan Town, Zhongshan City, Guangdong, China – 528400",https://wsrv.nl/?url=https%3A%2F%2Fi.ibb.co%2FDfLk9v2c%2FAltair-Dyna-08-rose-gold.png&output=webp&q=78
Altair dyna Tunable,DTD075C,36V DC,160mA,2700K~6500K, CRI>97,Φ70*H107mm,15°,7W,AJ/CG,ARPS0750/CT/15/BR,R-41159492,IS 10322 (PART 5/SEC1):2012,8899,"Guangdong Sat Technology Co. Ltd., No. 11 Lianbao Rd, Shengfeng District, Xiaolan Town, Zhongshan City, Guangdong, China – 528400",https://wsrv.nl/?url=https%3A%2F%2Fi.ibb.co%2Fwr0kt7NZ%2FAltair-Dyna-10-brown.png&output=webp&q=78
Altair dyna Tunable,DTD075C,36V DC,160mA,2700K~6500K, CRI>97,Φ70*H107mm,15°,7W,AJ/CG,ARPS0750/CT/15/COF,R-41159492,IS 10322 (PART 5/SEC1):2012,8899,"Guangdong Sat Technology Co. Ltd., No. 11 Lianbao Rd, Shengfeng District, Xiaolan Town, Zhongshan City, Guangdong, China – 528400",https://wsrv.nl/?url=https%3A%2F%2Fi.ibb.co%2FjPZX9CSS%2FAltair-Dyna-07-coffee.png&output=webp&q=78
Altair dyna Tunable,DTD075C,36V DC,160mA,2700K~6500K, CRI>97,Φ70*H107mm,15°,7W,AJ/CG,ARPS0750/CT/15/DGR,R-41159492,IS 10322 (PART 5/SEC1):2012,8899,"Guangdong Sat Technology Co. Ltd., No. 11 Lianbao Rd, Shengfeng District, Xiaolan Town, Zhongshan City, Guangdong, China – 528400",https://wsrv.nl/?url=https%3A%2F%2Fi.ibb.co%2FKMXmkFK%2FAltair-Dyna-09-dark-gray-default-001.png&output=webp&q=78
Altair dyna Tunable,DTD075C,36V DC,160mA,2700K~6500K, CRI>97,Φ70*H107mm,15°,7W,AJ/CG,ARPS0750/CT/15/BB,R-41159492,IS 10322 (PART 5/SEC1):2012,8899,"Guangdong Sat Technology Co. Ltd., No. 11 Lianbao Rd, Shengfeng District, Xiaolan Town, Zhongshan City, Guangdong, China – 528400",https://wsrv.nl/?url=https%3A%2F%2Fi.ibb.co%2Fd4KNJJ6j%2FAltair-Dyna-06-ballet-blue.png&output=webp&q=78
Altair dyna Tunable,DTD075C,36V DC,160mA,2700K~6500K, CRI>97,Φ70*H107mm,15°,7W,AJ/CG,ARPS0750/CT/15/CH,R-41159492,IS 10322 (PART 5/SEC1):2012,8899,"Guangdong Sat Technology Co. Ltd., No. 11 Lianbao Rd, Shengfeng District, Xiaolan Town, Zhongshan City, Guangdong, China – 528400",https://wsrv.nl/?url=https%3A%2F%2Fi.ibb.co%2F8J4HCPs%2FAltair-Dyna-01-chrome.png&output=webp&q=78
Altair dyna Tunable,DTD075C,36V DC,160mA,2700K~6500K, CRI>97,Φ70*H107mm,15°,7W,AJ/CG,ARPS0750/CT/15/CHB,R-41159492,IS 10322 (PART 5/SEC1):2012,8899,"Guangdong Sat Technology Co. Ltd., No. 11 Lianbao Rd, Shengfeng District, Xiaolan Town, Zhongshan City, Guangdong, China – 528400",https://wsrv.nl/?url=https%3A%2F%2Fi.ibb.co%2FFqm7qr2r%2FAltair-Dyna-02-chrome-black.png&output=webp&q=78
Altair dyna Tunable,DTD075C,36V DC,160mA,2700K~6500K, CRI>97,Φ70*H107mm,24°,7W,AJ/CG,ARPS0750/CT/24/B,R-41159492,IS 10322 (PART 5/SEC1):2012,7899,"Guangdong Sat Technology Co. Ltd., No. 11 Lianbao Rd, Shengfeng District, Xiaolan Town, Zhongshan City, Guangdong, China – 528400",https://wsrv.nl/?url=https%3A%2F%2Fi.ibb.co%2FPZGkB0V9%2FAltair-Dyna-03-mat-black-default.png&output=webp&q=78
Altair dyna Tunable,DTD075C,36V DC,160mA,2700K~6500K, CRI>97,Φ70*H107mm,24°,7W,AJ/CG,ARPS0750/CT/24/W,R-41159492,IS 10322 (PART 5/SEC1):2012,7899,"Guangdong Sat Technology Co. Ltd., No. 11 Lianbao Rd, Shengfeng District, Xiaolan Town, Zhongshan City, Guangdong, China – 528400",https://wsrv.nl/?url=https%3A%2F%2Fi.ibb.co%2FgNmZHxZ%2FAltair-Dyna-05-white.png&output=webp&q=78
Altair dyna Tunable,DTD075C,36V DC,160mA,2700K~6500K, CRI>97,Φ70*H107mm,24°,7W,AJ/CG,ARPS0750/CT/24/CG,R-41159492,IS 10322 (PART 5/SEC1):2012,8899,"Guangdong Sat Technology Co. Ltd., No. 11 Lianbao Rd, Shengfeng District, Xiaolan Town, Zhongshan City, Guangdong, China – 528400",https://wsrv.nl/?url=https%3A%2F%2Fi.ibb.co%2F4wrBkbXG%2FAltair-Dyna-04-champeing-gold.png&output=webp&q=78
Altair dyna Tunable,DTD075C,36V DC,160mA,2700K~6500K, CRI>97,Φ70*H107mm,24°,7W,AJ/CG,ARPS0750/CT/24/RG,R-41159492,IS 10322 (PART 5/SEC1):2012,8899,"Guangdong Sat Technology Co. Ltd., No. 11 Lianbao Rd, Shengfeng District, Xiaolan Town, Zhongshan City, Guangdong, China – 528400",https://wsrv.nl/?url=https%3A%2F%2Fi.ibb.co%2FDfLk9v2c%2FAltair-Dyna-08-rose-gold.png&output=webp&q=78
Altair dyna Tunable,DTD075C,36V DC,160mA,2700K~6500K, CRI>97,Φ70*H107mm,24°,7W,AJ/CG,ARPS0750/CT/24/BR,R-41159492,IS 10322 (PART 5/SEC1):2012,8899,"Guangdong Sat Technology Co. Ltd., No. 11 Lianbao Rd, Shengfeng District, Xiaolan Town, Zhongshan City, Guangdong, China – 528400",https://wsrv.nl/?url=https%3A%2F%2Fi.ibb.co%2Fwr0kt7NZ%2FAltair-Dyna-10-brown.png&output=webp&q=78
Altair dyna Tunable,DTD075C,36V DC,160mA,2700K~6500K, CRI>97,Φ70*H107mm,24°,7W,AJ/CG,ARPS0750/CT/24/COF,R-41159492,IS 10322 (PART 5/SEC1):2012,8899,"Guangdong Sat Technology Co. Ltd., No. 11 Lianbao Rd, Shengfeng District, Xiaolan Town, Zhongshan City, Guangdong, China – 528400",https://wsrv.nl/?url=https%3A%2F%2Fi.ibb.co%2FjPZX9CSS%2FAltair-Dyna-07-coffee.png&output=webp&q=78
Altair dyna Tunable,DTD075C,36V DC,160mA,2700K~6500K, CRI>97,Φ70*H107mm,24°,7W,AJ/CG,ARPS0750/CT/24/DGR,R-41159492,IS 10322 (PART 5/SEC1):2012,8899,"Guangdong Sat Technology Co. Ltd., No. 11 Lianbao Rd, Shengfeng District, Xiaolan Town, Zhongshan City, Guangdong, China – 528400",https://wsrv.nl/?url=https%3A%2F%2Fi.ibb.co%2FKMXmkFK%2FAltair-Dyna-09-dark-gray-default-001.png&output=webp&q=78
Altair dyna Tunable,DTD075C,36V DC,160mA,2700K~6500K, CRI>97,Φ70*H107mm,24°,7W,AJ/CG,ARPS0750/CT/24/BB,R-41159492,IS 10322 (PART 5/SEC1):2012,8899,"Guangdong Sat Technology Co. Ltd., No. 11 Lianbao Rd, Shengfeng District, Xiaolan Town, Zhongshan City, Guangdong, China – 528400",https://wsrv.nl/?url=https%3A%2F%2Fi.ibb.co%2Fd4KNJJ6j%2FAltair-Dyna-06-ballet-blue.png&output=webp&q=78
Altair dyna Tunable,DTD075C,36V DC,160mA,2700K~6500K, CRI>97,Φ70*H107mm,24°,7W,AJ/CG,ARPS0750/CT/24/CH,R-41159492,IS 10322 (PART 5/SEC1):2012,8899,"Guangdong Sat Technology Co. Ltd., No. 11 Lianbao Rd, Shengfeng District, Xiaolan Town, Zhongshan City, Guangdong, China – 528400",https://wsrv.nl/?url=https%3A%2F%2Fi.ibb.co%2F8J4HCPs%2FAltair-Dyna-01-chrome.png&output=webp&q=78
Altair dyna Tunable,DTD075C,36V DC,160mA,2700K~6500K, CRI>97,Φ70*H107mm,24°,7W,AJ/CG,ARPS0750/CT/24/CHB,R-41159492,IS 10322 (PART 5/SEC1):2012,8899,"Guangdong Sat Technology Co. Ltd., No. 11 Lianbao Rd, Shengfeng District, Xiaolan Town, Zhongshan City, Guangdong, China – 528400",https://wsrv.nl/?url=https%3A%2F%2Fi.ibb.co%2FFqm7qr2r%2FAltair-Dyna-02-chrome-black.png&output=webp&q=78
Altair dyna Tunable,DTD075C,36V DC,160mA,2700K~6500K, CRI>97,Φ70*H107mm,36°,7W,AJ/CG,ARPS0750/CT/36/B,R-41159492,IS 10322 (PART 5/SEC1):2012,7899,"Guangdong Sat Technology Co. Ltd., No. 11 Lianbao Rd, Shengfeng District, Xiaolan Town, Zhongshan City, Guangdong, China – 528400",https://wsrv.nl/?url=https%3A%2F%2Fi.ibb.co%2FPZGkB0V9%2FAltair-Dyna-03-mat-black-default.png&output=webp&q=78
Altair dyna Tunable,DTD075C,36V DC,160mA,2700K~6500K, CRI>97,Φ70*H107mm,36°,7W,AJ/CG,ARPS0750/CT/36/W,R-41159492,IS 10322 (PART 5/SEC1):2012,7899,"Guangdong Sat Technology Co. Ltd., No. 11 Lianbao Rd, Shengfeng District, Xiaolan Town, Zhongshan City, Guangdong, China – 528400",https://wsrv.nl/?url=https%3A%2F%2Fi.ibb.co%2FgNmZHxZ%2FAltair-Dyna-05-white.png&output=webp&q=78
Altair dyna Tunable,DTD075C,36V DC,160mA,2700K~6500K, CRI>97,Φ70*H107mm,36°,7W,AJ/CG,ARPS0750/CT/36/CG,R-41159492,IS 10322 (PART 5/SEC1):2012,8899,"Guangdong Sat Technology Co. Ltd., No. 11 Lianbao Rd, Shengfeng District, Xiaolan Town, Zhongshan City, Guangdong, China – 528400",https://wsrv.nl/?url=https%3A%2F%2Fi.ibb.co%2F4wrBkbXG%2FAltair-Dyna-04-champeing-gold.png&output=webp&q=78
Altair dyna Tunable,DTD075C,36V DC,160mA,2700K~6500K, CRI>97,Φ70*H107mm,36°,7W,AJ/CG,ARPS0750/CT/36/RG,R-41159492,IS 10322 (PART 5/SEC1):2012,8899,"Guangdong Sat Technology Co. Ltd., No. 11 Lianbao Rd, Shengfeng District, Xiaolan Town, Zhongshan City, Guangdong, China – 528400",https://wsrv.nl/?url=https%3A%2F%2Fi.ibb.co%2FDfLk9v2c%2FAltair-Dyna-08-rose-gold.png&output=webp&q=78
Altair dyna Tunable,DTD075C,36V DC,160mA,2700K~6500K, CRI>97,Φ70*H107mm,36°,7W,AJ/CG,ARPS0750/CT/36/BR,R-41159492,IS 10322 (PART 5/SEC1):2012,8899,"Guangdong Sat Technology Co. Ltd., No. 11 Lianbao Rd, Shengfeng District, Xiaolan Town, Zhongshan City, Guangdong, China – 528400",https://wsrv.nl/?url=https%3A%2F%2Fi.ibb.co%2Fwr0kt7NZ%2FAltair-Dyna-10-brown.png&output=webp&q=78
Altair dyna Tunable,DTD075C,36V DC,160mA,2700K~6500K, CRI>97,Φ70*H107mm,36°,7W,AJ/CG,ARPS0750/CT/36/COF,R-41159492,IS 10322 (PART 5/SEC1):2012,8899,"Guangdong Sat Technology Co. Ltd., No. 11 Lianbao Rd, Shengfeng District, Xiaolan Town, Zhongshan City, Guangdong, China – 528400",https://wsrv.nl/?url=https%3A%2F%2Fi.ibb.co%2FjPZX9CSS%2FAltair-Dyna-07-coffee.png&output=webp&q=78
Altair dyna Tunable,DTD075C,36V DC,160mA,2700K~6500K, CRI>97,Φ70*H107mm,36°,7W,AJ/CG,ARPS0750/CT/36/DGR,R-41159492,IS 10322 (PART 5/SEC1):2012,8899,"Guangdong Sat Technology Co. Ltd., No. 11 Lianbao Rd, Shengfeng District, Xiaolan Town, Zhongshan City, Guangdong, China – 528400",https://wsrv.nl/?url=https%3A%2F%2Fi.ibb.co%2FKMXmkFK%2FAltair-Dyna-09-dark-gray-default-001.png&output=webp&q=78
Altair dyna Tunable,DTD075C,36V DC,160mA,2700K~6500K, CRI>97,Φ70*H107mm,36°,7W,AJ/CG,ARPS0750/CT/36/BB,R-41159492,IS 10322 (PART 5/SEC1):2012,8899,"Guangdong Sat Technology Co. Ltd., No. 11 Lianbao Rd, Shengfeng District, Xiaolan Town, Zhongshan City, Guangdong, China – 528400",https://wsrv.nl/?url=https%3A%2F%2Fi.ibb.co%2Fd4KNJJ6j%2FAltair-Dyna-06-ballet-blue.png&output=webp&q=78
Altair dyna Tunable,DTD075C,36V DC,160mA,2700K~6500K, CRI>97,Φ70*H107mm,36°,7W,AJ/CG,ARPS0750/CT/36/CH,R-41159492,IS 10322 (PART 5/SEC1):2012,8899,"Guangdong Sat Technology Co. Ltd., No. 11 Lianbao Rd, Shengfeng District, Xiaolan Town, Zhongshan City, Guangdong, China – 528400",https://wsrv.nl/?url=https%3A%2F%2Fi.ibb.co%2F8J4HCPs%2FAltair-Dyna-01-chrome.png&output=webp&q=78
Altair dyna Tunable,DTD075C,36V DC,160mA,2700K~6500K, CRI>97,Φ70*H107mm,36°,7W,AJ/CG,ARPS0750/CT/36/CHB,R-41159492,IS 10322 (PART 5/SEC1):2012,8899,"Guangdong Sat Technology Co. Ltd., No. 11 Lianbao Rd, Shengfeng District, Xiaolan Town, Zhongshan City, Guangdong, China – 528400",https://wsrv.nl/?url=https%3A%2F%2Fi.ibb.co%2FFqm7qr2r%2FAltair-Dyna-02-chrome-black.png&output=webp&q=78
Altair dyna Tunable,DTD075C,36V DC,160mA,2700K~6500K, CRI>97,Φ70*H107mm,15°~45° Zoom,7W,AJ/CG,ARPS0750/CT/Z/B,R-41159492,IS 10322 (PART 5/SEC1):2012,7899,"Guangdong Sat Technology Co. Ltd., No. 11 Lianbao Rd, Shengfeng District, Xiaolan Town, Zhongshan City, Guangdong, China – 528400",https://wsrv.nl/?url=https%3A%2F%2Fi.ibb.co%2FPZGkB0V9%2FAltair-Dyna-03-mat-black-default.png&output=webp&q=78
Altair dyna Tunable,DTD075C,36V DC,160mA,2700K~6500K, CRI>97,Φ70*H107mm,15°~45° Zoom,7W,AJ/CG,ARPS0750/CT/Z/W,R-41159492,IS 10322 (PART 5/SEC1):2012,7899,"Guangdong Sat Technology Co. Ltd., No. 11 Lianbao Rd, Shengfeng District, Xiaolan Town, Zhongshan City, Guangdong, China – 528400",https://wsrv.nl/?url=https%3A%2F%2Fi.ibb.co%2FgNmZHxZ%2FAltair-Dyna-05-white.png&output=webp&q=78
Altair dyna Tunable,DTD075C,36V DC,160mA,2700K~6500K, CRI>97,Φ70*H107mm,15°~45° Zoom,7W,AJ/CG,ARPS0750/CT/Z/CG,R-41159492,IS 10322 (PART 5/SEC1):2012,8899,"Guangdong Sat Technology Co. Ltd., No. 11 Lianbao Rd, Shengfeng District, Xiaolan Town, Zhongshan City, Guangdong, China – 528400",https://wsrv.nl/?url=https%3A%2F%2Fi.ibb.co%2F4wrBkbXG%2FAltair-Dyna-04-champeing-gold.png&output=webp&q=78
Altair dyna Tunable,DTD075C,36V DC,160mA,2700K~6500K, CRI>97,Φ70*H107mm,15°~45° Zoom,7W,AJ/CG,ARPS0750/CT/Z/RG,R-41159492,IS 10322 (PART 5/SEC1):2012,8899,"Guangdong Sat Technology Co. Ltd., No. 11 Lianbao Rd, Shengfeng District, Xiaolan Town, Zhongshan City, Guangdong, China – 528400",https://wsrv.nl/?url=https%3A%2F%2Fi.ibb.co%2FDfLk9v2c%2FAltair-Dyna-08-rose-gold.png&output=webp&q=78
Altair dyna Tunable,DTD075C,36V DC,160mA,2700K~6500K, CRI>97,Φ70*H107mm,15°~45° Zoom,7W,AJ/CG,ARPS0750/CT/Z/BR,R-41159492,IS 10322 (PART 5/SEC1):2012,8899,"Guangdong Sat Technology Co. Ltd., No. 11 Lianbao Rd, Shengfeng District, Xiaolan Town, Zhongshan City, Guangdong, China – 528400",https://wsrv.nl/?url=https%3A%2F%2Fi.ibb.co%2Fwr0kt7NZ%2FAltair-Dyna-10-brown.png&output=webp&q=78
Altair dyna Tunable,DTD075C,36V DC,160mA,2700K~6500K, CRI>97,Φ70*H107mm,15°~45° Zoom,7W,AJ/CG,ARPS0750/CT/Z/COF,R-41159492,IS 10322 (PART 5/SEC1):2012,8899,"Guangdong Sat Technology Co. Ltd., No. 11 Lianbao Rd, Shengfeng District, Xiaolan Town, Zhongshan City, Guangdong, China – 528400",https://wsrv.nl/?url=https%3A%2F%2Fi.ibb.co%2FjPZX9CSS%2FAltair-Dyna-07-coffee.png&output=webp&q=78
Altair dyna Tunable,DTD075C,36V DC,160mA,2700K~6500K, CRI>97,Φ70*H107mm,15°~45° Zoom,7W,AJ/CG,ARPS0750/CT/Z/DGR,R-41159492,IS 10322 (PART 5/SEC1):2012,8899,"Guangdong Sat Technology Co. Ltd., No. 11 Lianbao Rd, Shengfeng District, Xiaolan Town, Zhongshan City, Guangdong, China – 528400",https://wsrv.nl/?url=https%3A%2F%2Fi.ibb.co%2FKMXmkFK%2FAltair-Dyna-09-dark-gray-default-001.png&output=webp&q=78
Altair dyna Tunable,DTD075C,36V DC,160mA,2700K~6500K, CRI>97,Φ70*H107mm,15°~45° Zoom,7W,AJ/CG,ARPS0750/CT/Z/BB,R-41159492,IS 10322 (PART 5/SEC1):2012,8899,"Guangdong Sat Technology Co. Ltd., No. 11 Lianbao Rd, Shengfeng District, Xiaolan Town, Zhongshan City, Guangdong, China – 528400",https://wsrv.nl/?url=https%3A%2F%2Fi.ibb.co%2Fd4KNJJ6j%2FAltair-Dyna-06-ballet-blue.png&output=webp&q=78
Altair dyna Tunable,DTD075C,36V DC,160mA,2700K~6500K, CRI>97,Φ70*H107mm,15°~45° Zoom,7W,AJ/CG,ARPS0750/CT/Z/CH,R-41159492,IS 10322 (PART 5/SEC1):2012,8899,"Guangdong Sat Technology Co. Ltd., No. 11 Lianbao Rd, Shengfeng District, Xiaolan Town, Zhongshan City, Guangdong, China – 528400",https://wsrv.nl/?url=https%3A%2F%2Fi.ibb.co%2F8J4HCPs%2FAltair-Dyna-01-chrome.png&output=webp&q=78
Altair dyna Tunable,DTD075C,36V DC,160mA,2700K~6500K, CRI>97,Φ70*H107mm,15°~45° Zoom,7W,AJ/CG,ARPS0750/CT/Z/CHB,R-41159492,IS 10322 (PART 5/SEC1):2012,8899,"Guangdong Sat Technology Co. Ltd., No. 11 Lianbao Rd, Shengfeng District, Xiaolan Town, Zhongshan City, Guangdong, China – 528400",https://wsrv.nl/?url=https%3A%2F%2Fi.ibb.co%2FFqm7qr2r%2FAltair-Dyna-02-chrome-black.png&output=webp&q=78
Altair Prime,DTL065X,36V DC,200/300mA,2700K, CRI>97,Φ50*H120mm,15°,9W,AJ/CG,ARAS0950/27/15/W,R-41159492,IS 10322 (PART 5/SEC1):2012,7799,"Guangdong Sat Technology Co. Ltd., No. 11 Lianbao Rd, Shengfeng District, Xiaolan Town, Zhongshan City, Guangdong, China – 528400",https://wsrv.nl/?url=https%3A%2F%2Fi.ibb.co%2FkgwNq92R%2FAltair-Prime-9-05-white.png&output=webp&q=78
Altair Prime,DTL065X,36V DC,200/300mA,2700K, CRI>97,Φ50*H120mm,15°,9W,AJ/CG,ARAS0950/27/15/B,R-41159492,IS 10322 (PART 5/SEC1):2012,7799,"Guangdong Sat Technology Co. Ltd., No. 11 Lianbao Rd, Shengfeng District, Xiaolan Town, Zhongshan City, Guangdong, China – 528400",https://wsrv.nl/?url=https%3A%2F%2Fi.ibb.co%2FXk8cKwjS%2FAltair-Prime-9-03-mat-black-default.png&output=webp&q=78
Altair Prime,DTL065X,36V DC,200/300mA,2700K, CRI>97,Φ50*H120mm,15°,9W,AJ/CG,ARAS0950/27/15/CG,R-41159492,IS 10322 (PART 5/SEC1):2012,8799,"Guangdong Sat Technology Co. Ltd., No. 11 Lianbao Rd, Shengfeng District, Xiaolan Town, Zhongshan City, Guangdong, China – 528400",https://wsrv.nl/?url=https%3A%2F%2Fi.ibb.co%2FGfYNWwRK%2FAltair-Prime-9-04-champeing-gold.png&output=webp&q=78
Altair Prime,DTL065X,36V DC,200/300mA,2700K, CRI>97,Φ50*H120mm,15°,9W,AJ/CG,ARAS0950/27/15/RG,R-41159492,IS 10322 (PART 5/SEC1):2012,8799,"Guangdong Sat Technology Co. Ltd., No. 11 Lianbao Rd, Shengfeng District, Xiaolan Town, Zhongshan City, Guangdong, China – 528400",https://wsrv.nl/?url=https%3A%2F%2Fi.ibb.co%2F4Zbkv14m%2FAltair-Prime-9-08-rose-gold.png&output=webp&q=78
Altair Prime,DTL065X,36V DC,200/300mA,2700K, CRI>97,Φ50*H120mm,15°,9W,AJ/CG,ARAS0950/27/15/BR,R-41159492,IS 10322 (PART 5/SEC1):2012,8799,"Guangdong Sat Technology Co. Ltd., No. 11 Lianbao Rd, Shengfeng District, Xiaolan Town, Zhongshan City, Guangdong, China – 528400",https://wsrv.nl/?url=https%3A%2F%2Fi.ibb.co%2Fynn4vm8B%2FAltair-Prime-9-10-brown.png&output=webp&q=78
Altair Prime,DTL065X,36V DC,200/300mA,2700K, CRI>97,Φ50*H120mm,15°,9W,AJ/CG,ARAS0950/27/15/COF,R-41159492,IS 10322 (PART 5/SEC1):2012,8799,"Guangdong Sat Technology Co. Ltd., No. 11 Lianbao Rd, Shengfeng District, Xiaolan Town, Zhongshan City, Guangdong, China – 528400",https://wsrv.nl/?url=https%3A%2F%2Fi.ibb.co%2FnNXMgZTv%2FAltair-Prime-9-07-coffee.png&output=webp&q=78
Altair Prime,DTL065X,36V DC,200/300mA,2700K, CRI>97,Φ50*H120mm,15°,9W,AJ/CG,ARAS0950/27/15/DGR,R-41159492,IS 10322 (PART 5/SEC1):2012,8799,"Guangdong Sat Technology Co. Ltd., No. 11 Lianbao Rd, Shengfeng District, Xiaolan Town, Zhongshan City, Guangdong, China – 528400",https://wsrv.nl/?url=https%3A%2F%2Fi.ibb.co%2FMym4YQ0K%2FAltair-Prime-9-09-dark-gray-default-001.png&output=webp&q=78
Altair Prime,DTL065X,36V DC,200/300mA,2700K, CRI>97,Φ50*H120mm,15°,9W,AJ/CG,ARAS0950/27/15/BB,R-41159492,IS 10322 (PART 5/SEC1):2012,8799,"Guangdong Sat Technology Co. Ltd., No. 11 Lianbao Rd, Shengfeng District, Xiaolan Town, Zhongshan City, Guangdong, China – 528400",https://wsrv.nl/?url=https%3A%2F%2Fi.ibb.co%2FJRbqkrZ8%2FAltair-Prime-9-06-ballet-blue.png&output=webp&q=78
Altair Prime,DTL065X,36V DC,200/300mA,2700K, CRI>97,Φ50*H120mm,15°,9W,AJ/CG,ARAS0950/27/15/CH,R-41159492,IS 10322 (PART 5/SEC1):2012,8799,"Guangdong Sat Technology Co. Ltd., No. 11 Lianbao Rd, Shengfeng District, Xiaolan Town, Zhongshan City, Guangdong, China – 528400",https://wsrv.nl/?url=https%3A%2F%2Fi.ibb.co%2F9mJct4jx%2FAltair-Prime-9-01-chrome.png&output=webp&q=78
Altair Prime,DTL065X,36V DC,200/300mA,2700K, CRI>97,Φ50*H120mm,15°,9W,AJ/CG,ARAS0950/27/15/CHB,R-41159492,IS 10322 (PART 5/SEC1):2012,8799,"Guangdong Sat Technology Co. Ltd., No. 11 Lianbao Rd, Shengfeng District, Xiaolan Town, Zhongshan City, Guangdong, China – 528400",https://wsrv.nl/?url=https%3A%2F%2Fi.ibb.co%2F7Jpwhs11%2FAltair-Prime-9-02-chrome-black.png&output=webp&q=78
Altair Prime,DTL065X,36V DC,200/300mA,3000K, CRI>97,Φ50*H120mm,15°,9W,AJ/CG,ARAS0950/30/15/W,R-41159492,IS 10322 (PART 5/SEC1):2012,7799,"Guangdong Sat Technology Co. Ltd., No. 11 Lianbao Rd, Shengfeng District, Xiaolan Town, Zhongshan City, Guangdong, China – 528400",https://wsrv.nl/?url=https%3A%2F%2Fi.ibb.co%2FkgwNq92R%2FAltair-Prime-9-05-white.png&output=webp&q=78
Altair Prime,DTL065X,36V DC,200/300mA,3000K, CRI>97,Φ50*H120mm,15°,9W,AJ/CG,ARAS0950/30/15/B,R-41159492,IS 10322 (PART 5/SEC1):2012,7799,"Guangdong Sat Technology Co. Ltd., No. 11 Lianbao Rd, Shengfeng District, Xiaolan Town, Zhongshan City, Guangdong, China – 528400",https://wsrv.nl/?url=https%3A%2F%2Fi.ibb.co%2FXk8cKwjS%2FAltair-Prime-9-03-mat-black-default.png&output=webp&q=78
Altair Prime,DTL065X,36V DC,200/300mA,3000K, CRI>97,Φ50*H120mm,15°,9W,AJ/CG,ARAS0950/30/15/CG,R-41159492,IS 10322 (PART 5/SEC1):2012,8799,"Guangdong Sat Technology Co. Ltd., No. 11 Lianbao Rd, Shengfeng District, Xiaolan Town, Zhongshan City, Guangdong, China – 528400",https://wsrv.nl/?url=https%3A%2F%2Fi.ibb.co%2FGfYNWwRK%2FAltair-Prime-9-04-champeing-gold.png&output=webp&q=78
Altair Prime,DTL065X,36V DC,200/300mA,3000K, CRI>97,Φ50*H120mm,15°,9W,AJ/CG,ARAS0950/30/15/RG,R-41159492,IS 10322 (PART 5/SEC1):2012,8799,"Guangdong Sat Technology Co. Ltd., No. 11 Lianbao Rd, Shengfeng District, Xiaolan Town, Zhongshan City, Guangdong, China – 528400",https://wsrv.nl/?url=https%3A%2F%2Fi.ibb.co%2F4Zbkv14m%2FAltair-Prime-9-08-rose-gold.png&output=webp&q=78
Altair Prime,DTL065X,36V DC,200/300mA,3000K, CRI>97,Φ50*H120mm,15°,9W,AJ/CG,ARAS0950/30/15/BR,R-41159492,IS 10322 (PART 5/SEC1):2012,8799,"Guangdong Sat Technology Co. Ltd., No. 11 Lianbao Rd, Shengfeng District, Xiaolan Town, Zhongshan City, Guangdong, China – 528400",https://wsrv.nl/?url=https%3A%2F%2Fi.ibb.co%2Fynn4vm8B%2FAltair-Prime-9-10-brown.png&output=webp&q=78
Altair Prime,DTL065X,36V DC,200/300mA,3000K, CRI>97,Φ50*H120mm,15°,9W,AJ/CG,ARAS0950/30/15/COF,R-41159492,IS 10322 (PART 5/SEC1):2012,8799,"Guangdong Sat Technology Co. Ltd., No. 11 Lianbao Rd, Shengfeng District, Xiaolan Town, Zhongshan City, Guangdong, China – 528400",https://wsrv.nl/?url=https%3A%2F%2Fi.ibb.co%2FnNXMgZTv%2FAltair-Prime-9-07-coffee.png&output=webp&q=78
Altair Prime,DTL065X,36V DC,200/300mA,3000K, CRI>97,Φ50*H120mm,15°,9W,AJ/CG,ARAS0950/30/15/DGR,R-41159492,IS 10322 (PART 5/SEC1):2012,8799,"Guangdong Sat Technology Co. Ltd., No. 11 Lianbao Rd, Shengfeng District, Xiaolan Town, Zhongshan City, Guangdong, China – 528400",https://wsrv.nl/?url=https%3A%2F%2Fi.ibb.co%2FMym4YQ0K%2FAltair-Prime-9-09-dark-gray-default-001.png&output=webp&q=78
Altair Prime,DTL065X,36V DC,200/300mA,3000K, CRI>97,Φ50*H120mm,15°,9W,AJ/CG,ARAS0950/30/15/BB,R-41159492,IS 10322 (PART 5/SEC1):2012,8799,"Guangdong Sat Technology Co. Ltd., No. 11 Lianbao Rd, Shengfeng District, Xiaolan Town, Zhongshan City, Guangdong, China – 528400",https://wsrv.nl/?url=https%3A%2F%2Fi.ibb.co%2FJRbqkrZ8%2FAltair-Prime-9-06-ballet-blue.png&output=webp&q=78
Altair Prime,DTL065X,36V DC,200/300mA,3000K, CRI>97,Φ50*H120mm,15°,9W,AJ/CG,ARAS0950/30/15/CH,R-41159492,IS 10322 (PART 5/SEC1):2012,8799,"Guangdong Sat Technology Co. Ltd., No. 11 Lianbao Rd, Shengfeng District, Xiaolan Town, Zhongshan City, Guangdong, China – 528400",https://wsrv.nl/?url=https%3A%2F%2Fi.ibb.co%2F9mJct4jx%2FAltair-Prime-9-01-chrome.png&output=webp&q=78
Altair Prime,DTL065X,36V DC,200/300mA,3000K, CRI>97,Φ50*H120mm,15°,9W,AJ/CG,ARAS0950/30/15/CHB,R-41159492,IS 10322 (PART 5/SEC1):2012,8799,"Guangdong Sat Technology Co. Ltd., No. 11 Lianbao Rd, Shengfeng District, Xiaolan Town, Zhongshan City, Guangdong, China – 528400",https://wsrv.nl/?url=https%3A%2F%2Fi.ibb.co%2F7Jpwhs11%2FAltair-Prime-9-02-chrome-black.png&output=webp&q=78
Altair Prime,DTL065X,36V DC,200/300mA,3500K, CRI>97,Φ50*H120mm,15°,9W,AJ/CG,ARAS0950/35/15/W,R-41159492,IS 10322 (PART 5/SEC1):2012,7799,"Guangdong Sat Technology Co. Ltd., No. 11 Lianbao Rd, Shengfeng District, Xiaolan Town, Zhongshan City, Guangdong, China – 528400",https://wsrv.nl/?url=https%3A%2F%2Fi.ibb.co%2FkgwNq92R%2FAltair-Prime-9-05-white.png&output=webp&q=78
Altair Prime,DTL065X,36V DC,200/300mA,3500K, CRI>97,Φ50*H120mm,15°,9W,AJ/CG,ARAS0950/35/15/B,R-41159492,IS 10322 (PART 5/SEC1):2012,7799,"Guangdong Sat Technology Co. Ltd., No. 11 Lianbao Rd, Shengfeng District, Xiaolan Town, Zhongshan City, Guangdong, China – 528400",https://wsrv.nl/?url=https%3A%2F%2Fi.ibb.co%2FXk8cKwjS%2FAltair-Prime-9-03-mat-black-default.png&output=webp&q=78
Altair Prime,DTL065X,36V DC,200/300mA,3500K, CRI>97,Φ50*H120mm,15°,9W,AJ/CG,ARAS0950/35/15/CG,R-41159492,IS 10322 (PART 5/SEC1):2012,8799,"Guangdong Sat Technology Co. Ltd., No. 11 Lianbao Rd, Shengfeng District, Xiaolan Town, Zhongshan City, Guangdong, China – 528400",https://wsrv.nl/?url=https%3A%2F%2Fi.ibb.co%2FGfYNWwRK%2FAltair-Prime-9-04-champeing-gold.png&output=webp&q=78
Altair Prime,DTL065X,36V DC,200/300mA,3500K, CRI>97,Φ50*H120mm,15°,9W,AJ/CG,ARAS0950/35/15/RG,R-41159492,IS 10322 (PART 5/SEC1):2012,8799,"Guangdong Sat Technology Co. Ltd., No. 11 Lianbao Rd, Shengfeng District, Xiaolan Town, Zhongshan City, Guangdong, China – 528400",https://wsrv.nl/?url=https%3A%2F%2Fi.ibb.co%2F4Zbkv14m%2FAltair-Prime-9-08-rose-gold.png&output=webp&q=78
Altair Prime,DTL065X,36V DC,200/300mA,3500K, CRI>97,Φ50*H120mm,15°,9W,AJ/CG,ARAS0950/35/15/BR,R-41159492,IS 10322 (PART 5/SEC1):2012,8799,"Guangdong Sat Technology Co. Ltd., No. 11 Lianbao Rd, Shengfeng District, Xiaolan Town, Zhongshan City, Guangdong, China – 528400",https://wsrv.nl/?url=https%3A%2F%2Fi.ibb.co%2Fynn4vm8B%2FAltair-Prime-9-10-brown.png&output=webp&q=78
Altair Prime,DTL065X,36V DC,200/300mA,3500K, CRI>97,Φ50*H120mm,15°,9W,AJ/CG,ARAS0950/35/15/COF,R-41159492,IS 10322 (PART 5/SEC1):2012,8799,"Guangdong Sat Technology Co. Ltd., No. 11 Lianbao Rd, Shengfeng District, Xiaolan Town, Zhongshan City, Guangdong, China – 528400",https://wsrv.nl/?url=https%3A%2F%2Fi.ibb.co%2FnNXMgZTv%2FAltair-Prime-9-07-coffee.png&output=webp&q=78
Altair Prime,DTL065X,36V DC,200/300mA,3500K, CRI>97,Φ50*H120mm,15°,9W,AJ/CG,ARAS0950/35/15/DGR,R-41159492,IS 10322 (PART 5/SEC1):2012,8799,"Guangdong Sat Technology Co. Ltd., No. 11 Lianbao Rd, Shengfeng District, Xiaolan Town, Zhongshan City, Guangdong, China – 528400",https://wsrv.nl/?url=https%3A%2F%2Fi.ibb.co%2FMym4YQ0K%2FAltair-Prime-9-09-dark-gray-default-001.png&output=webp&q=78
Altair Prime,DTL065X,36V DC,200/300mA,3500K, CRI>97,Φ50*H120mm,15°,9W,AJ/CG,ARAS0950/35/15/BB,R-41159492,IS 10322 (PART 5/SEC1):2012,8799,"Guangdong Sat Technology Co. Ltd., No. 11 Lianbao Rd, Shengfeng District, Xiaolan Town, Zhongshan City, Guangdong, China – 528400",https://wsrv.nl/?url=https%3A%2F%2Fi.ibb.co%2FJRbqkrZ8%2FAltair-Prime-9-06-ballet-blue.png&output=webp&q=78
Altair Prime,DTL065X,36V DC,200/300mA,3500K, CRI>97,Φ50*H120mm,15°,9W,AJ/CG,ARAS0950/35/15/CH,R-41159492,IS 10322 (PART 5/SEC1):2012,8799,"Guangdong Sat Technology Co. Ltd., No. 11 Lianbao Rd, Shengfeng District, Xiaolan Town, Zhongshan City, Guangdong, China – 528400",https://wsrv.nl/?url=https%3A%2F%2Fi.ibb.co%2F9mJct4jx%2FAltair-Prime-9-01-chrome.png&output=webp&q=78
Altair Prime,DTL065X,36V DC,200/300mA,3500K, CRI>97,Φ50*H120mm,15°,9W,AJ/CG,ARAS0950/35/15/CHB,R-41159492,IS 10322 (PART 5/SEC1):2012,8799,"Guangdong Sat Technology Co. Ltd., No. 11 Lianbao Rd, Shengfeng District, Xiaolan Town, Zhongshan City, Guangdong, China – 528400",https://wsrv.nl/?url=https%3A%2F%2Fi.ibb.co%2F7Jpwhs11%2FAltair-Prime-9-02-chrome-black.png&output=webp&q=78
Altair Prime,DTL065X,36V DC,200/300mA,4000K, CRI>97,Φ50*H120mm,15°,9W,AJ/CG,ARAS0950/40/15/W,R-41159492,IS 10322 (PART 5/SEC1):2012,7799,"Guangdong Sat Technology Co. Ltd., No. 11 Lianbao Rd, Shengfeng District, Xiaolan Town, Zhongshan City, Guangdong, China – 528400",https://wsrv.nl/?url=https%3A%2F%2Fi.ibb.co%2FkgwNq92R%2FAltair-Prime-9-05-white.png&output=webp&q=78
Altair Prime,DTL065X,36V DC,200/300mA,4000K, CRI>97,Φ50*H120mm,15°,9W,AJ/CG,ARAS0950/40/15/B,R-41159492,IS 10322 (PART 5/SEC1):2012,7799,"Guangdong Sat Technology Co. Ltd., No. 11 Lianbao Rd, Shengfeng District, Xiaolan Town, Zhongshan City, Guangdong, China – 528400",https://wsrv.nl/?url=https%3A%2F%2Fi.ibb.co%2FXk8cKwjS%2FAltair-Prime-9-03-mat-black-default.png&output=webp&q=78
Altair Prime,DTL065X,36V DC,200/300mA,4000K, CRI>97,Φ50*H120mm,15°,9W,AJ/CG,ARAS0950/40/15/CG,R-41159492,IS 10322 (PART 5/SEC1):2012,8799,"Guangdong Sat Technology Co. Ltd., No. 11 Lianbao Rd, Shengfeng District, Xiaolan Town, Zhongshan City, Guangdong, China – 528400",https://wsrv.nl/?url=https%3A%2F%2Fi.ibb.co%2FGfYNWwRK%2FAltair-Prime-9-04-champeing-gold.png&output=webp&q=78
Altair Prime,DTL065X,36V DC,200/300mA,4000K, CRI>97,Φ50*H120mm,15°,9W,AJ/CG,ARAS0950/40/15/RG,R-41159492,IS 10322 (PART 5/SEC1):2012,8799,"Guangdong Sat Technology Co. Ltd., No. 11 Lianbao Rd, Shengfeng District, Xiaolan Town, Zhongshan City, Guangdong, China – 528400",https://wsrv.nl/?url=https%3A%2F%2Fi.ibb.co%2F4Zbkv14m%2FAltair-Prime-9-08-rose-gold.png&output=webp&q=78
Altair Prime,DTL065X,36V DC,200/300mA,4000K, CRI>97,Φ50*H120mm,15°,9W,AJ/CG,ARAS0950/40/15/BR,R-41159492,IS 10322 (PART 5/SEC1):2012,8799,"Guangdong Sat Technology Co. Ltd., No. 11 Lianbao Rd, Shengfeng District, Xiaolan Town, Zhongshan City, Guangdong, China – 528400",https://wsrv.nl/?url=https%3A%2F%2Fi.ibb.co%2Fynn4vm8B%2FAltair-Prime-9-10-brown.png&output=webp&q=78
Altair Prime,DTL065X,36V DC,200/300mA,4000K, CRI>97,Φ50*H120mm,15°,9W,AJ/CG,ARAS0950/40/15/COF,R-41159492,IS 10322 (PART 5/SEC1):2012,8799,"Guangdong Sat Technology Co. Ltd., No. 11 Lianbao Rd, Shengfeng District, Xiaolan Town, Zhongshan City, Guangdong, China – 528400",https://wsrv.nl/?url=https%3A%2F%2Fi.ibb.co%2FnNXMgZTv%2FAltair-Prime-9-07-coffee.png&output=webp&q=78
Altair Prime,DTL065X,36V DC,200/300mA,4000K, CRI>97,Φ50*H120mm,15°,9W,AJ/CG,ARAS0950/40/15/DGR,R-41159492,IS 10322 (PART 5/SEC1):2012,8799,"Guangdong Sat Technology Co. Ltd., No. 11 Lianbao Rd, Shengfeng District, Xiaolan Town, Zhongshan City, Guangdong, China – 528400",https://wsrv.nl/?url=https%3A%2F%2Fi.ibb.co%2FMym4YQ0K%2FAltair-Prime-9-09-dark-gray-default-001.png&output=webp&q=78
Altair Prime,DTL065X,36V DC,200/300mA,4000K, CRI>97,Φ50*H120mm,15°,9W,AJ/CG,ARAS0950/40/15/BB,R-41159492,IS 10322 (PART 5/SEC1):2012,8799,"Guangdong Sat Technology Co. Ltd., No. 11 Lianbao Rd, Shengfeng District, Xiaolan Town, Zhongshan City, Guangdong, China – 528400",https://wsrv.nl/?url=https%3A%2F%2Fi.ibb.co%2FJRbqkrZ8%2FAltair-Prime-9-06-ballet-blue.png&output=webp&q=78
Altair Prime,DTL065X,36V DC,200/300mA,4000K, CRI>97,Φ50*H120mm,15°,9W,AJ/CG,ARAS0950/40/15/CH,R-41159492,IS 10322 (PART 5/SEC1):2012,8799,"Guangdong Sat Technology Co. Ltd., No. 11 Lianbao Rd, Shengfeng District, Xiaolan Town, Zhongshan City, Guangdong, China – 528400",https://wsrv.nl/?url=https%3A%2F%2Fi.ibb.co%2F9mJct4jx%2FAltair-Prime-9-01-chrome.png&output=webp&q=78
Altair Prime,DTL065X,36V DC,200/300mA,4000K, CRI>97,Φ50*H120mm,15°,9W,AJ/CG,ARAS0950/40/15/CHB,R-41159492,IS 10322 (PART 5/SEC1):2012,8799,"Guangdong Sat Technology Co. Ltd., No. 11 Lianbao Rd, Shengfeng District, Xiaolan Town, Zhongshan City, Guangdong, China – 528400",https://wsrv.nl/?url=https%3A%2F%2Fi.ibb.co%2F7Jpwhs11%2FAltair-Prime-9-02-chrome-black.png&output=webp&q=78
Altair Prime,DTL065X,36V DC,200/300mA,5000K, CRI>97,Φ50*H120mm,15°,9W,AJ/CG,ARAS0950/50/15/W,R-41159492,IS 10322 (PART 5/SEC1):2012,7799,"Guangdong Sat Technology Co. Ltd., No. 11 Lianbao Rd, Shengfeng District, Xiaolan Town, Zhongshan City, Guangdong, China – 528400",https://wsrv.nl/?url=https%3A%2F%2Fi.ibb.co%2FkgwNq92R%2FAltair-Prime-9-05-white.png&output=webp&q=78
Altair Prime,DTL065X,36V DC,200/300mA,5000K, CRI>97,Φ50*H120mm,15°,9W,AJ/CG,ARAS0950/50/15/B,R-41159492,IS 10322 (PART 5/SEC1):2012,7799,"Guangdong Sat Technology Co. Ltd., No. 11 Lianbao Rd, Shengfeng District, Xiaolan Town, Zhongshan City, Guangdong, China – 528400",https://wsrv.nl/?url=https%3A%2F%2Fi.ibb.co%2FXk8cKwjS%2FAltair-Prime-9-03-mat-black-default.png&output=webp&q=78
Altair Prime,DTL065X,36V DC,200/300mA,5000K, CRI>97,Φ50*H120mm,15°,9W,AJ/CG,ARAS0950/50/15/CG,R-41159492,IS 10322 (PART 5/SEC1):2012,8799,"Guangdong Sat Technology Co. Ltd., No. 11 Lianbao Rd, Shengfeng District, Xiaolan Town, Zhongshan City, Guangdong, China – 528400",https://wsrv.nl/?url=https%3A%2F%2Fi.ibb.co%2FGfYNWwRK%2FAltair-Prime-9-04-champeing-gold.png&output=webp&q=78
Altair Prime,DTL065X,36V DC,200/300mA,5000K, CRI>97,Φ50*H120mm,15°,9W,AJ/CG,ARAS0950/50/15/RG,R-41159492,IS 10322 (PART 5/SEC1):2012,8799,"Guangdong Sat Technology Co. Ltd., No. 11 Lianbao Rd, Shengfeng District, Xiaolan Town, Zhongshan City, Guangdong, China – 528400",https://wsrv.nl/?url=https%3A%2F%2Fi.ibb.co%2F4Zbkv14m%2FAltair-Prime-9-08-rose-gold.png&output=webp&q=78
Altair Prime,DTL065X,36V DC,200/300mA,5000K, CRI>97,Φ50*H120mm,15°,9W,AJ/CG,ARAS0950/50/15/BR,R-41159492,IS 10322 (PART 5/SEC1):2012,8799,"Guangdong Sat Technology Co. Ltd., No. 11 Lianbao Rd, Shengfeng District, Xiaolan Town, Zhongshan City, Guangdong, China – 528400",https://wsrv.nl/?url=https%3A%2F%2Fi.ibb.co%2Fynn4vm8B%2FAltair-Prime-9-10-brown.png&output=webp&q=78
Altair Prime,DTL065X,36V DC,200/300mA,5000K, CRI>97,Φ50*H120mm,15°,9W,AJ/CG,ARAS0950/50/15/COF,R-41159492,IS 10322 (PART 5/SEC1):2012,8799,"Guangdong Sat Technology Co. Ltd., No. 11 Lianbao Rd, Shengfeng District, Xiaolan Town, Zhongshan City, Guangdong, China – 528400",https://wsrv.nl/?url=https%3A%2F%2Fi.ibb.co%2FnNXMgZTv%2FAltair-Prime-9-07-coffee.png&output=webp&q=78
Altair Prime,DTL065X,36V DC,200/300mA,5000K, CRI>97,Φ50*H120mm,15°,9W,AJ/CG,ARAS0950/50/15/DGR,R-41159492,IS 10322 (PART 5/SEC1):2012,8799,"Guangdong Sat Technology Co. Ltd., No. 11 Lianbao Rd, Shengfeng District, Xiaolan Town, Zhongshan City, Guangdong, China – 528400",https://wsrv.nl/?url=https%3A%2F%2Fi.ibb.co%2FMym4YQ0K%2FAltair-Prime-9-09-dark-gray-default-001.png&output=webp&q=78
Altair Prime,DTL065X,36V DC,200/300mA,5000K, CRI>97,Φ50*H120mm,15°,9W,AJ/CG,ARAS0950/50/15/BB,R-41159492,IS 10322 (PART 5/SEC1):2012,8799,"Guangdong Sat Technology Co. Ltd., No. 11 Lianbao Rd, Shengfeng District, Xiaolan Town, Zhongshan City, Guangdong, China – 528400",https://wsrv.nl/?url=https%3A%2F%2Fi.ibb.co%2FJRbqkrZ8%2FAltair-Prime-9-06-ballet-blue.png&output=webp&q=78
Altair Prime,DTL065X,36V DC,200/300mA,5000K, CRI>97,Φ50*H120mm,15°,9W,AJ/CG,ARAS0950/50/15/CH,R-41159492,IS 10322 (PART 5/SEC1):2012,8799,"Guangdong Sat Technology Co. Ltd., No. 11 Lianbao Rd, Shengfeng District, Xiaolan Town, Zhongshan City, Guangdong, China – 528400",https://wsrv.nl/?url=https%3A%2F%2Fi.ibb.co%2F9mJct4jx%2FAltair-Prime-9-01-chrome.png&output=webp&q=78
Altair Prime,DTL065X,36V DC,200/300mA,5000K, CRI>97,Φ50*H120mm,15°,9W,AJ/CG,ARAS0950/50/15/CHB,R-41159492,IS 10322 (PART 5/SEC1):2012,8799,"Guangdong Sat Technology Co. Ltd., No. 11 Lianbao Rd, Shengfeng District, Xiaolan Town, Zhongshan City, Guangdong, China – 528400",https://wsrv.nl/?url=https%3A%2F%2Fi.ibb.co%2F7Jpwhs11%2FAltair-Prime-9-02-chrome-black.png&output=webp&q=78
Altair Prime,DTL065X,36V DC,200/300mA,2700K, CRI>97,Φ50*H120mm,24°,9W,AJ/CG,ARAS0950/27/24/W,R-41159492,IS 10322 (PART 5/SEC1):2012,7799,"Guangdong Sat Technology Co. Ltd., No. 11 Lianbao Rd, Shengfeng District, Xiaolan Town, Zhongshan City, Guangdong, China – 528400",https://wsrv.nl/?url=https%3A%2F%2Fi.ibb.co%2FkgwNq92R%2FAltair-Prime-9-05-white.png&output=webp&q=78
Altair Prime,DTL065X,36V DC,200/300mA,2700K, CRI>97,Φ50*H120mm,24°,9W,AJ/CG,ARAS0950/27/24/B,R-41159492,IS 10322 (PART 5/SEC1):2012,7799,"Guangdong Sat Technology Co. Ltd., No. 11 Lianbao Rd, Shengfeng District, Xiaolan Town, Zhongshan City, Guangdong, China – 528400",https://wsrv.nl/?url=https%3A%2F%2Fi.ibb.co%2FXk8cKwjS%2FAltair-Prime-9-03-mat-black-default.png&output=webp&q=78
Altair Prime,DTL065X,36V DC,200/300mA,2700K, CRI>97,Φ50*H120mm,24°,9W,AJ/CG,ARAS0950/27/24/CG,R-41159492,IS 10322 (PART 5/SEC1):2012,8799,"Guangdong Sat Technology Co. Ltd., No. 11 Lianbao Rd, Shengfeng District, Xiaolan Town, Zhongshan City, Guangdong, China – 528400",https://wsrv.nl/?url=https%3A%2F%2Fi.ibb.co%2FGfYNWwRK%2FAltair-Prime-9-04-champeing-gold.png&output=webp&q=78
Altair Prime,DTL065X,36V DC,200/300mA,2700K, CRI>97,Φ50*H120mm,24°,9W,AJ/CG,ARAS0950/27/24/RG,R-41159492,IS 10322 (PART 5/SEC1):2012,8799,"Guangdong Sat Technology Co. Ltd., No. 11 Lianbao Rd, Shengfeng District, Xiaolan Town, Zhongshan City, Guangdong, China – 528400",https://wsrv.nl/?url=https%3A%2F%2Fi.ibb.co%2F4Zbkv14m%2FAltair-Prime-9-08-rose-gold.png&output=webp&q=78
Altair Prime,DTL065X,36V DC,200/300mA,2700K, CRI>97,Φ50*H120mm,24°,9W,AJ/CG,ARAS0950/27/24/BR,R-41159492,IS 10322 (PART 5/SEC1):2012,8799,"Guangdong Sat Technology Co. Ltd., No. 11 Lianbao Rd, Shengfeng District, Xiaolan Town, Zhongshan City, Guangdong, China – 528400",https://wsrv.nl/?url=https%3A%2F%2Fi.ibb.co%2Fynn4vm8B%2FAltair-Prime-9-10-brown.png&output=webp&q=78
Altair Prime,DTL065X,36V DC,200/300mA,2700K, CRI>97,Φ50*H120mm,24°,9W,AJ/CG,ARAS0950/27/24/COF,R-41159492,IS 10322 (PART 5/SEC1):2012,8799,"Guangdong Sat Technology Co. Ltd., No. 11 Lianbao Rd, Shengfeng District, Xiaolan Town, Zhongshan City, Guangdong, China – 528400",https://wsrv.nl/?url=https%3A%2F%2Fi.ibb.co%2FnNXMgZTv%2FAltair-Prime-9-07-coffee.png&output=webp&q=78
Altair Prime,DTL065X,36V DC,200/300mA,2700K, CRI>97,Φ50*H120mm,24°,9W,AJ/CG,ARAS0950/27/24/DGR,R-41159492,IS 10322 (PART 5/SEC1):2012,8799,"Guangdong Sat Technology Co. Ltd., No. 11 Lianbao Rd, Shengfeng District, Xiaolan Town, Zhongshan City, Guangdong, China – 528400",https://wsrv.nl/?url=https%3A%2F%2Fi.ibb.co%2FMym4YQ0K%2FAltair-Prime-9-09-dark-gray-default-001.png&output=webp&q=78
Altair Prime,DTL065X,36V DC,200/300mA,2700K, CRI>97,Φ50*H120mm,24°,9W,AJ/CG,ARAS0950/27/24/BB,R-41159492,IS 10322 (PART 5/SEC1):2012,8799,"Guangdong Sat Technology Co. Ltd., No. 11 Lianbao Rd, Shengfeng District, Xiaolan Town, Zhongshan City, Guangdong, China – 528400",https://wsrv.nl/?url=https%3A%2F%2Fi.ibb.co%2FJRbqkrZ8%2FAltair-Prime-9-06-ballet-blue.png&output=webp&q=78
Altair Prime,DTL065X,36V DC,200/300mA,2700K, CRI>97,Φ50*H120mm,24°,9W,AJ/CG,ARAS0950/27/24/CH,R-41159492,IS 10322 (PART 5/SEC1):2012,8799,"Guangdong Sat Technology Co. Ltd., No. 11 Lianbao Rd, Shengfeng District, Xiaolan Town, Zhongshan City, Guangdong, China – 528400",https://wsrv.nl/?url=https%3A%2F%2Fi.ibb.co%2F9mJct4jx%2FAltair-Prime-9-01-chrome.png&output=webp&q=78
Altair Prime,DTL065X,36V DC,200/300mA,2700K, CRI>97,Φ50*H120mm,24°,9W,AJ/CG,ARAS0950/27/24/CHB,R-41159492,IS 10322 (PART 5/SEC1):2012,8799,"Guangdong Sat Technology Co. Ltd., No. 11 Lianbao Rd, Shengfeng District, Xiaolan Town, Zhongshan City, Guangdong, China – 528400",https://wsrv.nl/?url=https%3A%2F%2Fi.ibb.co%2F7Jpwhs11%2FAltair-Prime-9-02-chrome-black.png&output=webp&q=78
Altair Prime,DTL065X,36V DC,200/300mA,3000K, CRI>97,Φ50*H120mm,24°,9W,AJ/CG,ARAS0950/30/24/W,R-41159492,IS 10322 (PART 5/SEC1):2012,7799,"Guangdong Sat Technology Co. Ltd., No. 11 Lianbao Rd, Shengfeng District, Xiaolan Town, Zhongshan City, Guangdong, China – 528400",https://wsrv.nl/?url=https%3A%2F%2Fi.ibb.co%2FkgwNq92R%2FAltair-Prime-9-05-white.png&output=webp&q=78
Altair Prime,DTL065X,36V DC,200/300mA,3000K, CRI>97,Φ50*H120mm,24°,9W,AJ/CG,ARAS0950/30/24/B,R-41159492,IS 10322 (PART 5/SEC1):2012,7799,"Guangdong Sat Technology Co. Ltd., No. 11 Lianbao Rd, Shengfeng District, Xiaolan Town, Zhongshan City, Guangdong, China – 528400",https://wsrv.nl/?url=https%3A%2F%2Fi.ibb.co%2FXk8cKwjS%2FAltair-Prime-9-03-mat-black-default.png&output=webp&q=78
Altair Prime,DTL065X,36V DC,200/300mA,3000K, CRI>97,Φ50*H120mm,24°,9W,AJ/CG,ARAS0950/30/24/CG,R-41159492,IS 10322 (PART 5/SEC1):2012,8799,"Guangdong Sat Technology Co. Ltd., No. 11 Lianbao Rd, Shengfeng District, Xiaolan Town, Zhongshan City, Guangdong, China – 528400",https://wsrv.nl/?url=https%3A%2F%2Fi.ibb.co%2FGfYNWwRK%2FAltair-Prime-9-04-champeing-gold.png&output=webp&q=78
Altair Prime,DTL065X,36V DC,200/300mA,3000K, CRI>97,Φ50*H120mm,24°,9W,AJ/CG,ARAS0950/30/24/RG,R-41159492,IS 10322 (PART 5/SEC1):2012,8799,"Guangdong Sat Technology Co. Ltd., No. 11 Lianbao Rd, Shengfeng District, Xiaolan Town, Zhongshan City, Guangdong, China – 528400",https://wsrv.nl/?url=https%3A%2F%2Fi.ibb.co%2F4Zbkv14m%2FAltair-Prime-9-08-rose-gold.png&output=webp&q=78
Altair Prime,DTL065X,36V DC,200/300mA,3000K, CRI>97,Φ50*H120mm,24°,9W,AJ/CG,ARAS0950/30/24/BR,R-41159492,IS 10322 (PART 5/SEC1):2012,8799,"Guangdong Sat Technology Co. Ltd., No. 11 Lianbao Rd, Shengfeng District, Xiaolan Town, Zhongshan City, Guangdong, China – 528400",https://wsrv.nl/?url=https%3A%2F%2Fi.ibb.co%2Fynn4vm8B%2FAltair-Prime-9-10-brown.png&output=webp&q=78
Altair Prime,DTL065X,36V DC,200/300mA,3000K, CRI>97,Φ50*H120mm,24°,9W,AJ/CG,ARAS0950/30/24/COF,R-41159492,IS 10322 (PART 5/SEC1):2012,8799,"Guangdong Sat Technology Co. Ltd., No. 11 Lianbao Rd, Shengfeng District, Xiaolan Town, Zhongshan City, Guangdong, China – 528400",https://wsrv.nl/?url=https%3A%2F%2Fi.ibb.co%2FnNXMgZTv%2FAltair-Prime-9-07-coffee.png&output=webp&q=78
Altair Prime,DTL065X,36V DC,200/300mA,3000K, CRI>97,Φ50*H120mm,24°,9W,AJ/CG,ARAS0950/30/24/DGR,R-41159492,IS 10322 (PART 5/SEC1):2012,8799,"Guangdong Sat Technology Co. Ltd., No. 11 Lianbao Rd, Shengfeng District, Xiaolan Town, Zhongshan City, Guangdong, China – 528400",https://wsrv.nl/?url=https%3A%2F%2Fi.ibb.co%2FMym4YQ0K%2FAltair-Prime-9-09-dark-gray-default-001.png&output=webp&q=78
Altair Prime,DTL065X,36V DC,200/300mA,3000K, CRI>97,Φ50*H120mm,24°,9W,AJ/CG,ARAS0950/30/24/BB,R-41159492,IS 10322 (PART 5/SEC1):2012,8799,"Guangdong Sat Technology Co. Ltd., No. 11 Lianbao Rd, Shengfeng District, Xiaolan Town, Zhongshan City, Guangdong, China – 528400",https://wsrv.nl/?url=https%3A%2F%2Fi.ibb.co%2FJRbqkrZ8%2FAltair-Prime-9-06-ballet-blue.png&output=webp&q=78
Altair Prime,DTL065X,36V DC,200/300mA,3000K, CRI>97,Φ50*H120mm,24°,9W,AJ/CG,ARAS0950/30/24/CH,R-41159492,IS 10322 (PART 5/SEC1):2012,8799,"Guangdong Sat Technology Co. Ltd., No. 11 Lianbao Rd, Shengfeng District, Xiaolan Town, Zhongshan City, Guangdong, China – 528400",https://wsrv.nl/?url=https%3A%2F%2Fi.ibb.co%2F9mJct4jx%2FAltair-Prime-9-01-chrome.png&output=webp&q=78
Altair Prime,DTL065X,36V DC,200/300mA,3000K, CRI>97,Φ50*H120mm,24°,9W,AJ/CG,ARAS0950/30/24/CHB,R-41159492,IS 10322 (PART 5/SEC1):2012,8799,"Guangdong Sat Technology Co. Ltd., No. 11 Lianbao Rd, Shengfeng District, Xiaolan Town, Zhongshan City, Guangdong, China – 528400",https://wsrv.nl/?url=https%3A%2F%2Fi.ibb.co%2F7Jpwhs11%2FAltair-Prime-9-02-chrome-black.png&output=webp&q=78
Altair Prime,DTL065X,36V DC,200/300mA,3500K, CRI>97,Φ50*H120mm,24°,9W,AJ/CG,ARAS0950/35/24/W,R-41159492,IS 10322 (PART 5/SEC1):2012,7799,"Guangdong Sat Technology Co. Ltd., No. 11 Lianbao Rd, Shengfeng District, Xiaolan Town, Zhongshan City, Guangdong, China – 528400",https://wsrv.nl/?url=https%3A%2F%2Fi.ibb.co%2FkgwNq92R%2FAltair-Prime-9-05-white.png&output=webp&q=78
Altair Prime,DTL065X,36V DC,200/300mA,3500K, CRI>97,Φ50*H120mm,24°,9W,AJ/CG,ARAS0950/35/24/B,R-41159492,IS 10322 (PART 5/SEC1):2012,7799,"Guangdong Sat Technology Co. Ltd., No. 11 Lianbao Rd, Shengfeng District, Xiaolan Town, Zhongshan City, Guangdong, China – 528400",https://wsrv.nl/?url=https%3A%2F%2Fi.ibb.co%2FXk8cKwjS%2FAltair-Prime-9-03-mat-black-default.png&output=webp&q=78
Altair Prime,DTL065X,36V DC,200/300mA,3500K, CRI>97,Φ50*H120mm,24°,9W,AJ/CG,ARAS0950/35/24/CG,R-41159492,IS 10322 (PART 5/SEC1):2012,8799,"Guangdong Sat Technology Co. Ltd., No. 11 Lianbao Rd, Shengfeng District, Xiaolan Town, Zhongshan City, Guangdong, China – 528400",https://wsrv.nl/?url=https%3A%2F%2Fi.ibb.co%2FGfYNWwRK%2FAltair-Prime-9-04-champeing-gold.png&output=webp&q=78
Altair Prime,DTL065X,36V DC,200/300mA,3500K, CRI>97,Φ50*H120mm,24°,9W,AJ/CG,ARAS0950/35/24/RG,R-41159492,IS 10322 (PART 5/SEC1):2012,8799,"Guangdong Sat Technology Co. Ltd., No. 11 Lianbao Rd, Shengfeng District, Xiaolan Town, Zhongshan City, Guangdong, China – 528400",https://wsrv.nl/?url=https%3A%2F%2Fi.ibb.co%2F4Zbkv14m%2FAltair-Prime-9-08-rose-gold.png&output=webp&q=78
Altair Prime,DTL065X,36V DC,200/300mA,3500K, CRI>97,Φ50*H120mm,24°,9W,AJ/CG,ARAS0950/35/24/BR,R-41159492,IS 10322 (PART 5/SEC1):2012,8799,"Guangdong Sat Technology Co. Ltd., No. 11 Lianbao Rd, Shengfeng District, Xiaolan Town, Zhongshan City, Guangdong, China – 528400",https://wsrv.nl/?url=https%3A%2F%2Fi.ibb.co%2Fynn4vm8B%2FAltair-Prime-9-10-brown.png&output=webp&q=78
Altair Prime,DTL065X,36V DC,200/300mA,3500K, CRI>97,Φ50*H120mm,24°,9W,AJ/CG,ARAS0950/35/24/COF,R-41159492,IS 10322 (PART 5/SEC1):2012,8799,"Guangdong Sat Technology Co. Ltd., No. 11 Lianbao Rd, Shengfeng District, Xiaolan Town, Zhongshan City, Guangdong, China – 528400",https://wsrv.nl/?url=https%3A%2F%2Fi.ibb.co%2FnNXMgZTv%2FAltair-Prime-9-07-coffee.png&output=webp&q=78
Altair Prime,DTL065X,36V DC,200/300mA,3500K, CRI>97,Φ50*H120mm,24°,9W,AJ/CG,ARAS0950/35/24/DGR,R-41159492,IS 10322 (PART 5/SEC1):2012,8799,"Guangdong Sat Technology Co. Ltd., No. 11 Lianbao Rd, Shengfeng District, Xiaolan Town, Zhongshan City, Guangdong, China – 528400",https://wsrv.nl/?url=https%3A%2F%2Fi.ibb.co%2FMym4YQ0K%2FAltair-Prime-9-09-dark-gray-default-001.png&output=webp&q=78
Altair Prime,DTL065X,36V DC,200/300mA,3500K, CRI>97,Φ50*H120mm,24°,9W,AJ/CG,ARAS0950/35/24/BB,R-41159492,IS 10322 (PART 5/SEC1):2012,8799,"Guangdong Sat Technology Co. Ltd., No. 11 Lianbao Rd, Shengfeng District, Xiaolan Town, Zhongshan City, Guangdong, China – 528400",https://wsrv.nl/?url=https%3A%2F%2Fi.ibb.co%2FJRbqkrZ8%2FAltair-Prime-9-06-ballet-blue.png&output=webp&q=78
Altair Prime,DTL065X,36V DC,200/300mA,3500K, CRI>97,Φ50*H120mm,24°,9W,AJ/CG,ARAS0950/35/24/CH,R-41159492,IS 10322 (PART 5/SEC1):2012,8799,"Guangdong Sat Technology Co. Ltd., No. 11 Lianbao Rd, Shengfeng District, Xiaolan Town, Zhongshan City, Guangdong, China – 528400",https://wsrv.nl/?url=https%3A%2F%2Fi.ibb.co%2F9mJct4jx%2FAltair-Prime-9-01-chrome.png&output=webp&q=78
Altair Prime,DTL065X,36V DC,200/300mA,3500K, CRI>97,Φ50*H120mm,24°,9W,AJ/CG,ARAS0950/35/24/CHB,R-41159492,IS 10322 (PART 5/SEC1):2012,8799,"Guangdong Sat Technology Co. Ltd., No. 11 Lianbao Rd, Shengfeng District, Xiaolan Town, Zhongshan City, Guangdong, China – 528400",https://wsrv.nl/?url=https%3A%2F%2Fi.ibb.co%2F7Jpwhs11%2FAltair-Prime-9-02-chrome-black.png&output=webp&q=78
Altair Prime,DTL065X,36V DC,200/300mA,4000K, CRI>97,Φ50*H120mm,24°,9W,AJ/CG,ARAS0950/40/24/W,R-41159492,IS 10322 (PART 5/SEC1):2012,7799,"Guangdong Sat Technology Co. Ltd., No. 11 Lianbao Rd, Shengfeng District, Xiaolan Town, Zhongshan City, Guangdong, China – 528400",https://wsrv.nl/?url=https%3A%2F%2Fi.ibb.co%2FkgwNq92R%2FAltair-Prime-9-05-white.png&output=webp&q=78
Altair Prime,DTL065X,36V DC,200/300mA,4000K, CRI>97,Φ50*H120mm,24°,9W,AJ/CG,ARAS0950/40/24/B,R-41159492,IS 10322 (PART 5/SEC1):2012,7799,"Guangdong Sat Technology Co. Ltd., No. 11 Lianbao Rd, Shengfeng District, Xiaolan Town, Zhongshan City, Guangdong, China – 528400",https://wsrv.nl/?url=https%3A%2F%2Fi.ibb.co%2FXk8cKwjS%2FAltair-Prime-9-03-mat-black-default.png&output=webp&q=78
Altair Prime,DTL065X,36V DC,200/300mA,4000K, CRI>97,Φ50*H120mm,24°,9W,AJ/CG,ARAS0950/40/24/CG,R-41159492,IS 10322 (PART 5/SEC1):2012,8799,"Guangdong Sat Technology Co. Ltd., No. 11 Lianbao Rd, Shengfeng District, Xiaolan Town, Zhongshan City, Guangdong, China – 528400",https://wsrv.nl/?url=https%3A%2F%2Fi.ibb.co%2FGfYNWwRK%2FAltair-Prime-9-04-champeing-gold.png&output=webp&q=78
Altair Prime,DTL065X,36V DC,200/300mA,4000K, CRI>97,Φ50*H120mm,24°,9W,AJ/CG,ARAS0950/40/24/RG,R-41159492,IS 10322 (PART 5/SEC1):2012,8799,"Guangdong Sat Technology Co. Ltd., No. 11 Lianbao Rd, Shengfeng District, Xiaolan Town, Zhongshan City, Guangdong, China – 528400",https://wsrv.nl/?url=https%3A%2F%2Fi.ibb.co%2F4Zbkv14m%2FAltair-Prime-9-08-rose-gold.png&output=webp&q=78
Altair Prime,DTL065X,36V DC,200/300mA,4000K, CRI>97,Φ50*H120mm,24°,9W,AJ/CG,ARAS0950/40/24/BR,R-41159492,IS 10322 (PART 5/SEC1):2012,8799,"Guangdong Sat Technology Co. Ltd., No. 11 Lianbao Rd, Shengfeng District, Xiaolan Town, Zhongshan City, Guangdong, China – 528400",https://wsrv.nl/?url=https%3A%2F%2Fi.ibb.co%2Fynn4vm8B%2FAltair-Prime-9-10-brown.png&output=webp&q=78
Altair Prime,DTL065X,36V DC,200/300mA,4000K, CRI>97,Φ50*H120mm,24°,9W,AJ/CG,ARAS0950/40/24/COF,R-41159492,IS 10322 (PART 5/SEC1):2012,8799,"Guangdong Sat Technology Co. Ltd., No. 11 Lianbao Rd, Shengfeng District, Xiaolan Town, Zhongshan City, Guangdong, China – 528400",https://wsrv.nl/?url=https%3A%2F%2Fi.ibb.co%2FnNXMgZTv%2FAltair-Prime-9-07-coffee.png&output=webp&q=78
Altair Prime,DTL065X,36V DC,200/300mA,4000K, CRI>97,Φ50*H120mm,24°,9W,AJ/CG,ARAS0950/40/24/DGR,R-41159492,IS 10322 (PART 5/SEC1):2012,8799,"Guangdong Sat Technology Co. Ltd., No. 11 Lianbao Rd, Shengfeng District, Xiaolan Town, Zhongshan City, Guangdong, China – 528400",https://wsrv.nl/?url=https%3A%2F%2Fi.ibb.co%2FMym4YQ0K%2FAltair-Prime-9-09-dark-gray-default-001.png&output=webp&q=78
Altair Prime,DTL065X,36V DC,200/300mA,4000K, CRI>97,Φ50*H120mm,24°,9W,AJ/CG,ARAS0950/40/24/BB,R-41159492,IS 10322 (PART 5/SEC1):2012,8799,"Guangdong Sat Technology Co. Ltd., No. 11 Lianbao Rd, Shengfeng District, Xiaolan Town, Zhongshan City, Guangdong, China – 528400",https://wsrv.nl/?url=https%3A%2F%2Fi.ibb.co%2FJRbqkrZ8%2FAltair-Prime-9-06-ballet-blue.png&output=webp&q=78
Altair Prime,DTL065X,36V DC,200/300mA,4000K, CRI>97,Φ50*H120mm,24°,9W,AJ/CG,ARAS0950/40/24/CH,R-41159492,IS 10322 (PART 5/SEC1):2012,8799,"Guangdong Sat Technology Co. Ltd., No. 11 Lianbao Rd, Shengfeng District, Xiaolan Town, Zhongshan City, Guangdong, China – 528400",https://wsrv.nl/?url=https%3A%2F%2Fi.ibb.co%2F9mJct4jx%2FAltair-Prime-9-01-chrome.png&output=webp&q=78
Altair Prime,DTL065X,36V DC,200/300mA,4000K, CRI>97,Φ50*H120mm,24°,9W,AJ/CG,ARAS0950/40/24/CHB,R-41159492,IS 10322 (PART 5/SEC1):2012,8799,"Guangdong Sat Technology Co. Ltd., No. 11 Lianbao Rd, Shengfeng District, Xiaolan Town, Zhongshan City, Guangdong, China – 528400",https://wsrv.nl/?url=https%3A%2F%2Fi.ibb.co%2F7Jpwhs11%2FAltair-Prime-9-02-chrome-black.png&output=webp&q=78
Altair Prime,DTL065X,36V DC,200/300mA,5000K, CRI>97,Φ50*H120mm,24°,9W,AJ/CG,ARAS0950/50/24/W,R-41159492,IS 10322 (PART 5/SEC1):2012,7799,"Guangdong Sat Technology Co. Ltd., No. 11 Lianbao Rd, Shengfeng District, Xiaolan Town, Zhongshan City, Guangdong, China – 528400",https://wsrv.nl/?url=https%3A%2F%2Fi.ibb.co%2FkgwNq92R%2FAltair-Prime-9-05-white.png&output=webp&q=78
Altair Prime,DTL065X,36V DC,200/300mA,5000K, CRI>97,Φ50*H120mm,24°,9W,AJ/CG,ARAS0950/50/24/B,R-41159492,IS 10322 (PART 5/SEC1):2012,7799,"Guangdong Sat Technology Co. Ltd., No. 11 Lianbao Rd, Shengfeng District, Xiaolan Town, Zhongshan City, Guangdong, China – 528400",https://wsrv.nl/?url=https%3A%2F%2Fi.ibb.co%2FXk8cKwjS%2FAltair-Prime-9-03-mat-black-default.png&output=webp&q=78
Altair Prime,DTL065X,36V DC,200/300mA,5000K, CRI>97,Φ50*H120mm,24°,9W,AJ/CG,ARAS0950/50/24/CG,R-41159492,IS 10322 (PART 5/SEC1):2012,8799,"Guangdong Sat Technology Co. Ltd., No. 11 Lianbao Rd, Shengfeng District, Xiaolan Town, Zhongshan City, Guangdong, China – 528400",https://wsrv.nl/?url=https%3A%2F%2Fi.ibb.co%2FGfYNWwRK%2FAltair-Prime-9-04-champeing-gold.png&output=webp&q=78
Altair Prime,DTL065X,36V DC,200/300mA,5000K, CRI>97,Φ50*H120mm,24°,9W,AJ/CG,ARAS0950/50/24/RG,R-41159492,IS 10322 (PART 5/SEC1):2012,8799,"Guangdong Sat Technology Co. Ltd., No. 11 Lianbao Rd, Shengfeng District, Xiaolan Town, Zhongshan City, Guangdong, China – 528400",https://wsrv.nl/?url=https%3A%2F%2Fi.ibb.co%2F4Zbkv14m%2FAltair-Prime-9-08-rose-gold.png&output=webp&q=78
Altair Prime,DTL065X,36V DC,200/300mA,5000K, CRI>97,Φ50*H120mm,24°,9W,AJ/CG,ARAS0950/50/24/BR,R-41159492,IS 10322 (PART 5/SEC1):2012,8799,"Guangdong Sat Technology Co. Ltd., No. 11 Lianbao Rd, Shengfeng District, Xiaolan Town, Zhongshan City, Guangdong, China – 528400",https://wsrv.nl/?url=https%3A%2F%2Fi.ibb.co%2Fynn4vm8B%2FAltair-Prime-9-10-brown.png&output=webp&q=78
Altair Prime,DTL065X,36V DC,200/300mA,5000K, CRI>97,Φ50*H120mm,24°,9W,AJ/CG,ARAS0950/50/24/COF,R-41159492,IS 10322 (PART 5/SEC1):2012,8799,"Guangdong Sat Technology Co. Ltd., No. 11 Lianbao Rd, Shengfeng District, Xiaolan Town, Zhongshan City, Guangdong, China – 528400",https://wsrv.nl/?url=https%3A%2F%2Fi.ibb.co%2FnNXMgZTv%2FAltair-Prime-9-07-coffee.png&output=webp&q=78
Altair Prime,DTL065X,36V DC,200/300mA,5000K, CRI>97,Φ50*H120mm,24°,9W,AJ/CG,ARAS0950/50/24/DGR,R-41159492,IS 10322 (PART 5/SEC1):2012,8799,"Guangdong Sat Technology Co. Ltd., No. 11 Lianbao Rd, Shengfeng District, Xiaolan Town, Zhongshan City, Guangdong, China – 528400",https://wsrv.nl/?url=https%3A%2F%2Fi.ibb.co%2FMym4YQ0K%2FAltair-Prime-9-09-dark-gray-default-001.png&output=webp&q=78
Altair Prime,DTL065X,36V DC,200/300mA,5000K, CRI>97,Φ50*H120mm,24°,9W,AJ/CG,ARAS0950/50/24/BB,R-41159492,IS 10322 (PART 5/SEC1):2012,8799,"Guangdong Sat Technology Co. Ltd., No. 11 Lianbao Rd, Shengfeng District, Xiaolan Town, Zhongshan City, Guangdong, China – 528400",https://wsrv.nl/?url=https%3A%2F%2Fi.ibb.co%2FJRbqkrZ8%2FAltair-Prime-9-06-ballet-blue.png&output=webp&q=78
Altair Prime,DTL065X,36V DC,200/300mA,5000K, CRI>97,Φ50*H120mm,24°,9W,AJ/CG,ARAS0950/50/24/CH,R-41159492,IS 10322 (PART 5/SEC1):2012,8799,"Guangdong Sat Technology Co. Ltd., No. 11 Lianbao Rd, Shengfeng District, Xiaolan Town, Zhongshan City, Guangdong, China – 528400",https://wsrv.nl/?url=https%3A%2F%2Fi.ibb.co%2F9mJct4jx%2FAltair-Prime-9-01-chrome.png&output=webp&q=78
Altair Prime,DTL065X,36V DC,200/300mA,5000K, CRI>97,Φ50*H120mm,24°,9W,AJ/CG,ARAS0950/50/24/CHB,R-41159492,IS 10322 (PART 5/SEC1):2012,8799,"Guangdong Sat Technology Co. Ltd., No. 11 Lianbao Rd, Shengfeng District, Xiaolan Town, Zhongshan City, Guangdong, China – 528400",https://wsrv.nl/?url=https%3A%2F%2Fi.ibb.co%2F7Jpwhs11%2FAltair-Prime-9-02-chrome-black.png&output=webp&q=78
Altair Prime,DTL065X,36V DC,200/300mA,2700K, CRI>97,Φ50*H120mm,36°,9W,AJ/CG,ARAS0950/27/36/W,R-41159492,IS 10322 (PART 5/SEC1):2012,7799,"Guangdong Sat Technology Co. Ltd., No. 11 Lianbao Rd, Shengfeng District, Xiaolan Town, Zhongshan City, Guangdong, China – 528400",https://wsrv.nl/?url=https%3A%2F%2Fi.ibb.co%2FkgwNq92R%2FAltair-Prime-9-05-white.png&output=webp&q=78
Altair Prime,DTL065X,36V DC,200/300mA,2700K, CRI>97,Φ50*H120mm,36°,9W,AJ/CG,ARAS0950/27/36/B,R-41159492,IS 10322 (PART 5/SEC1):2012,7799,"Guangdong Sat Technology Co. Ltd., No. 11 Lianbao Rd, Shengfeng District, Xiaolan Town, Zhongshan City, Guangdong, China – 528400",https://wsrv.nl/?url=https%3A%2F%2Fi.ibb.co%2FXk8cKwjS%2FAltair-Prime-9-03-mat-black-default.png&output=webp&q=78
Altair Prime,DTL065X,36V DC,200/300mA,2700K, CRI>97,Φ50*H120mm,36°,9W,AJ/CG,ARAS0950/27/36/CG,R-41159492,IS 10322 (PART 5/SEC1):2012,8799,"Guangdong Sat Technology Co. Ltd., No. 11 Lianbao Rd, Shengfeng District, Xiaolan Town, Zhongshan City, Guangdong, China – 528400",https://wsrv.nl/?url=https%3A%2F%2Fi.ibb.co%2FGfYNWwRK%2FAltair-Prime-9-04-champeing-gold.png&output=webp&q=78
Altair Prime,DTL065X,36V DC,200/300mA,2700K, CRI>97,Φ50*H120mm,36°,9W,AJ/CG,ARAS0950/27/36/RG,R-41159492,IS 10322 (PART 5/SEC1):2012,8799,"Guangdong Sat Technology Co. Ltd., No. 11 Lianbao Rd, Shengfeng District, Xiaolan Town, Zhongshan City, Guangdong, China – 528400",https://wsrv.nl/?url=https%3A%2F%2Fi.ibb.co%2F4Zbkv14m%2FAltair-Prime-9-08-rose-gold.png&output=webp&q=78
Altair Prime,DTL065X,36V DC,200/300mA,2700K, CRI>97,Φ50*H120mm,36°,9W,AJ/CG,ARAS0950/27/36/BR,R-41159492,IS 10322 (PART 5/SEC1):2012,8799,"Guangdong Sat Technology Co. Ltd., No. 11 Lianbao Rd, Shengfeng District, Xiaolan Town, Zhongshan City, Guangdong, China – 528400",https://wsrv.nl/?url=https%3A%2F%2Fi.ibb.co%2Fynn4vm8B%2FAltair-Prime-9-10-brown.png&output=webp&q=78
Altair Prime,DTL065X,36V DC,200/300mA,2700K, CRI>97,Φ50*H120mm,36°,9W,AJ/CG,ARAS0950/27/36/COF,R-41159492,IS 10322 (PART 5/SEC1):2012,8799,"Guangdong Sat Technology Co. Ltd., No. 11 Lianbao Rd, Shengfeng District, Xiaolan Town, Zhongshan City, Guangdong, China – 528400",https://wsrv.nl/?url=https%3A%2F%2Fi.ibb.co%2FnNXMgZTv%2FAltair-Prime-9-07-coffee.png&output=webp&q=78
Altair Prime,DTL065X,36V DC,200/300mA,2700K, CRI>97,Φ50*H120mm,36°,9W,AJ/CG,ARAS0950/27/36/DGR,R-41159492,IS 10322 (PART 5/SEC1):2012,8799,"Guangdong Sat Technology Co. Ltd., No. 11 Lianbao Rd, Shengfeng District, Xiaolan Town, Zhongshan City, Guangdong, China – 528400",https://wsrv.nl/?url=https%3A%2F%2Fi.ibb.co%2FMym4YQ0K%2FAltair-Prime-9-09-dark-gray-default-001.png&output=webp&q=78
Altair Prime,DTL065X,36V DC,200/300mA,2700K, CRI>97,Φ50*H120mm,36°,9W,AJ/CG,ARAS0950/27/36/BB,R-41159492,IS 10322 (PART 5/SEC1):2012,8799,"Guangdong Sat Technology Co. Ltd., No. 11 Lianbao Rd, Shengfeng District, Xiaolan Town, Zhongshan City, Guangdong, China – 528400",https://wsrv.nl/?url=https%3A%2F%2Fi.ibb.co%2FJRbqkrZ8%2FAltair-Prime-9-06-ballet-blue.png&output=webp&q=78
Altair Prime,DTL065X,36V DC,200/300mA,2700K, CRI>97,Φ50*H120mm,36°,9W,AJ/CG,ARAS0950/27/36/CH,R-41159492,IS 10322 (PART 5/SEC1):2012,8799,"Guangdong Sat Technology Co. Ltd., No. 11 Lianbao Rd, Shengfeng District, Xiaolan Town, Zhongshan City, Guangdong, China – 528400",https://wsrv.nl/?url=https%3A%2F%2Fi.ibb.co%2F9mJct4jx%2FAltair-Prime-9-01-chrome.png&output=webp&q=78
Altair Prime,DTL065X,36V DC,200/300mA,2700K, CRI>97,Φ50*H120mm,36°,9W,AJ/CG,ARAS0950/27/36/CHB,R-41159492,IS 10322 (PART 5/SEC1):2012,8799,"Guangdong Sat Technology Co. Ltd., No. 11 Lianbao Rd, Shengfeng District, Xiaolan Town, Zhongshan City, Guangdong, China – 528400",https://wsrv.nl/?url=https%3A%2F%2Fi.ibb.co%2F7Jpwhs11%2FAltair-Prime-9-02-chrome-black.png&output=webp&q=78
Altair Prime,DTL065X,36V DC,200/300mA,3000K, CRI>97,Φ50*H120mm,36°,9W,AJ/CG,ARAS0950/30/36/W,R-41159492,IS 10322 (PART 5/SEC1):2012,7799,"Guangdong Sat Technology Co. Ltd., No. 11 Lianbao Rd, Shengfeng District, Xiaolan Town, Zhongshan City, Guangdong, China – 528400",https://wsrv.nl/?url=https%3A%2F%2Fi.ibb.co%2FkgwNq92R%2FAltair-Prime-9-05-white.png&output=webp&q=78
Altair Prime,DTL065X,36V DC,200/300mA,3000K, CRI>97,Φ50*H120mm,36°,9W,AJ/CG,ARAS0950/30/36/B,R-41159492,IS 10322 (PART 5/SEC1):2012,7799,"Guangdong Sat Technology Co. Ltd., No. 11 Lianbao Rd, Shengfeng District, Xiaolan Town, Zhongshan City, Guangdong, China – 528400",https://wsrv.nl/?url=https%3A%2F%2Fi.ibb.co%2FXk8cKwjS%2FAltair-Prime-9-03-mat-black-default.png&output=webp&q=78
Altair Prime,DTL065X,36V DC,200/300mA,3000K, CRI>97,Φ50*H120mm,36°,9W,AJ/CG,ARAS0950/30/36/CG,R-41159492,IS 10322 (PART 5/SEC1):2012,8799,"Guangdong Sat Technology Co. Ltd., No. 11 Lianbao Rd, Shengfeng District, Xiaolan Town, Zhongshan City, Guangdong, China – 528400",https://wsrv.nl/?url=https%3A%2F%2Fi.ibb.co%2FGfYNWwRK%2FAltair-Prime-9-04-champeing-gold.png&output=webp&q=78
Altair Prime,DTL065X,36V DC,200/300mA,3000K, CRI>97,Φ50*H120mm,36°,9W,AJ/CG,ARAS0950/30/36/RG,R-41159492,IS 10322 (PART 5/SEC1):2012,8799,"Guangdong Sat Technology Co. Ltd., No. 11 Lianbao Rd, Shengfeng District, Xiaolan Town, Zhongshan City, Guangdong, China – 528400",https://wsrv.nl/?url=https%3A%2F%2Fi.ibb.co%2F4Zbkv14m%2FAltair-Prime-9-08-rose-gold.png&output=webp&q=78
Altair Prime,DTL065X,36V DC,200/300mA,3000K, CRI>97,Φ50*H120mm,36°,9W,AJ/CG,ARAS0950/30/36/BR,R-41159492,IS 10322 (PART 5/SEC1):2012,8799,"Guangdong Sat Technology Co. Ltd., No. 11 Lianbao Rd, Shengfeng District, Xiaolan Town, Zhongshan City, Guangdong, China – 528400",https://wsrv.nl/?url=https%3A%2F%2Fi.ibb.co%2Fynn4vm8B%2FAltair-Prime-9-10-brown.png&output=webp&q=78
Altair Prime,DTL065X,36V DC,200/300mA,3000K, CRI>97,Φ50*H120mm,36°,9W,AJ/CG,ARAS0950/30/36/COF,R-41159492,IS 10322 (PART 5/SEC1):2012,8799,"Guangdong Sat Technology Co. Ltd., No. 11 Lianbao Rd, Shengfeng District, Xiaolan Town, Zhongshan City, Guangdong, China – 528400",https://wsrv.nl/?url=https%3A%2F%2Fi.ibb.co%2FnNXMgZTv%2FAltair-Prime-9-07-coffee.png&output=webp&q=78
Altair Prime,DTL065X,36V DC,200/300mA,3000K, CRI>97,Φ50*H120mm,36°,9W,AJ/CG,ARAS0950/30/36/DGR,R-41159492,IS 10322 (PART 5/SEC1):2012,8799,"Guangdong Sat Technology Co. Ltd., No. 11 Lianbao Rd, Shengfeng District, Xiaolan Town, Zhongshan City, Guangdong, China – 528400",https://wsrv.nl/?url=https%3A%2F%2Fi.ibb.co%2FMym4YQ0K%2FAltair-Prime-9-09-dark-gray-default-001.png&output=webp&q=78
Altair Prime,DTL065X,36V DC,200/300mA,3000K, CRI>97,Φ50*H120mm,36°,9W,AJ/CG,ARAS0950/30/36/BB,R-41159492,IS 10322 (PART 5/SEC1):2012,8799,"Guangdong Sat Technology Co. Ltd., No. 11 Lianbao Rd, Shengfeng District, Xiaolan Town, Zhongshan City, Guangdong, China – 528400",https://wsrv.nl/?url=https%3A%2F%2Fi.ibb.co%2FJRbqkrZ8%2FAltair-Prime-9-06-ballet-blue.png&output=webp&q=78
Altair Prime,DTL065X,36V DC,200/300mA,3000K, CRI>97,Φ50*H120mm,36°,9W,AJ/CG,ARAS0950/30/36/CH,R-41159492,IS 10322 (PART 5/SEC1):2012,8799,"Guangdong Sat Technology Co. Ltd., No. 11 Lianbao Rd, Shengfeng District, Xiaolan Town, Zhongshan City, Guangdong, China – 528400",https://wsrv.nl/?url=https%3A%2F%2Fi.ibb.co%2F9mJct4jx%2FAltair-Prime-9-01-chrome.png&output=webp&q=78
Altair Prime,DTL065X,36V DC,200/300mA,3000K, CRI>97,Φ50*H120mm,36°,9W,AJ/CG,ARAS0950/30/36/CHB,R-41159492,IS 10322 (PART 5/SEC1):2012,8799,"Guangdong Sat Technology Co. Ltd., No. 11 Lianbao Rd, Shengfeng District, Xiaolan Town, Zhongshan City, Guangdong, China – 528400",https://wsrv.nl/?url=https%3A%2F%2Fi.ibb.co%2F7Jpwhs11%2FAltair-Prime-9-02-chrome-black.png&output=webp&q=78
Altair Prime,DTL065X,36V DC,200/300mA,3500K, CRI>97,Φ50*H120mm,36°,9W,AJ/CG,ARAS0950/35/36/W,R-41159492,IS 10322 (PART 5/SEC1):2012,7799,"Guangdong Sat Technology Co. Ltd., No. 11 Lianbao Rd, Shengfeng District, Xiaolan Town, Zhongshan City, Guangdong, China – 528400",https://wsrv.nl/?url=https%3A%2F%2Fi.ibb.co%2FkgwNq92R%2FAltair-Prime-9-05-white.png&output=webp&q=78
Altair Prime,DTL065X,36V DC,200/300mA,3500K, CRI>97,Φ50*H120mm,36°,9W,AJ/CG,ARAS0950/35/36/B,R-41159492,IS 10322 (PART 5/SEC1):2012,7799,"Guangdong Sat Technology Co. Ltd., No. 11 Lianbao Rd, Shengfeng District, Xiaolan Town, Zhongshan City, Guangdong, China – 528400",https://wsrv.nl/?url=https%3A%2F%2Fi.ibb.co%2FXk8cKwjS%2FAltair-Prime-9-03-mat-black-default.png&output=webp&q=78
Altair Prime,DTL065X,36V DC,200/300mA,3500K, CRI>97,Φ50*H120mm,36°,9W,AJ/CG,ARAS0950/35/36/CG,R-41159492,IS 10322 (PART 5/SEC1):2012,8799,"Guangdong Sat Technology Co. Ltd., No. 11 Lianbao Rd, Shengfeng District, Xiaolan Town, Zhongshan City, Guangdong, China – 528400",https://wsrv.nl/?url=https%3A%2F%2Fi.ibb.co%2FGfYNWwRK%2FAltair-Prime-9-04-champeing-gold.png&output=webp&q=78
Altair Prime,DTL065X,36V DC,200/300mA,3500K, CRI>97,Φ50*H120mm,36°,9W,AJ/CG,ARAS0950/35/36/RG,R-41159492,IS 10322 (PART 5/SEC1):2012,8799,"Guangdong Sat Technology Co. Ltd., No. 11 Lianbao Rd, Shengfeng District, Xiaolan Town, Zhongshan City, Guangdong, China – 528400",https://wsrv.nl/?url=https%3A%2F%2Fi.ibb.co%2F4Zbkv14m%2FAltair-Prime-9-08-rose-gold.png&output=webp&q=78
Altair Prime,DTL065X,36V DC,200/300mA,3500K, CRI>97,Φ50*H120mm,36°,9W,AJ/CG,ARAS0950/35/36/BR,R-41159492,IS 10322 (PART 5/SEC1):2012,8799,"Guangdong Sat Technology Co. Ltd., No. 11 Lianbao Rd, Shengfeng District, Xiaolan Town, Zhongshan City, Guangdong, China – 528400",https://wsrv.nl/?url=https%3A%2F%2Fi.ibb.co%2Fynn4vm8B%2FAltair-Prime-9-10-brown.png&output=webp&q=78
Altair Prime,DTL065X,36V DC,200/300mA,3500K, CRI>97,Φ50*H120mm,36°,9W,AJ/CG,ARAS0950/35/36/COF,R-41159492,IS 10322 (PART 5/SEC1):2012,8799,"Guangdong Sat Technology Co. Ltd., No. 11 Lianbao Rd, Shengfeng District, Xiaolan Town, Zhongshan City, Guangdong, China – 528400",https://wsrv.nl/?url=https%3A%2F%2Fi.ibb.co%2FnNXMgZTv%2FAltair-Prime-9-07-coffee.png&output=webp&q=78
Altair Prime,DTL065X,36V DC,200/300mA,3500K, CRI>97,Φ50*H120mm,36°,9W,AJ/CG,ARAS0950/35/36/DGR,R-41159492,IS 10322 (PART 5/SEC1):2012,8799,"Guangdong Sat Technology Co. Ltd., No. 11 Lianbao Rd, Shengfeng District, Xiaolan Town, Zhongshan City, Guangdong, China – 528400",https://wsrv.nl/?url=https%3A%2F%2Fi.ibb.co%2FMym4YQ0K%2FAltair-Prime-9-09-dark-gray-default-001.png&output=webp&q=78
Altair Prime,DTL065X,36V DC,200/300mA,3500K, CRI>97,Φ50*H120mm,36°,9W,AJ/CG,ARAS0950/35/36/BB,R-41159492,IS 10322 (PART 5/SEC1):2012,8799,"Guangdong Sat Technology Co. Ltd., No. 11 Lianbao Rd, Shengfeng District, Xiaolan Town, Zhongshan City, Guangdong, China – 528400",https://wsrv.nl/?url=https%3A%2F%2Fi.ibb.co%2FJRbqkrZ8%2FAltair-Prime-9-06-ballet-blue.png&output=webp&q=78
Altair Prime,DTL065X,36V DC,200/300mA,3500K, CRI>97,Φ50*H120mm,36°,9W,AJ/CG,ARAS0950/35/36/CH,R-41159492,IS 10322 (PART 5/SEC1):2012,8799,"Guangdong Sat Technology Co. Ltd., No. 11 Lianbao Rd, Shengfeng District, Xiaolan Town, Zhongshan City, Guangdong, China – 528400",https://wsrv.nl/?url=https%3A%2F%2Fi.ibb.co%2F9mJct4jx%2FAltair-Prime-9-01-chrome.png&output=webp&q=78
Altair Prime,DTL065X,36V DC,200/300mA,3500K, CRI>97,Φ50*H120mm,36°,9W,AJ/CG,ARAS0950/35/36/CHB,R-41159492,IS 10322 (PART 5/SEC1):2012,8799,"Guangdong Sat Technology Co. Ltd., No. 11 Lianbao Rd, Shengfeng District, Xiaolan Town, Zhongshan City, Guangdong, China – 528400",https://wsrv.nl/?url=https%3A%2F%2Fi.ibb.co%2F7Jpwhs11%2FAltair-Prime-9-02-chrome-black.png&output=webp&q=78
Altair Prime,DTL065X,36V DC,200/300mA,4000K, CRI>97,Φ50*H120mm,36°,9W,AJ/CG,ARAS0950/40/36/W,R-41159492,IS 10322 (PART 5/SEC1):2012,7799,"Guangdong Sat Technology Co. Ltd., No. 11 Lianbao Rd, Shengfeng District, Xiaolan Town, Zhongshan City, Guangdong, China – 528400",https://wsrv.nl/?url=https%3A%2F%2Fi.ibb.co%2FkgwNq92R%2FAltair-Prime-9-05-white.png&output=webp&q=78
Altair Prime,DTL065X,36V DC,200/300mA,4000K, CRI>97,Φ50*H120mm,36°,9W,AJ/CG,ARAS0950/40/36/B,R-41159492,IS 10322 (PART 5/SEC1):2012,7799,"Guangdong Sat Technology Co. Ltd., No. 11 Lianbao Rd, Shengfeng District, Xiaolan Town, Zhongshan City, Guangdong, China – 528400",https://wsrv.nl/?url=https%3A%2F%2Fi.ibb.co%2FXk8cKwjS%2FAltair-Prime-9-03-mat-black-default.png&output=webp&q=78
Altair Prime,DTL065X,36V DC,200/300mA,4000K, CRI>97,Φ50*H120mm,36°,9W,AJ/CG,ARAS0950/40/36/CG,R-41159492,IS 10322 (PART 5/SEC1):2012,8799,"Guangdong Sat Technology Co. Ltd., No. 11 Lianbao Rd, Shengfeng District, Xiaolan Town, Zhongshan City, Guangdong, China – 528400",https://wsrv.nl/?url=https%3A%2F%2Fi.ibb.co%2FGfYNWwRK%2FAltair-Prime-9-04-champeing-gold.png&output=webp&q=78
Altair Prime,DTL065X,36V DC,200/300mA,4000K, CRI>97,Φ50*H120mm,36°,9W,AJ/CG,ARAS0950/40/36/RG,R-41159492,IS 10322 (PART 5/SEC1):2012,8799,"Guangdong Sat Technology Co. Ltd., No. 11 Lianbao Rd, Shengfeng District, Xiaolan Town, Zhongshan City, Guangdong, China – 528400",https://wsrv.nl/?url=https%3A%2F%2Fi.ibb.co%2F4Zbkv14m%2FAltair-Prime-9-08-rose-gold.png&output=webp&q=78
Altair Prime,DTL065X,36V DC,200/300mA,4000K, CRI>97,Φ50*H120mm,36°,9W,AJ/CG,ARAS0950/40/36/BR,R-41159492,IS 10322 (PART 5/SEC1):2012,8799,"Guangdong Sat Technology Co. Ltd., No. 11 Lianbao Rd, Shengfeng District, Xiaolan Town, Zhongshan City, Guangdong, China – 528400",https://wsrv.nl/?url=https%3A%2F%2Fi.ibb.co%2Fynn4vm8B%2FAltair-Prime-9-10-brown.png&output=webp&q=78
Altair Prime,DTL065X,36V DC,200/300mA,4000K, CRI>97,Φ50*H120mm,36°,9W,AJ/CG,ARAS0950/40/36/COF,R-41159492,IS 10322 (PART 5/SEC1):2012,8799,"Guangdong Sat Technology Co. Ltd., No. 11 Lianbao Rd, Shengfeng District, Xiaolan Town, Zhongshan City, Guangdong, China – 528400",https://wsrv.nl/?url=https%3A%2F%2Fi.ibb.co%2FnNXMgZTv%2FAltair-Prime-9-07-coffee.png&output=webp&q=78
Altair Prime,DTL065X,36V DC,200/300mA,4000K, CRI>97,Φ50*H120mm,36°,9W,AJ/CG,ARAS0950/40/36/DGR,R-41159492,IS 10322 (PART 5/SEC1):2012,8799,"Guangdong Sat Technology Co. Ltd., No. 11 Lianbao Rd, Shengfeng District, Xiaolan Town, Zhongshan City, Guangdong, China – 528400",https://wsrv.nl/?url=https%3A%2F%2Fi.ibb.co%2FMym4YQ0K%2FAltair-Prime-9-09-dark-gray-default-001.png&output=webp&q=78
Altair Prime,DTL065X,36V DC,200/300mA,4000K, CRI>97,Φ50*H120mm,36°,9W,AJ/CG,ARAS0950/40/36/BB,R-41159492,IS 10322 (PART 5/SEC1):2012,8799,"Guangdong Sat Technology Co. Ltd., No. 11 Lianbao Rd, Shengfeng District, Xiaolan Town, Zhongshan City, Guangdong, China – 528400",https://wsrv.nl/?url=https%3A%2F%2Fi.ibb.co%2FJRbqkrZ8%2FAltair-Prime-9-06-ballet-blue.png&output=webp&q=78
Altair Prime,DTL065X,36V DC,200/300mA,4000K, CRI>97,Φ50*H120mm,36°,9W,AJ/CG,ARAS0950/40/36/CH,R-41159492,IS 10322 (PART 5/SEC1):2012,8799,"Guangdong Sat Technology Co. Ltd., No. 11 Lianbao Rd, Shengfeng District, Xiaolan Town, Zhongshan City, Guangdong, China – 528400",https://wsrv.nl/?url=https%3A%2F%2Fi.ibb.co%2F9mJct4jx%2FAltair-Prime-9-01-chrome.png&output=webp&q=78
Altair Prime,DTL065X,36V DC,200/300mA,4000K, CRI>97,Φ50*H120mm,36°,9W,AJ/CG,ARAS0950/40/36/CHB,R-41159492,IS 10322 (PART 5/SEC1):2012,8799,"Guangdong Sat Technology Co. Ltd., No. 11 Lianbao Rd, Shengfeng District, Xiaolan Town, Zhongshan City, Guangdong, China – 528400",https://wsrv.nl/?url=https%3A%2F%2Fi.ibb.co%2F7Jpwhs11%2FAltair-Prime-9-02-chrome-black.png&output=webp&q=78
Altair Prime,DTL065X,36V DC,200/300mA,5000K, CRI>97,Φ50*H120mm,36°,9W,AJ/CG,ARAS0950/50/36/W,R-41159492,IS 10322 (PART 5/SEC1):2012,7799,"Guangdong Sat Technology Co. Ltd., No. 11 Lianbao Rd, Shengfeng District, Xiaolan Town, Zhongshan City, Guangdong, China – 528400",https://wsrv.nl/?url=https%3A%2F%2Fi.ibb.co%2FkgwNq92R%2FAltair-Prime-9-05-white.png&output=webp&q=78
Altair Prime,DTL065X,36V DC,200/300mA,5000K, CRI>97,Φ50*H120mm,36°,9W,AJ/CG,ARAS0950/50/36/B,R-41159492,IS 10322 (PART 5/SEC1):2012,7799,"Guangdong Sat Technology Co. Ltd., No. 11 Lianbao Rd, Shengfeng District, Xiaolan Town, Zhongshan City, Guangdong, China – 528400",https://wsrv.nl/?url=https%3A%2F%2Fi.ibb.co%2FXk8cKwjS%2FAltair-Prime-9-03-mat-black-default.png&output=webp&q=78
Altair Prime,DTL065X,36V DC,200/300mA,5000K, CRI>97,Φ50*H120mm,36°,9W,AJ/CG,ARAS0950/50/36/CG,R-41159492,IS 10322 (PART 5/SEC1):2012,8799,"Guangdong Sat Technology Co. Ltd., No. 11 Lianbao Rd, Shengfeng District, Xiaolan Town, Zhongshan City, Guangdong, China – 528400",https://wsrv.nl/?url=https%3A%2F%2Fi.ibb.co%2FGfYNWwRK%2FAltair-Prime-9-04-champeing-gold.png&output=webp&q=78
Altair Prime,DTL065X,36V DC,200/300mA,5000K, CRI>97,Φ50*H120mm,36°,9W,AJ/CG,ARAS0950/50/36/RG,R-41159492,IS 10322 (PART 5/SEC1):2012,8799,"Guangdong Sat Technology Co. Ltd., No. 11 Lianbao Rd, Shengfeng District, Xiaolan Town, Zhongshan City, Guangdong, China – 528400",https://wsrv.nl/?url=https%3A%2F%2Fi.ibb.co%2F4Zbkv14m%2FAltair-Prime-9-08-rose-gold.png&output=webp&q=78
Altair Prime,DTL065X,36V DC,200/300mA,5000K, CRI>97,Φ50*H120mm,36°,9W,AJ/CG,ARAS0950/50/36/BR,R-41159492,IS 10322 (PART 5/SEC1):2012,8799,"Guangdong Sat Technology Co. Ltd., No. 11 Lianbao Rd, Shengfeng District, Xiaolan Town, Zhongshan City, Guangdong, China – 528400",https://wsrv.nl/?url=https%3A%2F%2Fi.ibb.co%2Fynn4vm8B%2FAltair-Prime-9-10-brown.png&output=webp&q=78
Altair Prime,DTL065X,36V DC,200/300mA,5000K, CRI>97,Φ50*H120mm,36°,9W,AJ/CG,ARAS0950/50/36/COF,R-41159492,IS 10322 (PART 5/SEC1):2012,8799,"Guangdong Sat Technology Co. Ltd., No. 11 Lianbao Rd, Shengfeng District, Xiaolan Town, Zhongshan City, Guangdong, China – 528400",https://wsrv.nl/?url=https%3A%2F%2Fi.ibb.co%2FnNXMgZTv%2FAltair-Prime-9-07-coffee.png&output=webp&q=78
Altair Prime,DTL065X,36V DC,200/300mA,5000K, CRI>97,Φ50*H120mm,36°,9W,AJ/CG,ARAS0950/50/36/DGR,R-41159492,IS 10322 (PART 5/SEC1):2012,8799,"Guangdong Sat Technology Co. Ltd., No. 11 Lianbao Rd, Shengfeng District, Xiaolan Town, Zhongshan City, Guangdong, China – 528400",https://wsrv.nl/?url=https%3A%2F%2Fi.ibb.co%2FMym4YQ0K%2FAltair-Prime-9-09-dark-gray-default-001.png&output=webp&q=78
Altair Prime,DTL065X,36V DC,200/300mA,5000K, CRI>97,Φ50*H120mm,36°,9W,AJ/CG,ARAS0950/50/36/BB,R-41159492,IS 10322 (PART 5/SEC1):2012,8799,"Guangdong Sat Technology Co. Ltd., No. 11 Lianbao Rd, Shengfeng District, Xiaolan Town, Zhongshan City, Guangdong, China – 528400",https://wsrv.nl/?url=https%3A%2F%2Fi.ibb.co%2FJRbqkrZ8%2FAltair-Prime-9-06-ballet-blue.png&output=webp&q=78
Altair Prime,DTL065X,36V DC,200/300mA,5000K, CRI>97,Φ50*H120mm,36°,9W,AJ/CG,ARAS0950/50/36/CH,R-41159492,IS 10322 (PART 5/SEC1):2012,8799,"Guangdong Sat Technology Co. Ltd., No. 11 Lianbao Rd, Shengfeng District, Xiaolan Town, Zhongshan City, Guangdong, China – 528400",https://wsrv.nl/?url=https%3A%2F%2Fi.ibb.co%2F9mJct4jx%2FAltair-Prime-9-01-chrome.png&output=webp&q=78
Altair Prime,DTL065X,36V DC,200/300mA,5000K, CRI>97,Φ50*H120mm,36°,9W,AJ/CG,ARAS0950/50/36/CHB,R-41159492,IS 10322 (PART 5/SEC1):2012,8799,"Guangdong Sat Technology Co. Ltd., No. 11 Lianbao Rd, Shengfeng District, Xiaolan Town, Zhongshan City, Guangdong, China – 528400",https://wsrv.nl/?url=https%3A%2F%2Fi.ibb.co%2F7Jpwhs11%2FAltair-Prime-9-02-chrome-black.png&output=webp&q=78
Altair Prime Tunable,DTL065X,36V DC,200/300mA,2700K~6500K, CRI>97,Φ50*H120mm,15°,9W,AJ/CG,ARAS0950/CT/15/W,R-41159492,IS 10322 (PART 5/SEC1):2012,8999,"Guangdong Sat Technology Co. Ltd., No. 11 Lianbao Rd, Shengfeng District, Xiaolan Town, Zhongshan City, Guangdong, China – 528400",https://wsrv.nl/?url=https%3A%2F%2Fi.ibb.co%2FkgwNq92R%2FAltair-Prime-9-05-white.png&output=webp&q=78
Altair Prime Tunable,DTL065X,36V DC,200/300mA,2700K~6500K, CRI>97,Φ50*H120mm,15°,9W,AJ/CG,ARAS0950/CT/15/B,R-41159492,IS 10322 (PART 5/SEC1):2012,8999,"Guangdong Sat Technology Co. Ltd., No. 11 Lianbao Rd, Shengfeng District, Xiaolan Town, Zhongshan City, Guangdong, China – 528400",https://wsrv.nl/?url=https%3A%2F%2Fi.ibb.co%2FXk8cKwjS%2FAltair-Prime-9-03-mat-black-default.png&output=webp&q=78
Altair Prime Tunable,DTL065X,36V DC,200/300mA,2700K~6500K, CRI>97,Φ50*H120mm,15°,9W,AJ/CG,ARAS0950/CT/15/CG,R-41159492,IS 10322 (PART 5/SEC1):2012,9999,"Guangdong Sat Technology Co. Ltd., No. 11 Lianbao Rd, Shengfeng District, Xiaolan Town, Zhongshan City, Guangdong, China – 528400",https://wsrv.nl/?url=https%3A%2F%2Fi.ibb.co%2FGfYNWwRK%2FAltair-Prime-9-04-champeing-gold.png&output=webp&q=78
Altair Prime Tunable,DTL065X,36V DC,200/300mA,2700K~6500K, CRI>97,Φ50*H120mm,15°,9W,AJ/CG,ARAS0950/CT/15/RG,R-41159492,IS 10322 (PART 5/SEC1):2012,9999,"Guangdong Sat Technology Co. Ltd., No. 11 Lianbao Rd, Shengfeng District, Xiaolan Town, Zhongshan City, Guangdong, China – 528400",https://wsrv.nl/?url=https%3A%2F%2Fi.ibb.co%2F4Zbkv14m%2FAltair-Prime-9-08-rose-gold.png&output=webp&q=78
Altair Prime Tunable,DTL065X,36V DC,200/300mA,2700K~6500K, CRI>97,Φ50*H120mm,15°,9W,AJ/CG,ARAS0950/CT/15/BR,R-41159492,IS 10322 (PART 5/SEC1):2012,9999,"Guangdong Sat Technology Co. Ltd., No. 11 Lianbao Rd, Shengfeng District, Xiaolan Town, Zhongshan City, Guangdong, China – 528400",https://wsrv.nl/?url=https%3A%2F%2Fi.ibb.co%2Fynn4vm8B%2FAltair-Prime-9-10-brown.png&output=webp&q=78
Altair Prime Tunable,DTL065X,36V DC,200/300mA,2700K~6500K, CRI>97,Φ50*H120mm,15°,9W,AJ/CG,ARAS0950/CT/15/COF,R-41159492,IS 10322 (PART 5/SEC1):2012,9999,"Guangdong Sat Technology Co. Ltd., No. 11 Lianbao Rd, Shengfeng District, Xiaolan Town, Zhongshan City, Guangdong, China – 528400",https://wsrv.nl/?url=https%3A%2F%2Fi.ibb.co%2FnNXMgZTv%2FAltair-Prime-9-07-coffee.png&output=webp&q=78
Altair Prime Tunable,DTL065X,36V DC,200/300mA,2700K~6500K, CRI>97,Φ50*H120mm,15°,9W,AJ/CG,ARAS0950/CT/15/DGR,R-41159492,IS 10322 (PART 5/SEC1):2012,9999,"Guangdong Sat Technology Co. Ltd., No. 11 Lianbao Rd, Shengfeng District, Xiaolan Town, Zhongshan City, Guangdong, China – 528400",https://wsrv.nl/?url=https%3A%2F%2Fi.ibb.co%2FMym4YQ0K%2FAltair-Prime-9-09-dark-gray-default-001.png&output=webp&q=78
Altair Prime Tunable,DTL065X,36V DC,200/300mA,2700K~6500K, CRI>97,Φ50*H120mm,15°,9W,AJ/CG,ARAS0950/CT/15/BB,R-41159492,IS 10322 (PART 5/SEC1):2012,9999,"Guangdong Sat Technology Co. Ltd., No. 11 Lianbao Rd, Shengfeng District, Xiaolan Town, Zhongshan City, Guangdong, China – 528400",https://wsrv.nl/?url=https%3A%2F%2Fi.ibb.co%2FJRbqkrZ8%2FAltair-Prime-9-06-ballet-blue.png&output=webp&q=78
Altair Prime Tunable,DTL065X,36V DC,200/300mA,2700K~6500K, CRI>97,Φ50*H120mm,15°,9W,AJ/CG,ARAS0950/CT/15/CH,R-41159492,IS 10322 (PART 5/SEC1):2012,9999,"Guangdong Sat Technology Co. Ltd., No. 11 Lianbao Rd, Shengfeng District, Xiaolan Town, Zhongshan City, Guangdong, China – 528400",https://wsrv.nl/?url=https%3A%2F%2Fi.ibb.co%2F9mJct4jx%2FAltair-Prime-9-01-chrome.png&output=webp&q=78
Altair Prime Tunable,DTL065X,36V DC,200/300mA,2700K~6500K, CRI>97,Φ50*H120mm,15°,9W,AJ/CG,ARAS0950/CT/15/CHB,R-41159492,IS 10322 (PART 5/SEC1):2012,9999,"Guangdong Sat Technology Co. Ltd., No. 11 Lianbao Rd, Shengfeng District, Xiaolan Town, Zhongshan City, Guangdong, China – 528400",https://wsrv.nl/?url=https%3A%2F%2Fi.ibb.co%2F7Jpwhs11%2FAltair-Prime-9-02-chrome-black.png&output=webp&q=78
Altair Prime Tunable,DTL065X,36V DC,200/300mA,2700K~6500K, CRI>97,Φ50*H120mm,24°,9W,AJ/CG,ARAS0950/CT/24/W,R-41159492,IS 10322 (PART 5/SEC1):2012,8999,"Guangdong Sat Technology Co. Ltd., No. 11 Lianbao Rd, Shengfeng District, Xiaolan Town, Zhongshan City, Guangdong, China – 528400",https://wsrv.nl/?url=https%3A%2F%2Fi.ibb.co%2FkgwNq92R%2FAltair-Prime-9-05-white.png&output=webp&q=78
Altair Prime Tunable,DTL065X,36V DC,200/300mA,2700K~6500K, CRI>97,Φ50*H120mm,24°,9W,AJ/CG,ARAS0950/CT/24/B,R-41159492,IS 10322 (PART 5/SEC1):2012,8999,"Guangdong Sat Technology Co. Ltd., No. 11 Lianbao Rd, Shengfeng District, Xiaolan Town, Zhongshan City, Guangdong, China – 528400",https://wsrv.nl/?url=https%3A%2F%2Fi.ibb.co%2FXk8cKwjS%2FAltair-Prime-9-03-mat-black-default.png&output=webp&q=78
Altair Prime Tunable,DTL065X,36V DC,200/300mA,2700K~6500K, CRI>97,Φ50*H120mm,24°,9W,AJ/CG,ARAS0950/CT/24/CG,R-41159492,IS 10322 (PART 5/SEC1):2012,9999,"Guangdong Sat Technology Co. Ltd., No. 11 Lianbao Rd, Shengfeng District, Xiaolan Town, Zhongshan City, Guangdong, China – 528400",https://wsrv.nl/?url=https%3A%2F%2Fi.ibb.co%2FGfYNWwRK%2FAltair-Prime-9-04-champeing-gold.png&output=webp&q=78
Altair Prime Tunable,DTL065X,36V DC,200/300mA,2700K~6500K, CRI>97,Φ50*H120mm,24°,9W,AJ/CG,ARAS0950/CT/24/RG,R-41159492,IS 10322 (PART 5/SEC1):2012,9999,"Guangdong Sat Technology Co. Ltd., No. 11 Lianbao Rd, Shengfeng District, Xiaolan Town, Zhongshan City, Guangdong, China – 528400",https://wsrv.nl/?url=https%3A%2F%2Fi.ibb.co%2F4Zbkv14m%2FAltair-Prime-9-08-rose-gold.png&output=webp&q=78
Altair Prime Tunable,DTL065X,36V DC,200/300mA,2700K~6500K, CRI>97,Φ50*H120mm,24°,9W,AJ/CG,ARAS0950/CT/24/BR,R-41159492,IS 10322 (PART 5/SEC1):2012,9999,"Guangdong Sat Technology Co. Ltd., No. 11 Lianbao Rd, Shengfeng District, Xiaolan Town, Zhongshan City, Guangdong, China – 528400",https://wsrv.nl/?url=https%3A%2F%2Fi.ibb.co%2Fynn4vm8B%2FAltair-Prime-9-10-brown.png&output=webp&q=78
Altair Prime Tunable,DTL065X,36V DC,200/300mA,2700K~6500K, CRI>97,Φ50*H120mm,24°,9W,AJ/CG,ARAS0950/CT/24/COF,R-41159492,IS 10322 (PART 5/SEC1):2012,9999,"Guangdong Sat Technology Co. Ltd., No. 11 Lianbao Rd, Shengfeng District, Xiaolan Town, Zhongshan City, Guangdong, China – 528400",https://wsrv.nl/?url=https%3A%2F%2Fi.ibb.co%2FnNXMgZTv%2FAltair-Prime-9-07-coffee.png&output=webp&q=78
Altair Prime Tunable,DTL065X,36V DC,200/300mA,2700K~6500K, CRI>97,Φ50*H120mm,24°,9W,AJ/CG,ARAS0950/CT/24/DGR,R-41159492,IS 10322 (PART 5/SEC1):2012,9999,"Guangdong Sat Technology Co. Ltd., No. 11 Lianbao Rd, Shengfeng District, Xiaolan Town, Zhongshan City, Guangdong, China – 528400",https://wsrv.nl/?url=https%3A%2F%2Fi.ibb.co%2FMym4YQ0K%2FAltair-Prime-9-09-dark-gray-default-001.png&output=webp&q=78
Altair Prime Tunable,DTL065X,36V DC,200/300mA,2700K~6500K, CRI>97,Φ50*H120mm,24°,9W,AJ/CG,ARAS0950/CT/24/BB,R-41159492,IS 10322 (PART 5/SEC1):2012,9999,"Guangdong Sat Technology Co. Ltd., No. 11 Lianbao Rd, Shengfeng District, Xiaolan Town, Zhongshan City, Guangdong, China – 528400",https://wsrv.nl/?url=https%3A%2F%2Fi.ibb.co%2FJRbqkrZ8%2FAltair-Prime-9-06-ballet-blue.png&output=webp&q=78
Altair Prime Tunable,DTL065X,36V DC,200/300mA,2700K~6500K, CRI>97,Φ50*H120mm,24°,9W,AJ/CG,ARAS0950/CT/24/CH,R-41159492,IS 10322 (PART 5/SEC1):2012,9999,"Guangdong Sat Technology Co. Ltd., No. 11 Lianbao Rd, Shengfeng District, Xiaolan Town, Zhongshan City, Guangdong, China – 528400",https://wsrv.nl/?url=https%3A%2F%2Fi.ibb.co%2F9mJct4jx%2FAltair-Prime-9-01-chrome.png&output=webp&q=78
Altair Prime Tunable,DTL065X,36V DC,200/300mA,2700K~6500K, CRI>97,Φ50*H120mm,24°,9W,AJ/CG,ARAS0950/CT/24/CHB,R-41159492,IS 10322 (PART 5/SEC1):2012,9999,"Guangdong Sat Technology Co. Ltd., No. 11 Lianbao Rd, Shengfeng District, Xiaolan Town, Zhongshan City, Guangdong, China – 528400",https://wsrv.nl/?url=https%3A%2F%2Fi.ibb.co%2F7Jpwhs11%2FAltair-Prime-9-02-chrome-black.png&output=webp&q=78
Altair Prime Tunable,DTL065X,36V DC,200/300mA,2700K~6500K, CRI>97,Φ50*H120mm,36°,9W,AJ/CG,ARAS0950/CT/36/W,R-41159492,IS 10322 (PART 5/SEC1):2012,8999,"Guangdong Sat Technology Co. Ltd., No. 11 Lianbao Rd, Shengfeng District, Xiaolan Town, Zhongshan City, Guangdong, China – 528400",https://wsrv.nl/?url=https%3A%2F%2Fi.ibb.co%2FkgwNq92R%2FAltair-Prime-9-05-white.png&output=webp&q=78
Altair Prime Tunable,DTL065X,36V DC,200/300mA,2700K~6500K, CRI>97,Φ50*H120mm,36°,9W,AJ/CG,ARAS0950/CT/36/B,R-41159492,IS 10322 (PART 5/SEC1):2012,8999,"Guangdong Sat Technology Co. Ltd., No. 11 Lianbao Rd, Shengfeng District, Xiaolan Town, Zhongshan City, Guangdong, China – 528400",https://wsrv.nl/?url=https%3A%2F%2Fi.ibb.co%2FXk8cKwjS%2FAltair-Prime-9-03-mat-black-default.png&output=webp&q=78
Altair Prime Tunable,DTL065X,36V DC,200/300mA,2700K~6500K, CRI>97,Φ50*H120mm,36°,9W,AJ/CG,ARAS0950/CT/36/CG,R-41159492,IS 10322 (PART 5/SEC1):2012,9999,"Guangdong Sat Technology Co. Ltd., No. 11 Lianbao Rd, Shengfeng District, Xiaolan Town, Zhongshan City, Guangdong, China – 528400",https://wsrv.nl/?url=https%3A%2F%2Fi.ibb.co%2FGfYNWwRK%2FAltair-Prime-9-04-champeing-gold.png&output=webp&q=78
Altair Prime Tunable,DTL065X,36V DC,200/300mA,2700K~6500K, CRI>97,Φ50*H120mm,36°,9W,AJ/CG,ARAS0950/CT/36/RG,R-41159492,IS 10322 (PART 5/SEC1):2012,9999,"Guangdong Sat Technology Co. Ltd., No. 11 Lianbao Rd, Shengfeng District, Xiaolan Town, Zhongshan City, Guangdong, China – 528400",https://wsrv.nl/?url=https%3A%2F%2Fi.ibb.co%2F4Zbkv14m%2FAltair-Prime-9-08-rose-gold.png&output=webp&q=78
Altair Prime Tunable,DTL065X,36V DC,200/300mA,2700K~6500K, CRI>97,Φ50*H120mm,36°,9W,AJ/CG,ARAS0950/CT/36/BR,R-41159492,IS 10322 (PART 5/SEC1):2012,9999,"Guangdong Sat Technology Co. Ltd., No. 11 Lianbao Rd, Shengfeng District, Xiaolan Town, Zhongshan City, Guangdong, China – 528400",https://wsrv.nl/?url=https%3A%2F%2Fi.ibb.co%2Fynn4vm8B%2FAltair-Prime-9-10-brown.png&output=webp&q=78
Altair Prime Tunable,DTL065X,36V DC,200/300mA,2700K~6500K, CRI>97,Φ50*H120mm,36°,9W,AJ/CG,ARAS0950/CT/36/COF,R-41159492,IS 10322 (PART 5/SEC1):2012,9999,"Guangdong Sat Technology Co. Ltd., No. 11 Lianbao Rd, Shengfeng District, Xiaolan Town, Zhongshan City, Guangdong, China – 528400",https://wsrv.nl/?url=https%3A%2F%2Fi.ibb.co%2FnNXMgZTv%2FAltair-Prime-9-07-coffee.png&output=webp&q=78
Altair Prime Tunable,DTL065X,36V DC,200/300mA,2700K~6500K, CRI>97,Φ50*H120mm,36°,9W,AJ/CG,ARAS0950/CT/36/DGR,R-41159492,IS 10322 (PART 5/SEC1):2012,9999,"Guangdong Sat Technology Co. Ltd., No. 11 Lianbao Rd, Shengfeng District, Xiaolan Town, Zhongshan City, Guangdong, China – 528400",https://wsrv.nl/?url=https%3A%2F%2Fi.ibb.co%2FMym4YQ0K%2FAltair-Prime-9-09-dark-gray-default-001.png&output=webp&q=78
Altair Prime Tunable,DTL065X,36V DC,200/300mA,2700K~6500K, CRI>97,Φ50*H120mm,36°,9W,AJ/CG,ARAS0950/CT/36/BB,R-41159492,IS 10322 (PART 5/SEC1):2012,9999,"Guangdong Sat Technology Co. Ltd., No. 11 Lianbao Rd, Shengfeng District, Xiaolan Town, Zhongshan City, Guangdong, China – 528400",https://wsrv.nl/?url=https%3A%2F%2Fi.ibb.co%2FJRbqkrZ8%2FAltair-Prime-9-06-ballet-blue.png&output=webp&q=78
Altair Prime Tunable,DTL065X,36V DC,200/300mA,2700K~6500K, CRI>97,Φ50*H120mm,36°,9W,AJ/CG,ARAS0950/CT/36/CH,R-41159492,IS 10322 (PART 5/SEC1):2012,9999,"Guangdong Sat Technology Co. Ltd., No. 11 Lianbao Rd, Shengfeng District, Xiaolan Town, Zhongshan City, Guangdong, China – 528400",https://wsrv.nl/?url=https%3A%2F%2Fi.ibb.co%2F9mJct4jx%2FAltair-Prime-9-01-chrome.png&output=webp&q=78
Altair Prime Tunable,DTL065X,36V DC,200/300mA,2700K~6500K, CRI>97,Φ50*H120mm,36°,9W,AJ/CG,ARAS0950/CT/36/CHB,R-41159492,IS 10322 (PART 5/SEC1):2012,9999,"Guangdong Sat Technology Co. Ltd., No. 11 Lianbao Rd, Shengfeng District, Xiaolan Town, Zhongshan City, Guangdong, China – 528400",https://wsrv.nl/?url=https%3A%2F%2Fi.ibb.co%2F7Jpwhs11%2FAltair-Prime-9-02-chrome-black.png&output=webp&q=78
Altair Muse,ARAD1502,36V DC,350mA,2700K, CRI>97,Φ55*H160mm,NA,15W,AJ/CG,ARAF1545/27/B,R-41159492,IS 10322 (PART 5/SEC1):2012,29499,"Guangdong Sat Technology Co. Ltd., No. 11 Lianbao Rd, Shengfeng District, Xiaolan Town, Zhongshan City, Guangdong, China – 528400",https://wsrv.nl/?url=https%3A%2F%2Fi.ibb.co%2FTqLW9rNv%2FAltair-Muse-mat-black-default.png&output=webp&q=78
Altair Muse,ARAD1502,36V DC,350mA,2700K, CRI>97,Φ55*H160mm,NA,15W,AJ/CG,ARAF1545/27/W,R-41159492,IS 10322 (PART 5/SEC1):2012,29499,"Guangdong Sat Technology Co. Ltd., No. 11 Lianbao Rd, Shengfeng District, Xiaolan Town, Zhongshan City, Guangdong, China – 528400",https://wsrv.nl/?url=https%3A%2F%2Fi.ibb.co%2FTqtNYWyM%2FAltair-Muse-white.png&output=webp&q=78
Altair Muse,ARAD1502,36V DC,350mA,2700K, CRI>97,Φ55*H160mm,NA,15W,AJ/CG,ARAF1545/27/CG,R-41159492,IS 10322 (PART 5/SEC1):2012,30499,"Guangdong Sat Technology Co. Ltd., No. 11 Lianbao Rd, Shengfeng District, Xiaolan Town, Zhongshan City, Guangdong, China – 528400",https://wsrv.nl/?url=https%3A%2F%2Fi.ibb.co%2Fh1tRWbtD%2FAltair-Muse-champeing-gold.png&output=webp&q=78
Altair Muse,ARAD1502,36V DC,350mA,2700K, CRI>97,Φ55*H160mm,NA,15W,AJ/CG,ARAF1545/27/RG,R-41159492,IS 10322 (PART 5/SEC1):2012,30499,"Guangdong Sat Technology Co. Ltd., No. 11 Lianbao Rd, Shengfeng District, Xiaolan Town, Zhongshan City, Guangdong, China – 528400",https://wsrv.nl/?url=https%3A%2F%2Fi.ibb.co%2F5WTLY2Hq%2FAltair-Muse-rose-gold.png&output=webp&q=78
Altair Muse,ARAD1502,36V DC,350mA,2700K, CRI>97,Φ55*H160mm,NA,15W,AJ/CG,ARAF1545/27/BR,R-41159492,IS 10322 (PART 5/SEC1):2012,30499,"Guangdong Sat Technology Co. Ltd., No. 11 Lianbao Rd, Shengfeng District, Xiaolan Town, Zhongshan City, Guangdong, China – 528400",https://wsrv.nl/?url=https%3A%2F%2Fi.ibb.co%2FZyCftVT%2FAltair-Muse-brown.png&output=webp&q=78
Altair Muse,ARAD1502,36V DC,350mA,2700K, CRI>97,Φ55*H160mm,NA,15W,AJ/CG,ARAF1545/27/COF,R-41159492,IS 10322 (PART 5/SEC1):2012,30499,"Guangdong Sat Technology Co. Ltd., No. 11 Lianbao Rd, Shengfeng District, Xiaolan Town, Zhongshan City, Guangdong, China – 528400",https://wsrv.nl/?url=https%3A%2F%2Fi.ibb.co%2Fp6n7GTy3%2FAltair-Muse-offee.png&output=webp&q=78
Altair Muse,ARAD1502,36V DC,350mA,2700K, CRI>97,Φ55*H160mm,NA,15W,AJ/CG,ARAF1545/27/DGR,R-41159492,IS 10322 (PART 5/SEC1):2012,30499,"Guangdong Sat Technology Co. Ltd., No. 11 Lianbao Rd, Shengfeng District, Xiaolan Town, Zhongshan City, Guangdong, China – 528400",https://wsrv.nl/?url=https%3A%2F%2Fi.ibb.co%2F5WdpcKZj%2FAltair-Muse-dark-gray.png&output=webp&q=78
Altair Muse,ARAD1502,36V DC,350mA,2700K, CRI>97,Φ55*H160mm,NA,15W,AJ/CG,ARAF1545/27/BB,R-41159492,IS 10322 (PART 5/SEC1):2012,30499,"Guangdong Sat Technology Co. Ltd., No. 11 Lianbao Rd, Shengfeng District, Xiaolan Town, Zhongshan City, Guangdong, China – 528400",https://wsrv.nl/?url=https%3A%2F%2Fi.ibb.co%2F9H83LDq0%2FAltair-Muse-ballet-blue.png&output=webp&q=78
Altair Muse,ARAD1502,36V DC,350mA,2700K, CRI>97,Φ55*H160mm,NA,15W,AJ/CG,ARAF1545/27/CH,R-41159492,IS 10322 (PART 5/SEC1):2012,30499,"Guangdong Sat Technology Co. Ltd., No. 11 Lianbao Rd, Shengfeng District, Xiaolan Town, Zhongshan City, Guangdong, China – 528400",https://wsrv.nl/?url=https%3A%2F%2Fi.ibb.co%2F606S1g0Y%2FAltair-Muse-chrome.png&output=webp&q=78
Altair Muse,ARAD1502,36V DC,350mA,2700K, CRI>97,Φ55*H160mm,NA,15W,AJ/CG,ARAF1545/27/CHB,R-41159492,IS 10322 (PART 5/SEC1):2012,30499,"Guangdong Sat Technology Co. Ltd., No. 11 Lianbao Rd, Shengfeng District, Xiaolan Town, Zhongshan City, Guangdong, China – 528400",https://wsrv.nl/?url=https%3A%2F%2Fi.ibb.co%2FM5Q9QLWb%2FAltair-Muse-chrome-black.png&output=webp&q=78
Altair Muse,ARAD1502,36V DC,350mA,3000K, CRI>97,Φ55*H160mm,NA,15W,AJ/CG,ARAF1545/30/B,R-41159492,IS 10322 (PART 5/SEC1):2012,29499,"Guangdong Sat Technology Co. Ltd., No. 11 Lianbao Rd, Shengfeng District, Xiaolan Town, Zhongshan City, Guangdong, China – 528400",https://wsrv.nl/?url=https%3A%2F%2Fi.ibb.co%2FTqLW9rNv%2FAltair-Muse-mat-black-default.png&output=webp&q=78
Altair Muse,ARAD1502,36V DC,350mA,3000K, CRI>97,Φ55*H160mm,NA,15W,AJ/CG,ARAF1545/30/W,R-41159492,IS 10322 (PART 5/SEC1):2012,29499,"Guangdong Sat Technology Co. Ltd., No. 11 Lianbao Rd, Shengfeng District, Xiaolan Town, Zhongshan City, Guangdong, China – 528400",https://wsrv.nl/?url=https%3A%2F%2Fi.ibb.co%2FTqtNYWyM%2FAltair-Muse-white.png&output=webp&q=78
Altair Muse,ARAD1502,36V DC,350mA,3000K, CRI>97,Φ55*H160mm,NA,15W,AJ/CG,ARAF1545/30/CG,R-41159492,IS 10322 (PART 5/SEC1):2012,30499,"Guangdong Sat Technology Co. Ltd., No. 11 Lianbao Rd, Shengfeng District, Xiaolan Town, Zhongshan City, Guangdong, China – 528400",https://wsrv.nl/?url=https%3A%2F%2Fi.ibb.co%2Fh1tRWbtD%2FAltair-Muse-champeing-gold.png&output=webp&q=78
Altair Muse,ARAD1502,36V DC,350mA,3000K, CRI>97,Φ55*H160mm,NA,15W,AJ/CG,ARAF1545/30/RG,R-41159492,IS 10322 (PART 5/SEC1):2012,30499,"Guangdong Sat Technology Co. Ltd., No. 11 Lianbao Rd, Shengfeng District, Xiaolan Town, Zhongshan City, Guangdong, China – 528400",https://wsrv.nl/?url=https%3A%2F%2Fi.ibb.co%2F5WTLY2Hq%2FAltair-Muse-rose-gold.png&output=webp&q=78
Altair Muse,ARAD1502,36V DC,350mA,3000K, CRI>97,Φ55*H160mm,NA,15W,AJ/CG,ARAF1545/30/BR,R-41159492,IS 10322 (PART 5/SEC1):2012,30499,"Guangdong Sat Technology Co. Ltd., No. 11 Lianbao Rd, Shengfeng District, Xiaolan Town, Zhongshan City, Guangdong, China – 528400",https://wsrv.nl/?url=https%3A%2F%2Fi.ibb.co%2FZyCftVT%2FAltair-Muse-brown.png&output=webp&q=78
Altair Muse,ARAD1502,36V DC,350mA,3000K, CRI>97,Φ55*H160mm,NA,15W,AJ/CG,ARAF1545/30/COF,R-41159492,IS 10322 (PART 5/SEC1):2012,30499,"Guangdong Sat Technology Co. Ltd., No. 11 Lianbao Rd, Shengfeng District, Xiaolan Town, Zhongshan City, Guangdong, China – 528400",https://wsrv.nl/?url=https%3A%2F%2Fi.ibb.co%2Fp6n7GTy3%2FAltair-Muse-offee.png&output=webp&q=78
Altair Muse,ARAD1502,36V DC,350mA,3000K, CRI>97,Φ55*H160mm,NA,15W,AJ/CG,ARAF1545/30/DGR,R-41159492,IS 10322 (PART 5/SEC1):2012,30499,"Guangdong Sat Technology Co. Ltd., No. 11 Lianbao Rd, Shengfeng District, Xiaolan Town, Zhongshan City, Guangdong, China – 528400",https://wsrv.nl/?url=https%3A%2F%2Fi.ibb.co%2F5WdpcKZj%2FAltair-Muse-dark-gray.png&output=webp&q=78
Altair Muse,ARAD1502,36V DC,350mA,3000K, CRI>97,Φ55*H160mm,NA,15W,AJ/CG,ARAF1545/30/BB,R-41159492,IS 10322 (PART 5/SEC1):2012,30499,"Guangdong Sat Technology Co. Ltd., No. 11 Lianbao Rd, Shengfeng District, Xiaolan Town, Zhongshan City, Guangdong, China – 528400",https://wsrv.nl/?url=https%3A%2F%2Fi.ibb.co%2F9H83LDq0%2FAltair-Muse-ballet-blue.png&output=webp&q=78
Altair Muse,ARAD1502,36V DC,350mA,3000K, CRI>97,Φ55*H160mm,NA,15W,AJ/CG,ARAF1545/30/CH,R-41159492,IS 10322 (PART 5/SEC1):2012,30499,"Guangdong Sat Technology Co. Ltd., No. 11 Lianbao Rd, Shengfeng District, Xiaolan Town, Zhongshan City, Guangdong, China – 528400",https://wsrv.nl/?url=https%3A%2F%2Fi.ibb.co%2F606S1g0Y%2FAltair-Muse-chrome.png&output=webp&q=78
Altair Muse,ARAD1502,36V DC,350mA,3000K, CRI>97,Φ55*H160mm,NA,15W,AJ/CG,ARAF1545/30/CHB,R-41159492,IS 10322 (PART 5/SEC1):2012,30499,"Guangdong Sat Technology Co. Ltd., No. 11 Lianbao Rd, Shengfeng District, Xiaolan Town, Zhongshan City, Guangdong, China – 528400",https://wsrv.nl/?url=https%3A%2F%2Fi.ibb.co%2FM5Q9QLWb%2FAltair-Muse-chrome-black.png&output=webp&q=78
Altair Muse,ARAD1502,36V DC,350mA,3500K, CRI>97,Φ55*H160mm,NA,15W,AJ/CG,ARAF1545/35/B,R-41159492,IS 10322 (PART 5/SEC1):2012,29499,"Guangdong Sat Technology Co. Ltd., No. 11 Lianbao Rd, Shengfeng District, Xiaolan Town, Zhongshan City, Guangdong, China – 528400",https://wsrv.nl/?url=https%3A%2F%2Fi.ibb.co%2FTqLW9rNv%2FAltair-Muse-mat-black-default.png&output=webp&q=78
Altair Muse,ARAD1502,36V DC,350mA,3500K, CRI>97,Φ55*H160mm,NA,15W,AJ/CG,ARAF1545/35/W,R-41159492,IS 10322 (PART 5/SEC1):2012,29499,"Guangdong Sat Technology Co. Ltd., No. 11 Lianbao Rd, Shengfeng District, Xiaolan Town, Zhongshan City, Guangdong, China – 528400",https://wsrv.nl/?url=https%3A%2F%2Fi.ibb.co%2FTqtNYWyM%2FAltair-Muse-white.png&output=webp&q=78
Altair Muse,ARAD1502,36V DC,350mA,3500K, CRI>97,Φ55*H160mm,NA,15W,AJ/CG,ARAF1545/35/CG,R-41159492,IS 10322 (PART 5/SEC1):2012,30499,"Guangdong Sat Technology Co. Ltd., No. 11 Lianbao Rd, Shengfeng District, Xiaolan Town, Zhongshan City, Guangdong, China – 528400",https://wsrv.nl/?url=https%3A%2F%2Fi.ibb.co%2Fh1tRWbtD%2FAltair-Muse-champeing-gold.png&output=webp&q=78
Altair Muse,ARAD1502,36V DC,350mA,3500K, CRI>97,Φ55*H160mm,NA,15W,AJ/CG,ARAF1545/35/RG,R-41159492,IS 10322 (PART 5/SEC1):2012,30499,"Guangdong Sat Technology Co. Ltd., No. 11 Lianbao Rd, Shengfeng District, Xiaolan Town, Zhongshan City, Guangdong, China – 528400",https://wsrv.nl/?url=https%3A%2F%2Fi.ibb.co%2F5WTLY2Hq%2FAltair-Muse-rose-gold.png&output=webp&q=78
Altair Muse,ARAD1502,36V DC,350mA,3500K, CRI>97,Φ55*H160mm,NA,15W,AJ/CG,ARAF1545/35/BR,R-41159492,IS 10322 (PART 5/SEC1):2012,30499,"Guangdong Sat Technology Co. Ltd., No. 11 Lianbao Rd, Shengfeng District, Xiaolan Town, Zhongshan City, Guangdong, China – 528400",https://wsrv.nl/?url=https%3A%2F%2Fi.ibb.co%2FZyCftVT%2FAltair-Muse-brown.png&output=webp&q=78
Altair Muse,ARAD1502,36V DC,350mA,3500K, CRI>97,Φ55*H160mm,NA,15W,AJ/CG,ARAF1545/35/COF,R-41159492,IS 10322 (PART 5/SEC1):2012,30499,"Guangdong Sat Technology Co. Ltd., No. 11 Lianbao Rd, Shengfeng District, Xiaolan Town, Zhongshan City, Guangdong, China – 528400",https://wsrv.nl/?url=https%3A%2F%2Fi.ibb.co%2Fp6n7GTy3%2FAltair-Muse-offee.png&output=webp&q=78
Altair Muse,ARAD1502,36V DC,350mA,3500K, CRI>97,Φ55*H160mm,NA,15W,AJ/CG,ARAF1545/35/DGR,R-41159492,IS 10322 (PART 5/SEC1):2012,30499,"Guangdong Sat Technology Co. Ltd., No. 11 Lianbao Rd, Shengfeng District, Xiaolan Town, Zhongshan City, Guangdong, China – 528400",https://wsrv.nl/?url=https%3A%2F%2Fi.ibb.co%2F5WdpcKZj%2FAltair-Muse-dark-gray.png&output=webp&q=78
Altair Muse,ARAD1502,36V DC,350mA,3500K, CRI>97,Φ55*H160mm,NA,15W,AJ/CG,ARAF1545/35/BB,R-41159492,IS 10322 (PART 5/SEC1):2012,30499,"Guangdong Sat Technology Co. Ltd., No. 11 Lianbao Rd, Shengfeng District, Xiaolan Town, Zhongshan City, Guangdong, China – 528400",https://wsrv.nl/?url=https%3A%2F%2Fi.ibb.co%2F9H83LDq0%2FAltair-Muse-ballet-blue.png&output=webp&q=78
Altair Muse,ARAD1502,36V DC,350mA,3500K, CRI>97,Φ55*H160mm,NA,15W,AJ/CG,ARAF1545/35/CH,R-41159492,IS 10322 (PART 5/SEC1):2012,30499,"Guangdong Sat Technology Co. Ltd., No. 11 Lianbao Rd, Shengfeng District, Xiaolan Town, Zhongshan City, Guangdong, China – 528400",https://wsrv.nl/?url=https%3A%2F%2Fi.ibb.co%2F606S1g0Y%2FAltair-Muse-chrome.png&output=webp&q=78
Altair Muse,ARAD1502,36V DC,350mA,3500K, CRI>97,Φ55*H160mm,NA,15W,AJ/CG,ARAF1545/35/CHB,R-41159492,IS 10322 (PART 5/SEC1):2012,30499,"Guangdong Sat Technology Co. Ltd., No. 11 Lianbao Rd, Shengfeng District, Xiaolan Town, Zhongshan City, Guangdong, China – 528400",https://wsrv.nl/?url=https%3A%2F%2Fi.ibb.co%2FM5Q9QLWb%2FAltair-Muse-chrome-black.png&output=webp&q=78
Altair Muse,ARAD1502,36V DC,350mA,4000K, CRI>97,Φ55*H160mm,NA,15W,AJ/CG,ARAF1545/40/B,R-41159492,IS 10322 (PART 5/SEC1):2012,29499,"Guangdong Sat Technology Co. Ltd., No. 11 Lianbao Rd, Shengfeng District, Xiaolan Town, Zhongshan City, Guangdong, China – 528400",https://wsrv.nl/?url=https%3A%2F%2Fi.ibb.co%2FTqLW9rNv%2FAltair-Muse-mat-black-default.png&output=webp&q=78
Altair Muse,ARAD1502,36V DC,350mA,4000K, CRI>97,Φ55*H160mm,NA,15W,AJ/CG,ARAF1545/40/W,R-41159492,IS 10322 (PART 5/SEC1):2012,29499,"Guangdong Sat Technology Co. Ltd., No. 11 Lianbao Rd, Shengfeng District, Xiaolan Town, Zhongshan City, Guangdong, China – 528400",https://wsrv.nl/?url=https%3A%2F%2Fi.ibb.co%2FTqtNYWyM%2FAltair-Muse-white.png&output=webp&q=78
Altair Muse,ARAD1502,36V DC,350mA,4000K, CRI>97,Φ55*H160mm,NA,15W,AJ/CG,ARAF1545/40/CG,R-41159492,IS 10322 (PART 5/SEC1):2012,30499,"Guangdong Sat Technology Co. Ltd., No. 11 Lianbao Rd, Shengfeng District, Xiaolan Town, Zhongshan City, Guangdong, China – 528400",https://wsrv.nl/?url=https%3A%2F%2Fi.ibb.co%2Fh1tRWbtD%2FAltair-Muse-champeing-gold.png&output=webp&q=78
Altair Muse,ARAD1502,36V DC,350mA,4000K, CRI>97,Φ55*H160mm,NA,15W,AJ/CG,ARAF1545/40/RG,R-41159492,IS 10322 (PART 5/SEC1):2012,30499,"Guangdong Sat Technology Co. Ltd., No. 11 Lianbao Rd, Shengfeng District, Xiaolan Town, Zhongshan City, Guangdong, China – 528400",https://wsrv.nl/?url=https%3A%2F%2Fi.ibb.co%2F5WTLY2Hq%2FAltair-Muse-rose-gold.png&output=webp&q=78
Altair Muse,ARAD1502,36V DC,350mA,4000K, CRI>97,Φ55*H160mm,NA,15W,AJ/CG,ARAF1545/40/BR,R-41159492,IS 10322 (PART 5/SEC1):2012,30499,"Guangdong Sat Technology Co. Ltd., No. 11 Lianbao Rd, Shengfeng District, Xiaolan Town, Zhongshan City, Guangdong, China – 528400",https://wsrv.nl/?url=https%3A%2F%2Fi.ibb.co%2FZyCftVT%2FAltair-Muse-brown.png&output=webp&q=78
Altair Muse,ARAD1502,36V DC,350mA,4000K, CRI>97,Φ55*H160mm,NA,15W,AJ/CG,ARAF1545/40/COF,R-41159492,IS 10322 (PART 5/SEC1):2012,30499,"Guangdong Sat Technology Co. Ltd., No. 11 Lianbao Rd, Shengfeng District, Xiaolan Town, Zhongshan City, Guangdong, China – 528400",https://wsrv.nl/?url=https%3A%2F%2Fi.ibb.co%2Fp6n7GTy3%2FAltair-Muse-offee.png&output=webp&q=78
Altair Muse,ARAD1502,36V DC,350mA,4000K, CRI>97,Φ55*H160mm,NA,15W,AJ/CG,ARAF1545/40/DGR,R-41159492,IS 10322 (PART 5/SEC1):2012,30499,"Guangdong Sat Technology Co. Ltd., No. 11 Lianbao Rd, Shengfeng District, Xiaolan Town, Zhongshan City, Guangdong, China – 528400",https://wsrv.nl/?url=https%3A%2F%2Fi.ibb.co%2F5WdpcKZj%2FAltair-Muse-dark-gray.png&output=webp&q=78
Altair Muse,ARAD1502,36V DC,350mA,4000K, CRI>97,Φ55*H160mm,NA,15W,AJ/CG,ARAF1545/40/BB,R-41159492,IS 10322 (PART 5/SEC1):2012,30499,"Guangdong Sat Technology Co. Ltd., No. 11 Lianbao Rd, Shengfeng District, Xiaolan Town, Zhongshan City, Guangdong, China – 528400",https://wsrv.nl/?url=https%3A%2F%2Fi.ibb.co%2F9H83LDq0%2FAltair-Muse-ballet-blue.png&output=webp&q=78
Altair Muse,ARAD1502,36V DC,350mA,4000K, CRI>97,Φ55*H160mm,NA,15W,AJ/CG,ARAF1545/40/CH,R-41159492,IS 10322 (PART 5/SEC1):2012,30499,"Guangdong Sat Technology Co. Ltd., No. 11 Lianbao Rd, Shengfeng District, Xiaolan Town, Zhongshan City, Guangdong, China – 528400",https://wsrv.nl/?url=https%3A%2F%2Fi.ibb.co%2F606S1g0Y%2FAltair-Muse-chrome.png&output=webp&q=78
Altair Muse,ARAD1502,36V DC,350mA,4000K, CRI>97,Φ55*H160mm,NA,15W,AJ/CG,ARAF1545/40/CHB,R-41159492,IS 10322 (PART 5/SEC1):2012,30499,"Guangdong Sat Technology Co. Ltd., No. 11 Lianbao Rd, Shengfeng District, Xiaolan Town, Zhongshan City, Guangdong, China – 528400",https://wsrv.nl/?url=https%3A%2F%2Fi.ibb.co%2FM5Q9QLWb%2FAltair-Muse-chrome-black.png&output=webp&q=78
Altair Muse,ARAD1502,36V DC,350mA,5000K, CRI>97,Φ55*H160mm,NA,15W,AJ/CG,ARAF1545/50/B,R-41159492,IS 10322 (PART 5/SEC1):2012,29499,"Guangdong Sat Technology Co. Ltd., No. 11 Lianbao Rd, Shengfeng District, Xiaolan Town, Zhongshan City, Guangdong, China – 528400",https://wsrv.nl/?url=https%3A%2F%2Fi.ibb.co%2FTqLW9rNv%2FAltair-Muse-mat-black-default.png&output=webp&q=78
Altair Muse,ARAD1502,36V DC,350mA,5000K, CRI>97,Φ55*H160mm,NA,15W,AJ/CG,ARAF1545/50/W,R-41159492,IS 10322 (PART 5/SEC1):2012,29499,"Guangdong Sat Technology Co. Ltd., No. 11 Lianbao Rd, Shengfeng District, Xiaolan Town, Zhongshan City, Guangdong, China – 528400",https://wsrv.nl/?url=https%3A%2F%2Fi.ibb.co%2FTqtNYWyM%2FAltair-Muse-white.png&output=webp&q=78
Altair Muse,ARAD1502,36V DC,350mA,5000K, CRI>97,Φ55*H160mm,NA,15W,AJ/CG,ARAF1545/50/CG,R-41159492,IS 10322 (PART 5/SEC1):2012,30499,"Guangdong Sat Technology Co. Ltd., No. 11 Lianbao Rd, Shengfeng District, Xiaolan Town, Zhongshan City, Guangdong, China – 528400",https://wsrv.nl/?url=https%3A%2F%2Fi.ibb.co%2Fh1tRWbtD%2FAltair-Muse-champeing-gold.png&output=webp&q=78
Altair Muse,ARAD1502,36V DC,350mA,5000K, CRI>97,Φ55*H160mm,NA,15W,AJ/CG,ARAF1545/50/RG,R-41159492,IS 10322 (PART 5/SEC1):2012,30499,"Guangdong Sat Technology Co. Ltd., No. 11 Lianbao Rd, Shengfeng District, Xiaolan Town, Zhongshan City, Guangdong, China – 528400",https://wsrv.nl/?url=https%3A%2F%2Fi.ibb.co%2F5WTLY2Hq%2FAltair-Muse-rose-gold.png&output=webp&q=78
Altair Muse,ARAD1502,36V DC,350mA,5000K, CRI>97,Φ55*H160mm,NA,15W,AJ/CG,ARAF1545/50/BR,R-41159492,IS 10322 (PART 5/SEC1):2012,30499,"Guangdong Sat Technology Co. Ltd., No. 11 Lianbao Rd, Shengfeng District, Xiaolan Town, Zhongshan City, Guangdong, China – 528400",https://wsrv.nl/?url=https%3A%2F%2Fi.ibb.co%2FZyCftVT%2FAltair-Muse-brown.png&output=webp&q=78
Altair Muse,ARAD1502,36V DC,350mA,5000K, CRI>97,Φ55*H160mm,NA,15W,AJ/CG,ARAF1545/50/COF,R-41159492,IS 10322 (PART 5/SEC1):2012,30499,"Guangdong Sat Technology Co. Ltd., No. 11 Lianbao Rd, Shengfeng District, Xiaolan Town, Zhongshan City, Guangdong, China – 528400",https://wsrv.nl/?url=https%3A%2F%2Fi.ibb.co%2Fp6n7GTy3%2FAltair-Muse-offee.png&output=webp&q=78
Altair Muse,ARAD1502,36V DC,350mA,5000K, CRI>97,Φ55*H160mm,NA,15W,AJ/CG,ARAF1545/50/DGR,R-41159492,IS 10322 (PART 5/SEC1):2012,30499,"Guangdong Sat Technology Co. Ltd., No. 11 Lianbao Rd, Shengfeng District, Xiaolan Town, Zhongshan City, Guangdong, China – 528400",https://wsrv.nl/?url=https%3A%2F%2Fi.ibb.co%2F5WdpcKZj%2FAltair-Muse-dark-gray.png&output=webp&q=78
Altair Muse,ARAD1502,36V DC,350mA,5000K, CRI>97,Φ55*H160mm,NA,15W,AJ/CG,ARAF1545/50/BB,R-41159492,IS 10322 (PART 5/SEC1):2012,30499,"Guangdong Sat Technology Co. Ltd., No. 11 Lianbao Rd, Shengfeng District, Xiaolan Town, Zhongshan City, Guangdong, China – 528400",https://wsrv.nl/?url=https%3A%2F%2Fi.ibb.co%2F9H83LDq0%2FAltair-Muse-ballet-blue.png&output=webp&q=78
Altair Muse,ARAD1502,36V DC,350mA,5000K, CRI>97,Φ55*H160mm,NA,15W,AJ/CG,ARAF1545/50/CH,R-41159492,IS 10322 (PART 5/SEC1):2012,30499,"Guangdong Sat Technology Co. Ltd., No. 11 Lianbao Rd, Shengfeng District, Xiaolan Town, Zhongshan City, Guangdong, China – 528400",https://wsrv.nl/?url=https%3A%2F%2Fi.ibb.co%2F606S1g0Y%2FAltair-Muse-chrome.png&output=webp&q=78
Altair Muse,ARAD1502,36V DC,350mA,5000K, CRI>97,Φ55*H160mm,NA,15W,AJ/CG,ARAF1545/50/CHB,R-41159492,IS 10322 (PART 5/SEC1):2012,30499,"Guangdong Sat Technology Co. Ltd., No. 11 Lianbao Rd, Shengfeng District, Xiaolan Town, Zhongshan City, Guangdong, China – 528400",https://wsrv.nl/?url=https%3A%2F%2Fi.ibb.co%2FM5Q9QLWb%2FAltair-Muse-chrome-black.png&output=webp&q=78
Altair Prime 9S,DTL065X,12V DC,700mA,2700K, CRI>97,Φ60*H120mm,6°,9W,AJ/CG,ARAS1060/27/06/W,R-41159492,IS 10322 (PART 5/SEC1):2012,8899,"Guangdong Sat Technology Co. Ltd., No. 11 Lianbao Rd, Shengfeng District, Xiaolan Town, Zhongshan City, Guangdong, China – 528400",https://wsrv.nl/?url=https%3A%2F%2Fi.ibb.co%2FVWqkgwtb%2FAltair-Prime-S-white.png&output=webp&q=78
Altair Prime 9S,DTL065X,12V DC,700mA,2700K, CRI>97,Φ60*H120mm,6°,9W,AJ/CG,ARAS1060/27/06/B,R-41159492,IS 10322 (PART 5/SEC1):2012,8899,"Guangdong Sat Technology Co. Ltd., No. 11 Lianbao Rd, Shengfeng District, Xiaolan Town, Zhongshan City, Guangdong, China – 528400",https://wsrv.nl/?url=https%3A%2F%2Fi.ibb.co%2F1t9vpjBt%2FAltair-Prime-S-mat-black-default.png&output=webp&q=78
Altair Prime 9S,DTL065X,12V DC,700mA,2700K, CRI>97,Φ60*H120mm,6°,9W,AJ/CG,ARAS1060/27/06/CG,R-41159492,IS 10322 (PART 5/SEC1):2012,9899,"Guangdong Sat Technology Co. Ltd., No. 11 Lianbao Rd, Shengfeng District, Xiaolan Town, Zhongshan City, Guangdong, China – 528400",https://wsrv.nl/?url=https%3A%2F%2Fi.ibb.co%2FHDwGbZqD%2FAltair-Prime-S-champeing-gold.png&output=webp&q=78
Altair Prime 9S,DTL065X,12V DC,700mA,2700K, CRI>97,Φ60*H120mm,6°,9W,AJ/CG,ARAS1060/27/06/RG,R-41159492,IS 10322 (PART 5/SEC1):2012,9899,"Guangdong Sat Technology Co. Ltd., No. 11 Lianbao Rd, Shengfeng District, Xiaolan Town, Zhongshan City, Guangdong, China – 528400",https://wsrv.nl/?url=https%3A%2F%2Fi.ibb.co%2FrfZBW6GW%2FAltair-Prime-S-rose-gold.png&output=webp&q=78
Altair Prime 9S,DTL065X,12V DC,700mA,2700K, CRI>97,Φ60*H120mm,6°,9W,AJ/CG,ARAS1060/27/06/BR,R-41159492,IS 10322 (PART 5/SEC1):2012,9899,"Guangdong Sat Technology Co. Ltd., No. 11 Lianbao Rd, Shengfeng District, Xiaolan Town, Zhongshan City, Guangdong, China – 528400",https://wsrv.nl/?url=https%3A%2F%2Fi.ibb.co%2FHDnd9yGS%2FAltair-Prime-S-brown.png&output=webp&q=78
Altair Prime 9S,DTL065X,12V DC,700mA,2700K, CRI>97,Φ60*H120mm,6°,9W,AJ/CG,ARAS1060/27/06/COF,R-41159492,IS 10322 (PART 5/SEC1):2012,9899,"Guangdong Sat Technology Co. Ltd., No. 11 Lianbao Rd, Shengfeng District, Xiaolan Town, Zhongshan City, Guangdong, China – 528400",https://wsrv.nl/?url=https%3A%2F%2Fi.ibb.co%2FCK8rTTCw%2FAltair-Prime-S-coffee.png&output=webp&q=78
Altair Prime 9S,DTL065X,12V DC,700mA,2700K, CRI>97,Φ60*H120mm,6°,9W,AJ/CG,ARAS1060/27/06/DGR,R-41159492,IS 10322 (PART 5/SEC1):2012,9899,"Guangdong Sat Technology Co. Ltd., No. 11 Lianbao Rd, Shengfeng District, Xiaolan Town, Zhongshan City, Guangdong, China – 528400",https://wsrv.nl/?url=https%3A%2F%2Fi.ibb.co%2Fx8KDZbzR%2FAltair-Prime-S-dark-gray-default-001.png&output=webp&q=78
Altair Prime 9S,DTL065X,12V DC,700mA,2700K, CRI>97,Φ60*H120mm,6°,9W,AJ/CG,ARAS1060/27/06/BB,R-41159492,IS 10322 (PART 5/SEC1):2012,9899,"Guangdong Sat Technology Co. Ltd., No. 11 Lianbao Rd, Shengfeng District, Xiaolan Town, Zhongshan City, Guangdong, China – 528400",https://wsrv.nl/?url=https%3A%2F%2Fi.ibb.co%2FZzS3YsDH%2FAltair-Prime-S-ballet-blue.png&output=webp&q=78
Altair Prime 9S,DTL065X,12V DC,700mA,2700K, CRI>97,Φ60*H120mm,6°,9W,AJ/CG,ARAS1060/27/06/CH,R-41159492,IS 10322 (PART 5/SEC1):2012,9899,"Guangdong Sat Technology Co. Ltd., No. 11 Lianbao Rd, Shengfeng District, Xiaolan Town, Zhongshan City, Guangdong, China – 528400",https://wsrv.nl/?url=https%3A%2F%2Fi.ibb.co%2FLhZc3jdq%2FAltair-Prime-S-chrome.png&output=webp&q=78
Altair Prime 9S,DTL065X,12V DC,700mA,2700K, CRI>97,Φ60*H120mm,6°,9W,AJ/CG,ARAS1060/27/06/CHB,R-41159492,IS 10322 (PART 5/SEC1):2012,9899,"Guangdong Sat Technology Co. Ltd., No. 11 Lianbao Rd, Shengfeng District, Xiaolan Town, Zhongshan City, Guangdong, China – 528400",https://wsrv.nl/?url=https%3A%2F%2Fi.ibb.co%2FtFJYNqs%2FAltair-Prime-S-chrome-black.png&output=webp&q=78
Altair Prime 9S,DTL065X,12V DC,700mA,3000K, CRI>97,Φ60*H120mm,6°,9W,AJ/CG,ARAS1060/30/06/W,R-41159492,IS 10322 (PART 5/SEC1):2012,8899,"Guangdong Sat Technology Co. Ltd., No. 11 Lianbao Rd, Shengfeng District, Xiaolan Town, Zhongshan City, Guangdong, China – 528400",https://wsrv.nl/?url=https%3A%2F%2Fi.ibb.co%2FVWqkgwtb%2FAltair-Prime-S-white.png&output=webp&q=78
Altair Prime 9S,DTL065X,12V DC,700mA,3000K, CRI>97,Φ60*H120mm,6°,9W,AJ/CG,ARAS1060/30/06/B,R-41159492,IS 10322 (PART 5/SEC1):2012,8899,"Guangdong Sat Technology Co. Ltd., No. 11 Lianbao Rd, Shengfeng District, Xiaolan Town, Zhongshan City, Guangdong, China – 528400",https://wsrv.nl/?url=https%3A%2F%2Fi.ibb.co%2F1t9vpjBt%2FAltair-Prime-S-mat-black-default.png&output=webp&q=78
Altair Prime 9S,DTL065X,12V DC,700mA,3000K, CRI>97,Φ60*H120mm,6°,9W,AJ/CG,ARAS1060/30/06/CG,R-41159492,IS 10322 (PART 5/SEC1):2012,9899,"Guangdong Sat Technology Co. Ltd., No. 11 Lianbao Rd, Shengfeng District, Xiaolan Town, Zhongshan City, Guangdong, China – 528400",https://wsrv.nl/?url=https%3A%2F%2Fi.ibb.co%2FHDwGbZqD%2FAltair-Prime-S-champeing-gold.png&output=webp&q=78
Altair Prime 9S,DTL065X,12V DC,700mA,3000K, CRI>97,Φ60*H120mm,6°,9W,AJ/CG,ARAS1060/30/06/RG,R-41159492,IS 10322 (PART 5/SEC1):2012,9899,"Guangdong Sat Technology Co. Ltd., No. 11 Lianbao Rd, Shengfeng District, Xiaolan Town, Zhongshan City, Guangdong, China – 528400",https://wsrv.nl/?url=https%3A%2F%2Fi.ibb.co%2FrfZBW6GW%2FAltair-Prime-S-rose-gold.png&output=webp&q=78
Altair Prime 9S,DTL065X,12V DC,700mA,3000K, CRI>97,Φ60*H120mm,6°,9W,AJ/CG,ARAS1060/30/06/BR,R-41159492,IS 10322 (PART 5/SEC1):2012,9899,"Guangdong Sat Technology Co. Ltd., No. 11 Lianbao Rd, Shengfeng District, Xiaolan Town, Zhongshan City, Guangdong, China – 528400",https://wsrv.nl/?url=https%3A%2F%2Fi.ibb.co%2FHDnd9yGS%2FAltair-Prime-S-brown.png&output=webp&q=78
Altair Prime 9S,DTL065X,12V DC,700mA,3000K, CRI>97,Φ60*H120mm,6°,9W,AJ/CG,ARAS1060/30/06/COF,R-41159492,IS 10322 (PART 5/SEC1):2012,9899,"Guangdong Sat Technology Co. Ltd., No. 11 Lianbao Rd, Shengfeng District, Xiaolan Town, Zhongshan City, Guangdong, China – 528400",https://wsrv.nl/?url=https%3A%2F%2Fi.ibb.co%2FCK8rTTCw%2FAltair-Prime-S-coffee.png&output=webp&q=78
Altair Prime 9S,DTL065X,12V DC,700mA,3000K, CRI>97,Φ60*H120mm,6°,9W,AJ/CG,ARAS1060/30/06/DGR,R-41159492,IS 10322 (PART 5/SEC1):2012,9899,"Guangdong Sat Technology Co. Ltd., No. 11 Lianbao Rd, Shengfeng District, Xiaolan Town, Zhongshan City, Guangdong, China – 528400",https://wsrv.nl/?url=https%3A%2F%2Fi.ibb.co%2Fx8KDZbzR%2FAltair-Prime-S-dark-gray-default-001.png&output=webp&q=78
Altair Prime 9S,DTL065X,12V DC,700mA,3000K, CRI>97,Φ60*H120mm,6°,9W,AJ/CG,ARAS1060/30/06/BB,R-41159492,IS 10322 (PART 5/SEC1):2012,9899,"Guangdong Sat Technology Co. Ltd., No. 11 Lianbao Rd, Shengfeng District, Xiaolan Town, Zhongshan City, Guangdong, China – 528400",https://wsrv.nl/?url=https%3A%2F%2Fi.ibb.co%2FZzS3YsDH%2FAltair-Prime-S-ballet-blue.png&output=webp&q=78
Altair Prime 9S,DTL065X,12V DC,700mA,3000K, CRI>97,Φ60*H120mm,6°,9W,AJ/CG,ARAS1060/30/06/CH,R-41159492,IS 10322 (PART 5/SEC1):2012,9899,"Guangdong Sat Technology Co. Ltd., No. 11 Lianbao Rd, Shengfeng District, Xiaolan Town, Zhongshan City, Guangdong, China – 528400",https://wsrv.nl/?url=https%3A%2F%2Fi.ibb.co%2FLhZc3jdq%2FAltair-Prime-S-chrome.png&output=webp&q=78
Altair Prime 9S,DTL065X,12V DC,700mA,3000K, CRI>97,Φ60*H120mm,6°,9W,AJ/CG,ARAS1060/30/06/CHB,R-41159492,IS 10322 (PART 5/SEC1):2012,9899,"Guangdong Sat Technology Co. Ltd., No. 11 Lianbao Rd, Shengfeng District, Xiaolan Town, Zhongshan City, Guangdong, China – 528400",https://wsrv.nl/?url=https%3A%2F%2Fi.ibb.co%2FtFJYNqs%2FAltair-Prime-S-chrome-black.png&output=webp&q=78
Altair Prime 9S,DTL065X,12V DC,700mA,3500K, CRI>97,Φ60*H120mm,6°,9W,AJ/CG,ARAS1060/35/06/W,R-41159492,IS 10322 (PART 5/SEC1):2012,8899,"Guangdong Sat Technology Co. Ltd., No. 11 Lianbao Rd, Shengfeng District, Xiaolan Town, Zhongshan City, Guangdong, China – 528400",https://wsrv.nl/?url=https%3A%2F%2Fi.ibb.co%2FVWqkgwtb%2FAltair-Prime-S-white.png&output=webp&q=78
Altair Prime 9S,DTL065X,12V DC,700mA,3500K, CRI>97,Φ60*H120mm,6°,9W,AJ/CG,ARAS1060/35/06/B,R-41159492,IS 10322 (PART 5/SEC1):2012,8899,"Guangdong Sat Technology Co. Ltd., No. 11 Lianbao Rd, Shengfeng District, Xiaolan Town, Zhongshan City, Guangdong, China – 528400",https://wsrv.nl/?url=https%3A%2F%2Fi.ibb.co%2F1t9vpjBt%2FAltair-Prime-S-mat-black-default.png&output=webp&q=78
Altair Prime 9S,DTL065X,12V DC,700mA,3500K, CRI>97,Φ60*H120mm,6°,9W,AJ/CG,ARAS1060/35/06/CG,R-41159492,IS 10322 (PART 5/SEC1):2012,9899,"Guangdong Sat Technology Co. Ltd., No. 11 Lianbao Rd, Shengfeng District, Xiaolan Town, Zhongshan City, Guangdong, China – 528400",https://wsrv.nl/?url=https%3A%2F%2Fi.ibb.co%2FHDwGbZqD%2FAltair-Prime-S-champeing-gold.png&output=webp&q=78
Altair Prime 9S,DTL065X,12V DC,700mA,3500K, CRI>97,Φ60*H120mm,6°,9W,AJ/CG,ARAS1060/35/06/RG,R-41159492,IS 10322 (PART 5/SEC1):2012,9899,"Guangdong Sat Technology Co. Ltd., No. 11 Lianbao Rd, Shengfeng District, Xiaolan Town, Zhongshan City, Guangdong, China – 528400",https://wsrv.nl/?url=https%3A%2F%2Fi.ibb.co%2FrfZBW6GW%2FAltair-Prime-S-rose-gold.png&output=webp&q=78
Altair Prime 9S,DTL065X,12V DC,700mA,3500K, CRI>97,Φ60*H120mm,6°,9W,AJ/CG,ARAS1060/35/06/BR,R-41159492,IS 10322 (PART 5/SEC1):2012,9899,"Guangdong Sat Technology Co. Ltd., No. 11 Lianbao Rd, Shengfeng District, Xiaolan Town, Zhongshan City, Guangdong, China – 528400",https://wsrv.nl/?url=https%3A%2F%2Fi.ibb.co%2FHDnd9yGS%2FAltair-Prime-S-brown.png&output=webp&q=78
Altair Prime 9S,DTL065X,12V DC,700mA,3500K, CRI>97,Φ60*H120mm,6°,9W,AJ/CG,ARAS1060/35/06/COF,R-41159492,IS 10322 (PART 5/SEC1):2012,9899,"Guangdong Sat Technology Co. Ltd., No. 11 Lianbao Rd, Shengfeng District, Xiaolan Town, Zhongshan City, Guangdong, China – 528400",https://wsrv.nl/?url=https%3A%2F%2Fi.ibb.co%2FCK8rTTCw%2FAltair-Prime-S-coffee.png&output=webp&q=78
Altair Prime 9S,DTL065X,12V DC,700mA,3500K, CRI>97,Φ60*H120mm,6°,9W,AJ/CG,ARAS1060/35/06/DGR,R-41159492,IS 10322 (PART 5/SEC1):2012,9899,"Guangdong Sat Technology Co. Ltd., No. 11 Lianbao Rd, Shengfeng District, Xiaolan Town, Zhongshan City, Guangdong, China – 528400",https://wsrv.nl/?url=https%3A%2F%2Fi.ibb.co%2Fx8KDZbzR%2FAltair-Prime-S-dark-gray-default-001.png&output=webp&q=78
Altair Prime 9S,DTL065X,12V DC,700mA,3500K, CRI>97,Φ60*H120mm,6°,9W,AJ/CG,ARAS1060/35/06/BB,R-41159492,IS 10322 (PART 5/SEC1):2012,9899,"Guangdong Sat Technology Co. Ltd., No. 11 Lianbao Rd, Shengfeng District, Xiaolan Town, Zhongshan City, Guangdong, China – 528400",https://wsrv.nl/?url=https%3A%2F%2Fi.ibb.co%2FZzS3YsDH%2FAltair-Prime-S-ballet-blue.png&output=webp&q=78
Altair Prime 9S,DTL065X,12V DC,700mA,3500K, CRI>97,Φ60*H120mm,6°,9W,AJ/CG,ARAS1060/35/06/CH,R-41159492,IS 10322 (PART 5/SEC1):2012,9899,"Guangdong Sat Technology Co. Ltd., No. 11 Lianbao Rd, Shengfeng District, Xiaolan Town, Zhongshan City, Guangdong, China – 528400",https://wsrv.nl/?url=https%3A%2F%2Fi.ibb.co%2FLhZc3jdq%2FAltair-Prime-S-chrome.png&output=webp&q=78
Altair Prime 9S,DTL065X,12V DC,700mA,3500K, CRI>97,Φ60*H120mm,6°,9W,AJ/CG,ARAS1060/35/06/CHB,R-41159492,IS 10322 (PART 5/SEC1):2012,9899,"Guangdong Sat Technology Co. Ltd., No. 11 Lianbao Rd, Shengfeng District, Xiaolan Town, Zhongshan City, Guangdong, China – 528400",https://wsrv.nl/?url=https%3A%2F%2Fi.ibb.co%2FtFJYNqs%2FAltair-Prime-S-chrome-black.png&output=webp&q=78
Altair Prime 9S,DTL065X,12V DC,700mA,4000K, CRI>97,Φ60*H120mm,6°,9W,AJ/CG,ARAS1060/40/06/W,R-41159492,IS 10322 (PART 5/SEC1):2012,8899,"Guangdong Sat Technology Co. Ltd., No. 11 Lianbao Rd, Shengfeng District, Xiaolan Town, Zhongshan City, Guangdong, China – 528400",https://wsrv.nl/?url=https%3A%2F%2Fi.ibb.co%2FVWqkgwtb%2FAltair-Prime-S-white.png&output=webp&q=78
Altair Prime 9S,DTL065X,12V DC,700mA,4000K, CRI>97,Φ60*H120mm,6°,9W,AJ/CG,ARAS1060/40/06/B,R-41159492,IS 10322 (PART 5/SEC1):2012,8899,"Guangdong Sat Technology Co. Ltd., No. 11 Lianbao Rd, Shengfeng District, Xiaolan Town, Zhongshan City, Guangdong, China – 528400",https://wsrv.nl/?url=https%3A%2F%2Fi.ibb.co%2F1t9vpjBt%2FAltair-Prime-S-mat-black-default.png&output=webp&q=78
Altair Prime 9S,DTL065X,12V DC,700mA,4000K, CRI>97,Φ60*H120mm,6°,9W,AJ/CG,ARAS1060/40/06/CG,R-41159492,IS 10322 (PART 5/SEC1):2012,9899,"Guangdong Sat Technology Co. Ltd., No. 11 Lianbao Rd, Shengfeng District, Xiaolan Town, Zhongshan City, Guangdong, China – 528400",https://wsrv.nl/?url=https%3A%2F%2Fi.ibb.co%2FHDwGbZqD%2FAltair-Prime-S-champeing-gold.png&output=webp&q=78
Altair Prime 9S,DTL065X,12V DC,700mA,4000K, CRI>97,Φ60*H120mm,6°,9W,AJ/CG,ARAS1060/40/06/RG,R-41159492,IS 10322 (PART 5/SEC1):2012,9899,"Guangdong Sat Technology Co. Ltd., No. 11 Lianbao Rd, Shengfeng District, Xiaolan Town, Zhongshan City, Guangdong, China – 528400",https://wsrv.nl/?url=https%3A%2F%2Fi.ibb.co%2FrfZBW6GW%2FAltair-Prime-S-rose-gold.png&output=webp&q=78
Altair Prime 9S,DTL065X,12V DC,700mA,4000K, CRI>97,Φ60*H120mm,6°,9W,AJ/CG,ARAS1060/40/06/BR,R-41159492,IS 10322 (PART 5/SEC1):2012,9899,"Guangdong Sat Technology Co. Ltd., No. 11 Lianbao Rd, Shengfeng District, Xiaolan Town, Zhongshan City, Guangdong, China – 528400",https://wsrv.nl/?url=https%3A%2F%2Fi.ibb.co%2FHDnd9yGS%2FAltair-Prime-S-brown.png&output=webp&q=78
Altair Prime 9S,DTL065X,12V DC,700mA,4000K, CRI>97,Φ60*H120mm,6°,9W,AJ/CG,ARAS1060/40/06/COF,R-41159492,IS 10322 (PART 5/SEC1):2012,9899,"Guangdong Sat Technology Co. Ltd., No. 11 Lianbao Rd, Shengfeng District, Xiaolan Town, Zhongshan City, Guangdong, China – 528400",https://wsrv.nl/?url=https%3A%2F%2Fi.ibb.co%2FCK8rTTCw%2FAltair-Prime-S-coffee.png&output=webp&q=78
Altair Prime 9S,DTL065X,12V DC,700mA,4000K, CRI>97,Φ60*H120mm,6°,9W,AJ/CG,ARAS1060/40/06/DGR,R-41159492,IS 10322 (PART 5/SEC1):2012,9899,"Guangdong Sat Technology Co. Ltd., No. 11 Lianbao Rd, Shengfeng District, Xiaolan Town, Zhongshan City, Guangdong, China – 528400",https://wsrv.nl/?url=https%3A%2F%2Fi.ibb.co%2Fx8KDZbzR%2FAltair-Prime-S-dark-gray-default-001.png&output=webp&q=78
Altair Prime 9S,DTL065X,12V DC,700mA,4000K, CRI>97,Φ60*H120mm,6°,9W,AJ/CG,ARAS1060/40/06/BB,R-41159492,IS 10322 (PART 5/SEC1):2012,9899,"Guangdong Sat Technology Co. Ltd., No. 11 Lianbao Rd, Shengfeng District, Xiaolan Town, Zhongshan City, Guangdong, China – 528400",https://wsrv.nl/?url=https%3A%2F%2Fi.ibb.co%2FZzS3YsDH%2FAltair-Prime-S-ballet-blue.png&output=webp&q=78
Altair Prime 9S,DTL065X,12V DC,700mA,4000K, CRI>97,Φ60*H120mm,6°,9W,AJ/CG,ARAS1060/40/06/CH,R-41159492,IS 10322 (PART 5/SEC1):2012,9899,"Guangdong Sat Technology Co. Ltd., No. 11 Lianbao Rd, Shengfeng District, Xiaolan Town, Zhongshan City, Guangdong, China – 528400",https://wsrv.nl/?url=https%3A%2F%2Fi.ibb.co%2FLhZc3jdq%2FAltair-Prime-S-chrome.png&output=webp&q=78
Altair Prime 9S,DTL065X,12V DC,700mA,4000K, CRI>97,Φ60*H120mm,6°,9W,AJ/CG,ARAS1060/40/06/CHB,R-41159492,IS 10322 (PART 5/SEC1):2012,9899,"Guangdong Sat Technology Co. Ltd., No. 11 Lianbao Rd, Shengfeng District, Xiaolan Town, Zhongshan City, Guangdong, China – 528400",https://wsrv.nl/?url=https%3A%2F%2Fi.ibb.co%2FtFJYNqs%2FAltair-Prime-S-chrome-black.png&output=webp&q=78
Altair Prime 9S,DTL065X,12V DC,700mA,5000K, CRI>97,Φ60*H120mm,6°,9W,AJ/CG,ARAS1060/50/06/W,R-41159492,IS 10322 (PART 5/SEC1):2012,8899,"Guangdong Sat Technology Co. Ltd., No. 11 Lianbao Rd, Shengfeng District, Xiaolan Town, Zhongshan City, Guangdong, China – 528400",https://wsrv.nl/?url=https%3A%2F%2Fi.ibb.co%2FVWqkgwtb%2FAltair-Prime-S-white.png&output=webp&q=78
Altair Prime 9S,DTL065X,12V DC,700mA,5000K, CRI>97,Φ60*H120mm,6°,9W,AJ/CG,ARAS1060/50/06/B,R-41159492,IS 10322 (PART 5/SEC1):2012,8899,"Guangdong Sat Technology Co. Ltd., No. 11 Lianbao Rd, Shengfeng District, Xiaolan Town, Zhongshan City, Guangdong, China – 528400",https://wsrv.nl/?url=https%3A%2F%2Fi.ibb.co%2F1t9vpjBt%2FAltair-Prime-S-mat-black-default.png&output=webp&q=78
Altair Prime 9S,DTL065X,12V DC,700mA,5000K, CRI>97,Φ60*H120mm,6°,9W,AJ/CG,ARAS1060/50/06/CG,R-41159492,IS 10322 (PART 5/SEC1):2012,9899,"Guangdong Sat Technology Co. Ltd., No. 11 Lianbao Rd, Shengfeng District, Xiaolan Town, Zhongshan City, Guangdong, China – 528400",https://wsrv.nl/?url=https%3A%2F%2Fi.ibb.co%2FHDwGbZqD%2FAltair-Prime-S-champeing-gold.png&output=webp&q=78
Altair Prime 9S,DTL065X,12V DC,700mA,5000K, CRI>97,Φ60*H120mm,6°,9W,AJ/CG,ARAS1060/50/06/RG,R-41159492,IS 10322 (PART 5/SEC1):2012,9899,"Guangdong Sat Technology Co. Ltd., No. 11 Lianbao Rd, Shengfeng District, Xiaolan Town, Zhongshan City, Guangdong, China – 528400",https://wsrv.nl/?url=https%3A%2F%2Fi.ibb.co%2FrfZBW6GW%2FAltair-Prime-S-rose-gold.png&output=webp&q=78
Altair Prime 9S,DTL065X,12V DC,700mA,5000K, CRI>97,Φ60*H120mm,6°,9W,AJ/CG,ARAS1060/50/06/BR,R-41159492,IS 10322 (PART 5/SEC1):2012,9899,"Guangdong Sat Technology Co. Ltd., No. 11 Lianbao Rd, Shengfeng District, Xiaolan Town, Zhongshan City, Guangdong, China – 528400",https://wsrv.nl/?url=https%3A%2F%2Fi.ibb.co%2FHDnd9yGS%2FAltair-Prime-S-brown.png&output=webp&q=78
Altair Prime 9S,DTL065X,12V DC,700mA,5000K, CRI>97,Φ60*H120mm,6°,9W,AJ/CG,ARAS1060/50/06/COF,R-41159492,IS 10322 (PART 5/SEC1):2012,9899,"Guangdong Sat Technology Co. Ltd., No. 11 Lianbao Rd, Shengfeng District, Xiaolan Town, Zhongshan City, Guangdong, China – 528400",https://wsrv.nl/?url=https%3A%2F%2Fi.ibb.co%2FCK8rTTCw%2FAltair-Prime-S-coffee.png&output=webp&q=78
Altair Prime 9S,DTL065X,12V DC,700mA,5000K, CRI>97,Φ60*H120mm,6°,9W,AJ/CG,ARAS1060/50/06/DGR,R-41159492,IS 10322 (PART 5/SEC1):2012,9899,"Guangdong Sat Technology Co. Ltd., No. 11 Lianbao Rd, Shengfeng District, Xiaolan Town, Zhongshan City, Guangdong, China – 528400",https://wsrv.nl/?url=https%3A%2F%2Fi.ibb.co%2Fx8KDZbzR%2FAltair-Prime-S-dark-gray-default-001.png&output=webp&q=78
Altair Prime 9S,DTL065X,12V DC,700mA,5000K, CRI>97,Φ60*H120mm,6°,9W,AJ/CG,ARAS1060/50/06/BB,R-41159492,IS 10322 (PART 5/SEC1):2012,9899,"Guangdong Sat Technology Co. Ltd., No. 11 Lianbao Rd, Shengfeng District, Xiaolan Town, Zhongshan City, Guangdong, China – 528400",https://wsrv.nl/?url=https%3A%2F%2Fi.ibb.co%2FZzS3YsDH%2FAltair-Prime-S-ballet-blue.png&output=webp&q=78
Altair Prime 9S,DTL065X,12V DC,700mA,5000K, CRI>97,Φ60*H120mm,6°,9W,AJ/CG,ARAS1060/50/06/CH,R-41159492,IS 10322 (PART 5/SEC1):2012,9899,"Guangdong Sat Technology Co. Ltd., No. 11 Lianbao Rd, Shengfeng District, Xiaolan Town, Zhongshan City, Guangdong, China – 528400",https://wsrv.nl/?url=https%3A%2F%2Fi.ibb.co%2FLhZc3jdq%2FAltair-Prime-S-chrome.png&output=webp&q=78
Altair Prime 9S,DTL065X,12V DC,700mA,5000K, CRI>97,Φ60*H120mm,6°,9W,AJ/CG,ARAS1060/50/06/CHB,R-41159492,IS 10322 (PART 5/SEC1):2012,9899,"Guangdong Sat Technology Co. Ltd., No. 11 Lianbao Rd, Shengfeng District, Xiaolan Town, Zhongshan City, Guangdong, China – 528400",https://wsrv.nl/?url=https%3A%2F%2Fi.ibb.co%2FtFJYNqs%2FAltair-Prime-S-chrome-black.png&output=webp&q=78
Altair prime 15,ARAD1503,36V DC,350mA,2700K, CRI>97,Φ60*H120mm,15°,15W,AJ/CG,ARAS1560/27/15/W,R-41159492,IS 10322 (PART 5/SEC1):2012,8899,"Guangdong Sat Technology Co. Ltd., No. 11 Lianbao Rd, Shengfeng District, Xiaolan Town, Zhongshan City, Guangdong, China – 528400",https://wsrv.nl/?url=https%3A%2F%2Fi.ibb.co%2FVWqkgwtb%2FAltair-Prime-15-white.png&output=webp&q=78
Altair prime 15,ARAD1503,36V DC,350mA,2700K, CRI>97,Φ60*H120mm,15°,15W,AJ/CG,ARAS1560/27/15/B,R-41159492,IS 10322 (PART 5/SEC1):2012,8899,"Guangdong Sat Technology Co. Ltd., No. 11 Lianbao Rd, Shengfeng District, Xiaolan Town, Zhongshan City, Guangdong, China – 528400",https://wsrv.nl/?url=https%3A%2F%2Fi.ibb.co%2F1t9vpjBt%2FAltair-Prime-15-mat-black-default.png&output=webp&q=78
Altair prime 15,ARAD1503,36V DC,350mA,2700K, CRI>97,Φ60*H120mm,15°,15W,AJ/CG,ARAS1560/27/15/CG,R-41159492,IS 10322 (PART 5/SEC1):2012,9899,"Guangdong Sat Technology Co. Ltd., No. 11 Lianbao Rd, Shengfeng District, Xiaolan Town, Zhongshan City, Guangdong, China – 528400",https://wsrv.nl/?url=https%3A%2F%2Fi.ibb.co%2FHDwGbZqD%2FAltair-Prime-15-champeing-gold.png&output=webp&q=78
Altair prime 15,ARAD1503,36V DC,350mA,2700K, CRI>97,Φ60*H120mm,15°,15W,AJ/CG,ARAS1560/27/15/RG,R-41159492,IS 10322 (PART 5/SEC1):2012,9899,"Guangdong Sat Technology Co. Ltd., No. 11 Lianbao Rd, Shengfeng District, Xiaolan Town, Zhongshan City, Guangdong, China – 528400",https://wsrv.nl/?url=https%3A%2F%2Fi.ibb.co%2FrfZBW6GW%2FAltair-Prime-15-rose-gold.png&output=webp&q=78
Altair prime 15,ARAD1503,36V DC,350mA,2700K, CRI>97,Φ60*H120mm,15°,15W,AJ/CG,ARAS1560/27/15/BR,R-41159492,IS 10322 (PART 5/SEC1):2012,9899,"Guangdong Sat Technology Co. Ltd., No. 11 Lianbao Rd, Shengfeng District, Xiaolan Town, Zhongshan City, Guangdong, China – 528400",https://wsrv.nl/?url=https%3A%2F%2Fi.ibb.co%2FHDnd9yGS%2FAltair-Prime-15-brown.png&output=webp&q=78
Altair prime 15,ARAD1503,36V DC,350mA,2700K, CRI>97,Φ60*H120mm,15°,15W,AJ/CG,ARAS1560/27/15/COF,R-41159492,IS 10322 (PART 5/SEC1):2012,9899,"Guangdong Sat Technology Co. Ltd., No. 11 Lianbao Rd, Shengfeng District, Xiaolan Town, Zhongshan City, Guangdong, China – 528400",https://wsrv.nl/?url=https%3A%2F%2Fi.ibb.co%2FCK8rTTCw%2FAltair-Prime-15-coffee.png&output=webp&q=78
Altair prime 15,ARAD1503,36V DC,350mA,2700K, CRI>97,Φ60*H120mm,15°,15W,AJ/CG,ARAS1560/27/15/DGR,R-41159492,IS 10322 (PART 5/SEC1):2012,9899,"Guangdong Sat Technology Co. Ltd., No. 11 Lianbao Rd, Shengfeng District, Xiaolan Town, Zhongshan City, Guangdong, China – 528400",https://wsrv.nl/?url=https%3A%2F%2Fi.ibb.co%2Fx8KDZbzR%2FAltair-Prime-15-dark-gray-default-001.png&output=webp&q=78
Altair prime 15,ARAD1503,36V DC,350mA,2700K, CRI>97,Φ60*H120mm,15°,15W,AJ/CG,ARAS1560/27/15/BB,R-41159492,IS 10322 (PART 5/SEC1):2012,9899,"Guangdong Sat Technology Co. Ltd., No. 11 Lianbao Rd, Shengfeng District, Xiaolan Town, Zhongshan City, Guangdong, China – 528400",https://wsrv.nl/?url=https%3A%2F%2Fi.ibb.co%2FZzS3YsDH%2FAltair-Prime-15-ballet-blue.png&output=webp&q=78
Altair prime 15,ARAD1503,36V DC,350mA,2700K, CRI>97,Φ60*H120mm,15°,15W,AJ/CG,ARAS1560/27/15/CH,R-41159492,IS 10322 (PART 5/SEC1):2012,9899,"Guangdong Sat Technology Co. Ltd., No. 11 Lianbao Rd, Shengfeng District, Xiaolan Town, Zhongshan City, Guangdong, China – 528400",https://wsrv.nl/?url=https%3A%2F%2Fi.ibb.co%2FLhZc3jdq%2FAltair-Prime-15-chrome.png&output=webp&q=78
Altair prime 15,ARAD1503,36V DC,350mA,2700K, CRI>97,Φ60*H120mm,15°,15W,AJ/CG,ARAS1560/27/15/CHB,R-41159492,IS 10322 (PART 5/SEC1):2012,9899,"Guangdong Sat Technology Co. Ltd., No. 11 Lianbao Rd, Shengfeng District, Xiaolan Town, Zhongshan City, Guangdong, China – 528400",https://wsrv.nl/?url=https%3A%2F%2Fi.ibb.co%2FtFJYNqs%2FAltair-Prime-15-chrome-black.png&output=webp&q=78
Altair prime 15,ARAD1503,36V DC,350mA,3000K, CRI>97,Φ60*H120mm,15°,15W,AJ/CG,ARAS1560/30/15/W,R-41159492,IS 10322 (PART 5/SEC1):2012,8899,"Guangdong Sat Technology Co. Ltd., No. 11 Lianbao Rd, Shengfeng District, Xiaolan Town, Zhongshan City, Guangdong, China – 528400",https://wsrv.nl/?url=https%3A%2F%2Fi.ibb.co%2FVWqkgwtb%2FAltair-Prime-15-white.png&output=webp&q=78
Altair prime 15,ARAD1503,36V DC,350mA,3000K, CRI>97,Φ60*H120mm,15°,15W,AJ/CG,ARAS1560/30/15/B,R-41159492,IS 10322 (PART 5/SEC1):2012,8899,"Guangdong Sat Technology Co. Ltd., No. 11 Lianbao Rd, Shengfeng District, Xiaolan Town, Zhongshan City, Guangdong, China – 528400",https://wsrv.nl/?url=https%3A%2F%2Fi.ibb.co%2F1t9vpjBt%2FAltair-Prime-15-mat-black-default.png&output=webp&q=78
Altair prime 15,ARAD1503,36V DC,350mA,3000K, CRI>97,Φ60*H120mm,15°,15W,AJ/CG,ARAS1560/30/15/CG,R-41159492,IS 10322 (PART 5/SEC1):2012,9899,"Guangdong Sat Technology Co. Ltd., No. 11 Lianbao Rd, Shengfeng District, Xiaolan Town, Zhongshan City, Guangdong, China – 528400",https://wsrv.nl/?url=https%3A%2F%2Fi.ibb.co%2FHDwGbZqD%2FAltair-Prime-15-champeing-gold.png&output=webp&q=78
Altair prime 15,ARAD1503,36V DC,350mA,3000K, CRI>97,Φ60*H120mm,15°,15W,AJ/CG,ARAS1560/30/15/RG,R-41159492,IS 10322 (PART 5/SEC1):2012,9899,"Guangdong Sat Technology Co. Ltd., No. 11 Lianbao Rd, Shengfeng District, Xiaolan Town, Zhongshan City, Guangdong, China – 528400",https://wsrv.nl/?url=https%3A%2F%2Fi.ibb.co%2FrfZBW6GW%2FAltair-Prime-15-rose-gold.png&output=webp&q=78
Altair prime 15,ARAD1503,36V DC,350mA,3000K, CRI>97,Φ60*H120mm,15°,15W,AJ/CG,ARAS1560/30/15/BR,R-41159492,IS 10322 (PART 5/SEC1):2012,9899,"Guangdong Sat Technology Co. Ltd., No. 11 Lianbao Rd, Shengfeng District, Xiaolan Town, Zhongshan City, Guangdong, China – 528400",https://wsrv.nl/?url=https%3A%2F%2Fi.ibb.co%2FHDnd9yGS%2FAltair-Prime-15-brown.png&output=webp&q=78
Altair prime 15,ARAD1503,36V DC,350mA,3000K, CRI>97,Φ60*H120mm,15°,15W,AJ/CG,ARAS1560/30/15/COF,R-41159492,IS 10322 (PART 5/SEC1):2012,9899,"Guangdong Sat Technology Co. Ltd., No. 11 Lianbao Rd, Shengfeng District, Xiaolan Town, Zhongshan City, Guangdong, China – 528400",https://wsrv.nl/?url=https%3A%2F%2Fi.ibb.co%2FCK8rTTCw%2FAltair-Prime-15-coffee.png&output=webp&q=78
Altair prime 15,ARAD1503,36V DC,350mA,3000K, CRI>97,Φ60*H120mm,15°,15W,AJ/CG,ARAS1560/30/15/DGR,R-41159492,IS 10322 (PART 5/SEC1):2012,9899,"Guangdong Sat Technology Co. Ltd., No. 11 Lianbao Rd, Shengfeng District, Xiaolan Town, Zhongshan City, Guangdong, China – 528400",https://wsrv.nl/?url=https%3A%2F%2Fi.ibb.co%2Fx8KDZbzR%2FAltair-Prime-15-dark-gray-default-001.png&output=webp&q=78
Altair prime 15,ARAD1503,36V DC,350mA,3000K, CRI>97,Φ60*H120mm,15°,15W,AJ/CG,ARAS1560/30/15/BB,R-41159492,IS 10322 (PART 5/SEC1):2012,9899,"Guangdong Sat Technology Co. Ltd., No. 11 Lianbao Rd, Shengfeng District, Xiaolan Town, Zhongshan City, Guangdong, China – 528400",https://wsrv.nl/?url=https%3A%2F%2Fi.ibb.co%2FZzS3YsDH%2FAltair-Prime-15-ballet-blue.png&output=webp&q=78
Altair prime 15,ARAD1503,36V DC,350mA,3000K, CRI>97,Φ60*H120mm,15°,15W,AJ/CG,ARAS1560/30/15/CH,R-41159492,IS 10322 (PART 5/SEC1):2012,9899,"Guangdong Sat Technology Co. Ltd., No. 11 Lianbao Rd, Shengfeng District, Xiaolan Town, Zhongshan City, Guangdong, China – 528400",https://wsrv.nl/?url=https%3A%2F%2Fi.ibb.co%2FLhZc3jdq%2FAltair-Prime-15-chrome.png&output=webp&q=78
Altair prime 15,ARAD1503,36V DC,350mA,3000K, CRI>97,Φ60*H120mm,15°,15W,AJ/CG,ARAS1560/30/15/CHB,R-41159492,IS 10322 (PART 5/SEC1):2012,9899,"Guangdong Sat Technology Co. Ltd., No. 11 Lianbao Rd, Shengfeng District, Xiaolan Town, Zhongshan City, Guangdong, China – 528400",https://wsrv.nl/?url=https%3A%2F%2Fi.ibb.co%2FtFJYNqs%2FAltair-Prime-15-chrome-black.png&output=webp&q=78
Altair prime 15,ARAD1503,36V DC,350mA,3500K, CRI>97,Φ60*H120mm,15°,15W,AJ/CG,ARAS1560/35/15/W,R-41159492,IS 10322 (PART 5/SEC1):2012,8899,"Guangdong Sat Technology Co. Ltd., No. 11 Lianbao Rd, Shengfeng District, Xiaolan Town, Zhongshan City, Guangdong, China – 528400",https://wsrv.nl/?url=https%3A%2F%2Fi.ibb.co%2FVWqkgwtb%2FAltair-Prime-15-white.png&output=webp&q=78
Altair prime 15,ARAD1503,36V DC,350mA,3500K, CRI>97,Φ60*H120mm,15°,15W,AJ/CG,ARAS1560/35/15/B,R-41159492,IS 10322 (PART 5/SEC1):2012,8899,"Guangdong Sat Technology Co. Ltd., No. 11 Lianbao Rd, Shengfeng District, Xiaolan Town, Zhongshan City, Guangdong, China – 528400",https://wsrv.nl/?url=https%3A%2F%2Fi.ibb.co%2F1t9vpjBt%2FAltair-Prime-15-mat-black-default.png&output=webp&q=78
Altair prime 15,ARAD1503,36V DC,350mA,3500K, CRI>97,Φ60*H120mm,15°,15W,AJ/CG,ARAS1560/35/15/CG,R-41159492,IS 10322 (PART 5/SEC1):2012,9899,"Guangdong Sat Technology Co. Ltd., No. 11 Lianbao Rd, Shengfeng District, Xiaolan Town, Zhongshan City, Guangdong, China – 528400",https://wsrv.nl/?url=https%3A%2F%2Fi.ibb.co%2FHDwGbZqD%2FAltair-Prime-15-champeing-gold.png&output=webp&q=78
Altair prime 15,ARAD1503,36V DC,350mA,3500K, CRI>97,Φ60*H120mm,15°,15W,AJ/CG,ARAS1560/35/15/RG,R-41159492,IS 10322 (PART 5/SEC1):2012,9899,"Guangdong Sat Technology Co. Ltd., No. 11 Lianbao Rd, Shengfeng District, Xiaolan Town, Zhongshan City, Guangdong, China – 528400",https://wsrv.nl/?url=https%3A%2F%2Fi.ibb.co%2FrfZBW6GW%2FAltair-Prime-15-rose-gold.png&output=webp&q=78
Altair prime 15,ARAD1503,36V DC,350mA,3500K, CRI>97,Φ60*H120mm,15°,15W,AJ/CG,ARAS1560/35/15/BR,R-41159492,IS 10322 (PART 5/SEC1):2012,9899,"Guangdong Sat Technology Co. Ltd., No. 11 Lianbao Rd, Shengfeng District, Xiaolan Town, Zhongshan City, Guangdong, China – 528400",https://wsrv.nl/?url=https%3A%2F%2Fi.ibb.co%2FHDnd9yGS%2FAltair-Prime-15-brown.png&output=webp&q=78
Altair prime 15,ARAD1503,36V DC,350mA,3500K, CRI>97,Φ60*H120mm,15°,15W,AJ/CG,ARAS1560/35/15/COF,R-41159492,IS 10322 (PART 5/SEC1):2012,9899,"Guangdong Sat Technology Co. Ltd., No. 11 Lianbao Rd, Shengfeng District, Xiaolan Town, Zhongshan City, Guangdong, China – 528400",https://wsrv.nl/?url=https%3A%2F%2Fi.ibb.co%2FCK8rTTCw%2FAltair-Prime-15-coffee.png&output=webp&q=78
Altair prime 15,ARAD1503,36V DC,350mA,3500K, CRI>97,Φ60*H120mm,15°,15W,AJ/CG,ARAS1560/35/15/DGR,R-41159492,IS 10322 (PART 5/SEC1):2012,9899,"Guangdong Sat Technology Co. Ltd., No. 11 Lianbao Rd, Shengfeng District, Xiaolan Town, Zhongshan City, Guangdong, China – 528400",https://wsrv.nl/?url=https%3A%2F%2Fi.ibb.co%2Fx8KDZbzR%2FAltair-Prime-15-dark-gray-default-001.png&output=webp&q=78
Altair prime 15,ARAD1503,36V DC,350mA,3500K, CRI>97,Φ60*H120mm,15°,15W,AJ/CG,ARAS1560/35/15/BB,R-41159492,IS 10322 (PART 5/SEC1):2012,9899,"Guangdong Sat Technology Co. Ltd., No. 11 Lianbao Rd, Shengfeng District, Xiaolan Town, Zhongshan City, Guangdong, China – 528400",https://wsrv.nl/?url=https%3A%2F%2Fi.ibb.co%2FZzS3YsDH%2FAltair-Prime-15-ballet-blue.png&output=webp&q=78
Altair prime 15,ARAD1503,36V DC,350mA,3500K, CRI>97,Φ60*H120mm,15°,15W,AJ/CG,ARAS1560/35/15/CH,R-41159492,IS 10322 (PART 5/SEC1):2012,9899,"Guangdong Sat Technology Co. Ltd., No. 11 Lianbao Rd, Shengfeng District, Xiaolan Town, Zhongshan City, Guangdong, China – 528400",https://wsrv.nl/?url=https%3A%2F%2Fi.ibb.co%2FLhZc3jdq%2FAltair-Prime-15-chrome.png&output=webp&q=78
Altair prime 15,ARAD1503,36V DC,350mA,3500K, CRI>97,Φ60*H120mm,15°,15W,AJ/CG,ARAS1560/35/15/CHB,R-41159492,IS 10322 (PART 5/SEC1):2012,9899,"Guangdong Sat Technology Co. Ltd., No. 11 Lianbao Rd, Shengfeng District, Xiaolan Town, Zhongshan City, Guangdong, China – 528400",https://wsrv.nl/?url=https%3A%2F%2Fi.ibb.co%2FtFJYNqs%2FAltair-Prime-15-chrome-black.png&output=webp&q=78
Altair prime 15,ARAD1503,36V DC,350mA,4000K, CRI>97,Φ60*H120mm,15°,15W,AJ/CG,ARAS1560/40/15/W,R-41159492,IS 10322 (PART 5/SEC1):2012,8899,"Guangdong Sat Technology Co. Ltd., No. 11 Lianbao Rd, Shengfeng District, Xiaolan Town, Zhongshan City, Guangdong, China – 528400",https://wsrv.nl/?url=https%3A%2F%2Fi.ibb.co%2FVWqkgwtb%2FAltair-Prime-15-white.png&output=webp&q=78
Altair prime 15,ARAD1503,36V DC,350mA,4000K, CRI>97,Φ60*H120mm,15°,15W,AJ/CG,ARAS1560/40/15/B,R-41159492,IS 10322 (PART 5/SEC1):2012,8899,"Guangdong Sat Technology Co. Ltd., No. 11 Lianbao Rd, Shengfeng District, Xiaolan Town, Zhongshan City, Guangdong, China – 528400",https://wsrv.nl/?url=https%3A%2F%2Fi.ibb.co%2F1t9vpjBt%2FAltair-Prime-15-mat-black-default.png&output=webp&q=78
Altair prime 15,ARAD1503,36V DC,350mA,4000K, CRI>97,Φ60*H120mm,15°,15W,AJ/CG,ARAS1560/40/15/CG,R-41159492,IS 10322 (PART 5/SEC1):2012,9899,"Guangdong Sat Technology Co. Ltd., No. 11 Lianbao Rd, Shengfeng District, Xiaolan Town, Zhongshan City, Guangdong, China – 528400",https://wsrv.nl/?url=https%3A%2F%2Fi.ibb.co%2FHDwGbZqD%2FAltair-Prime-15-champeing-gold.png&output=webp&q=78
Altair prime 15,ARAD1503,36V DC,350mA,4000K, CRI>97,Φ60*H120mm,15°,15W,AJ/CG,ARAS1560/40/15/RG,R-41159492,IS 10322 (PART 5/SEC1):2012,9899,"Guangdong Sat Technology Co. Ltd., No. 11 Lianbao Rd, Shengfeng District, Xiaolan Town, Zhongshan City, Guangdong, China – 528400",https://wsrv.nl/?url=https%3A%2F%2Fi.ibb.co%2FrfZBW6GW%2FAltair-Prime-15-rose-gold.png&output=webp&q=78
Altair prime 15,ARAD1503,36V DC,350mA,4000K, CRI>97,Φ60*H120mm,15°,15W,AJ/CG,ARAS1560/40/15/BR,R-41159492,IS 10322 (PART 5/SEC1):2012,9899,"Guangdong Sat Technology Co. Ltd., No. 11 Lianbao Rd, Shengfeng District, Xiaolan Town, Zhongshan City, Guangdong, China – 528400",https://wsrv.nl/?url=https%3A%2F%2Fi.ibb.co%2FHDnd9yGS%2FAltair-Prime-15-brown.png&output=webp&q=78
Altair prime 15,ARAD1503,36V DC,350mA,4000K, CRI>97,Φ60*H120mm,15°,15W,AJ/CG,ARAS1560/40/15/COF,R-41159492,IS 10322 (PART 5/SEC1):2012,9899,"Guangdong Sat Technology Co. Ltd., No. 11 Lianbao Rd, Shengfeng District, Xiaolan Town, Zhongshan City, Guangdong, China – 528400",https://wsrv.nl/?url=https%3A%2F%2Fi.ibb.co%2FCK8rTTCw%2FAltair-Prime-15-coffee.png&output=webp&q=78
Altair prime 15,ARAD1503,36V DC,350mA,4000K, CRI>97,Φ60*H120mm,15°,15W,AJ/CG,ARAS1560/40/15/DGR,R-41159492,IS 10322 (PART 5/SEC1):2012,9899,"Guangdong Sat Technology Co. Ltd., No. 11 Lianbao Rd, Shengfeng District, Xiaolan Town, Zhongshan City, Guangdong, China – 528400",https://wsrv.nl/?url=https%3A%2F%2Fi.ibb.co%2Fx8KDZbzR%2FAltair-Prime-15-dark-gray-default-001.png&output=webp&q=78
Altair prime 15,ARAD1503,36V DC,350mA,4000K, CRI>97,Φ60*H120mm,15°,15W,AJ/CG,ARAS1560/40/15/BB,R-41159492,IS 10322 (PART 5/SEC1):2012,9899,"Guangdong Sat Technology Co. Ltd., No. 11 Lianbao Rd, Shengfeng District, Xiaolan Town, Zhongshan City, Guangdong, China – 528400",https://wsrv.nl/?url=https%3A%2F%2Fi.ibb.co%2FZzS3YsDH%2FAltair-Prime-15-ballet-blue.png&output=webp&q=78
Altair prime 15,ARAD1503,36V DC,350mA,4000K, CRI>97,Φ60*H120mm,15°,15W,AJ/CG,ARAS1560/40/15/CH,R-41159492,IS 10322 (PART 5/SEC1):2012,9899,"Guangdong Sat Technology Co. Ltd., No. 11 Lianbao Rd, Shengfeng District, Xiaolan Town, Zhongshan City, Guangdong, China – 528400",https://wsrv.nl/?url=https%3A%2F%2Fi.ibb.co%2FLhZc3jdq%2FAltair-Prime-15-chrome.png&output=webp&q=78
Altair prime 15,ARAD1503,36V DC,350mA,4000K, CRI>97,Φ60*H120mm,15°,15W,AJ/CG,ARAS1560/40/15/CHB,R-41159492,IS 10322 (PART 5/SEC1):2012,9899,"Guangdong Sat Technology Co. Ltd., No. 11 Lianbao Rd, Shengfeng District, Xiaolan Town, Zhongshan City, Guangdong, China – 528400",https://wsrv.nl/?url=https%3A%2F%2Fi.ibb.co%2FtFJYNqs%2FAltair-Prime-15-chrome-black.png&output=webp&q=78
Altair prime 15,ARAD1503,36V DC,350mA,5000K, CRI>97,Φ60*H120mm,15°,15W,AJ/CG,ARAS1560/50/15/W,R-41159492,IS 10322 (PART 5/SEC1):2012,8899,"Guangdong Sat Technology Co. Ltd., No. 11 Lianbao Rd, Shengfeng District, Xiaolan Town, Zhongshan City, Guangdong, China – 528400",https://wsrv.nl/?url=https%3A%2F%2Fi.ibb.co%2FVWqkgwtb%2FAltair-Prime-15-white.png&output=webp&q=78
Altair prime 15,ARAD1503,36V DC,350mA,5000K, CRI>97,Φ60*H120mm,15°,15W,AJ/CG,ARAS1560/50/15/B,R-41159492,IS 10322 (PART 5/SEC1):2012,8899,"Guangdong Sat Technology Co. Ltd., No. 11 Lianbao Rd, Shengfeng District, Xiaolan Town, Zhongshan City, Guangdong, China – 528400",https://wsrv.nl/?url=https%3A%2F%2Fi.ibb.co%2F1t9vpjBt%2FAltair-Prime-15-mat-black-default.png&output=webp&q=78
Altair prime 15,ARAD1503,36V DC,350mA,5000K, CRI>97,Φ60*H120mm,15°,15W,AJ/CG,ARAS1560/50/15/CG,R-41159492,IS 10322 (PART 5/SEC1):2012,9899,"Guangdong Sat Technology Co. Ltd., No. 11 Lianbao Rd, Shengfeng District, Xiaolan Town, Zhongshan City, Guangdong, China – 528400",https://wsrv.nl/?url=https%3A%2F%2Fi.ibb.co%2FHDwGbZqD%2FAltair-Prime-15-champeing-gold.png&output=webp&q=78
Altair prime 15,ARAD1503,36V DC,350mA,5000K, CRI>97,Φ60*H120mm,15°,15W,AJ/CG,ARAS1560/50/15/RG,R-41159492,IS 10322 (PART 5/SEC1):2012,9899,"Guangdong Sat Technology Co. Ltd., No. 11 Lianbao Rd, Shengfeng District, Xiaolan Town, Zhongshan City, Guangdong, China – 528400",https://wsrv.nl/?url=https%3A%2F%2Fi.ibb.co%2FrfZBW6GW%2FAltair-Prime-15-rose-gold.png&output=webp&q=78
Altair prime 15,ARAD1503,36V DC,350mA,5000K, CRI>97,Φ60*H120mm,15°,15W,AJ/CG,ARAS1560/50/15/BR,R-41159492,IS 10322 (PART 5/SEC1):2012,9899,"Guangdong Sat Technology Co. Ltd., No. 11 Lianbao Rd, Shengfeng District, Xiaolan Town, Zhongshan City, Guangdong, China – 528400",https://wsrv.nl/?url=https%3A%2F%2Fi.ibb.co%2FHDnd9yGS%2FAltair-Prime-15-brown.png&output=webp&q=78
Altair prime 15,ARAD1503,36V DC,350mA,5000K, CRI>97,Φ60*H120mm,15°,15W,AJ/CG,ARAS1560/50/15/COF,R-41159492,IS 10322 (PART 5/SEC1):2012,9899,"Guangdong Sat Technology Co. Ltd., No. 11 Lianbao Rd, Shengfeng District, Xiaolan Town, Zhongshan City, Guangdong, China – 528400",https://wsrv.nl/?url=https%3A%2F%2Fi.ibb.co%2FCK8rTTCw%2FAltair-Prime-15-coffee.png&output=webp&q=78
Altair prime 15,ARAD1503,36V DC,350mA,5000K, CRI>97,Φ60*H120mm,15°,15W,AJ/CG,ARAS1560/50/15/DGR,R-41159492,IS 10322 (PART 5/SEC1):2012,9899,"Guangdong Sat Technology Co. Ltd., No. 11 Lianbao Rd, Shengfeng District, Xiaolan Town, Zhongshan City, Guangdong, China – 528400",https://wsrv.nl/?url=https%3A%2F%2Fi.ibb.co%2Fx8KDZbzR%2FAltair-Prime-15-dark-gray-default-001.png&output=webp&q=78
Altair prime 15,ARAD1503,36V DC,350mA,5000K, CRI>97,Φ60*H120mm,15°,15W,AJ/CG,ARAS1560/50/15/BB,R-41159492,IS 10322 (PART 5/SEC1):2012,9899,"Guangdong Sat Technology Co. Ltd., No. 11 Lianbao Rd, Shengfeng District, Xiaolan Town, Zhongshan City, Guangdong, China – 528400",https://wsrv.nl/?url=https%3A%2F%2Fi.ibb.co%2FZzS3YsDH%2FAltair-Prime-15-ballet-blue.png&output=webp&q=78
Altair prime 15,ARAD1503,36V DC,350mA,5000K, CRI>97,Φ60*H120mm,15°,15W,AJ/CG,ARAS1560/50/15/CH,R-41159492,IS 10322 (PART 5/SEC1):2012,9899,"Guangdong Sat Technology Co. Ltd., No. 11 Lianbao Rd, Shengfeng District, Xiaolan Town, Zhongshan City, Guangdong, China – 528400",https://wsrv.nl/?url=https%3A%2F%2Fi.ibb.co%2FLhZc3jdq%2FAltair-Prime-15-chrome.png&output=webp&q=78
Altair prime 15,ARAD1503,36V DC,350mA,5000K, CRI>97,Φ60*H120mm,15°,15W,AJ/CG,ARAS1560/50/15/CHB,R-41159492,IS 10322 (PART 5/SEC1):2012,9899,"Guangdong Sat Technology Co. Ltd., No. 11 Lianbao Rd, Shengfeng District, Xiaolan Town, Zhongshan City, Guangdong, China – 528400",https://wsrv.nl/?url=https%3A%2F%2Fi.ibb.co%2FtFJYNqs%2FAltair-Prime-15-chrome-black.png&output=webp&q=78
Altair prime 15,ARAD1503,36V DC,350mA,2700K, CRI>97,Φ60*H120mm,24°,15W,AJ/CG,ARAS1560/27/24/W,R-41159492,IS 10322 (PART 5/SEC1):2012,8899,"Guangdong Sat Technology Co. Ltd., No. 11 Lianbao Rd, Shengfeng District, Xiaolan Town, Zhongshan City, Guangdong, China – 528400",https://wsrv.nl/?url=https%3A%2F%2Fi.ibb.co%2FVWqkgwtb%2FAltair-Prime-15-white.png&output=webp&q=78
Altair prime 15,ARAD1503,36V DC,350mA,2700K, CRI>97,Φ60*H120mm,24°,15W,AJ/CG,ARAS1560/27/24/B,R-41159492,IS 10322 (PART 5/SEC1):2012,8899,"Guangdong Sat Technology Co. Ltd., No. 11 Lianbao Rd, Shengfeng District, Xiaolan Town, Zhongshan City, Guangdong, China – 528400",https://wsrv.nl/?url=https%3A%2F%2Fi.ibb.co%2F1t9vpjBt%2FAltair-Prime-15-mat-black-default.png&output=webp&q=78
Altair prime 15,ARAD1503,36V DC,350mA,2700K, CRI>97,Φ60*H120mm,24°,15W,AJ/CG,ARAS1560/27/24/CG,R-41159492,IS 10322 (PART 5/SEC1):2012,9899,"Guangdong Sat Technology Co. Ltd., No. 11 Lianbao Rd, Shengfeng District, Xiaolan Town, Zhongshan City, Guangdong, China – 528400",https://wsrv.nl/?url=https%3A%2F%2Fi.ibb.co%2FHDwGbZqD%2FAltair-Prime-15-champeing-gold.png&output=webp&q=78
Altair prime 15,ARAD1503,36V DC,350mA,2700K, CRI>97,Φ60*H120mm,24°,15W,AJ/CG,ARAS1560/27/24/RG,R-41159492,IS 10322 (PART 5/SEC1):2012,9899,"Guangdong Sat Technology Co. Ltd., No. 11 Lianbao Rd, Shengfeng District, Xiaolan Town, Zhongshan City, Guangdong, China – 528400",https://wsrv.nl/?url=https%3A%2F%2Fi.ibb.co%2FrfZBW6GW%2FAltair-Prime-15-rose-gold.png&output=webp&q=78
Altair prime 15,ARAD1503,36V DC,350mA,2700K, CRI>97,Φ60*H120mm,24°,15W,AJ/CG,ARAS1560/27/24/BR,R-41159492,IS 10322 (PART 5/SEC1):2012,9899,"Guangdong Sat Technology Co. Ltd., No. 11 Lianbao Rd, Shengfeng District, Xiaolan Town, Zhongshan City, Guangdong, China – 528400",https://wsrv.nl/?url=https%3A%2F%2Fi.ibb.co%2FHDnd9yGS%2FAltair-Prime-15-brown.png&output=webp&q=78
Altair prime 15,ARAD1503,36V DC,350mA,2700K, CRI>97,Φ60*H120mm,24°,15W,AJ/CG,ARAS1560/27/24/COF,R-41159492,IS 10322 (PART 5/SEC1):2012,9899,"Guangdong Sat Technology Co. Ltd., No. 11 Lianbao Rd, Shengfeng District, Xiaolan Town, Zhongshan City, Guangdong, China – 528400",https://wsrv.nl/?url=https%3A%2F%2Fi.ibb.co%2FCK8rTTCw%2FAltair-Prime-15-coffee.png&output=webp&q=78
Altair prime 15,ARAD1503,36V DC,350mA,2700K, CRI>97,Φ60*H120mm,24°,15W,AJ/CG,ARAS1560/27/24/DGR,R-41159492,IS 10322 (PART 5/SEC1):2012,9899,"Guangdong Sat Technology Co. Ltd., No. 11 Lianbao Rd, Shengfeng District, Xiaolan Town, Zhongshan City, Guangdong, China – 528400",https://wsrv.nl/?url=https%3A%2F%2Fi.ibb.co%2Fx8KDZbzR%2FAltair-Prime-15-dark-gray-default-001.png&output=webp&q=78
Altair prime 15,ARAD1503,36V DC,350mA,2700K, CRI>97,Φ60*H120mm,24°,15W,AJ/CG,ARAS1560/27/24/BB,R-41159492,IS 10322 (PART 5/SEC1):2012,9899,"Guangdong Sat Technology Co. Ltd., No. 11 Lianbao Rd, Shengfeng District, Xiaolan Town, Zhongshan City, Guangdong, China – 528400",https://wsrv.nl/?url=https%3A%2F%2Fi.ibb.co%2FZzS3YsDH%2FAltair-Prime-15-ballet-blue.png&output=webp&q=78
Altair prime 15,ARAD1503,36V DC,350mA,2700K, CRI>97,Φ60*H120mm,24°,15W,AJ/CG,ARAS1560/27/24/CH,R-41159492,IS 10322 (PART 5/SEC1):2012,9899,"Guangdong Sat Technology Co. Ltd., No. 11 Lianbao Rd, Shengfeng District, Xiaolan Town, Zhongshan City, Guangdong, China – 528400",https://wsrv.nl/?url=https%3A%2F%2Fi.ibb.co%2FLhZc3jdq%2FAltair-Prime-15-chrome.png&output=webp&q=78
Altair prime 15,ARAD1503,36V DC,350mA,2700K, CRI>97,Φ60*H120mm,24°,15W,AJ/CG,ARAS1560/27/24/CHB,R-41159492,IS 10322 (PART 5/SEC1):2012,9899,"Guangdong Sat Technology Co. Ltd., No. 11 Lianbao Rd, Shengfeng District, Xiaolan Town, Zhongshan City, Guangdong, China – 528400",https://wsrv.nl/?url=https%3A%2F%2Fi.ibb.co%2FtFJYNqs%2FAltair-Prime-15-chrome-black.png&output=webp&q=78
Altair prime 15,ARAD1503,36V DC,350mA,3000K, CRI>97,Φ60*H120mm,24°,15W,AJ/CG,ARAS1560/30/24/W,R-41159492,IS 10322 (PART 5/SEC1):2012,8899,"Guangdong Sat Technology Co. Ltd., No. 11 Lianbao Rd, Shengfeng District, Xiaolan Town, Zhongshan City, Guangdong, China – 528400",https://wsrv.nl/?url=https%3A%2F%2Fi.ibb.co%2FVWqkgwtb%2FAltair-Prime-15-white.png&output=webp&q=78
Altair prime 15,ARAD1503,36V DC,350mA,3000K, CRI>97,Φ60*H120mm,24°,15W,AJ/CG,ARAS1560/30/24/B,R-41159492,IS 10322 (PART 5/SEC1):2012,8899,"Guangdong Sat Technology Co. Ltd., No. 11 Lianbao Rd, Shengfeng District, Xiaolan Town, Zhongshan City, Guangdong, China – 528400",https://wsrv.nl/?url=https%3A%2F%2Fi.ibb.co%2F1t9vpjBt%2FAltair-Prime-15-mat-black-default.png&output=webp&q=78
Altair prime 15,ARAD1503,36V DC,350mA,3000K, CRI>97,Φ60*H120mm,24°,15W,AJ/CG,ARAS1560/30/24/CG,R-41159492,IS 10322 (PART 5/SEC1):2012,9899,"Guangdong Sat Technology Co. Ltd., No. 11 Lianbao Rd, Shengfeng District, Xiaolan Town, Zhongshan City, Guangdong, China – 528400",https://wsrv.nl/?url=https%3A%2F%2Fi.ibb.co%2FHDwGbZqD%2FAltair-Prime-15-champeing-gold.png&output=webp&q=78
Altair prime 15,ARAD1503,36V DC,350mA,3000K, CRI>97,Φ60*H120mm,24°,15W,AJ/CG,ARAS1560/30/24/RG,R-41159492,IS 10322 (PART 5/SEC1):2012,9899,"Guangdong Sat Technology Co. Ltd., No. 11 Lianbao Rd, Shengfeng District, Xiaolan Town, Zhongshan City, Guangdong, China – 528400",https://wsrv.nl/?url=https%3A%2F%2Fi.ibb.co%2FrfZBW6GW%2FAltair-Prime-15-rose-gold.png&output=webp&q=78
Altair prime 15,ARAD1503,36V DC,350mA,3000K, CRI>97,Φ60*H120mm,24°,15W,AJ/CG,ARAS1560/30/24/BR,R-41159492,IS 10322 (PART 5/SEC1):2012,9899,"Guangdong Sat Technology Co. Ltd., No. 11 Lianbao Rd, Shengfeng District, Xiaolan Town, Zhongshan City, Guangdong, China – 528400",https://wsrv.nl/?url=https%3A%2F%2Fi.ibb.co%2FHDnd9yGS%2FAltair-Prime-15-brown.png&output=webp&q=78
Altair prime 15,ARAD1503,36V DC,350mA,3000K, CRI>97,Φ60*H120mm,24°,15W,AJ/CG,ARAS1560/30/24/COF,R-41159492,IS 10322 (PART 5/SEC1):2012,9899,"Guangdong Sat Technology Co. Ltd., No. 11 Lianbao Rd, Shengfeng District, Xiaolan Town, Zhongshan City, Guangdong, China – 528400",https://wsrv.nl/?url=https%3A%2F%2Fi.ibb.co%2FCK8rTTCw%2FAltair-Prime-15-coffee.png&output=webp&q=78
Altair prime 15,ARAD1503,36V DC,350mA,3000K, CRI>97,Φ60*H120mm,24°,15W,AJ/CG,ARAS1560/30/24/DGR,R-41159492,IS 10322 (PART 5/SEC1):2012,9899,"Guangdong Sat Technology Co. Ltd., No. 11 Lianbao Rd, Shengfeng District, Xiaolan Town, Zhongshan City, Guangdong, China – 528400",https://wsrv.nl/?url=https%3A%2F%2Fi.ibb.co%2Fx8KDZbzR%2FAltair-Prime-15-dark-gray-default-001.png&output=webp&q=78
Altair prime 15,ARAD1503,36V DC,350mA,3000K, CRI>97,Φ60*H120mm,24°,15W,AJ/CG,ARAS1560/30/24/BB,R-41159492,IS 10322 (PART 5/SEC1):2012,9899,"Guangdong Sat Technology Co. Ltd., No. 11 Lianbao Rd, Shengfeng District, Xiaolan Town, Zhongshan City, Guangdong, China – 528400",https://wsrv.nl/?url=https%3A%2F%2Fi.ibb.co%2FZzS3YsDH%2FAltair-Prime-15-ballet-blue.png&output=webp&q=78
Altair prime 15,ARAD1503,36V DC,350mA,3000K, CRI>97,Φ60*H120mm,24°,15W,AJ/CG,ARAS1560/30/24/CH,R-41159492,IS 10322 (PART 5/SEC1):2012,9899,"Guangdong Sat Technology Co. Ltd., No. 11 Lianbao Rd, Shengfeng District, Xiaolan Town, Zhongshan City, Guangdong, China – 528400",https://wsrv.nl/?url=https%3A%2F%2Fi.ibb.co%2FLhZc3jdq%2FAltair-Prime-15-chrome.png&output=webp&q=78
Altair prime 15,ARAD1503,36V DC,350mA,3000K, CRI>97,Φ60*H120mm,24°,15W,AJ/CG,ARAS1560/30/24/CHB,R-41159492,IS 10322 (PART 5/SEC1):2012,9899,"Guangdong Sat Technology Co. Ltd., No. 11 Lianbao Rd, Shengfeng District, Xiaolan Town, Zhongshan City, Guangdong, China – 528400",https://wsrv.nl/?url=https%3A%2F%2Fi.ibb.co%2FtFJYNqs%2FAltair-Prime-15-chrome-black.png&output=webp&q=78
Altair prime 15,ARAD1503,36V DC,350mA,3500K, CRI>97,Φ60*H120mm,24°,15W,AJ/CG,ARAS1560/35/24/W,R-41159492,IS 10322 (PART 5/SEC1):2012,8899,"Guangdong Sat Technology Co. Ltd., No. 11 Lianbao Rd, Shengfeng District, Xiaolan Town, Zhongshan City, Guangdong, China – 528400",https://wsrv.nl/?url=https%3A%2F%2Fi.ibb.co%2FVWqkgwtb%2FAltair-Prime-15-white.png&output=webp&q=78
Altair prime 15,ARAD1503,36V DC,350mA,3500K, CRI>97,Φ60*H120mm,24°,15W,AJ/CG,ARAS1560/35/24/B,R-41159492,IS 10322 (PART 5/SEC1):2012,8899,"Guangdong Sat Technology Co. Ltd., No. 11 Lianbao Rd, Shengfeng District, Xiaolan Town, Zhongshan City, Guangdong, China – 528400",https://wsrv.nl/?url=https%3A%2F%2Fi.ibb.co%2F1t9vpjBt%2FAltair-Prime-15-mat-black-default.png&output=webp&q=78
Altair prime 15,ARAD1503,36V DC,350mA,3500K, CRI>97,Φ60*H120mm,24°,15W,AJ/CG,ARAS1560/35/24/CG,R-41159492,IS 10322 (PART 5/SEC1):2012,9899,"Guangdong Sat Technology Co. Ltd., No. 11 Lianbao Rd, Shengfeng District, Xiaolan Town, Zhongshan City, Guangdong, China – 528400",https://wsrv.nl/?url=https%3A%2F%2Fi.ibb.co%2FHDwGbZqD%2FAltair-Prime-15-champeing-gold.png&output=webp&q=78
Altair prime 15,ARAD1503,36V DC,350mA,3500K, CRI>97,Φ60*H120mm,24°,15W,AJ/CG,ARAS1560/35/24/RG,R-41159492,IS 10322 (PART 5/SEC1):2012,9899,"Guangdong Sat Technology Co. Ltd., No. 11 Lianbao Rd, Shengfeng District, Xiaolan Town, Zhongshan City, Guangdong, China – 528400",https://wsrv.nl/?url=https%3A%2F%2Fi.ibb.co%2FrfZBW6GW%2FAltair-Prime-15-rose-gold.png&output=webp&q=78
Altair prime 15,ARAD1503,36V DC,350mA,3500K, CRI>97,Φ60*H120mm,24°,15W,AJ/CG,ARAS1560/35/24/BR,R-41159492,IS 10322 (PART 5/SEC1):2012,9899,"Guangdong Sat Technology Co. Ltd., No. 11 Lianbao Rd, Shengfeng District, Xiaolan Town, Zhongshan City, Guangdong, China – 528400",https://wsrv.nl/?url=https%3A%2F%2Fi.ibb.co%2FHDnd9yGS%2FAltair-Prime-15-brown.png&output=webp&q=78
Altair prime 15,ARAD1503,36V DC,350mA,3500K, CRI>97,Φ60*H120mm,24°,15W,AJ/CG,ARAS1560/35/24/COF,R-41159492,IS 10322 (PART 5/SEC1):2012,9899,"Guangdong Sat Technology Co. Ltd., No. 11 Lianbao Rd, Shengfeng District, Xiaolan Town, Zhongshan City, Guangdong, China – 528400",https://wsrv.nl/?url=https%3A%2F%2Fi.ibb.co%2FCK8rTTCw%2FAltair-Prime-15-coffee.png&output=webp&q=78
Altair prime 15,ARAD1503,36V DC,350mA,3500K, CRI>97,Φ60*H120mm,24°,15W,AJ/CG,ARAS1560/35/24/DGR,R-41159492,IS 10322 (PART 5/SEC1):2012,9899,"Guangdong Sat Technology Co. Ltd., No. 11 Lianbao Rd, Shengfeng District, Xiaolan Town, Zhongshan City, Guangdong, China – 528400",https://wsrv.nl/?url=https%3A%2F%2Fi.ibb.co%2Fx8KDZbzR%2FAltair-Prime-15-dark-gray-default-001.png&output=webp&q=78
Altair prime 15,ARAD1503,36V DC,350mA,3500K, CRI>97,Φ60*H120mm,24°,15W,AJ/CG,ARAS1560/35/24/BB,R-41159492,IS 10322 (PART 5/SEC1):2012,9899,"Guangdong Sat Technology Co. Ltd., No. 11 Lianbao Rd, Shengfeng District, Xiaolan Town, Zhongshan City, Guangdong, China – 528400",https://wsrv.nl/?url=https%3A%2F%2Fi.ibb.co%2FZzS3YsDH%2FAltair-Prime-15-ballet-blue.png&output=webp&q=78
Altair prime 15,ARAD1503,36V DC,350mA,3500K, CRI>97,Φ60*H120mm,24°,15W,AJ/CG,ARAS1560/35/24/CH,R-41159492,IS 10322 (PART 5/SEC1):2012,9899,"Guangdong Sat Technology Co. Ltd., No. 11 Lianbao Rd, Shengfeng District, Xiaolan Town, Zhongshan City, Guangdong, China – 528400",https://wsrv.nl/?url=https%3A%2F%2Fi.ibb.co%2FLhZc3jdq%2FAltair-Prime-15-chrome.png&output=webp&q=78
Altair prime 15,ARAD1503,36V DC,350mA,3500K, CRI>97,Φ60*H120mm,24°,15W,AJ/CG,ARAS1560/35/24/CHB,R-41159492,IS 10322 (PART 5/SEC1):2012,9899,"Guangdong Sat Technology Co. Ltd., No. 11 Lianbao Rd, Shengfeng District, Xiaolan Town, Zhongshan City, Guangdong, China – 528400",https://wsrv.nl/?url=https%3A%2F%2Fi.ibb.co%2FtFJYNqs%2FAltair-Prime-15-chrome-black.png&output=webp&q=78
Altair prime 15,ARAD1503,36V DC,350mA,4000K, CRI>97,Φ60*H120mm,24°,15W,AJ/CG,ARAS1560/40/24/W,R-41159492,IS 10322 (PART 5/SEC1):2012,8899,"Guangdong Sat Technology Co. Ltd., No. 11 Lianbao Rd, Shengfeng District, Xiaolan Town, Zhongshan City, Guangdong, China – 528400",https://wsrv.nl/?url=https%3A%2F%2Fi.ibb.co%2FVWqkgwtb%2FAltair-Prime-15-white.png&output=webp&q=78
Altair prime 15,ARAD1503,36V DC,350mA,4000K, CRI>97,Φ60*H120mm,24°,15W,AJ/CG,ARAS1560/40/24/B,R-41159492,IS 10322 (PART 5/SEC1):2012,8899,"Guangdong Sat Technology Co. Ltd., No. 11 Lianbao Rd, Shengfeng District, Xiaolan Town, Zhongshan City, Guangdong, China – 528400",https://wsrv.nl/?url=https%3A%2F%2Fi.ibb.co%2F1t9vpjBt%2FAltair-Prime-15-mat-black-default.png&output=webp&q=78
Altair prime 15,ARAD1503,36V DC,350mA,4000K, CRI>97,Φ60*H120mm,24°,15W,AJ/CG,ARAS1560/40/24/CG,R-41159492,IS 10322 (PART 5/SEC1):2012,9899,"Guangdong Sat Technology Co. Ltd., No. 11 Lianbao Rd, Shengfeng District, Xiaolan Town, Zhongshan City, Guangdong, China – 528400",https://wsrv.nl/?url=https%3A%2F%2Fi.ibb.co%2FHDwGbZqD%2FAltair-Prime-15-champeing-gold.png&output=webp&q=78
Altair prime 15,ARAD1503,36V DC,350mA,4000K, CRI>97,Φ60*H120mm,24°,15W,AJ/CG,ARAS1560/40/24/RG,R-41159492,IS 10322 (PART 5/SEC1):2012,9899,"Guangdong Sat Technology Co. Ltd., No. 11 Lianbao Rd, Shengfeng District, Xiaolan Town, Zhongshan City, Guangdong, China – 528400",https://wsrv.nl/?url=https%3A%2F%2Fi.ibb.co%2FrfZBW6GW%2FAltair-Prime-15-rose-gold.png&output=webp&q=78
Altair prime 15,ARAD1503,36V DC,350mA,4000K, CRI>97,Φ60*H120mm,24°,15W,AJ/CG,ARAS1560/40/24/BR,R-41159492,IS 10322 (PART 5/SEC1):2012,9899,"Guangdong Sat Technology Co. Ltd., No. 11 Lianbao Rd, Shengfeng District, Xiaolan Town, Zhongshan City, Guangdong, China – 528400",https://wsrv.nl/?url=https%3A%2F%2Fi.ibb.co%2FHDnd9yGS%2FAltair-Prime-15-brown.png&output=webp&q=78
Altair prime 15,ARAD1503,36V DC,350mA,4000K, CRI>97,Φ60*H120mm,24°,15W,AJ/CG,ARAS1560/40/24/COF,R-41159492,IS 10322 (PART 5/SEC1):2012,9899,"Guangdong Sat Technology Co. Ltd., No. 11 Lianbao Rd, Shengfeng District, Xiaolan Town, Zhongshan City, Guangdong, China – 528400",https://wsrv.nl/?url=https%3A%2F%2Fi.ibb.co%2FCK8rTTCw%2FAltair-Prime-15-coffee.png&output=webp&q=78
Altair prime 15,ARAD1503,36V DC,350mA,4000K, CRI>97,Φ60*H120mm,24°,15W,AJ/CG,ARAS1560/40/24/DGR,R-41159492,IS 10322 (PART 5/SEC1):2012,9899,"Guangdong Sat Technology Co. Ltd., No. 11 Lianbao Rd, Shengfeng District, Xiaolan Town, Zhongshan City, Guangdong, China – 528400",https://wsrv.nl/?url=https%3A%2F%2Fi.ibb.co%2Fx8KDZbzR%2FAltair-Prime-15-dark-gray-default-001.png&output=webp&q=78
Altair prime 15,ARAD1503,36V DC,350mA,4000K, CRI>97,Φ60*H120mm,24°,15W,AJ/CG,ARAS1560/40/24/BB,R-41159492,IS 10322 (PART 5/SEC1):2012,9899,"Guangdong Sat Technology Co. Ltd., No. 11 Lianbao Rd, Shengfeng District, Xiaolan Town, Zhongshan City, Guangdong, China – 528400",https://wsrv.nl/?url=https%3A%2F%2Fi.ibb.co%2FZzS3YsDH%2FAltair-Prime-15-ballet-blue.png&output=webp&q=78
Altair prime 15,ARAD1503,36V DC,350mA,4000K, CRI>97,Φ60*H120mm,24°,15W,AJ/CG,ARAS1560/40/24/CH,R-41159492,IS 10322 (PART 5/SEC1):2012,9899,"Guangdong Sat Technology Co. Ltd., No. 11 Lianbao Rd, Shengfeng District, Xiaolan Town, Zhongshan City, Guangdong, China – 528400",https://wsrv.nl/?url=https%3A%2F%2Fi.ibb.co%2FLhZc3jdq%2FAltair-Prime-15-chrome.png&output=webp&q=78
Altair prime 15,ARAD1503,36V DC,350mA,4000K, CRI>97,Φ60*H120mm,24°,15W,AJ/CG,ARAS1560/40/24/CHB,R-41159492,IS 10322 (PART 5/SEC1):2012,9899,"Guangdong Sat Technology Co. Ltd., No. 11 Lianbao Rd, Shengfeng District, Xiaolan Town, Zhongshan City, Guangdong, China – 528400",https://wsrv.nl/?url=https%3A%2F%2Fi.ibb.co%2FtFJYNqs%2FAltair-Prime-15-chrome-black.png&output=webp&q=78
Altair prime 15,ARAD1503,36V DC,350mA,5000K, CRI>97,Φ60*H120mm,24°,15W,AJ/CG,ARAS1560/50/24/W,R-41159492,IS 10322 (PART 5/SEC1):2012,8899,"Guangdong Sat Technology Co. Ltd., No. 11 Lianbao Rd, Shengfeng District, Xiaolan Town, Zhongshan City, Guangdong, China – 528400",https://wsrv.nl/?url=https%3A%2F%2Fi.ibb.co%2FVWqkgwtb%2FAltair-Prime-15-white.png&output=webp&q=78
Altair prime 15,ARAD1503,36V DC,350mA,5000K, CRI>97,Φ60*H120mm,24°,15W,AJ/CG,ARAS1560/50/24/B,R-41159492,IS 10322 (PART 5/SEC1):2012,8899,"Guangdong Sat Technology Co. Ltd., No. 11 Lianbao Rd, Shengfeng District, Xiaolan Town, Zhongshan City, Guangdong, China – 528400",https://wsrv.nl/?url=https%3A%2F%2Fi.ibb.co%2F1t9vpjBt%2FAltair-Prime-15-mat-black-default.png&output=webp&q=78
Altair prime 15,ARAD1503,36V DC,350mA,5000K, CRI>97,Φ60*H120mm,24°,15W,AJ/CG,ARAS1560/50/24/CG,R-41159492,IS 10322 (PART 5/SEC1):2012,9899,"Guangdong Sat Technology Co. Ltd., No. 11 Lianbao Rd, Shengfeng District, Xiaolan Town, Zhongshan City, Guangdong, China – 528400",https://wsrv.nl/?url=https%3A%2F%2Fi.ibb.co%2FHDwGbZqD%2FAltair-Prime-15-champeing-gold.png&output=webp&q=78
Altair prime 15,ARAD1503,36V DC,350mA,5000K, CRI>97,Φ60*H120mm,24°,15W,AJ/CG,ARAS1560/50/24/RG,R-41159492,IS 10322 (PART 5/SEC1):2012,9899,"Guangdong Sat Technology Co. Ltd., No. 11 Lianbao Rd, Shengfeng District, Xiaolan Town, Zhongshan City, Guangdong, China – 528400",https://wsrv.nl/?url=https%3A%2F%2Fi.ibb.co%2FrfZBW6GW%2FAltair-Prime-15-rose-gold.png&output=webp&q=78
Altair prime 15,ARAD1503,36V DC,350mA,5000K, CRI>97,Φ60*H120mm,24°,15W,AJ/CG,ARAS1560/50/24/BR,R-41159492,IS 10322 (PART 5/SEC1):2012,9899,"Guangdong Sat Technology Co. Ltd., No. 11 Lianbao Rd, Shengfeng District, Xiaolan Town, Zhongshan City, Guangdong, China – 528400",https://wsrv.nl/?url=https%3A%2F%2Fi.ibb.co%2FHDnd9yGS%2FAltair-Prime-15-brown.png&output=webp&q=78
Altair prime 15,ARAD1503,36V DC,350mA,5000K, CRI>97,Φ60*H120mm,24°,15W,AJ/CG,ARAS1560/50/24/COF,R-41159492,IS 10322 (PART 5/SEC1):2012,9899,"Guangdong Sat Technology Co. Ltd., No. 11 Lianbao Rd, Shengfeng District, Xiaolan Town, Zhongshan City, Guangdong, China – 528400",https://wsrv.nl/?url=https%3A%2F%2Fi.ibb.co%2FCK8rTTCw%2FAltair-Prime-15-coffee.png&output=webp&q=78
Altair prime 15,ARAD1503,36V DC,350mA,5000K, CRI>97,Φ60*H120mm,24°,15W,AJ/CG,ARAS1560/50/24/DGR,R-41159492,IS 10322 (PART 5/SEC1):2012,9899,"Guangdong Sat Technology Co. Ltd., No. 11 Lianbao Rd, Shengfeng District, Xiaolan Town, Zhongshan City, Guangdong, China – 528400",https://wsrv.nl/?url=https%3A%2F%2Fi.ibb.co%2Fx8KDZbzR%2FAltair-Prime-15-dark-gray-default-001.png&output=webp&q=78
Altair prime 15,ARAD1503,36V DC,350mA,5000K, CRI>97,Φ60*H120mm,24°,15W,AJ/CG,ARAS1560/50/24/BB,R-41159492,IS 10322 (PART 5/SEC1):2012,9899,"Guangdong Sat Technology Co. Ltd., No. 11 Lianbao Rd, Shengfeng District, Xiaolan Town, Zhongshan City, Guangdong, China – 528400",https://wsrv.nl/?url=https%3A%2F%2Fi.ibb.co%2FZzS3YsDH%2FAltair-Prime-15-ballet-blue.png&output=webp&q=78
Altair prime 15,ARAD1503,36V DC,350mA,5000K, CRI>97,Φ60*H120mm,24°,15W,AJ/CG,ARAS1560/50/24/CH,R-41159492,IS 10322 (PART 5/SEC1):2012,9899,"Guangdong Sat Technology Co. Ltd., No. 11 Lianbao Rd, Shengfeng District, Xiaolan Town, Zhongshan City, Guangdong, China – 528400",https://wsrv.nl/?url=https%3A%2F%2Fi.ibb.co%2FLhZc3jdq%2FAltair-Prime-15-chrome.png&output=webp&q=78
Altair prime 15,ARAD1503,36V DC,350mA,5000K, CRI>97,Φ60*H120mm,24°,15W,AJ/CG,ARAS1560/50/24/CHB,R-41159492,IS 10322 (PART 5/SEC1):2012,9899,"Guangdong Sat Technology Co. Ltd., No. 11 Lianbao Rd, Shengfeng District, Xiaolan Town, Zhongshan City, Guangdong, China – 528400",https://wsrv.nl/?url=https%3A%2F%2Fi.ibb.co%2FtFJYNqs%2FAltair-Prime-15-chrome-black.png&output=webp&q=78
Altair prime 15,ARAD1503,36V DC,350mA,2700K, CRI>97,Φ60*H120mm,36°,15W,AJ/CG,ARAS1560/27/36/W,R-41159492,IS 10322 (PART 5/SEC1):2012,8899,"Guangdong Sat Technology Co. Ltd., No. 11 Lianbao Rd, Shengfeng District, Xiaolan Town, Zhongshan City, Guangdong, China – 528400",https://wsrv.nl/?url=https%3A%2F%2Fi.ibb.co%2FVWqkgwtb%2FAltair-Prime-15-white.png&output=webp&q=78
Altair prime 15,ARAD1503,36V DC,350mA,2700K, CRI>97,Φ60*H120mm,36°,15W,AJ/CG,ARAS1560/27/36/B,R-41159492,IS 10322 (PART 5/SEC1):2012,8899,"Guangdong Sat Technology Co. Ltd., No. 11 Lianbao Rd, Shengfeng District, Xiaolan Town, Zhongshan City, Guangdong, China – 528400",https://wsrv.nl/?url=https%3A%2F%2Fi.ibb.co%2F1t9vpjBt%2FAltair-Prime-15-mat-black-default.png&output=webp&q=78
Altair prime 15,ARAD1503,36V DC,350mA,2700K, CRI>97,Φ60*H120mm,36°,15W,AJ/CG,ARAS1560/27/36/CG,R-41159492,IS 10322 (PART 5/SEC1):2012,9899,"Guangdong Sat Technology Co. Ltd., No. 11 Lianbao Rd, Shengfeng District, Xiaolan Town, Zhongshan City, Guangdong, China – 528400",https://wsrv.nl/?url=https%3A%2F%2Fi.ibb.co%2FHDwGbZqD%2FAltair-Prime-15-champeing-gold.png&output=webp&q=78
Altair prime 15,ARAD1503,36V DC,350mA,2700K, CRI>97,Φ60*H120mm,36°,15W,AJ/CG,ARAS1560/27/36/RG,R-41159492,IS 10322 (PART 5/SEC1):2012,9899,"Guangdong Sat Technology Co. Ltd., No. 11 Lianbao Rd, Shengfeng District, Xiaolan Town, Zhongshan City, Guangdong, China – 528400",https://wsrv.nl/?url=https%3A%2F%2Fi.ibb.co%2FrfZBW6GW%2FAltair-Prime-15-rose-gold.png&output=webp&q=78
Altair prime 15,ARAD1503,36V DC,350mA,2700K, CRI>97,Φ60*H120mm,36°,15W,AJ/CG,ARAS1560/27/36/BR,R-41159492,IS 10322 (PART 5/SEC1):2012,9899,"Guangdong Sat Technology Co. Ltd., No. 11 Lianbao Rd, Shengfeng District, Xiaolan Town, Zhongshan City, Guangdong, China – 528400",https://wsrv.nl/?url=https%3A%2F%2Fi.ibb.co%2FHDnd9yGS%2FAltair-Prime-15-brown.png&output=webp&q=78
Altair prime 15,ARAD1503,36V DC,350mA,2700K, CRI>97,Φ60*H120mm,36°,15W,AJ/CG,ARAS1560/27/36/COF,R-41159492,IS 10322 (PART 5/SEC1):2012,9899,"Guangdong Sat Technology Co. Ltd., No. 11 Lianbao Rd, Shengfeng District, Xiaolan Town, Zhongshan City, Guangdong, China – 528400",https://wsrv.nl/?url=https%3A%2F%2Fi.ibb.co%2FCK8rTTCw%2FAltair-Prime-15-coffee.png&output=webp&q=78
Altair prime 15,ARAD1503,36V DC,350mA,2700K, CRI>97,Φ60*H120mm,36°,15W,AJ/CG,ARAS1560/27/36/DGR,R-41159492,IS 10322 (PART 5/SEC1):2012,9899,"Guangdong Sat Technology Co. Ltd., No. 11 Lianbao Rd, Shengfeng District, Xiaolan Town, Zhongshan City, Guangdong, China – 528400",https://wsrv.nl/?url=https%3A%2F%2Fi.ibb.co%2Fx8KDZbzR%2FAltair-Prime-15-dark-gray-default-001.png&output=webp&q=78
Altair prime 15,ARAD1503,36V DC,350mA,2700K, CRI>97,Φ60*H120mm,36°,15W,AJ/CG,ARAS1560/27/36/BB,R-41159492,IS 10322 (PART 5/SEC1):2012,9899,"Guangdong Sat Technology Co. Ltd., No. 11 Lianbao Rd, Shengfeng District, Xiaolan Town, Zhongshan City, Guangdong, China – 528400",https://wsrv.nl/?url=https%3A%2F%2Fi.ibb.co%2FZzS3YsDH%2FAltair-Prime-15-ballet-blue.png&output=webp&q=78
Altair prime 15,ARAD1503,36V DC,350mA,2700K, CRI>97,Φ60*H120mm,36°,15W,AJ/CG,ARAS1560/27/36/CH,R-41159492,IS 10322 (PART 5/SEC1):2012,9899,"Guangdong Sat Technology Co. Ltd., No. 11 Lianbao Rd, Shengfeng District, Xiaolan Town, Zhongshan City, Guangdong, China – 528400",https://wsrv.nl/?url=https%3A%2F%2Fi.ibb.co%2FLhZc3jdq%2FAltair-Prime-15-chrome.png&output=webp&q=78
Altair prime 15,ARAD1503,36V DC,350mA,2700K, CRI>97,Φ60*H120mm,36°,15W,AJ/CG,ARAS1560/27/36/CHB,R-41159492,IS 10322 (PART 5/SEC1):2012,9899,"Guangdong Sat Technology Co. Ltd., No. 11 Lianbao Rd, Shengfeng District, Xiaolan Town, Zhongshan City, Guangdong, China – 528400",https://wsrv.nl/?url=https%3A%2F%2Fi.ibb.co%2FtFJYNqs%2FAltair-Prime-15-chrome-black.png&output=webp&q=78
Altair prime 15,ARAD1503,36V DC,350mA,3000K, CRI>97,Φ60*H120mm,36°,15W,AJ/CG,ARAS1560/30/36/W,R-41159492,IS 10322 (PART 5/SEC1):2012,8899,"Guangdong Sat Technology Co. Ltd., No. 11 Lianbao Rd, Shengfeng District, Xiaolan Town, Zhongshan City, Guangdong, China – 528400",https://wsrv.nl/?url=https%3A%2F%2Fi.ibb.co%2FVWqkgwtb%2FAltair-Prime-15-white.png&output=webp&q=78
Altair prime 15,ARAD1503,36V DC,350mA,3000K, CRI>97,Φ60*H120mm,36°,15W,AJ/CG,ARAS1560/30/36/B,R-41159492,IS 10322 (PART 5/SEC1):2012,8899,"Guangdong Sat Technology Co. Ltd., No. 11 Lianbao Rd, Shengfeng District, Xiaolan Town, Zhongshan City, Guangdong, China – 528400",https://wsrv.nl/?url=https%3A%2F%2Fi.ibb.co%2F1t9vpjBt%2FAltair-Prime-15-mat-black-default.png&output=webp&q=78
Altair prime 15,ARAD1503,36V DC,350mA,3000K, CRI>97,Φ60*H120mm,36°,15W,AJ/CG,ARAS1560/30/36/CG,R-41159492,IS 10322 (PART 5/SEC1):2012,9899,"Guangdong Sat Technology Co. Ltd., No. 11 Lianbao Rd, Shengfeng District, Xiaolan Town, Zhongshan City, Guangdong, China – 528400",https://wsrv.nl/?url=https%3A%2F%2Fi.ibb.co%2FHDwGbZqD%2FAltair-Prime-15-champeing-gold.png&output=webp&q=78
Altair prime 15,ARAD1503,36V DC,350mA,3000K, CRI>97,Φ60*H120mm,36°,15W,AJ/CG,ARAS1560/30/36/RG,R-41159492,IS 10322 (PART 5/SEC1):2012,9899,"Guangdong Sat Technology Co. Ltd., No. 11 Lianbao Rd, Shengfeng District, Xiaolan Town, Zhongshan City, Guangdong, China – 528400",https://wsrv.nl/?url=https%3A%2F%2Fi.ibb.co%2FrfZBW6GW%2FAltair-Prime-15-rose-gold.png&output=webp&q=78
Altair prime 15,ARAD1503,36V DC,350mA,3000K, CRI>97,Φ60*H120mm,36°,15W,AJ/CG,ARAS1560/30/36/BR,R-41159492,IS 10322 (PART 5/SEC1):2012,9899,"Guangdong Sat Technology Co. Ltd., No. 11 Lianbao Rd, Shengfeng District, Xiaolan Town, Zhongshan City, Guangdong, China – 528400",https://wsrv.nl/?url=https%3A%2F%2Fi.ibb.co%2FHDnd9yGS%2FAltair-Prime-15-brown.png&output=webp&q=78
Altair prime 15,ARAD1503,36V DC,350mA,3000K, CRI>97,Φ60*H120mm,36°,15W,AJ/CG,ARAS1560/30/36/COF,R-41159492,IS 10322 (PART 5/SEC1):2012,9899,"Guangdong Sat Technology Co. Ltd., No. 11 Lianbao Rd, Shengfeng District, Xiaolan Town, Zhongshan City, Guangdong, China – 528400",https://wsrv.nl/?url=https%3A%2F%2Fi.ibb.co%2FCK8rTTCw%2FAltair-Prime-15-coffee.png&output=webp&q=78
Altair prime 15,ARAD1503,36V DC,350mA,3000K, CRI>97,Φ60*H120mm,36°,15W,AJ/CG,ARAS1560/30/36/DGR,R-41159492,IS 10322 (PART 5/SEC1):2012,9899,"Guangdong Sat Technology Co. Ltd., No. 11 Lianbao Rd, Shengfeng District, Xiaolan Town, Zhongshan City, Guangdong, China – 528400",https://wsrv.nl/?url=https%3A%2F%2Fi.ibb.co%2Fx8KDZbzR%2FAltair-Prime-15-dark-gray-default-001.png&output=webp&q=78
Altair prime 15,ARAD1503,36V DC,350mA,3000K, CRI>97,Φ60*H120mm,36°,15W,AJ/CG,ARAS1560/30/36/BB,R-41159492,IS 10322 (PART 5/SEC1):2012,9899,"Guangdong Sat Technology Co. Ltd., No. 11 Lianbao Rd, Shengfeng District, Xiaolan Town, Zhongshan City, Guangdong, China – 528400",https://wsrv.nl/?url=https%3A%2F%2Fi.ibb.co%2FZzS3YsDH%2FAltair-Prime-15-ballet-blue.png&output=webp&q=78
Altair prime 15,ARAD1503,36V DC,350mA,3000K, CRI>97,Φ60*H120mm,36°,15W,AJ/CG,ARAS1560/30/36/CH,R-41159492,IS 10322 (PART 5/SEC1):2012,9899,"Guangdong Sat Technology Co. Ltd., No. 11 Lianbao Rd, Shengfeng District, Xiaolan Town, Zhongshan City, Guangdong, China – 528400",https://wsrv.nl/?url=https%3A%2F%2Fi.ibb.co%2FLhZc3jdq%2FAltair-Prime-15-chrome.png&output=webp&q=78
Altair prime 15,ARAD1503,36V DC,350mA,3000K, CRI>97,Φ60*H120mm,36°,15W,AJ/CG,ARAS1560/30/36/CHB,R-41159492,IS 10322 (PART 5/SEC1):2012,9899,"Guangdong Sat Technology Co. Ltd., No. 11 Lianbao Rd, Shengfeng District, Xiaolan Town, Zhongshan City, Guangdong, China – 528400",https://wsrv.nl/?url=https%3A%2F%2Fi.ibb.co%2FtFJYNqs%2FAltair-Prime-15-chrome-black.png&output=webp&q=78
Altair prime 15,ARAD1503,36V DC,350mA,3500K, CRI>97,Φ60*H120mm,36°,15W,AJ/CG,ARAS1560/35/36/W,R-41159492,IS 10322 (PART 5/SEC1):2012,8899,"Guangdong Sat Technology Co. Ltd., No. 11 Lianbao Rd, Shengfeng District, Xiaolan Town, Zhongshan City, Guangdong, China – 528400",https://wsrv.nl/?url=https%3A%2F%2Fi.ibb.co%2FVWqkgwtb%2FAltair-Prime-15-white.png&output=webp&q=78
Altair prime 15,ARAD1503,36V DC,350mA,3500K, CRI>97,Φ60*H120mm,36°,15W,AJ/CG,ARAS1560/35/36/B,R-41159492,IS 10322 (PART 5/SEC1):2012,8899,"Guangdong Sat Technology Co. Ltd., No. 11 Lianbao Rd, Shengfeng District, Xiaolan Town, Zhongshan City, Guangdong, China – 528400",https://wsrv.nl/?url=https%3A%2F%2Fi.ibb.co%2F1t9vpjBt%2FAltair-Prime-15-mat-black-default.png&output=webp&q=78
Altair prime 15,ARAD1503,36V DC,350mA,3500K, CRI>97,Φ60*H120mm,36°,15W,AJ/CG,ARAS1560/35/36/CG,R-41159492,IS 10322 (PART 5/SEC1):2012,9899,"Guangdong Sat Technology Co. Ltd., No. 11 Lianbao Rd, Shengfeng District, Xiaolan Town, Zhongshan City, Guangdong, China – 528400",https://wsrv.nl/?url=https%3A%2F%2Fi.ibb.co%2FHDwGbZqD%2FAltair-Prime-15-champeing-gold.png&output=webp&q=78
Altair prime 15,ARAD1503,36V DC,350mA,3500K, CRI>97,Φ60*H120mm,36°,15W,AJ/CG,ARAS1560/35/36/RG,R-41159492,IS 10322 (PART 5/SEC1):2012,9899,"Guangdong Sat Technology Co. Ltd., No. 11 Lianbao Rd, Shengfeng District, Xiaolan Town, Zhongshan City, Guangdong, China – 528400",https://wsrv.nl/?url=https%3A%2F%2Fi.ibb.co%2FrfZBW6GW%2FAltair-Prime-15-rose-gold.png&output=webp&q=78
Altair prime 15,ARAD1503,36V DC,350mA,3500K, CRI>97,Φ60*H120mm,36°,15W,AJ/CG,ARAS1560/35/36/BR,R-41159492,IS 10322 (PART 5/SEC1):2012,9899,"Guangdong Sat Technology Co. Ltd., No. 11 Lianbao Rd, Shengfeng District, Xiaolan Town, Zhongshan City, Guangdong, China – 528400",https://wsrv.nl/?url=https%3A%2F%2Fi.ibb.co%2FHDnd9yGS%2FAltair-Prime-15-brown.png&output=webp&q=78
Altair prime 15,ARAD1503,36V DC,350mA,3500K, CRI>97,Φ60*H120mm,36°,15W,AJ/CG,ARAS1560/35/36/COF,R-41159492,IS 10322 (PART 5/SEC1):2012,9899,"Guangdong Sat Technology Co. Ltd., No. 11 Lianbao Rd, Shengfeng District, Xiaolan Town, Zhongshan City, Guangdong, China – 528400",https://wsrv.nl/?url=https%3A%2F%2Fi.ibb.co%2FCK8rTTCw%2FAltair-Prime-15-coffee.png&output=webp&q=78
Altair prime 15,ARAD1503,36V DC,350mA,3500K, CRI>97,Φ60*H120mm,36°,15W,AJ/CG,ARAS1560/35/36/DGR,R-41159492,IS 10322 (PART 5/SEC1):2012,9899,"Guangdong Sat Technology Co. Ltd., No. 11 Lianbao Rd, Shengfeng District, Xiaolan Town, Zhongshan City, Guangdong, China – 528400",https://wsrv.nl/?url=https%3A%2F%2Fi.ibb.co%2Fx8KDZbzR%2FAltair-Prime-15-dark-gray-default-001.png&output=webp&q=78
Altair prime 15,ARAD1503,36V DC,350mA,3500K, CRI>97,Φ60*H120mm,36°,15W,AJ/CG,ARAS1560/35/36/BB,R-41159492,IS 10322 (PART 5/SEC1):2012,9899,"Guangdong Sat Technology Co. Ltd., No. 11 Lianbao Rd, Shengfeng District, Xiaolan Town, Zhongshan City, Guangdong, China – 528400",https://wsrv.nl/?url=https%3A%2F%2Fi.ibb.co%2FZzS3YsDH%2FAltair-Prime-15-ballet-blue.png&output=webp&q=78
Altair prime 15,ARAD1503,36V DC,350mA,3500K, CRI>97,Φ60*H120mm,36°,15W,AJ/CG,ARAS1560/35/36/CH,R-41159492,IS 10322 (PART 5/SEC1):2012,9899,"Guangdong Sat Technology Co. Ltd., No. 11 Lianbao Rd, Shengfeng District, Xiaolan Town, Zhongshan City, Guangdong, China – 528400",https://wsrv.nl/?url=https%3A%2F%2Fi.ibb.co%2FLhZc3jdq%2FAltair-Prime-15-chrome.png&output=webp&q=78
Altair prime 15,ARAD1503,36V DC,350mA,3500K, CRI>97,Φ60*H120mm,36°,15W,AJ/CG,ARAS1560/35/36/CHB,R-41159492,IS 10322 (PART 5/SEC1):2012,9899,"Guangdong Sat Technology Co. Ltd., No. 11 Lianbao Rd, Shengfeng District, Xiaolan Town, Zhongshan City, Guangdong, China – 528400",https://wsrv.nl/?url=https%3A%2F%2Fi.ibb.co%2FtFJYNqs%2FAltair-Prime-15-chrome-black.png&output=webp&q=78
Altair prime 15,ARAD1503,36V DC,350mA,4000K, CRI>97,Φ60*H120mm,36°,15W,AJ/CG,ARAS1560/40/36/W,R-41159492,IS 10322 (PART 5/SEC1):2012,8899,"Guangdong Sat Technology Co. Ltd., No. 11 Lianbao Rd, Shengfeng District, Xiaolan Town, Zhongshan City, Guangdong, China – 528400",https://wsrv.nl/?url=https%3A%2F%2Fi.ibb.co%2FVWqkgwtb%2FAltair-Prime-15-white.png&output=webp&q=78
Altair prime 15,ARAD1503,36V DC,350mA,4000K, CRI>97,Φ60*H120mm,36°,15W,AJ/CG,ARAS1560/40/36/B,R-41159492,IS 10322 (PART 5/SEC1):2012,8899,"Guangdong Sat Technology Co. Ltd., No. 11 Lianbao Rd, Shengfeng District, Xiaolan Town, Zhongshan City, Guangdong, China – 528400",https://wsrv.nl/?url=https%3A%2F%2Fi.ibb.co%2F1t9vpjBt%2FAltair-Prime-15-mat-black-default.png&output=webp&q=78
Altair prime 15,ARAD1503,36V DC,350mA,4000K, CRI>97,Φ60*H120mm,36°,15W,AJ/CG,ARAS1560/40/36/CG,R-41159492,IS 10322 (PART 5/SEC1):2012,9899,"Guangdong Sat Technology Co. Ltd., No. 11 Lianbao Rd, Shengfeng District, Xiaolan Town, Zhongshan City, Guangdong, China – 528400",https://wsrv.nl/?url=https%3A%2F%2Fi.ibb.co%2FHDwGbZqD%2FAltair-Prime-15-champeing-gold.png&output=webp&q=78
Altair prime 15,ARAD1503,36V DC,350mA,4000K, CRI>97,Φ60*H120mm,36°,15W,AJ/CG,ARAS1560/40/36/RG,R-41159492,IS 10322 (PART 5/SEC1):2012,9899,"Guangdong Sat Technology Co. Ltd., No. 11 Lianbao Rd, Shengfeng District, Xiaolan Town, Zhongshan City, Guangdong, China – 528400",https://wsrv.nl/?url=https%3A%2F%2Fi.ibb.co%2FrfZBW6GW%2FAltair-Prime-15-rose-gold.png&output=webp&q=78
Altair prime 15,ARAD1503,36V DC,350mA,4000K, CRI>97,Φ60*H120mm,36°,15W,AJ/CG,ARAS1560/40/36/BR,R-41159492,IS 10322 (PART 5/SEC1):2012,9899,"Guangdong Sat Technology Co. Ltd., No. 11 Lianbao Rd, Shengfeng District, Xiaolan Town, Zhongshan City, Guangdong, China – 528400",https://wsrv.nl/?url=https%3A%2F%2Fi.ibb.co%2FHDnd9yGS%2FAltair-Prime-15-brown.png&output=webp&q=78
Altair prime 15,ARAD1503,36V DC,350mA,4000K, CRI>97,Φ60*H120mm,36°,15W,AJ/CG,ARAS1560/40/36/COF,R-41159492,IS 10322 (PART 5/SEC1):2012,9899,"Guangdong Sat Technology Co. Ltd., No. 11 Lianbao Rd, Shengfeng District, Xiaolan Town, Zhongshan City, Guangdong, China – 528400",https://wsrv.nl/?url=https%3A%2F%2Fi.ibb.co%2FCK8rTTCw%2FAltair-Prime-15-coffee.png&output=webp&q=78
Altair prime 15,ARAD1503,36V DC,350mA,4000K, CRI>97,Φ60*H120mm,36°,15W,AJ/CG,ARAS1560/40/36/DGR,R-41159492,IS 10322 (PART 5/SEC1):2012,9899,"Guangdong Sat Technology Co. Ltd., No. 11 Lianbao Rd, Shengfeng District, Xiaolan Town, Zhongshan City, Guangdong, China – 528400",https://wsrv.nl/?url=https%3A%2F%2Fi.ibb.co%2Fx8KDZbzR%2FAltair-Prime-15-dark-gray-default-001.png&output=webp&q=78
Altair prime 15,ARAD1503,36V DC,350mA,4000K, CRI>97,Φ60*H120mm,36°,15W,AJ/CG,ARAS1560/40/36/BB,R-41159492,IS 10322 (PART 5/SEC1):2012,9899,"Guangdong Sat Technology Co. Ltd., No. 11 Lianbao Rd, Shengfeng District, Xiaolan Town, Zhongshan City, Guangdong, China – 528400",https://wsrv.nl/?url=https%3A%2F%2Fi.ibb.co%2FZzS3YsDH%2FAltair-Prime-15-ballet-blue.png&output=webp&q=78
Altair prime 15,ARAD1503,36V DC,350mA,4000K, CRI>97,Φ60*H120mm,36°,15W,AJ/CG,ARAS1560/40/36/CH,R-41159492,IS 10322 (PART 5/SEC1):2012,9899,"Guangdong Sat Technology Co. Ltd., No. 11 Lianbao Rd, Shengfeng District, Xiaolan Town, Zhongshan City, Guangdong, China – 528400",https://wsrv.nl/?url=https%3A%2F%2Fi.ibb.co%2FLhZc3jdq%2FAltair-Prime-15-chrome.png&output=webp&q=78
Altair prime 15,ARAD1503,36V DC,350mA,4000K, CRI>97,Φ60*H120mm,36°,15W,AJ/CG,ARAS1560/40/36/CHB,R-41159492,IS 10322 (PART 5/SEC1):2012,9899,"Guangdong Sat Technology Co. Ltd., No. 11 Lianbao Rd, Shengfeng District, Xiaolan Town, Zhongshan City, Guangdong, China – 528400",https://wsrv.nl/?url=https%3A%2F%2Fi.ibb.co%2FtFJYNqs%2FAltair-Prime-15-chrome-black.png&output=webp&q=78
Altair prime 15,ARAD1503,36V DC,350mA,5000K, CRI>97,Φ60*H120mm,36°,15W,AJ/CG,ARAS1560/50/36/W,R-41159492,IS 10322 (PART 5/SEC1):2012,8899,"Guangdong Sat Technology Co. Ltd., No. 11 Lianbao Rd, Shengfeng District, Xiaolan Town, Zhongshan City, Guangdong, China – 528400",https://wsrv.nl/?url=https%3A%2F%2Fi.ibb.co%2FVWqkgwtb%2FAltair-Prime-15-white.png&output=webp&q=78
Altair prime 15,ARAD1503,36V DC,350mA,5000K, CRI>97,Φ60*H120mm,36°,15W,AJ/CG,ARAS1560/50/36/B,R-41159492,IS 10322 (PART 5/SEC1):2012,8899,"Guangdong Sat Technology Co. Ltd., No. 11 Lianbao Rd, Shengfeng District, Xiaolan Town, Zhongshan City, Guangdong, China – 528400",https://wsrv.nl/?url=https%3A%2F%2Fi.ibb.co%2F1t9vpjBt%2FAltair-Prime-15-mat-black-default.png&output=webp&q=78
Altair prime 15,ARAD1503,36V DC,350mA,5000K, CRI>97,Φ60*H120mm,36°,15W,AJ/CG,ARAS1560/50/36/CG,R-41159492,IS 10322 (PART 5/SEC1):2012,9899,"Guangdong Sat Technology Co. Ltd., No. 11 Lianbao Rd, Shengfeng District, Xiaolan Town, Zhongshan City, Guangdong, China – 528400",https://wsrv.nl/?url=https%3A%2F%2Fi.ibb.co%2FHDwGbZqD%2FAltair-Prime-15-champeing-gold.png&output=webp&q=78
Altair prime 15,ARAD1503,36V DC,350mA,5000K, CRI>97,Φ60*H120mm,36°,15W,AJ/CG,ARAS1560/50/36/RG,R-41159492,IS 10322 (PART 5/SEC1):2012,9899,"Guangdong Sat Technology Co. Ltd., No. 11 Lianbao Rd, Shengfeng District, Xiaolan Town, Zhongshan City, Guangdong, China – 528400",https://wsrv.nl/?url=https%3A%2F%2Fi.ibb.co%2FrfZBW6GW%2FAltair-Prime-15-rose-gold.png&output=webp&q=78
Altair prime 15,ARAD1503,36V DC,350mA,5000K, CRI>97,Φ60*H120mm,36°,15W,AJ/CG,ARAS1560/50/36/BR,R-41159492,IS 10322 (PART 5/SEC1):2012,9899,"Guangdong Sat Technology Co. Ltd., No. 11 Lianbao Rd, Shengfeng District, Xiaolan Town, Zhongshan City, Guangdong, China – 528400",https://wsrv.nl/?url=https%3A%2F%2Fi.ibb.co%2FHDnd9yGS%2FAltair-Prime-15-brown.png&output=webp&q=78
Altair prime 15,ARAD1503,36V DC,350mA,5000K, CRI>97,Φ60*H120mm,36°,15W,AJ/CG,ARAS1560/50/36/COF,R-41159492,IS 10322 (PART 5/SEC1):2012,9899,"Guangdong Sat Technology Co. Ltd., No. 11 Lianbao Rd, Shengfeng District, Xiaolan Town, Zhongshan City, Guangdong, China – 528400",https://wsrv.nl/?url=https%3A%2F%2Fi.ibb.co%2FCK8rTTCw%2FAltair-Prime-15-coffee.png&output=webp&q=78
Altair prime 15,ARAD1503,36V DC,350mA,5000K, CRI>97,Φ60*H120mm,36°,15W,AJ/CG,ARAS1560/50/36/DGR,R-41159492,IS 10322 (PART 5/SEC1):2012,9899,"Guangdong Sat Technology Co. Ltd., No. 11 Lianbao Rd, Shengfeng District, Xiaolan Town, Zhongshan City, Guangdong, China – 528400",https://wsrv.nl/?url=https%3A%2F%2Fi.ibb.co%2Fx8KDZbzR%2FAltair-Prime-15-dark-gray-default-001.png&output=webp&q=78
Altair prime 15,ARAD1503,36V DC,350mA,5000K, CRI>97,Φ60*H120mm,36°,15W,AJ/CG,ARAS1560/50/36/BB,R-41159492,IS 10322 (PART 5/SEC1):2012,9899,"Guangdong Sat Technology Co. Ltd., No. 11 Lianbao Rd, Shengfeng District, Xiaolan Town, Zhongshan City, Guangdong, China – 528400",https://wsrv.nl/?url=https%3A%2F%2Fi.ibb.co%2FZzS3YsDH%2FAltair-Prime-15-ballet-blue.png&output=webp&q=78
Altair prime 15,ARAD1503,36V DC,350mA,5000K, CRI>97,Φ60*H120mm,36°,15W,AJ/CG,ARAS1560/50/36/CH,R-41159492,IS 10322 (PART 5/SEC1):2012,9899,"Guangdong Sat Technology Co. Ltd., No. 11 Lianbao Rd, Shengfeng District, Xiaolan Town, Zhongshan City, Guangdong, China – 528400",https://wsrv.nl/?url=https%3A%2F%2Fi.ibb.co%2FLhZc3jdq%2FAltair-Prime-15-chrome.png&output=webp&q=78
Altair prime 15,ARAD1503,36V DC,350mA,5000K, CRI>97,Φ60*H120mm,36°,15W,AJ/CG,ARAS1560/50/36/CHB,R-41159492,IS 10322 (PART 5/SEC1):2012,9899,"Guangdong Sat Technology Co. Ltd., No. 11 Lianbao Rd, Shengfeng District, Xiaolan Town, Zhongshan City, Guangdong, China – 528400",https://wsrv.nl/?url=https%3A%2F%2Fi.ibb.co%2FtFJYNqs%2FAltair-Prime-15-chrome-black.png&output=webp&q=78
Altair prime 15,ARAD1503,36V DC,350mA,2700K, CRI>97,Φ60*H120mm,60°,15W,AJ/CG,ARAS1560/27/60/W,R-41159492,IS 10322 (PART 5/SEC1):2012,8899,"Guangdong Sat Technology Co. Ltd., No. 11 Lianbao Rd, Shengfeng District, Xiaolan Town, Zhongshan City, Guangdong, China – 528400",https://wsrv.nl/?url=https%3A%2F%2Fi.ibb.co%2FVWqkgwtb%2FAltair-Prime-15-white.png&output=webp&q=78
Altair prime 15,ARAD1503,36V DC,350mA,2700K, CRI>97,Φ60*H120mm,60°,15W,AJ/CG,ARAS1560/27/60/B,R-41159492,IS 10322 (PART 5/SEC1):2012,8899,"Guangdong Sat Technology Co. Ltd., No. 11 Lianbao Rd, Shengfeng District, Xiaolan Town, Zhongshan City, Guangdong, China – 528400",https://wsrv.nl/?url=https%3A%2F%2Fi.ibb.co%2F1t9vpjBt%2FAltair-Prime-15-mat-black-default.png&output=webp&q=78
Altair prime 15,ARAD1503,36V DC,350mA,2700K, CRI>97,Φ60*H120mm,60°,15W,AJ/CG,ARAS1560/27/60/CG,R-41159492,IS 10322 (PART 5/SEC1):2012,9899,"Guangdong Sat Technology Co. Ltd., No. 11 Lianbao Rd, Shengfeng District, Xiaolan Town, Zhongshan City, Guangdong, China – 528400",https://wsrv.nl/?url=https%3A%2F%2Fi.ibb.co%2FHDwGbZqD%2FAltair-Prime-15-champeing-gold.png&output=webp&q=78
Altair prime 15,ARAD1503,36V DC,350mA,2700K, CRI>97,Φ60*H120mm,60°,15W,AJ/CG,ARAS1560/27/60/RG,R-41159492,IS 10322 (PART 5/SEC1):2012,9899,"Guangdong Sat Technology Co. Ltd., No. 11 Lianbao Rd, Shengfeng District, Xiaolan Town, Zhongshan City, Guangdong, China – 528400",https://wsrv.nl/?url=https%3A%2F%2Fi.ibb.co%2FrfZBW6GW%2FAltair-Prime-15-rose-gold.png&output=webp&q=78
Altair prime 15,ARAD1503,36V DC,350mA,2700K, CRI>97,Φ60*H120mm,60°,15W,AJ/CG,ARAS1560/27/60/BR,R-41159492,IS 10322 (PART 5/SEC1):2012,9899,"Guangdong Sat Technology Co. Ltd., No. 11 Lianbao Rd, Shengfeng District, Xiaolan Town, Zhongshan City, Guangdong, China – 528400",https://wsrv.nl/?url=https%3A%2F%2Fi.ibb.co%2FHDnd9yGS%2FAltair-Prime-15-brown.png&output=webp&q=78
Altair prime 15,ARAD1503,36V DC,350mA,2700K, CRI>97,Φ60*H120mm,60°,15W,AJ/CG,ARAS1560/27/60/COF,R-41159492,IS 10322 (PART 5/SEC1):2012,9899,"Guangdong Sat Technology Co. Ltd., No. 11 Lianbao Rd, Shengfeng District, Xiaolan Town, Zhongshan City, Guangdong, China – 528400",https://wsrv.nl/?url=https%3A%2F%2Fi.ibb.co%2FCK8rTTCw%2FAltair-Prime-15-coffee.png&output=webp&q=78
Altair prime 15,ARAD1503,36V DC,350mA,2700K, CRI>97,Φ60*H120mm,60°,15W,AJ/CG,ARAS1560/27/60/DGR,R-41159492,IS 10322 (PART 5/SEC1):2012,9899,"Guangdong Sat Technology Co. Ltd., No. 11 Lianbao Rd, Shengfeng District, Xiaolan Town, Zhongshan City, Guangdong, China – 528400",https://wsrv.nl/?url=https%3A%2F%2Fi.ibb.co%2Fx8KDZbzR%2FAltair-Prime-15-dark-gray-default-001.png&output=webp&q=78
Altair prime 15,ARAD1503,36V DC,350mA,2700K, CRI>97,Φ60*H120mm,60°,15W,AJ/CG,ARAS1560/27/60/BB,R-41159492,IS 10322 (PART 5/SEC1):2012,9899,"Guangdong Sat Technology Co. Ltd., No. 11 Lianbao Rd, Shengfeng District, Xiaolan Town, Zhongshan City, Guangdong, China – 528400",https://wsrv.nl/?url=https%3A%2F%2Fi.ibb.co%2FZzS3YsDH%2FAltair-Prime-15-ballet-blue.png&output=webp&q=78
Altair prime 15,ARAD1503,36V DC,350mA,2700K, CRI>97,Φ60*H120mm,60°,15W,AJ/CG,ARAS1560/27/60/CH,R-41159492,IS 10322 (PART 5/SEC1):2012,9899,"Guangdong Sat Technology Co. Ltd., No. 11 Lianbao Rd, Shengfeng District, Xiaolan Town, Zhongshan City, Guangdong, China – 528400",https://wsrv.nl/?url=https%3A%2F%2Fi.ibb.co%2FLhZc3jdq%2FAltair-Prime-15-chrome.png&output=webp&q=78
Altair prime 15,ARAD1503,36V DC,350mA,2700K, CRI>97,Φ60*H120mm,60°,15W,AJ/CG,ARAS1560/27/60/CHB,R-41159492,IS 10322 (PART 5/SEC1):2012,9899,"Guangdong Sat Technology Co. Ltd., No. 11 Lianbao Rd, Shengfeng District, Xiaolan Town, Zhongshan City, Guangdong, China – 528400",https://wsrv.nl/?url=https%3A%2F%2Fi.ibb.co%2FtFJYNqs%2FAltair-Prime-15-chrome-black.png&output=webp&q=78
Altair prime 15,ARAD1503,36V DC,350mA,3000K, CRI>97,Φ60*H120mm,60°,15W,AJ/CG,ARAS1560/30/60/W,R-41159492,IS 10322 (PART 5/SEC1):2012,8899,"Guangdong Sat Technology Co. Ltd., No. 11 Lianbao Rd, Shengfeng District, Xiaolan Town, Zhongshan City, Guangdong, China – 528400",https://wsrv.nl/?url=https%3A%2F%2Fi.ibb.co%2FVWqkgwtb%2FAltair-Prime-15-white.png&output=webp&q=78
Altair prime 15,ARAD1503,36V DC,350mA,3000K, CRI>97,Φ60*H120mm,60°,15W,AJ/CG,ARAS1560/30/60/B,R-41159492,IS 10322 (PART 5/SEC1):2012,8899,"Guangdong Sat Technology Co. Ltd., No. 11 Lianbao Rd, Shengfeng District, Xiaolan Town, Zhongshan City, Guangdong, China – 528400",https://wsrv.nl/?url=https%3A%2F%2Fi.ibb.co%2F1t9vpjBt%2FAltair-Prime-15-mat-black-default.png&output=webp&q=78
Altair prime 15,ARAD1503,36V DC,350mA,3000K, CRI>97,Φ60*H120mm,60°,15W,AJ/CG,ARAS1560/30/60/CG,R-41159492,IS 10322 (PART 5/SEC1):2012,9899,"Guangdong Sat Technology Co. Ltd., No. 11 Lianbao Rd, Shengfeng District, Xiaolan Town, Zhongshan City, Guangdong, China – 528400",https://wsrv.nl/?url=https%3A%2F%2Fi.ibb.co%2FHDwGbZqD%2FAltair-Prime-15-champeing-gold.png&output=webp&q=78
Altair prime 15,ARAD1503,36V DC,350mA,3000K, CRI>97,Φ60*H120mm,60°,15W,AJ/CG,ARAS1560/30/60/RG,R-41159492,IS 10322 (PART 5/SEC1):2012,9899,"Guangdong Sat Technology Co. Ltd., No. 11 Lianbao Rd, Shengfeng District, Xiaolan Town, Zhongshan City, Guangdong, China – 528400",https://wsrv.nl/?url=https%3A%2F%2Fi.ibb.co%2FrfZBW6GW%2FAltair-Prime-15-rose-gold.png&output=webp&q=78
Altair prime 15,ARAD1503,36V DC,350mA,3000K, CRI>97,Φ60*H120mm,60°,15W,AJ/CG,ARAS1560/30/60/BR,R-41159492,IS 10322 (PART 5/SEC1):2012,9899,"Guangdong Sat Technology Co. Ltd., No. 11 Lianbao Rd, Shengfeng District, Xiaolan Town, Zhongshan City, Guangdong, China – 528400",https://wsrv.nl/?url=https%3A%2F%2Fi.ibb.co%2FHDnd9yGS%2FAltair-Prime-15-brown.png&output=webp&q=78
Altair prime 15,ARAD1503,36V DC,350mA,3000K, CRI>97,Φ60*H120mm,60°,15W,AJ/CG,ARAS1560/30/60/COF,R-41159492,IS 10322 (PART 5/SEC1):2012,9899,"Guangdong Sat Technology Co. Ltd., No. 11 Lianbao Rd, Shengfeng District, Xiaolan Town, Zhongshan City, Guangdong, China – 528400",https://wsrv.nl/?url=https%3A%2F%2Fi.ibb.co%2FCK8rTTCw%2FAltair-Prime-15-coffee.png&output=webp&q=78
Altair prime 15,ARAD1503,36V DC,350mA,3000K, CRI>97,Φ60*H120mm,60°,15W,AJ/CG,ARAS1560/30/60/DGR,R-41159492,IS 10322 (PART 5/SEC1):2012,9899,"Guangdong Sat Technology Co. Ltd., No. 11 Lianbao Rd, Shengfeng District, Xiaolan Town, Zhongshan City, Guangdong, China – 528400",https://wsrv.nl/?url=https%3A%2F%2Fi.ibb.co%2Fx8KDZbzR%2FAltair-Prime-15-dark-gray-default-001.png&output=webp&q=78
Altair prime 15,ARAD1503,36V DC,350mA,3000K, CRI>97,Φ60*H120mm,60°,15W,AJ/CG,ARAS1560/30/60/BB,R-41159492,IS 10322 (PART 5/SEC1):2012,9899,"Guangdong Sat Technology Co. Ltd., No. 11 Lianbao Rd, Shengfeng District, Xiaolan Town, Zhongshan City, Guangdong, China – 528400",https://wsrv.nl/?url=https%3A%2F%2Fi.ibb.co%2FZzS3YsDH%2FAltair-Prime-15-ballet-blue.png&output=webp&q=78
Altair prime 15,ARAD1503,36V DC,350mA,3000K, CRI>97,Φ60*H120mm,60°,15W,AJ/CG,ARAS1560/30/60/CH,R-41159492,IS 10322 (PART 5/SEC1):2012,9899,"Guangdong Sat Technology Co. Ltd., No. 11 Lianbao Rd, Shengfeng District, Xiaolan Town, Zhongshan City, Guangdong, China – 528400",https://wsrv.nl/?url=https%3A%2F%2Fi.ibb.co%2FLhZc3jdq%2FAltair-Prime-15-chrome.png&output=webp&q=78
Altair prime 15,ARAD1503,36V DC,350mA,3000K, CRI>97,Φ60*H120mm,60°,15W,AJ/CG,ARAS1560/30/60/CHB,R-41159492,IS 10322 (PART 5/SEC1):2012,9899,"Guangdong Sat Technology Co. Ltd., No. 11 Lianbao Rd, Shengfeng District, Xiaolan Town, Zhongshan City, Guangdong, China – 528400",https://wsrv.nl/?url=https%3A%2F%2Fi.ibb.co%2FtFJYNqs%2FAltair-Prime-15-chrome-black.png&output=webp&q=78
Altair prime 15,ARAD1503,36V DC,350mA,3500K, CRI>97,Φ60*H120mm,60°,15W,AJ/CG,ARAS1560/35/60/W,R-41159492,IS 10322 (PART 5/SEC1):2012,8899,"Guangdong Sat Technology Co. Ltd., No. 11 Lianbao Rd, Shengfeng District, Xiaolan Town, Zhongshan City, Guangdong, China – 528400",https://wsrv.nl/?url=https%3A%2F%2Fi.ibb.co%2FVWqkgwtb%2FAltair-Prime-15-white.png&output=webp&q=78
Altair prime 15,ARAD1503,36V DC,350mA,3500K, CRI>97,Φ60*H120mm,60°,15W,AJ/CG,ARAS1560/35/60/B,R-41159492,IS 10322 (PART 5/SEC1):2012,8899,"Guangdong Sat Technology Co. Ltd., No. 11 Lianbao Rd, Shengfeng District, Xiaolan Town, Zhongshan City, Guangdong, China – 528400",https://wsrv.nl/?url=https%3A%2F%2Fi.ibb.co%2F1t9vpjBt%2FAltair-Prime-15-mat-black-default.png&output=webp&q=78
Altair prime 15,ARAD1503,36V DC,350mA,3500K, CRI>97,Φ60*H120mm,60°,15W,AJ/CG,ARAS1560/35/60/CG,R-41159492,IS 10322 (PART 5/SEC1):2012,9899,"Guangdong Sat Technology Co. Ltd., No. 11 Lianbao Rd, Shengfeng District, Xiaolan Town, Zhongshan City, Guangdong, China – 528400",https://wsrv.nl/?url=https%3A%2F%2Fi.ibb.co%2FHDwGbZqD%2FAltair-Prime-15-champeing-gold.png&output=webp&q=78
Altair prime 15,ARAD1503,36V DC,350mA,3500K, CRI>97,Φ60*H120mm,60°,15W,AJ/CG,ARAS1560/35/60/RG,R-41159492,IS 10322 (PART 5/SEC1):2012,9899,"Guangdong Sat Technology Co. Ltd., No. 11 Lianbao Rd, Shengfeng District, Xiaolan Town, Zhongshan City, Guangdong, China – 528400",https://wsrv.nl/?url=https%3A%2F%2Fi.ibb.co%2FrfZBW6GW%2FAltair-Prime-15-rose-gold.png&output=webp&q=78
Altair prime 15,ARAD1503,36V DC,350mA,3500K, CRI>97,Φ60*H120mm,60°,15W,AJ/CG,ARAS1560/35/60/BR,R-41159492,IS 10322 (PART 5/SEC1):2012,9899,"Guangdong Sat Technology Co. Ltd., No. 11 Lianbao Rd, Shengfeng District, Xiaolan Town, Zhongshan City, Guangdong, China – 528400",https://wsrv.nl/?url=https%3A%2F%2Fi.ibb.co%2FHDnd9yGS%2FAltair-Prime-15-brown.png&output=webp&q=78
Altair prime 15,ARAD1503,36V DC,350mA,3500K, CRI>97,Φ60*H120mm,60°,15W,AJ/CG,ARAS1560/35/60/COF,R-41159492,IS 10322 (PART 5/SEC1):2012,9899,"Guangdong Sat Technology Co. Ltd., No. 11 Lianbao Rd, Shengfeng District, Xiaolan Town, Zhongshan City, Guangdong, China – 528400",https://wsrv.nl/?url=https%3A%2F%2Fi.ibb.co%2FCK8rTTCw%2FAltair-Prime-15-coffee.png&output=webp&q=78
Altair prime 15,ARAD1503,36V DC,350mA,3500K, CRI>97,Φ60*H120mm,60°,15W,AJ/CG,ARAS1560/35/60/DGR,R-41159492,IS 10322 (PART 5/SEC1):2012,9899,"Guangdong Sat Technology Co. Ltd., No. 11 Lianbao Rd, Shengfeng District, Xiaolan Town, Zhongshan City, Guangdong, China – 528400",https://wsrv.nl/?url=https%3A%2F%2Fi.ibb.co%2Fx8KDZbzR%2FAltair-Prime-15-dark-gray-default-001.png&output=webp&q=78
Altair prime 15,ARAD1503,36V DC,350mA,3500K, CRI>97,Φ60*H120mm,60°,15W,AJ/CG,ARAS1560/35/60/BB,R-41159492,IS 10322 (PART 5/SEC1):2012,9899,"Guangdong Sat Technology Co. Ltd., No. 11 Lianbao Rd, Shengfeng District, Xiaolan Town, Zhongshan City, Guangdong, China – 528400",https://wsrv.nl/?url=https%3A%2F%2Fi.ibb.co%2FZzS3YsDH%2FAltair-Prime-15-ballet-blue.png&output=webp&q=78
Altair prime 15,ARAD1503,36V DC,350mA,3500K, CRI>97,Φ60*H120mm,60°,15W,AJ/CG,ARAS1560/35/60/CH,R-41159492,IS 10322 (PART 5/SEC1):2012,9899,"Guangdong Sat Technology Co. Ltd., No. 11 Lianbao Rd, Shengfeng District, Xiaolan Town, Zhongshan City, Guangdong, China – 528400",https://wsrv.nl/?url=https%3A%2F%2Fi.ibb.co%2FLhZc3jdq%2FAltair-Prime-15-chrome.png&output=webp&q=78
Altair prime 15,ARAD1503,36V DC,350mA,3500K, CRI>97,Φ60*H120mm,60°,15W,AJ/CG,ARAS1560/35/60/CHB,R-41159492,IS 10322 (PART 5/SEC1):2012,9899,"Guangdong Sat Technology Co. Ltd., No. 11 Lianbao Rd, Shengfeng District, Xiaolan Town, Zhongshan City, Guangdong, China – 528400",https://wsrv.nl/?url=https%3A%2F%2Fi.ibb.co%2FtFJYNqs%2FAltair-Prime-15-chrome-black.png&output=webp&q=78
Altair prime 15,ARAD1503,36V DC,350mA,4000K, CRI>97,Φ60*H120mm,60°,15W,AJ/CG,ARAS1560/40/60/W,R-41159492,IS 10322 (PART 5/SEC1):2012,8899,"Guangdong Sat Technology Co. Ltd., No. 11 Lianbao Rd, Shengfeng District, Xiaolan Town, Zhongshan City, Guangdong, China – 528400",https://wsrv.nl/?url=https%3A%2F%2Fi.ibb.co%2FVWqkgwtb%2FAltair-Prime-15-white.png&output=webp&q=78
Altair prime 15,ARAD1503,36V DC,350mA,4000K, CRI>97,Φ60*H120mm,60°,15W,AJ/CG,ARAS1560/40/60/B,R-41159492,IS 10322 (PART 5/SEC1):2012,8899,"Guangdong Sat Technology Co. Ltd., No. 11 Lianbao Rd, Shengfeng District, Xiaolan Town, Zhongshan City, Guangdong, China – 528400",https://wsrv.nl/?url=https%3A%2F%2Fi.ibb.co%2F1t9vpjBt%2FAltair-Prime-15-mat-black-default.png&output=webp&q=78
Altair prime 15,ARAD1503,36V DC,350mA,4000K, CRI>97,Φ60*H120mm,60°,15W,AJ/CG,ARAS1560/40/60/CG,R-41159492,IS 10322 (PART 5/SEC1):2012,9899,"Guangdong Sat Technology Co. Ltd., No. 11 Lianbao Rd, Shengfeng District, Xiaolan Town, Zhongshan City, Guangdong, China – 528400",https://wsrv.nl/?url=https%3A%2F%2Fi.ibb.co%2FHDwGbZqD%2FAltair-Prime-15-champeing-gold.png&output=webp&q=78
Altair prime 15,ARAD1503,36V DC,350mA,4000K, CRI>97,Φ60*H120mm,60°,15W,AJ/CG,ARAS1560/40/60/RG,R-41159492,IS 10322 (PART 5/SEC1):2012,9899,"Guangdong Sat Technology Co. Ltd., No. 11 Lianbao Rd, Shengfeng District, Xiaolan Town, Zhongshan City, Guangdong, China – 528400",https://wsrv.nl/?url=https%3A%2F%2Fi.ibb.co%2FrfZBW6GW%2FAltair-Prime-15-rose-gold.png&output=webp&q=78
Altair prime 15,ARAD1503,36V DC,350mA,4000K, CRI>97,Φ60*H120mm,60°,15W,AJ/CG,ARAS1560/40/60/BR,R-41159492,IS 10322 (PART 5/SEC1):2012,9899,"Guangdong Sat Technology Co. Ltd., No. 11 Lianbao Rd, Shengfeng District, Xiaolan Town, Zhongshan City, Guangdong, China – 528400",https://wsrv.nl/?url=https%3A%2F%2Fi.ibb.co%2FHDnd9yGS%2FAltair-Prime-15-brown.png&output=webp&q=78
Altair prime 15,ARAD1503,36V DC,350mA,4000K, CRI>97,Φ60*H120mm,60°,15W,AJ/CG,ARAS1560/40/60/COF,R-41159492,IS 10322 (PART 5/SEC1):2012,9899,"Guangdong Sat Technology Co. Ltd., No. 11 Lianbao Rd, Shengfeng District, Xiaolan Town, Zhongshan City, Guangdong, China – 528400",https://wsrv.nl/?url=https%3A%2F%2Fi.ibb.co%2FCK8rTTCw%2FAltair-Prime-15-coffee.png&output=webp&q=78
Altair prime 15,ARAD1503,36V DC,350mA,4000K, CRI>97,Φ60*H120mm,60°,15W,AJ/CG,ARAS1560/40/60/DGR,R-41159492,IS 10322 (PART 5/SEC1):2012,9899,"Guangdong Sat Technology Co. Ltd., No. 11 Lianbao Rd, Shengfeng District, Xiaolan Town, Zhongshan City, Guangdong, China – 528400",https://wsrv.nl/?url=https%3A%2F%2Fi.ibb.co%2Fx8KDZbzR%2FAltair-Prime-15-dark-gray-default-001.png&output=webp&q=78
Altair prime 15,ARAD1503,36V DC,350mA,4000K, CRI>97,Φ60*H120mm,60°,15W,AJ/CG,ARAS1560/40/60/BB,R-41159492,IS 10322 (PART 5/SEC1):2012,9899,"Guangdong Sat Technology Co. Ltd., No. 11 Lianbao Rd, Shengfeng District, Xiaolan Town, Zhongshan City, Guangdong, China – 528400",https://wsrv.nl/?url=https%3A%2F%2Fi.ibb.co%2FZzS3YsDH%2FAltair-Prime-15-ballet-blue.png&output=webp&q=78
Altair prime 15,ARAD1503,36V DC,350mA,4000K, CRI>97,Φ60*H120mm,60°,15W,AJ/CG,ARAS1560/40/60/CH,R-41159492,IS 10322 (PART 5/SEC1):2012,9899,"Guangdong Sat Technology Co. Ltd., No. 11 Lianbao Rd, Shengfeng District, Xiaolan Town, Zhongshan City, Guangdong, China – 528400",https://wsrv.nl/?url=https%3A%2F%2Fi.ibb.co%2FLhZc3jdq%2FAltair-Prime-15-chrome.png&output=webp&q=78
Altair prime 15,ARAD1503,36V DC,350mA,4000K, CRI>97,Φ60*H120mm,60°,15W,AJ/CG,ARAS1560/40/60/CHB,R-41159492,IS 10322 (PART 5/SEC1):2012,9899,"Guangdong Sat Technology Co. Ltd., No. 11 Lianbao Rd, Shengfeng District, Xiaolan Town, Zhongshan City, Guangdong, China – 528400",https://wsrv.nl/?url=https%3A%2F%2Fi.ibb.co%2FtFJYNqs%2FAltair-Prime-15-chrome-black.png&output=webp&q=78
Altair prime 15,ARAD1503,36V DC,350mA,5000K, CRI>97,Φ60*H120mm,60°,15W,AJ/CG,ARAS1560/50/60/W,R-41159492,IS 10322 (PART 5/SEC1):2012,8899,"Guangdong Sat Technology Co. Ltd., No. 11 Lianbao Rd, Shengfeng District, Xiaolan Town, Zhongshan City, Guangdong, China – 528400",https://wsrv.nl/?url=https%3A%2F%2Fi.ibb.co%2FVWqkgwtb%2FAltair-Prime-15-white.png&output=webp&q=78
Altair prime 15,ARAD1503,36V DC,350mA,5000K, CRI>97,Φ60*H120mm,60°,15W,AJ/CG,ARAS1560/50/60/B,R-41159492,IS 10322 (PART 5/SEC1):2012,8899,"Guangdong Sat Technology Co. Ltd., No. 11 Lianbao Rd, Shengfeng District, Xiaolan Town, Zhongshan City, Guangdong, China – 528400",https://wsrv.nl/?url=https%3A%2F%2Fi.ibb.co%2F1t9vpjBt%2FAltair-Prime-15-mat-black-default.png&output=webp&q=78
Altair prime 15,ARAD1503,36V DC,350mA,5000K, CRI>97,Φ60*H120mm,60°,15W,AJ/CG,ARAS1560/50/60/CG,R-41159492,IS 10322 (PART 5/SEC1):2012,9899,"Guangdong Sat Technology Co. Ltd., No. 11 Lianbao Rd, Shengfeng District, Xiaolan Town, Zhongshan City, Guangdong, China – 528400",https://wsrv.nl/?url=https%3A%2F%2Fi.ibb.co%2FHDwGbZqD%2FAltair-Prime-15-champeing-gold.png&output=webp&q=78
Altair prime 15,ARAD1503,36V DC,350mA,5000K, CRI>97,Φ60*H120mm,60°,15W,AJ/CG,ARAS1560/50/60/RG,R-41159492,IS 10322 (PART 5/SEC1):2012,9899,"Guangdong Sat Technology Co. Ltd., No. 11 Lianbao Rd, Shengfeng District, Xiaolan Town, Zhongshan City, Guangdong, China – 528400",https://wsrv.nl/?url=https%3A%2F%2Fi.ibb.co%2FrfZBW6GW%2FAltair-Prime-15-rose-gold.png&output=webp&q=78
Altair prime 15,ARAD1503,36V DC,350mA,5000K, CRI>97,Φ60*H120mm,60°,15W,AJ/CG,ARAS1560/50/60/BR,R-41159492,IS 10322 (PART 5/SEC1):2012,9899,"Guangdong Sat Technology Co. Ltd., No. 11 Lianbao Rd, Shengfeng District, Xiaolan Town, Zhongshan City, Guangdong, China – 528400",https://wsrv.nl/?url=https%3A%2F%2Fi.ibb.co%2FHDnd9yGS%2FAltair-Prime-15-brown.png&output=webp&q=78
Altair prime 15,ARAD1503,36V DC,350mA,5000K, CRI>97,Φ60*H120mm,60°,15W,AJ/CG,ARAS1560/50/60/COF,R-41159492,IS 10322 (PART 5/SEC1):2012,9899,"Guangdong Sat Technology Co. Ltd., No. 11 Lianbao Rd, Shengfeng District, Xiaolan Town, Zhongshan City, Guangdong, China – 528400",https://wsrv.nl/?url=https%3A%2F%2Fi.ibb.co%2FCK8rTTCw%2FAltair-Prime-15-coffee.png&output=webp&q=78
Altair prime 15,ARAD1503,36V DC,350mA,5000K, CRI>97,Φ60*H120mm,60°,15W,AJ/CG,ARAS1560/50/60/DGR,R-41159492,IS 10322 (PART 5/SEC1):2012,9899,"Guangdong Sat Technology Co. Ltd., No. 11 Lianbao Rd, Shengfeng District, Xiaolan Town, Zhongshan City, Guangdong, China – 528400",https://wsrv.nl/?url=https%3A%2F%2Fi.ibb.co%2Fx8KDZbzR%2FAltair-Prime-15-dark-gray-default-001.png&output=webp&q=78
Altair prime 15,ARAD1503,36V DC,350mA,5000K, CRI>97,Φ60*H120mm,60°,15W,AJ/CG,ARAS1560/50/60/BB,R-41159492,IS 10322 (PART 5/SEC1):2012,9899,"Guangdong Sat Technology Co. Ltd., No. 11 Lianbao Rd, Shengfeng District, Xiaolan Town, Zhongshan City, Guangdong, China – 528400",https://wsrv.nl/?url=https%3A%2F%2Fi.ibb.co%2FZzS3YsDH%2FAltair-Prime-15-ballet-blue.png&output=webp&q=78
Altair prime 15,ARAD1503,36V DC,350mA,5000K, CRI>97,Φ60*H120mm,60°,15W,AJ/CG,ARAS1560/50/60/CH,R-41159492,IS 10322 (PART 5/SEC1):2012,9899,"Guangdong Sat Technology Co. Ltd., No. 11 Lianbao Rd, Shengfeng District, Xiaolan Town, Zhongshan City, Guangdong, China – 528400",https://wsrv.nl/?url=https%3A%2F%2Fi.ibb.co%2FLhZc3jdq%2FAltair-Prime-15-chrome.png&output=webp&q=78
Altair prime 15,ARAD1503,36V DC,350mA,5000K, CRI>97,Φ60*H120mm,60°,15W,AJ/CG,ARAS1560/50/60/CHB,R-41159492,IS 10322 (PART 5/SEC1):2012,9899,"Guangdong Sat Technology Co. Ltd., No. 11 Lianbao Rd, Shengfeng District, Xiaolan Town, Zhongshan City, Guangdong, China – 528400",https://wsrv.nl/?url=https%3A%2F%2Fi.ibb.co%2FtFJYNqs%2FAltair-Prime-15-chrome-black.png&output=webp&q=78
Altair prime 15 Tunable,ARAD1503,36V DC,350mA,2700K~6500K, CRI>97,Φ60*H120mm,15°,15W,AJ/CG,ARAS1560/CT/15/W,R-41159492,IS 10322 (PART 5/SEC1):2012,10099,"Guangdong Sat Technology Co. Ltd., No. 11 Lianbao Rd, Shengfeng District, Xiaolan Town, Zhongshan City, Guangdong, China – 528400",https://wsrv.nl/?url=https%3A%2F%2Fi.ibb.co%2FVWqkgwtb%2FAltair-Prime-15-white.png&output=webp&q=78
Altair prime 15 Tunable,ARAD1503,36V DC,350mA,2700K~6500K, CRI>97,Φ60*H120mm,15°,15W,AJ/CG,ARAS1560/CT/15/B,R-41159492,IS 10322 (PART 5/SEC1):2012,10099,"Guangdong Sat Technology Co. Ltd., No. 11 Lianbao Rd, Shengfeng District, Xiaolan Town, Zhongshan City, Guangdong, China – 528400",https://wsrv.nl/?url=https%3A%2F%2Fi.ibb.co%2F1t9vpjBt%2FAltair-Prime-15-mat-black-default.png&output=webp&q=78
Altair prime 15 Tunable,ARAD1503,36V DC,350mA,2700K~6500K, CRI>97,Φ60*H120mm,15°,15W,AJ/CG,ARAS1560/CT/15/CG,R-41159492,IS 10322 (PART 5/SEC1):2012,11099,"Guangdong Sat Technology Co. Ltd., No. 11 Lianbao Rd, Shengfeng District, Xiaolan Town, Zhongshan City, Guangdong, China – 528400",https://wsrv.nl/?url=https%3A%2F%2Fi.ibb.co%2FHDwGbZqD%2FAltair-Prime-15-champeing-gold.png&output=webp&q=78
Altair prime 15 Tunable,ARAD1503,36V DC,350mA,2700K~6500K, CRI>97,Φ60*H120mm,15°,15W,AJ/CG,ARAS1560/CT/15/RG,R-41159492,IS 10322 (PART 5/SEC1):2012,11099,"Guangdong Sat Technology Co. Ltd., No. 11 Lianbao Rd, Shengfeng District, Xiaolan Town, Zhongshan City, Guangdong, China – 528400",https://wsrv.nl/?url=https%3A%2F%2Fi.ibb.co%2FrfZBW6GW%2FAltair-Prime-15-rose-gold.png&output=webp&q=78
Altair prime 15 Tunable,ARAD1503,36V DC,350mA,2700K~6500K, CRI>97,Φ60*H120mm,15°,15W,AJ/CG,ARAS1560/CT/15/BR,R-41159492,IS 10322 (PART 5/SEC1):2012,11099,"Guangdong Sat Technology Co. Ltd., No. 11 Lianbao Rd, Shengfeng District, Xiaolan Town, Zhongshan City, Guangdong, China – 528400",https://wsrv.nl/?url=https%3A%2F%2Fi.ibb.co%2FHDnd9yGS%2FAltair-Prime-15-brown.png&output=webp&q=78
Altair prime 15 Tunable,ARAD1503,36V DC,350mA,2700K~6500K, CRI>97,Φ60*H120mm,15°,15W,AJ/CG,ARAS1560/CT/15/COF,R-41159492,IS 10322 (PART 5/SEC1):2012,11099,"Guangdong Sat Technology Co. Ltd., No. 11 Lianbao Rd, Shengfeng District, Xiaolan Town, Zhongshan City, Guangdong, China – 528400",https://wsrv.nl/?url=https%3A%2F%2Fi.ibb.co%2FCK8rTTCw%2FAltair-Prime-15-coffee.png&output=webp&q=78
Altair prime 15 Tunable,ARAD1503,36V DC,350mA,2700K~6500K, CRI>97,Φ60*H120mm,15°,15W,AJ/CG,ARAS1560/CT/15/DGR,R-41159492,IS 10322 (PART 5/SEC1):2012,11099,"Guangdong Sat Technology Co. Ltd., No. 11 Lianbao Rd, Shengfeng District, Xiaolan Town, Zhongshan City, Guangdong, China – 528400",https://wsrv.nl/?url=https%3A%2F%2Fi.ibb.co%2Fx8KDZbzR%2FAltair-Prime-15-dark-gray-default-001.png&output=webp&q=78
Altair prime 15 Tunable,ARAD1503,36V DC,350mA,2700K~6500K, CRI>97,Φ60*H120mm,15°,15W,AJ/CG,ARAS1560/CT/15/BB,R-41159492,IS 10322 (PART 5/SEC1):2012,11099,"Guangdong Sat Technology Co. Ltd., No. 11 Lianbao Rd, Shengfeng District, Xiaolan Town, Zhongshan City, Guangdong, China – 528400",https://wsrv.nl/?url=https%3A%2F%2Fi.ibb.co%2FZzS3YsDH%2FAltair-Prime-15-ballet-blue.png&output=webp&q=78
Altair prime 15 Tunable,ARAD1503,36V DC,350mA,2700K~6500K, CRI>97,Φ60*H120mm,15°,15W,AJ/CG,ARAS1560/CT/15/CH,R-41159492,IS 10322 (PART 5/SEC1):2012,11099,"Guangdong Sat Technology Co. Ltd., No. 11 Lianbao Rd, Shengfeng District, Xiaolan Town, Zhongshan City, Guangdong, China – 528400",https://wsrv.nl/?url=https%3A%2F%2Fi.ibb.co%2FLhZc3jdq%2FAltair-Prime-15-chrome.png&output=webp&q=78
Altair prime 15 Tunable,ARAD1503,36V DC,350mA,2700K~6500K, CRI>97,Φ60*H120mm,15°,15W,AJ/CG,ARAS1560/CT/15/CHB,R-41159492,IS 10322 (PART 5/SEC1):2012,11099,"Guangdong Sat Technology Co. Ltd., No. 11 Lianbao Rd, Shengfeng District, Xiaolan Town, Zhongshan City, Guangdong, China – 528400",https://wsrv.nl/?url=https%3A%2F%2Fi.ibb.co%2FtFJYNqs%2FAltair-Prime-15-chrome-black.png&output=webp&q=78
Altair prime 15 Tunable,ARAD1503,36V DC,350mA,2700K~6500K, CRI>97,Φ60*H120mm,24°,15W,AJ/CG,ARAS1560/CT/24/W,R-41159492,IS 10322 (PART 5/SEC1):2012,10099,"Guangdong Sat Technology Co. Ltd., No. 11 Lianbao Rd, Shengfeng District, Xiaolan Town, Zhongshan City, Guangdong, China – 528400",https://wsrv.nl/?url=https%3A%2F%2Fi.ibb.co%2FVWqkgwtb%2FAltair-Prime-15-white.png&output=webp&q=78
Altair prime 15 Tunable,ARAD1503,36V DC,350mA,2700K~6500K, CRI>97,Φ60*H120mm,24°,15W,AJ/CG,ARAS1560/CT/24/B,R-41159492,IS 10322 (PART 5/SEC1):2012,10099,"Guangdong Sat Technology Co. Ltd., No. 11 Lianbao Rd, Shengfeng District, Xiaolan Town, Zhongshan City, Guangdong, China – 528400",https://wsrv.nl/?url=https%3A%2F%2Fi.ibb.co%2F1t9vpjBt%2FAltair-Prime-15-mat-black-default.png&output=webp&q=78
Altair prime 15 Tunable,ARAD1503,36V DC,350mA,2700K~6500K, CRI>97,Φ60*H120mm,24°,15W,AJ/CG,ARAS1560/CT/24/CG,R-41159492,IS 10322 (PART 5/SEC1):2012,11099,"Guangdong Sat Technology Co. Ltd., No. 11 Lianbao Rd, Shengfeng District, Xiaolan Town, Zhongshan City, Guangdong, China – 528400",https://wsrv.nl/?url=https%3A%2F%2Fi.ibb.co%2FHDwGbZqD%2FAltair-Prime-15-champeing-gold.png&output=webp&q=78
Altair prime 15 Tunable,ARAD1503,36V DC,350mA,2700K~6500K, CRI>97,Φ60*H120mm,24°,15W,AJ/CG,ARAS1560/CT/24/RG,R-41159492,IS 10322 (PART 5/SEC1):2012,11099,"Guangdong Sat Technology Co. Ltd., No. 11 Lianbao Rd, Shengfeng District, Xiaolan Town, Zhongshan City, Guangdong, China – 528400",https://wsrv.nl/?url=https%3A%2F%2Fi.ibb.co%2FrfZBW6GW%2FAltair-Prime-15-rose-gold.png&output=webp&q=78
Altair prime 15 Tunable,ARAD1503,36V DC,350mA,2700K~6500K, CRI>97,Φ60*H120mm,24°,15W,AJ/CG,ARAS1560/CT/24/BR,R-41159492,IS 10322 (PART 5/SEC1):2012,11099,"Guangdong Sat Technology Co. Ltd., No. 11 Lianbao Rd, Shengfeng District, Xiaolan Town, Zhongshan City, Guangdong, China – 528400",https://wsrv.nl/?url=https%3A%2F%2Fi.ibb.co%2FHDnd9yGS%2FAltair-Prime-15-brown.png&output=webp&q=78
Altair prime 15 Tunable,ARAD1503,36V DC,350mA,2700K~6500K, CRI>97,Φ60*H120mm,24°,15W,AJ/CG,ARAS1560/CT/24/COF,R-41159492,IS 10322 (PART 5/SEC1):2012,11099,"Guangdong Sat Technology Co. Ltd., No. 11 Lianbao Rd, Shengfeng District, Xiaolan Town, Zhongshan City, Guangdong, China – 528400",https://wsrv.nl/?url=https%3A%2F%2Fi.ibb.co%2FCK8rTTCw%2FAltair-Prime-15-coffee.png&output=webp&q=78
Altair prime 15 Tunable,ARAD1503,36V DC,350mA,2700K~6500K, CRI>97,Φ60*H120mm,24°,15W,AJ/CG,ARAS1560/CT/24/DGR,R-41159492,IS 10322 (PART 5/SEC1):2012,11099,"Guangdong Sat Technology Co. Ltd., No. 11 Lianbao Rd, Shengfeng District, Xiaolan Town, Zhongshan City, Guangdong, China – 528400",https://wsrv.nl/?url=https%3A%2F%2Fi.ibb.co%2Fx8KDZbzR%2FAltair-Prime-15-dark-gray-default-001.png&output=webp&q=78
Altair prime 15 Tunable,ARAD1503,36V DC,350mA,2700K~6500K, CRI>97,Φ60*H120mm,24°,15W,AJ/CG,ARAS1560/CT/24/BB,R-41159492,IS 10322 (PART 5/SEC1):2012,11099,"Guangdong Sat Technology Co. Ltd., No. 11 Lianbao Rd, Shengfeng District, Xiaolan Town, Zhongshan City, Guangdong, China – 528400",https://wsrv.nl/?url=https%3A%2F%2Fi.ibb.co%2FZzS3YsDH%2FAltair-Prime-15-ballet-blue.png&output=webp&q=78
Altair prime 15 Tunable,ARAD1503,36V DC,350mA,2700K~6500K, CRI>97,Φ60*H120mm,24°,15W,AJ/CG,ARAS1560/CT/24/CH,R-41159492,IS 10322 (PART 5/SEC1):2012,11099,"Guangdong Sat Technology Co. Ltd., No. 11 Lianbao Rd, Shengfeng District, Xiaolan Town, Zhongshan City, Guangdong, China – 528400",https://wsrv.nl/?url=https%3A%2F%2Fi.ibb.co%2FLhZc3jdq%2FAltair-Prime-15-chrome.png&output=webp&q=78
Altair prime 15 Tunable,ARAD1503,36V DC,350mA,2700K~6500K, CRI>97,Φ60*H120mm,24°,15W,AJ/CG,ARAS1560/CT/24/CHB,R-41159492,IS 10322 (PART 5/SEC1):2012,11099,"Guangdong Sat Technology Co. Ltd., No. 11 Lianbao Rd, Shengfeng District, Xiaolan Town, Zhongshan City, Guangdong, China – 528400",https://wsrv.nl/?url=https%3A%2F%2Fi.ibb.co%2FtFJYNqs%2FAltair-Prime-15-chrome-black.png&output=webp&q=78
Altair prime 15 Tunable,ARAD1503,36V DC,350mA,2700K~6500K, CRI>97,Φ60*H120mm,36°,15W,AJ/CG,ARAS1560/CT/36/W,R-41159492,IS 10322 (PART 5/SEC1):2012,10099,"Guangdong Sat Technology Co. Ltd., No. 11 Lianbao Rd, Shengfeng District, Xiaolan Town, Zhongshan City, Guangdong, China – 528400",https://wsrv.nl/?url=https%3A%2F%2Fi.ibb.co%2FVWqkgwtb%2FAltair-Prime-15-white.png&output=webp&q=78
Altair prime 15 Tunable,ARAD1503,36V DC,350mA,2700K~6500K, CRI>97,Φ60*H120mm,36°,15W,AJ/CG,ARAS1560/CT/36/B,R-41159492,IS 10322 (PART 5/SEC1):2012,10099,"Guangdong Sat Technology Co. Ltd., No. 11 Lianbao Rd, Shengfeng District, Xiaolan Town, Zhongshan City, Guangdong, China – 528400",https://wsrv.nl/?url=https%3A%2F%2Fi.ibb.co%2F1t9vpjBt%2FAltair-Prime-15-mat-black-default.png&output=webp&q=78
Altair prime 15 Tunable,ARAD1503,36V DC,350mA,2700K~6500K, CRI>97,Φ60*H120mm,36°,15W,AJ/CG,ARAS1560/CT/36/CG,R-41159492,IS 10322 (PART 5/SEC1):2012,11099,"Guangdong Sat Technology Co. Ltd., No. 11 Lianbao Rd, Shengfeng District, Xiaolan Town, Zhongshan City, Guangdong, China – 528400",https://wsrv.nl/?url=https%3A%2F%2Fi.ibb.co%2FHDwGbZqD%2FAltair-Prime-15-champeing-gold.png&output=webp&q=78
Altair prime 15 Tunable,ARAD1503,36V DC,350mA,2700K~6500K, CRI>97,Φ60*H120mm,36°,15W,AJ/CG,ARAS1560/CT/36/RG,R-41159492,IS 10322 (PART 5/SEC1):2012,11099,"Guangdong Sat Technology Co. Ltd., No. 11 Lianbao Rd, Shengfeng District, Xiaolan Town, Zhongshan City, Guangdong, China – 528400",https://wsrv.nl/?url=https%3A%2F%2Fi.ibb.co%2FrfZBW6GW%2FAltair-Prime-15-rose-gold.png&output=webp&q=78
Altair prime 15 Tunable,ARAD1503,36V DC,350mA,2700K~6500K, CRI>97,Φ60*H120mm,36°,15W,AJ/CG,ARAS1560/CT/36/BR,R-41159492,IS 10322 (PART 5/SEC1):2012,11099,"Guangdong Sat Technology Co. Ltd., No. 11 Lianbao Rd, Shengfeng District, Xiaolan Town, Zhongshan City, Guangdong, China – 528400",https://wsrv.nl/?url=https%3A%2F%2Fi.ibb.co%2FHDnd9yGS%2FAltair-Prime-15-brown.png&output=webp&q=78
Altair prime 15 Tunable,ARAD1503,36V DC,350mA,2700K~6500K, CRI>97,Φ60*H120mm,36°,15W,AJ/CG,ARAS1560/CT/36/COF,R-41159492,IS 10322 (PART 5/SEC1):2012,11099,"Guangdong Sat Technology Co. Ltd., No. 11 Lianbao Rd, Shengfeng District, Xiaolan Town, Zhongshan City, Guangdong, China – 528400",https://wsrv.nl/?url=https%3A%2F%2Fi.ibb.co%2FCK8rTTCw%2FAltair-Prime-15-coffee.png&output=webp&q=78
Altair prime 15 Tunable,ARAD1503,36V DC,350mA,2700K~6500K, CRI>97,Φ60*H120mm,36°,15W,AJ/CG,ARAS1560/CT/36/DGR,R-41159492,IS 10322 (PART 5/SEC1):2012,11099,"Guangdong Sat Technology Co. Ltd., No. 11 Lianbao Rd, Shengfeng District, Xiaolan Town, Zhongshan City, Guangdong, China – 528400",https://wsrv.nl/?url=https%3A%2F%2Fi.ibb.co%2Fx8KDZbzR%2FAltair-Prime-15-dark-gray-default-001.png&output=webp&q=78
Altair prime 15 Tunable,ARAD1503,36V DC,350mA,2700K~6500K, CRI>97,Φ60*H120mm,36°,15W,AJ/CG,ARAS1560/CT/36/BB,R-41159492,IS 10322 (PART 5/SEC1):2012,11099,"Guangdong Sat Technology Co. Ltd., No. 11 Lianbao Rd, Shengfeng District, Xiaolan Town, Zhongshan City, Guangdong, China – 528400",https://wsrv.nl/?url=https%3A%2F%2Fi.ibb.co%2FZzS3YsDH%2FAltair-Prime-15-ballet-blue.png&output=webp&q=78
Altair prime 15 Tunable,ARAD1503,36V DC,350mA,2700K~6500K, CRI>97,Φ60*H120mm,36°,15W,AJ/CG,ARAS1560/CT/36/CH,R-41159492,IS 10322 (PART 5/SEC1):2012,11099,"Guangdong Sat Technology Co. Ltd., No. 11 Lianbao Rd, Shengfeng District, Xiaolan Town, Zhongshan City, Guangdong, China – 528400",https://wsrv.nl/?url=https%3A%2F%2Fi.ibb.co%2FLhZc3jdq%2FAltair-Prime-15-chrome.png&output=webp&q=78
Altair prime 15 Tunable,ARAD1503,36V DC,350mA,2700K~6500K, CRI>97,Φ60*H120mm,36°,15W,AJ/CG,ARAS1560/CT/36/CHB,R-41159492,IS 10322 (PART 5/SEC1):2012,11099,"Guangdong Sat Technology Co. Ltd., No. 11 Lianbao Rd, Shengfeng District, Xiaolan Town, Zhongshan City, Guangdong, China – 528400",https://wsrv.nl/?url=https%3A%2F%2Fi.ibb.co%2FtFJYNqs%2FAltair-Prime-15-chrome-black.png&output=webp&q=78
Altair prime 15 Tunable,ARAD1503,36V DC,350mA,2700K~6500K, CRI>97,Φ60*H120mm,60°,15W,AJ/CG,ARAS1560/CT/60/W,R-41159492,IS 10322 (PART 5/SEC1):2012,10099,"Guangdong Sat Technology Co. Ltd., No. 11 Lianbao Rd, Shengfeng District, Xiaolan Town, Zhongshan City, Guangdong, China – 528400",https://wsrv.nl/?url=https%3A%2F%2Fi.ibb.co%2FVWqkgwtb%2FAltair-Prime-15-white.png&output=webp&q=78
Altair prime 15 Tunable,ARAD1503,36V DC,350mA,2700K~6500K, CRI>97,Φ60*H120mm,60°,15W,AJ/CG,ARAS1560/CT/60/B,R-41159492,IS 10322 (PART 5/SEC1):2012,10099,"Guangdong Sat Technology Co. Ltd., No. 11 Lianbao Rd, Shengfeng District, Xiaolan Town, Zhongshan City, Guangdong, China – 528400",https://wsrv.nl/?url=https%3A%2F%2Fi.ibb.co%2F1t9vpjBt%2FAltair-Prime-15-mat-black-default.png&output=webp&q=78
Altair prime 15 Tunable,ARAD1503,36V DC,350mA,2700K~6500K, CRI>97,Φ60*H120mm,60°,15W,AJ/CG,ARAS1560/CT/60/CG,R-41159492,IS 10322 (PART 5/SEC1):2012,11099,"Guangdong Sat Technology Co. Ltd., No. 11 Lianbao Rd, Shengfeng District, Xiaolan Town, Zhongshan City, Guangdong, China – 528400",https://wsrv.nl/?url=https%3A%2F%2Fi.ibb.co%2FHDwGbZqD%2FAltair-Prime-15-champeing-gold.png&output=webp&q=78
Altair prime 15 Tunable,ARAD1503,36V DC,350mA,2700K~6500K, CRI>97,Φ60*H120mm,60°,15W,AJ/CG,ARAS1560/CT/60/RG,R-41159492,IS 10322 (PART 5/SEC1):2012,11099,"Guangdong Sat Technology Co. Ltd., No. 11 Lianbao Rd, Shengfeng District, Xiaolan Town, Zhongshan City, Guangdong, China – 528400",https://wsrv.nl/?url=https%3A%2F%2Fi.ibb.co%2FrfZBW6GW%2FAltair-Prime-15-rose-gold.png&output=webp&q=78
Altair prime 15 Tunable,ARAD1503,36V DC,350mA,2700K~6500K, CRI>97,Φ60*H120mm,60°,15W,AJ/CG,ARAS1560/CT/60/BR,R-41159492,IS 10322 (PART 5/SEC1):2012,11099,"Guangdong Sat Technology Co. Ltd., No. 11 Lianbao Rd, Shengfeng District, Xiaolan Town, Zhongshan City, Guangdong, China – 528400",https://wsrv.nl/?url=https%3A%2F%2Fi.ibb.co%2FHDnd9yGS%2FAltair-Prime-15-brown.png&output=webp&q=78
Altair prime 15 Tunable,ARAD1503,36V DC,350mA,2700K~6500K, CRI>97,Φ60*H120mm,60°,15W,AJ/CG,ARAS1560/CT/60/COF,R-41159492,IS 10322 (PART 5/SEC1):2012,11099,"Guangdong Sat Technology Co. Ltd., No. 11 Lianbao Rd, Shengfeng District, Xiaolan Town, Zhongshan City, Guangdong, China – 528400",https://wsrv.nl/?url=https%3A%2F%2Fi.ibb.co%2FCK8rTTCw%2FAltair-Prime-15-coffee.png&output=webp&q=78
Altair prime 15 Tunable,ARAD1503,36V DC,350mA,2700K~6500K, CRI>97,Φ60*H120mm,60°,15W,AJ/CG,ARAS1560/CT/60/DGR,R-41159492,IS 10322 (PART 5/SEC1):2012,11099,"Guangdong Sat Technology Co. Ltd., No. 11 Lianbao Rd, Shengfeng District, Xiaolan Town, Zhongshan City, Guangdong, China – 528400",https://wsrv.nl/?url=https%3A%2F%2Fi.ibb.co%2Fx8KDZbzR%2FAltair-Prime-15-dark-gray-default-001.png&output=webp&q=78
Altair prime 15 Tunable,ARAD1503,36V DC,350mA,2700K~6500K, CRI>97,Φ60*H120mm,60°,15W,AJ/CG,ARAS1560/CT/60/BB,R-41159492,IS 10322 (PART 5/SEC1):2012,11099,"Guangdong Sat Technology Co. Ltd., No. 11 Lianbao Rd, Shengfeng District, Xiaolan Town, Zhongshan City, Guangdong, China – 528400",https://wsrv.nl/?url=https%3A%2F%2Fi.ibb.co%2FZzS3YsDH%2FAltair-Prime-15-ballet-blue.png&output=webp&q=78
Altair prime 15 Tunable,ARAD1503,36V DC,350mA,2700K~6500K, CRI>97,Φ60*H120mm,60°,15W,AJ/CG,ARAS1560/CT/60/CH,R-41159492,IS 10322 (PART 5/SEC1):2012,11099,"Guangdong Sat Technology Co. Ltd., No. 11 Lianbao Rd, Shengfeng District, Xiaolan Town, Zhongshan City, Guangdong, China – 528400",https://wsrv.nl/?url=https%3A%2F%2Fi.ibb.co%2FLhZc3jdq%2FAltair-Prime-15-chrome.png&output=webp&q=78
Altair prime 15 Tunable,ARAD1503,36V DC,350mA,2700K~6500K, CRI>97,Φ60*H120mm,60°,15W,AJ/CG,ARAS1560/CT/60/CHB,R-41159492,IS 10322 (PART 5/SEC1):2012,11099,"Guangdong Sat Technology Co. Ltd., No. 11 Lianbao Rd, Shengfeng District, Xiaolan Town, Zhongshan City, Guangdong, China – 528400",https://wsrv.nl/?url=https%3A%2F%2Fi.ibb.co%2FtFJYNqs%2FAltair-Prime-15-chrome-black.png&output=webp&q=78
Altair prime 20,ARAD1504,36V DC,500mA,2700K, CRI>97,Φ60*H170mm,15°,20W,AJ/CG,ARAS2060/27/15/W,R-41159492,IS 10322 (PART 5/SEC1):2012,10099,"Guangdong Sat Technology Co. Ltd., No. 11 Lianbao Rd, Shengfeng District, Xiaolan Town, Zhongshan City, Guangdong, China – 528400",https://wsrv.nl/?url=https%3A%2F%2Fi.ibb.co%2FVWqkgwtb%2FAltair-Prime-20-white.png&output=webp&q=78
Altair prime 20,ARAD1504,36V DC,500mA,2700K, CRI>97,Φ60*H170mm,15°,20W,AJ/CG,ARAS2060/27/15/B,R-41159492,IS 10322 (PART 5/SEC1):2012,10099,"Guangdong Sat Technology Co. Ltd., No. 11 Lianbao Rd, Shengfeng District, Xiaolan Town, Zhongshan City, Guangdong, China – 528400",https://wsrv.nl/?url=https%3A%2F%2Fi.ibb.co%2F1t9vpjBt%2FAltair-Prime-20-mat-black-default.png&output=webp&q=78
Altair prime 20,ARAD1504,36V DC,500mA,2700K, CRI>97,Φ60*H170mm,15°,20W,AJ/CG,ARAS2060/27/15/CG,R-41159492,IS 10322 (PART 5/SEC1):2012,11099,"Guangdong Sat Technology Co. Ltd., No. 11 Lianbao Rd, Shengfeng District, Xiaolan Town, Zhongshan City, Guangdong, China – 528400",https://wsrv.nl/?url=https%3A%2F%2Fi.ibb.co%2FHDwGbZqD%2FAltair-Prime-20-champeing-gold.png&output=webp&q=78
Altair prime 20,ARAD1504,36V DC,500mA,2700K, CRI>97,Φ60*H170mm,15°,20W,AJ/CG,ARAS2060/27/15/RG,R-41159492,IS 10322 (PART 5/SEC1):2012,11099,"Guangdong Sat Technology Co. Ltd., No. 11 Lianbao Rd, Shengfeng District, Xiaolan Town, Zhongshan City, Guangdong, China – 528400",https://wsrv.nl/?url=https%3A%2F%2Fi.ibb.co%2FrfZBW6GW%2FAltair-Prime-20-rose-gold.png&output=webp&q=78
Altair prime 20,ARAD1504,36V DC,500mA,2700K, CRI>97,Φ60*H170mm,15°,20W,AJ/CG,ARAS2060/27/15/BR,R-41159492,IS 10322 (PART 5/SEC1):2012,11099,"Guangdong Sat Technology Co. Ltd., No. 11 Lianbao Rd, Shengfeng District, Xiaolan Town, Zhongshan City, Guangdong, China – 528400",https://wsrv.nl/?url=https%3A%2F%2Fi.ibb.co%2FHDnd9yGS%2FAltair-Prime-20-brown.png&output=webp&q=78
Altair prime 20,ARAD1504,36V DC,500mA,2700K, CRI>97,Φ60*H170mm,15°,20W,AJ/CG,ARAS2060/27/15/COF,R-41159492,IS 10322 (PART 5/SEC1):2012,11099,"Guangdong Sat Technology Co. Ltd., No. 11 Lianbao Rd, Shengfeng District, Xiaolan Town, Zhongshan City, Guangdong, China – 528400",https://wsrv.nl/?url=https%3A%2F%2Fi.ibb.co%2FCK8rTTCw%2FAltair-Prime-20-coffee.png&output=webp&q=78
Altair prime 20,ARAD1504,36V DC,500mA,2700K, CRI>97,Φ60*H170mm,15°,20W,AJ/CG,ARAS2060/27/15/DGR,R-41159492,IS 10322 (PART 5/SEC1):2012,11099,"Guangdong Sat Technology Co. Ltd., No. 11 Lianbao Rd, Shengfeng District, Xiaolan Town, Zhongshan City, Guangdong, China – 528400",https://wsrv.nl/?url=https%3A%2F%2Fi.ibb.co%2Fx8KDZbzR%2FAltair-Prime-20-dark-gray-default-001.png&output=webp&q=78
Altair prime 20,ARAD1504,36V DC,500mA,2700K, CRI>97,Φ60*H170mm,15°,20W,AJ/CG,ARAS2060/27/15/BB,R-41159492,IS 10322 (PART 5/SEC1):2012,11099,"Guangdong Sat Technology Co. Ltd., No. 11 Lianbao Rd, Shengfeng District, Xiaolan Town, Zhongshan City, Guangdong, China – 528400",https://wsrv.nl/?url=https%3A%2F%2Fi.ibb.co%2FZzS3YsDH%2FAltair-Prime-20-ballet-blue.png&output=webp&q=78
Altair prime 20,ARAD1504,36V DC,500mA,2700K, CRI>97,Φ60*H170mm,15°,20W,AJ/CG,ARAS2060/27/15/CH,R-41159492,IS 10322 (PART 5/SEC1):2012,11099,"Guangdong Sat Technology Co. Ltd., No. 11 Lianbao Rd, Shengfeng District, Xiaolan Town, Zhongshan City, Guangdong, China – 528400",https://wsrv.nl/?url=https%3A%2F%2Fi.ibb.co%2FLhZc3jdq%2FAltair-Prime-20-chrome.png&output=webp&q=78
Altair prime 20,ARAD1504,36V DC,500mA,2700K, CRI>97,Φ60*H170mm,15°,20W,AJ/CG,ARAS2060/27/15/CHB,R-41159492,IS 10322 (PART 5/SEC1):2012,11099,"Guangdong Sat Technology Co. Ltd., No. 11 Lianbao Rd, Shengfeng District, Xiaolan Town, Zhongshan City, Guangdong, China – 528400",https://wsrv.nl/?url=https%3A%2F%2Fi.ibb.co%2FtFJYNqs%2FAltair-Prime-20-chrome-black.png&output=webp&q=78
Altair prime 20,ARAD1504,36V DC,500mA,3000K, CRI>97,Φ60*H170mm,15°,20W,AJ/CG,ARAS2060/30/15/W,R-41159492,IS 10322 (PART 5/SEC1):2012,10099,"Guangdong Sat Technology Co. Ltd., No. 11 Lianbao Rd, Shengfeng District, Xiaolan Town, Zhongshan City, Guangdong, China – 528400",https://wsrv.nl/?url=https%3A%2F%2Fi.ibb.co%2FVWqkgwtb%2FAltair-Prime-20-white.png&output=webp&q=78
Altair prime 20,ARAD1504,36V DC,500mA,3000K, CRI>97,Φ60*H170mm,15°,20W,AJ/CG,ARAS2060/30/15/B,R-41159492,IS 10322 (PART 5/SEC1):2012,10099,"Guangdong Sat Technology Co. Ltd., No. 11 Lianbao Rd, Shengfeng District, Xiaolan Town, Zhongshan City, Guangdong, China – 528400",https://wsrv.nl/?url=https%3A%2F%2Fi.ibb.co%2F1t9vpjBt%2FAltair-Prime-20-mat-black-default.png&output=webp&q=78
Altair prime 20,ARAD1504,36V DC,500mA,3000K, CRI>97,Φ60*H170mm,15°,20W,AJ/CG,ARAS2060/30/15/CG,R-41159492,IS 10322 (PART 5/SEC1):2012,11099,"Guangdong Sat Technology Co. Ltd., No. 11 Lianbao Rd, Shengfeng District, Xiaolan Town, Zhongshan City, Guangdong, China – 528400",https://wsrv.nl/?url=https%3A%2F%2Fi.ibb.co%2FHDwGbZqD%2FAltair-Prime-20-champeing-gold.png&output=webp&q=78
Altair prime 20,ARAD1504,36V DC,500mA,3000K, CRI>97,Φ60*H170mm,15°,20W,AJ/CG,ARAS2060/30/15/RG,R-41159492,IS 10322 (PART 5/SEC1):2012,11099,"Guangdong Sat Technology Co. Ltd., No. 11 Lianbao Rd, Shengfeng District, Xiaolan Town, Zhongshan City, Guangdong, China – 528400",https://wsrv.nl/?url=https%3A%2F%2Fi.ibb.co%2FrfZBW6GW%2FAltair-Prime-20-rose-gold.png&output=webp&q=78
Altair prime 20,ARAD1504,36V DC,500mA,3000K, CRI>97,Φ60*H170mm,15°,20W,AJ/CG,ARAS2060/30/15/BR,R-41159492,IS 10322 (PART 5/SEC1):2012,11099,"Guangdong Sat Technology Co. Ltd., No. 11 Lianbao Rd, Shengfeng District, Xiaolan Town, Zhongshan City, Guangdong, China – 528400",https://wsrv.nl/?url=https%3A%2F%2Fi.ibb.co%2FHDnd9yGS%2FAltair-Prime-20-brown.png&output=webp&q=78
Altair prime 20,ARAD1504,36V DC,500mA,3000K, CRI>97,Φ60*H170mm,15°,20W,AJ/CG,ARAS2060/30/15/COF,R-41159492,IS 10322 (PART 5/SEC1):2012,11099,"Guangdong Sat Technology Co. Ltd., No. 11 Lianbao Rd, Shengfeng District, Xiaolan Town, Zhongshan City, Guangdong, China – 528400",https://wsrv.nl/?url=https%3A%2F%2Fi.ibb.co%2FCK8rTTCw%2FAltair-Prime-20-coffee.png&output=webp&q=78
Altair prime 20,ARAD1504,36V DC,500mA,3000K, CRI>97,Φ60*H170mm,15°,20W,AJ/CG,ARAS2060/30/15/DGR,R-41159492,IS 10322 (PART 5/SEC1):2012,11099,"Guangdong Sat Technology Co. Ltd., No. 11 Lianbao Rd, Shengfeng District, Xiaolan Town, Zhongshan City, Guangdong, China – 528400",https://wsrv.nl/?url=https%3A%2F%2Fi.ibb.co%2Fx8KDZbzR%2FAltair-Prime-20-dark-gray-default-001.png&output=webp&q=78
Altair prime 20,ARAD1504,36V DC,500mA,3000K, CRI>97,Φ60*H170mm,15°,20W,AJ/CG,ARAS2060/30/15/BB,R-41159492,IS 10322 (PART 5/SEC1):2012,11099,"Guangdong Sat Technology Co. Ltd., No. 11 Lianbao Rd, Shengfeng District, Xiaolan Town, Zhongshan City, Guangdong, China – 528400",https://wsrv.nl/?url=https%3A%2F%2Fi.ibb.co%2FZzS3YsDH%2FAltair-Prime-20-ballet-blue.png&output=webp&q=78
Altair prime 20,ARAD1504,36V DC,500mA,3000K, CRI>97,Φ60*H170mm,15°,20W,AJ/CG,ARAS2060/30/15/CH,R-41159492,IS 10322 (PART 5/SEC1):2012,11099,"Guangdong Sat Technology Co. Ltd., No. 11 Lianbao Rd, Shengfeng District, Xiaolan Town, Zhongshan City, Guangdong, China – 528400",https://wsrv.nl/?url=https%3A%2F%2Fi.ibb.co%2FLhZc3jdq%2FAltair-Prime-20-chrome.png&output=webp&q=78
Altair prime 20,ARAD1504,36V DC,500mA,3000K, CRI>97,Φ60*H170mm,15°,20W,AJ/CG,ARAS2060/30/15/CHB,R-41159492,IS 10322 (PART 5/SEC1):2012,11099,"Guangdong Sat Technology Co. Ltd., No. 11 Lianbao Rd, Shengfeng District, Xiaolan Town, Zhongshan City, Guangdong, China – 528400",https://wsrv.nl/?url=https%3A%2F%2Fi.ibb.co%2FtFJYNqs%2FAltair-Prime-20-chrome-black.png&output=webp&q=78
Altair prime 20,ARAD1504,36V DC,500mA,3500K, CRI>97,Φ60*H170mm,15°,20W,AJ/CG,ARAS2060/35/15/W,R-41159492,IS 10322 (PART 5/SEC1):2012,10099,"Guangdong Sat Technology Co. Ltd., No. 11 Lianbao Rd, Shengfeng District, Xiaolan Town, Zhongshan City, Guangdong, China – 528400",https://wsrv.nl/?url=https%3A%2F%2Fi.ibb.co%2FVWqkgwtb%2FAltair-Prime-20-white.png&output=webp&q=78
Altair prime 20,ARAD1504,36V DC,500mA,3500K, CRI>97,Φ60*H170mm,15°,20W,AJ/CG,ARAS2060/35/15/B,R-41159492,IS 10322 (PART 5/SEC1):2012,10099,"Guangdong Sat Technology Co. Ltd., No. 11 Lianbao Rd, Shengfeng District, Xiaolan Town, Zhongshan City, Guangdong, China – 528400",https://wsrv.nl/?url=https%3A%2F%2Fi.ibb.co%2F1t9vpjBt%2FAltair-Prime-20-mat-black-default.png&output=webp&q=78
Altair prime 20,ARAD1504,36V DC,500mA,3500K, CRI>97,Φ60*H170mm,15°,20W,AJ/CG,ARAS2060/35/15/CG,R-41159492,IS 10322 (PART 5/SEC1):2012,11099,"Guangdong Sat Technology Co. Ltd., No. 11 Lianbao Rd, Shengfeng District, Xiaolan Town, Zhongshan City, Guangdong, China – 528400",https://wsrv.nl/?url=https%3A%2F%2Fi.ibb.co%2FHDwGbZqD%2FAltair-Prime-20-champeing-gold.png&output=webp&q=78
Altair prime 20,ARAD1504,36V DC,500mA,3500K, CRI>97,Φ60*H170mm,15°,20W,AJ/CG,ARAS2060/35/15/RG,R-41159492,IS 10322 (PART 5/SEC1):2012,11099,"Guangdong Sat Technology Co. Ltd., No. 11 Lianbao Rd, Shengfeng District, Xiaolan Town, Zhongshan City, Guangdong, China – 528400",https://wsrv.nl/?url=https%3A%2F%2Fi.ibb.co%2FrfZBW6GW%2FAltair-Prime-20-rose-gold.png&output=webp&q=78
Altair prime 20,ARAD1504,36V DC,500mA,3500K, CRI>97,Φ60*H170mm,15°,20W,AJ/CG,ARAS2060/35/15/BR,R-41159492,IS 10322 (PART 5/SEC1):2012,11099,"Guangdong Sat Technology Co. Ltd., No. 11 Lianbao Rd, Shengfeng District, Xiaolan Town, Zhongshan City, Guangdong, China – 528400",https://wsrv.nl/?url=https%3A%2F%2Fi.ibb.co%2FHDnd9yGS%2FAltair-Prime-20-brown.png&output=webp&q=78
Altair prime 20,ARAD1504,36V DC,500mA,3500K, CRI>97,Φ60*H170mm,15°,20W,AJ/CG,ARAS2060/35/15/COF,R-41159492,IS 10322 (PART 5/SEC1):2012,11099,"Guangdong Sat Technology Co. Ltd., No. 11 Lianbao Rd, Shengfeng District, Xiaolan Town, Zhongshan City, Guangdong, China – 528400",https://wsrv.nl/?url=https%3A%2F%2Fi.ibb.co%2FCK8rTTCw%2FAltair-Prime-20-coffee.png&output=webp&q=78
Altair prime 20,ARAD1504,36V DC,500mA,3500K, CRI>97,Φ60*H170mm,15°,20W,AJ/CG,ARAS2060/35/15/DGR,R-41159492,IS 10322 (PART 5/SEC1):2012,11099,"Guangdong Sat Technology Co. Ltd., No. 11 Lianbao Rd, Shengfeng District, Xiaolan Town, Zhongshan City, Guangdong, China – 528400",https://wsrv.nl/?url=https%3A%2F%2Fi.ibb.co%2Fx8KDZbzR%2FAltair-Prime-20-dark-gray-default-001.png&output=webp&q=78
Altair prime 20,ARAD1504,36V DC,500mA,3500K, CRI>97,Φ60*H170mm,15°,20W,AJ/CG,ARAS2060/35/15/BB,R-41159492,IS 10322 (PART 5/SEC1):2012,11099,"Guangdong Sat Technology Co. Ltd., No. 11 Lianbao Rd, Shengfeng District, Xiaolan Town, Zhongshan City, Guangdong, China – 528400",https://wsrv.nl/?url=https%3A%2F%2Fi.ibb.co%2FZzS3YsDH%2FAltair-Prime-20-ballet-blue.png&output=webp&q=78
Altair prime 20,ARAD1504,36V DC,500mA,3500K, CRI>97,Φ60*H170mm,15°,20W,AJ/CG,ARAS2060/35/15/CH,R-41159492,IS 10322 (PART 5/SEC1):2012,11099,"Guangdong Sat Technology Co. Ltd., No. 11 Lianbao Rd, Shengfeng District, Xiaolan Town, Zhongshan City, Guangdong, China – 528400",https://wsrv.nl/?url=https%3A%2F%2Fi.ibb.co%2FLhZc3jdq%2FAltair-Prime-20-chrome.png&output=webp&q=78
Altair prime 20,ARAD1504,36V DC,500mA,3500K, CRI>97,Φ60*H170mm,15°,20W,AJ/CG,ARAS2060/35/15/CHB,R-41159492,IS 10322 (PART 5/SEC1):2012,11099,"Guangdong Sat Technology Co. Ltd., No. 11 Lianbao Rd, Shengfeng District, Xiaolan Town, Zhongshan City, Guangdong, China – 528400",https://wsrv.nl/?url=https%3A%2F%2Fi.ibb.co%2FtFJYNqs%2FAltair-Prime-20-chrome-black.png&output=webp&q=78
Altair prime 20,ARAD1504,36V DC,500mA,4000K, CRI>97,Φ60*H170mm,15°,20W,AJ/CG,ARAS2060/40/15/W,R-41159492,IS 10322 (PART 5/SEC1):2012,10099,"Guangdong Sat Technology Co. Ltd., No. 11 Lianbao Rd, Shengfeng District, Xiaolan Town, Zhongshan City, Guangdong, China – 528400",https://wsrv.nl/?url=https%3A%2F%2Fi.ibb.co%2FVWqkgwtb%2FAltair-Prime-20-white.png&output=webp&q=78
Altair prime 20,ARAD1504,36V DC,500mA,4000K, CRI>97,Φ60*H170mm,15°,20W,AJ/CG,ARAS2060/40/15/B,R-41159492,IS 10322 (PART 5/SEC1):2012,10099,"Guangdong Sat Technology Co. Ltd., No. 11 Lianbao Rd, Shengfeng District, Xiaolan Town, Zhongshan City, Guangdong, China – 528400",https://wsrv.nl/?url=https%3A%2F%2Fi.ibb.co%2F1t9vpjBt%2FAltair-Prime-20-mat-black-default.png&output=webp&q=78
Altair prime 20,ARAD1504,36V DC,500mA,4000K, CRI>97,Φ60*H170mm,15°,20W,AJ/CG,ARAS2060/40/15/CG,R-41159492,IS 10322 (PART 5/SEC1):2012,11099,"Guangdong Sat Technology Co. Ltd., No. 11 Lianbao Rd, Shengfeng District, Xiaolan Town, Zhongshan City, Guangdong, China – 528400",https://wsrv.nl/?url=https%3A%2F%2Fi.ibb.co%2FHDwGbZqD%2FAltair-Prime-20-champeing-gold.png&output=webp&q=78
Altair prime 20,ARAD1504,36V DC,500mA,4000K, CRI>97,Φ60*H170mm,15°,20W,AJ/CG,ARAS2060/40/15/RG,R-41159492,IS 10322 (PART 5/SEC1):2012,11099,"Guangdong Sat Technology Co. Ltd., No. 11 Lianbao Rd, Shengfeng District, Xiaolan Town, Zhongshan City, Guangdong, China – 528400",https://wsrv.nl/?url=https%3A%2F%2Fi.ibb.co%2FrfZBW6GW%2FAltair-Prime-20-rose-gold.png&output=webp&q=78
Altair prime 20,ARAD1504,36V DC,500mA,4000K, CRI>97,Φ60*H170mm,15°,20W,AJ/CG,ARAS2060/40/15/BR,R-41159492,IS 10322 (PART 5/SEC1):2012,11099,"Guangdong Sat Technology Co. Ltd., No. 11 Lianbao Rd, Shengfeng District, Xiaolan Town, Zhongshan City, Guangdong, China – 528400",https://wsrv.nl/?url=https%3A%2F%2Fi.ibb.co%2FHDnd9yGS%2FAltair-Prime-20-brown.png&output=webp&q=78
Altair prime 20,ARAD1504,36V DC,500mA,4000K, CRI>97,Φ60*H170mm,15°,20W,AJ/CG,ARAS2060/40/15/COF,R-41159492,IS 10322 (PART 5/SEC1):2012,11099,"Guangdong Sat Technology Co. Ltd., No. 11 Lianbao Rd, Shengfeng District, Xiaolan Town, Zhongshan City, Guangdong, China – 528400",https://wsrv.nl/?url=https%3A%2F%2Fi.ibb.co%2FCK8rTTCw%2FAltair-Prime-20-coffee.png&output=webp&q=78
Altair prime 20,ARAD1504,36V DC,500mA,4000K, CRI>97,Φ60*H170mm,15°,20W,AJ/CG,ARAS2060/40/15/DGR,R-41159492,IS 10322 (PART 5/SEC1):2012,11099,"Guangdong Sat Technology Co. Ltd., No. 11 Lianbao Rd, Shengfeng District, Xiaolan Town, Zhongshan City, Guangdong, China – 528400",https://wsrv.nl/?url=https%3A%2F%2Fi.ibb.co%2Fx8KDZbzR%2FAltair-Prime-20-dark-gray-default-001.png&output=webp&q=78
Altair prime 20,ARAD1504,36V DC,500mA,4000K, CRI>97,Φ60*H170mm,15°,20W,AJ/CG,ARAS2060/40/15/BB,R-41159492,IS 10322 (PART 5/SEC1):2012,11099,"Guangdong Sat Technology Co. Ltd., No. 11 Lianbao Rd, Shengfeng District, Xiaolan Town, Zhongshan City, Guangdong, China – 528400",https://wsrv.nl/?url=https%3A%2F%2Fi.ibb.co%2FZzS3YsDH%2FAltair-Prime-20-ballet-blue.png&output=webp&q=78
Altair prime 20,ARAD1504,36V DC,500mA,4000K, CRI>97,Φ60*H170mm,15°,20W,AJ/CG,ARAS2060/40/15/CH,R-41159492,IS 10322 (PART 5/SEC1):2012,11099,"Guangdong Sat Technology Co. Ltd., No. 11 Lianbao Rd, Shengfeng District, Xiaolan Town, Zhongshan City, Guangdong, China – 528400",https://wsrv.nl/?url=https%3A%2F%2Fi.ibb.co%2FLhZc3jdq%2FAltair-Prime-20-chrome.png&output=webp&q=78
Altair prime 20,ARAD1504,36V DC,500mA,4000K, CRI>97,Φ60*H170mm,15°,20W,AJ/CG,ARAS2060/40/15/CHB,R-41159492,IS 10322 (PART 5/SEC1):2012,11099,"Guangdong Sat Technology Co. Ltd., No. 11 Lianbao Rd, Shengfeng District, Xiaolan Town, Zhongshan City, Guangdong, China – 528400",https://wsrv.nl/?url=https%3A%2F%2Fi.ibb.co%2FtFJYNqs%2FAltair-Prime-20-chrome-black.png&output=webp&q=78
Altair prime 20,ARAD1504,36V DC,500mA,5000K, CRI>97,Φ60*H170mm,15°,20W,AJ/CG,ARAS2060/50/15/W,R-41159492,IS 10322 (PART 5/SEC1):2012,10099,"Guangdong Sat Technology Co. Ltd., No. 11 Lianbao Rd, Shengfeng District, Xiaolan Town, Zhongshan City, Guangdong, China – 528400",https://wsrv.nl/?url=https%3A%2F%2Fi.ibb.co%2FVWqkgwtb%2FAltair-Prime-20-white.png&output=webp&q=78
Altair prime 20,ARAD1504,36V DC,500mA,5000K, CRI>97,Φ60*H170mm,15°,20W,AJ/CG,ARAS2060/50/15/B,R-41159492,IS 10322 (PART 5/SEC1):2012,10099,"Guangdong Sat Technology Co. Ltd., No. 11 Lianbao Rd, Shengfeng District, Xiaolan Town, Zhongshan City, Guangdong, China – 528400",https://wsrv.nl/?url=https%3A%2F%2Fi.ibb.co%2F1t9vpjBt%2FAltair-Prime-20-mat-black-default.png&output=webp&q=78
Altair prime 20,ARAD1504,36V DC,500mA,5000K, CRI>97,Φ60*H170mm,15°,20W,AJ/CG,ARAS2060/50/15/CG,R-41159492,IS 10322 (PART 5/SEC1):2012,11099,"Guangdong Sat Technology Co. Ltd., No. 11 Lianbao Rd, Shengfeng District, Xiaolan Town, Zhongshan City, Guangdong, China – 528400",https://wsrv.nl/?url=https%3A%2F%2Fi.ibb.co%2FHDwGbZqD%2FAltair-Prime-20-champeing-gold.png&output=webp&q=78
Altair prime 20,ARAD1504,36V DC,500mA,5000K, CRI>97,Φ60*H170mm,15°,20W,AJ/CG,ARAS2060/50/15/RG,R-41159492,IS 10322 (PART 5/SEC1):2012,11099,"Guangdong Sat Technology Co. Ltd., No. 11 Lianbao Rd, Shengfeng District, Xiaolan Town, Zhongshan City, Guangdong, China – 528400",https://wsrv.nl/?url=https%3A%2F%2Fi.ibb.co%2FrfZBW6GW%2FAltair-Prime-20-rose-gold.png&output=webp&q=78
Altair prime 20,ARAD1504,36V DC,500mA,5000K, CRI>97,Φ60*H170mm,15°,20W,AJ/CG,ARAS2060/50/15/BR,R-41159492,IS 10322 (PART 5/SEC1):2012,11099,"Guangdong Sat Technology Co. Ltd., No. 11 Lianbao Rd, Shengfeng District, Xiaolan Town, Zhongshan City, Guangdong, China – 528400",https://wsrv.nl/?url=https%3A%2F%2Fi.ibb.co%2FHDnd9yGS%2FAltair-Prime-20-brown.png&output=webp&q=78
Altair prime 20,ARAD1504,36V DC,500mA,5000K, CRI>97,Φ60*H170mm,15°,20W,AJ/CG,ARAS2060/50/15/COF,R-41159492,IS 10322 (PART 5/SEC1):2012,11099,"Guangdong Sat Technology Co. Ltd., No. 11 Lianbao Rd, Shengfeng District, Xiaolan Town, Zhongshan City, Guangdong, China – 528400",https://wsrv.nl/?url=https%3A%2F%2Fi.ibb.co%2FCK8rTTCw%2FAltair-Prime-20-coffee.png&output=webp&q=78
Altair prime 20,ARAD1504,36V DC,500mA,5000K, CRI>97,Φ60*H170mm,15°,20W,AJ/CG,ARAS2060/50/15/DGR,R-41159492,IS 10322 (PART 5/SEC1):2012,11099,"Guangdong Sat Technology Co. Ltd., No. 11 Lianbao Rd, Shengfeng District, Xiaolan Town, Zhongshan City, Guangdong, China – 528400",https://wsrv.nl/?url=https%3A%2F%2Fi.ibb.co%2Fx8KDZbzR%2FAltair-Prime-20-dark-gray-default-001.png&output=webp&q=78
Altair prime 20,ARAD1504,36V DC,500mA,5000K, CRI>97,Φ60*H170mm,15°,20W,AJ/CG,ARAS2060/50/15/BB,R-41159492,IS 10322 (PART 5/SEC1):2012,11099,"Guangdong Sat Technology Co. Ltd., No. 11 Lianbao Rd, Shengfeng District, Xiaolan Town, Zhongshan City, Guangdong, China – 528400",https://wsrv.nl/?url=https%3A%2F%2Fi.ibb.co%2FZzS3YsDH%2FAltair-Prime-20-ballet-blue.png&output=webp&q=78
Altair prime 20,ARAD1504,36V DC,500mA,5000K, CRI>97,Φ60*H170mm,15°,20W,AJ/CG,ARAS2060/50/15/CH,R-41159492,IS 10322 (PART 5/SEC1):2012,11099,"Guangdong Sat Technology Co. Ltd., No. 11 Lianbao Rd, Shengfeng District, Xiaolan Town, Zhongshan City, Guangdong, China – 528400",https://wsrv.nl/?url=https%3A%2F%2Fi.ibb.co%2FLhZc3jdq%2FAltair-Prime-20-chrome.png&output=webp&q=78
Altair prime 20,ARAD1504,36V DC,500mA,5000K, CRI>97,Φ60*H170mm,15°,20W,AJ/CG,ARAS2060/50/15/CHB,R-41159492,IS 10322 (PART 5/SEC1):2012,11099,"Guangdong Sat Technology Co. Ltd., No. 11 Lianbao Rd, Shengfeng District, Xiaolan Town, Zhongshan City, Guangdong, China – 528400",https://wsrv.nl/?url=https%3A%2F%2Fi.ibb.co%2FtFJYNqs%2FAltair-Prime-20-chrome-black.png&output=webp&q=78
Altair prime 20,ARAD1504,36V DC,500mA,2700K, CRI>97,Φ60*H170mm,24°,20W,AJ/CG,ARAS2060/27/24/W,R-41159492,IS 10322 (PART 5/SEC1):2012,10099,"Guangdong Sat Technology Co. Ltd., No. 11 Lianbao Rd, Shengfeng District, Xiaolan Town, Zhongshan City, Guangdong, China – 528400",https://wsrv.nl/?url=https%3A%2F%2Fi.ibb.co%2FVWqkgwtb%2FAltair-Prime-20-white.png&output=webp&q=78
Altair prime 20,ARAD1504,36V DC,500mA,2700K, CRI>97,Φ60*H170mm,24°,20W,AJ/CG,ARAS2060/27/24/B,R-41159492,IS 10322 (PART 5/SEC1):2012,10099,"Guangdong Sat Technology Co. Ltd., No. 11 Lianbao Rd, Shengfeng District, Xiaolan Town, Zhongshan City, Guangdong, China – 528400",https://wsrv.nl/?url=https%3A%2F%2Fi.ibb.co%2F1t9vpjBt%2FAltair-Prime-20-mat-black-default.png&output=webp&q=78
Altair prime 20,ARAD1504,36V DC,500mA,2700K, CRI>97,Φ60*H170mm,24°,20W,AJ/CG,ARAS2060/27/24/CG,R-41159492,IS 10322 (PART 5/SEC1):2012,11099,"Guangdong Sat Technology Co. Ltd., No. 11 Lianbao Rd, Shengfeng District, Xiaolan Town, Zhongshan City, Guangdong, China – 528400",https://wsrv.nl/?url=https%3A%2F%2Fi.ibb.co%2FHDwGbZqD%2FAltair-Prime-20-champeing-gold.png&output=webp&q=78
Altair prime 20,ARAD1504,36V DC,500mA,2700K, CRI>97,Φ60*H170mm,24°,20W,AJ/CG,ARAS2060/27/24/RG,R-41159492,IS 10322 (PART 5/SEC1):2012,11099,"Guangdong Sat Technology Co. Ltd., No. 11 Lianbao Rd, Shengfeng District, Xiaolan Town, Zhongshan City, Guangdong, China – 528400",https://wsrv.nl/?url=https%3A%2F%2Fi.ibb.co%2FrfZBW6GW%2FAltair-Prime-20-rose-gold.png&output=webp&q=78
Altair prime 20,ARAD1504,36V DC,500mA,2700K, CRI>97,Φ60*H170mm,24°,20W,AJ/CG,ARAS2060/27/24/BR,R-41159492,IS 10322 (PART 5/SEC1):2012,11099,"Guangdong Sat Technology Co. Ltd., No. 11 Lianbao Rd, Shengfeng District, Xiaolan Town, Zhongshan City, Guangdong, China – 528400",https://wsrv.nl/?url=https%3A%2F%2Fi.ibb.co%2FHDnd9yGS%2FAltair-Prime-20-brown.png&output=webp&q=78
Altair prime 20,ARAD1504,36V DC,500mA,2700K, CRI>97,Φ60*H170mm,24°,20W,AJ/CG,ARAS2060/27/24/COF,R-41159492,IS 10322 (PART 5/SEC1):2012,11099,"Guangdong Sat Technology Co. Ltd., No. 11 Lianbao Rd, Shengfeng District, Xiaolan Town, Zhongshan City, Guangdong, China – 528400",https://wsrv.nl/?url=https%3A%2F%2Fi.ibb.co%2FCK8rTTCw%2FAltair-Prime-20-coffee.png&output=webp&q=78
Altair prime 20,ARAD1504,36V DC,500mA,2700K, CRI>97,Φ60*H170mm,24°,20W,AJ/CG,ARAS2060/27/24/DGR,R-41159492,IS 10322 (PART 5/SEC1):2012,11099,"Guangdong Sat Technology Co. Ltd., No. 11 Lianbao Rd, Shengfeng District, Xiaolan Town, Zhongshan City, Guangdong, China – 528400",https://wsrv.nl/?url=https%3A%2F%2Fi.ibb.co%2Fx8KDZbzR%2FAltair-Prime-20-dark-gray-default-001.png&output=webp&q=78
Altair prime 20,ARAD1504,36V DC,500mA,2700K, CRI>97,Φ60*H170mm,24°,20W,AJ/CG,ARAS2060/27/24/BB,R-41159492,IS 10322 (PART 5/SEC1):2012,11099,"Guangdong Sat Technology Co. Ltd., No. 11 Lianbao Rd, Shengfeng District, Xiaolan Town, Zhongshan City, Guangdong, China – 528400",https://wsrv.nl/?url=https%3A%2F%2Fi.ibb.co%2FZzS3YsDH%2FAltair-Prime-20-ballet-blue.png&output=webp&q=78
Altair prime 20,ARAD1504,36V DC,500mA,2700K, CRI>97,Φ60*H170mm,24°,20W,AJ/CG,ARAS2060/27/24/CH,R-41159492,IS 10322 (PART 5/SEC1):2012,11099,"Guangdong Sat Technology Co. Ltd., No. 11 Lianbao Rd, Shengfeng District, Xiaolan Town, Zhongshan City, Guangdong, China – 528400",https://wsrv.nl/?url=https%3A%2F%2Fi.ibb.co%2FLhZc3jdq%2FAltair-Prime-20-chrome.png&output=webp&q=78
Altair prime 20,ARAD1504,36V DC,500mA,2700K, CRI>97,Φ60*H170mm,24°,20W,AJ/CG,ARAS2060/27/24/CHB,R-41159492,IS 10322 (PART 5/SEC1):2012,11099,"Guangdong Sat Technology Co. Ltd., No. 11 Lianbao Rd, Shengfeng District, Xiaolan Town, Zhongshan City, Guangdong, China – 528400",https://wsrv.nl/?url=https%3A%2F%2Fi.ibb.co%2FtFJYNqs%2FAltair-Prime-20-chrome-black.png&output=webp&q=78
Altair prime 20,ARAD1504,36V DC,500mA,3000K, CRI>97,Φ60*H170mm,24°,20W,AJ/CG,ARAS2060/30/24/W,R-41159492,IS 10322 (PART 5/SEC1):2012,10099,"Guangdong Sat Technology Co. Ltd., No. 11 Lianbao Rd, Shengfeng District, Xiaolan Town, Zhongshan City, Guangdong, China – 528400",https://wsrv.nl/?url=https%3A%2F%2Fi.ibb.co%2FVWqkgwtb%2FAltair-Prime-20-white.png&output=webp&q=78
Altair prime 20,ARAD1504,36V DC,500mA,3000K, CRI>97,Φ60*H170mm,24°,20W,AJ/CG,ARAS2060/30/24/B,R-41159492,IS 10322 (PART 5/SEC1):2012,10099,"Guangdong Sat Technology Co. Ltd., No. 11 Lianbao Rd, Shengfeng District, Xiaolan Town, Zhongshan City, Guangdong, China – 528400",https://wsrv.nl/?url=https%3A%2F%2Fi.ibb.co%2F1t9vpjBt%2FAltair-Prime-20-mat-black-default.png&output=webp&q=78
Altair prime 20,ARAD1504,36V DC,500mA,3000K, CRI>97,Φ60*H170mm,24°,20W,AJ/CG,ARAS2060/30/24/CG,R-41159492,IS 10322 (PART 5/SEC1):2012,11099,"Guangdong Sat Technology Co. Ltd., No. 11 Lianbao Rd, Shengfeng District, Xiaolan Town, Zhongshan City, Guangdong, China – 528400",https://wsrv.nl/?url=https%3A%2F%2Fi.ibb.co%2FHDwGbZqD%2FAltair-Prime-20-champeing-gold.png&output=webp&q=78
Altair prime 20,ARAD1504,36V DC,500mA,3000K, CRI>97,Φ60*H170mm,24°,20W,AJ/CG,ARAS2060/30/24/RG,R-41159492,IS 10322 (PART 5/SEC1):2012,11099,"Guangdong Sat Technology Co. Ltd., No. 11 Lianbao Rd, Shengfeng District, Xiaolan Town, Zhongshan City, Guangdong, China – 528400",https://wsrv.nl/?url=https%3A%2F%2Fi.ibb.co%2FrfZBW6GW%2FAltair-Prime-20-rose-gold.png&output=webp&q=78
Altair prime 20,ARAD1504,36V DC,500mA,3000K, CRI>97,Φ60*H170mm,24°,20W,AJ/CG,ARAS2060/30/24/BR,R-41159492,IS 10322 (PART 5/SEC1):2012,11099,"Guangdong Sat Technology Co. Ltd., No. 11 Lianbao Rd, Shengfeng District, Xiaolan Town, Zhongshan City, Guangdong, China – 528400",https://wsrv.nl/?url=https%3A%2F%2Fi.ibb.co%2FHDnd9yGS%2FAltair-Prime-20-brown.png&output=webp&q=78
Altair prime 20,ARAD1504,36V DC,500mA,3000K, CRI>97,Φ60*H170mm,24°,20W,AJ/CG,ARAS2060/30/24/COF,R-41159492,IS 10322 (PART 5/SEC1):2012,11099,"Guangdong Sat Technology Co. Ltd., No. 11 Lianbao Rd, Shengfeng District, Xiaolan Town, Zhongshan City, Guangdong, China – 528400",https://wsrv.nl/?url=https%3A%2F%2Fi.ibb.co%2FCK8rTTCw%2FAltair-Prime-20-coffee.png&output=webp&q=78
Altair prime 20,ARAD1504,36V DC,500mA,3000K, CRI>97,Φ60*H170mm,24°,20W,AJ/CG,ARAS2060/30/24/DGR,R-41159492,IS 10322 (PART 5/SEC1):2012,11099,"Guangdong Sat Technology Co. Ltd., No. 11 Lianbao Rd, Shengfeng District, Xiaolan Town, Zhongshan City, Guangdong, China – 528400",https://wsrv.nl/?url=https%3A%2F%2Fi.ibb.co%2Fx8KDZbzR%2FAltair-Prime-20-dark-gray-default-001.png&output=webp&q=78
Altair prime 20,ARAD1504,36V DC,500mA,3000K, CRI>97,Φ60*H170mm,24°,20W,AJ/CG,ARAS2060/30/24/BB,R-41159492,IS 10322 (PART 5/SEC1):2012,11099,"Guangdong Sat Technology Co. Ltd., No. 11 Lianbao Rd, Shengfeng District, Xiaolan Town, Zhongshan City, Guangdong, China – 528400",https://wsrv.nl/?url=https%3A%2F%2Fi.ibb.co%2FZzS3YsDH%2FAltair-Prime-20-ballet-blue.png&output=webp&q=78
Altair prime 20,ARAD1504,36V DC,500mA,3000K, CRI>97,Φ60*H170mm,24°,20W,AJ/CG,ARAS2060/30/24/CH,R-41159492,IS 10322 (PART 5/SEC1):2012,11099,"Guangdong Sat Technology Co. Ltd., No. 11 Lianbao Rd, Shengfeng District, Xiaolan Town, Zhongshan City, Guangdong, China – 528400",https://wsrv.nl/?url=https%3A%2F%2Fi.ibb.co%2FLhZc3jdq%2FAltair-Prime-20-chrome.png&output=webp&q=78
Altair prime 20,ARAD1504,36V DC,500mA,3000K, CRI>97,Φ60*H170mm,24°,20W,AJ/CG,ARAS2060/30/24/CHB,R-41159492,IS 10322 (PART 5/SEC1):2012,11099,"Guangdong Sat Technology Co. Ltd., No. 11 Lianbao Rd, Shengfeng District, Xiaolan Town, Zhongshan City, Guangdong, China – 528400",https://wsrv.nl/?url=https%3A%2F%2Fi.ibb.co%2FtFJYNqs%2FAltair-Prime-20-chrome-black.png&output=webp&q=78
Altair prime 20,ARAD1504,36V DC,500mA,3500K, CRI>97,Φ60*H170mm,24°,20W,AJ/CG,ARAS2060/35/24/W,R-41159492,IS 10322 (PART 5/SEC1):2012,10099,"Guangdong Sat Technology Co. Ltd., No. 11 Lianbao Rd, Shengfeng District, Xiaolan Town, Zhongshan City, Guangdong, China – 528400",https://wsrv.nl/?url=https%3A%2F%2Fi.ibb.co%2FVWqkgwtb%2FAltair-Prime-20-white.png&output=webp&q=78
Altair prime 20,ARAD1504,36V DC,500mA,3500K, CRI>97,Φ60*H170mm,24°,20W,AJ/CG,ARAS2060/35/24/B,R-41159492,IS 10322 (PART 5/SEC1):2012,10099,"Guangdong Sat Technology Co. Ltd., No. 11 Lianbao Rd, Shengfeng District, Xiaolan Town, Zhongshan City, Guangdong, China – 528400",https://wsrv.nl/?url=https%3A%2F%2Fi.ibb.co%2F1t9vpjBt%2FAltair-Prime-20-mat-black-default.png&output=webp&q=78
Altair prime 20,ARAD1504,36V DC,500mA,3500K, CRI>97,Φ60*H170mm,24°,20W,AJ/CG,ARAS2060/35/24/CG,R-41159492,IS 10322 (PART 5/SEC1):2012,11099,"Guangdong Sat Technology Co. Ltd., No. 11 Lianbao Rd, Shengfeng District, Xiaolan Town, Zhongshan City, Guangdong, China – 528400",https://wsrv.nl/?url=https%3A%2F%2Fi.ibb.co%2FHDwGbZqD%2FAltair-Prime-20-champeing-gold.png&output=webp&q=78
Altair prime 20,ARAD1504,36V DC,500mA,3500K, CRI>97,Φ60*H170mm,24°,20W,AJ/CG,ARAS2060/35/24/RG,R-41159492,IS 10322 (PART 5/SEC1):2012,11099,"Guangdong Sat Technology Co. Ltd., No. 11 Lianbao Rd, Shengfeng District, Xiaolan Town, Zhongshan City, Guangdong, China – 528400",https://wsrv.nl/?url=https%3A%2F%2Fi.ibb.co%2FrfZBW6GW%2FAltair-Prime-20-rose-gold.png&output=webp&q=78
Altair prime 20,ARAD1504,36V DC,500mA,3500K, CRI>97,Φ60*H170mm,24°,20W,AJ/CG,ARAS2060/35/24/BR,R-41159492,IS 10322 (PART 5/SEC1):2012,11099,"Guangdong Sat Technology Co. Ltd., No. 11 Lianbao Rd, Shengfeng District, Xiaolan Town, Zhongshan City, Guangdong, China – 528400",https://wsrv.nl/?url=https%3A%2F%2Fi.ibb.co%2FHDnd9yGS%2FAltair-Prime-20-brown.png&output=webp&q=78
Altair prime 20,ARAD1504,36V DC,500mA,3500K, CRI>97,Φ60*H170mm,24°,20W,AJ/CG,ARAS2060/35/24/COF,R-41159492,IS 10322 (PART 5/SEC1):2012,11099,"Guangdong Sat Technology Co. Ltd., No. 11 Lianbao Rd, Shengfeng District, Xiaolan Town, Zhongshan City, Guangdong, China – 528400",https://wsrv.nl/?url=https%3A%2F%2Fi.ibb.co%2FCK8rTTCw%2FAltair-Prime-20-coffee.png&output=webp&q=78
Altair prime 20,ARAD1504,36V DC,500mA,3500K, CRI>97,Φ60*H170mm,24°,20W,AJ/CG,ARAS2060/35/24/DGR,R-41159492,IS 10322 (PART 5/SEC1):2012,11099,"Guangdong Sat Technology Co. Ltd., No. 11 Lianbao Rd, Shengfeng District, Xiaolan Town, Zhongshan City, Guangdong, China – 528400",https://wsrv.nl/?url=https%3A%2F%2Fi.ibb.co%2Fx8KDZbzR%2FAltair-Prime-20-dark-gray-default-001.png&output=webp&q=78
Altair prime 20,ARAD1504,36V DC,500mA,3500K, CRI>97,Φ60*H170mm,24°,20W,AJ/CG,ARAS2060/35/24/BB,R-41159492,IS 10322 (PART 5/SEC1):2012,11099,"Guangdong Sat Technology Co. Ltd., No. 11 Lianbao Rd, Shengfeng District, Xiaolan Town, Zhongshan City, Guangdong, China – 528400",https://wsrv.nl/?url=https%3A%2F%2Fi.ibb.co%2FZzS3YsDH%2FAltair-Prime-20-ballet-blue.png&output=webp&q=78
Altair prime 20,ARAD1504,36V DC,500mA,3500K, CRI>97,Φ60*H170mm,24°,20W,AJ/CG,ARAS2060/35/24/CH,R-41159492,IS 10322 (PART 5/SEC1):2012,11099,"Guangdong Sat Technology Co. Ltd., No. 11 Lianbao Rd, Shengfeng District, Xiaolan Town, Zhongshan City, Guangdong, China – 528400",https://wsrv.nl/?url=https%3A%2F%2Fi.ibb.co%2FLhZc3jdq%2FAltair-Prime-20-chrome.png&output=webp&q=78
Altair prime 20,ARAD1504,36V DC,500mA,3500K, CRI>97,Φ60*H170mm,24°,20W,AJ/CG,ARAS2060/35/24/CHB,R-41159492,IS 10322 (PART 5/SEC1):2012,11099,"Guangdong Sat Technology Co. Ltd., No. 11 Lianbao Rd, Shengfeng District, Xiaolan Town, Zhongshan City, Guangdong, China – 528400",https://wsrv.nl/?url=https%3A%2F%2Fi.ibb.co%2FtFJYNqs%2FAltair-Prime-20-chrome-black.png&output=webp&q=78
Altair prime 20,ARAD1504,36V DC,500mA,4000K, CRI>97,Φ60*H170mm,24°,20W,AJ/CG,ARAS2060/40/24/W,R-41159492,IS 10322 (PART 5/SEC1):2012,10099,"Guangdong Sat Technology Co. Ltd., No. 11 Lianbao Rd, Shengfeng District, Xiaolan Town, Zhongshan City, Guangdong, China – 528400",https://wsrv.nl/?url=https%3A%2F%2Fi.ibb.co%2FVWqkgwtb%2FAltair-Prime-20-white.png&output=webp&q=78
Altair prime 20,ARAD1504,36V DC,500mA,4000K, CRI>97,Φ60*H170mm,24°,20W,AJ/CG,ARAS2060/40/24/B,R-41159492,IS 10322 (PART 5/SEC1):2012,10099,"Guangdong Sat Technology Co. Ltd., No. 11 Lianbao Rd, Shengfeng District, Xiaolan Town, Zhongshan City, Guangdong, China – 528400",https://wsrv.nl/?url=https%3A%2F%2Fi.ibb.co%2F1t9vpjBt%2FAltair-Prime-20-mat-black-default.png&output=webp&q=78
Altair prime 20,ARAD1504,36V DC,500mA,4000K, CRI>97,Φ60*H170mm,24°,20W,AJ/CG,ARAS2060/40/24/CG,R-41159492,IS 10322 (PART 5/SEC1):2012,11099,"Guangdong Sat Technology Co. Ltd., No. 11 Lianbao Rd, Shengfeng District, Xiaolan Town, Zhongshan City, Guangdong, China – 528400",https://wsrv.nl/?url=https%3A%2F%2Fi.ibb.co%2FHDwGbZqD%2FAltair-Prime-20-champeing-gold.png&output=webp&q=78
Altair prime 20,ARAD1504,36V DC,500mA,4000K, CRI>97,Φ60*H170mm,24°,20W,AJ/CG,ARAS2060/40/24/RG,R-41159492,IS 10322 (PART 5/SEC1):2012,11099,"Guangdong Sat Technology Co. Ltd., No. 11 Lianbao Rd, Shengfeng District, Xiaolan Town, Zhongshan City, Guangdong, China – 528400",https://wsrv.nl/?url=https%3A%2F%2Fi.ibb.co%2FrfZBW6GW%2FAltair-Prime-20-rose-gold.png&output=webp&q=78
Altair prime 20,ARAD1504,36V DC,500mA,4000K, CRI>97,Φ60*H170mm,24°,20W,AJ/CG,ARAS2060/40/24/BR,R-41159492,IS 10322 (PART 5/SEC1):2012,11099,"Guangdong Sat Technology Co. Ltd., No. 11 Lianbao Rd, Shengfeng District, Xiaolan Town, Zhongshan City, Guangdong, China – 528400",https://wsrv.nl/?url=https%3A%2F%2Fi.ibb.co%2FHDnd9yGS%2FAltair-Prime-20-brown.png&output=webp&q=78
Altair prime 20,ARAD1504,36V DC,500mA,4000K, CRI>97,Φ60*H170mm,24°,20W,AJ/CG,ARAS2060/40/24/COF,R-41159492,IS 10322 (PART 5/SEC1):2012,11099,"Guangdong Sat Technology Co. Ltd., No. 11 Lianbao Rd, Shengfeng District, Xiaolan Town, Zhongshan City, Guangdong, China – 528400",https://wsrv.nl/?url=https%3A%2F%2Fi.ibb.co%2FCK8rTTCw%2FAltair-Prime-20-coffee.png&output=webp&q=78
Altair prime 20,ARAD1504,36V DC,500mA,4000K, CRI>97,Φ60*H170mm,24°,20W,AJ/CG,ARAS2060/40/24/DGR,R-41159492,IS 10322 (PART 5/SEC1):2012,11099,"Guangdong Sat Technology Co. Ltd., No. 11 Lianbao Rd, Shengfeng District, Xiaolan Town, Zhongshan City, Guangdong, China – 528400",https://wsrv.nl/?url=https%3A%2F%2Fi.ibb.co%2Fx8KDZbzR%2FAltair-Prime-20-dark-gray-default-001.png&output=webp&q=78
Altair prime 20,ARAD1504,36V DC,500mA,4000K, CRI>97,Φ60*H170mm,24°,20W,AJ/CG,ARAS2060/40/24/BB,R-41159492,IS 10322 (PART 5/SEC1):2012,11099,"Guangdong Sat Technology Co. Ltd., No. 11 Lianbao Rd, Shengfeng District, Xiaolan Town, Zhongshan City, Guangdong, China – 528400",https://wsrv.nl/?url=https%3A%2F%2Fi.ibb.co%2FZzS3YsDH%2FAltair-Prime-20-ballet-blue.png&output=webp&q=78
Altair prime 20,ARAD1504,36V DC,500mA,4000K, CRI>97,Φ60*H170mm,24°,20W,AJ/CG,ARAS2060/40/24/CH,R-41159492,IS 10322 (PART 5/SEC1):2012,11099,"Guangdong Sat Technology Co. Ltd., No. 11 Lianbao Rd, Shengfeng District, Xiaolan Town, Zhongshan City, Guangdong, China – 528400",https://wsrv.nl/?url=https%3A%2F%2Fi.ibb.co%2FLhZc3jdq%2FAltair-Prime-20-chrome.png&output=webp&q=78
Altair prime 20,ARAD1504,36V DC,500mA,4000K, CRI>97,Φ60*H170mm,24°,20W,AJ/CG,ARAS2060/40/24/CHB,R-41159492,IS 10322 (PART 5/SEC1):2012,11099,"Guangdong Sat Technology Co. Ltd., No. 11 Lianbao Rd, Shengfeng District, Xiaolan Town, Zhongshan City, Guangdong, China – 528400",https://wsrv.nl/?url=https%3A%2F%2Fi.ibb.co%2FtFJYNqs%2FAltair-Prime-20-chrome-black.png&output=webp&q=78
Altair prime 20,ARAD1504,36V DC,500mA,5000K, CRI>97,Φ60*H170mm,24°,20W,AJ/CG,ARAS2060/50/24/W,R-41159492,IS 10322 (PART 5/SEC1):2012,10099,"Guangdong Sat Technology Co. Ltd., No. 11 Lianbao Rd, Shengfeng District, Xiaolan Town, Zhongshan City, Guangdong, China – 528400",https://wsrv.nl/?url=https%3A%2F%2Fi.ibb.co%2FVWqkgwtb%2FAltair-Prime-20-white.png&output=webp&q=78
Altair prime 20,ARAD1504,36V DC,500mA,5000K, CRI>97,Φ60*H170mm,24°,20W,AJ/CG,ARAS2060/50/24/B,R-41159492,IS 10322 (PART 5/SEC1):2012,10099,"Guangdong Sat Technology Co. Ltd., No. 11 Lianbao Rd, Shengfeng District, Xiaolan Town, Zhongshan City, Guangdong, China – 528400",https://wsrv.nl/?url=https%3A%2F%2Fi.ibb.co%2F1t9vpjBt%2FAltair-Prime-20-mat-black-default.png&output=webp&q=78
Altair prime 20,ARAD1504,36V DC,500mA,5000K, CRI>97,Φ60*H170mm,24°,20W,AJ/CG,ARAS2060/50/24/CG,R-41159492,IS 10322 (PART 5/SEC1):2012,11099,"Guangdong Sat Technology Co. Ltd., No. 11 Lianbao Rd, Shengfeng District, Xiaolan Town, Zhongshan City, Guangdong, China – 528400",https://wsrv.nl/?url=https%3A%2F%2Fi.ibb.co%2FHDwGbZqD%2FAltair-Prime-20-champeing-gold.png&output=webp&q=78
Altair prime 20,ARAD1504,36V DC,500mA,5000K, CRI>97,Φ60*H170mm,24°,20W,AJ/CG,ARAS2060/50/24/RG,R-41159492,IS 10322 (PART 5/SEC1):2012,11099,"Guangdong Sat Technology Co. Ltd., No. 11 Lianbao Rd, Shengfeng District, Xiaolan Town, Zhongshan City, Guangdong, China – 528400",https://wsrv.nl/?url=https%3A%2F%2Fi.ibb.co%2FrfZBW6GW%2FAltair-Prime-20-rose-gold.png&output=webp&q=78
Altair prime 20,ARAD1504,36V DC,500mA,5000K, CRI>97,Φ60*H170mm,24°,20W,AJ/CG,ARAS2060/50/24/BR,R-41159492,IS 10322 (PART 5/SEC1):2012,11099,"Guangdong Sat Technology Co. Ltd., No. 11 Lianbao Rd, Shengfeng District, Xiaolan Town, Zhongshan City, Guangdong, China – 528400",https://wsrv.nl/?url=https%3A%2F%2Fi.ibb.co%2FHDnd9yGS%2FAltair-Prime-20-brown.png&output=webp&q=78
Altair prime 20,ARAD1504,36V DC,500mA,5000K, CRI>97,Φ60*H170mm,24°,20W,AJ/CG,ARAS2060/50/24/COF,R-41159492,IS 10322 (PART 5/SEC1):2012,11099,"Guangdong Sat Technology Co. Ltd., No. 11 Lianbao Rd, Shengfeng District, Xiaolan Town, Zhongshan City, Guangdong, China – 528400",https://wsrv.nl/?url=https%3A%2F%2Fi.ibb.co%2FCK8rTTCw%2FAltair-Prime-20-coffee.png&output=webp&q=78
Altair prime 20,ARAD1504,36V DC,500mA,5000K, CRI>97,Φ60*H170mm,24°,20W,AJ/CG,ARAS2060/50/24/DGR,R-41159492,IS 10322 (PART 5/SEC1):2012,11099,"Guangdong Sat Technology Co. Ltd., No. 11 Lianbao Rd, Shengfeng District, Xiaolan Town, Zhongshan City, Guangdong, China – 528400",https://wsrv.nl/?url=https%3A%2F%2Fi.ibb.co%2Fx8KDZbzR%2FAltair-Prime-20-dark-gray-default-001.png&output=webp&q=78
Altair prime 20,ARAD1504,36V DC,500mA,5000K, CRI>97,Φ60*H170mm,24°,20W,AJ/CG,ARAS2060/50/24/BB,R-41159492,IS 10322 (PART 5/SEC1):2012,11099,"Guangdong Sat Technology Co. Ltd., No. 11 Lianbao Rd, Shengfeng District, Xiaolan Town, Zhongshan City, Guangdong, China – 528400",https://wsrv.nl/?url=https%3A%2F%2Fi.ibb.co%2FZzS3YsDH%2FAltair-Prime-20-ballet-blue.png&output=webp&q=78
Altair prime 20,ARAD1504,36V DC,500mA,5000K, CRI>97,Φ60*H170mm,24°,20W,AJ/CG,ARAS2060/50/24/CH,R-41159492,IS 10322 (PART 5/SEC1):2012,11099,"Guangdong Sat Technology Co. Ltd., No. 11 Lianbao Rd, Shengfeng District, Xiaolan Town, Zhongshan City, Guangdong, China – 528400",https://wsrv.nl/?url=https%3A%2F%2Fi.ibb.co%2FLhZc3jdq%2FAltair-Prime-20-chrome.png&output=webp&q=78
Altair prime 20,ARAD1504,36V DC,500mA,5000K, CRI>97,Φ60*H170mm,24°,20W,AJ/CG,ARAS2060/50/24/CHB,R-41159492,IS 10322 (PART 5/SEC1):2012,11099,"Guangdong Sat Technology Co. Ltd., No. 11 Lianbao Rd, Shengfeng District, Xiaolan Town, Zhongshan City, Guangdong, China – 528400",https://wsrv.nl/?url=https%3A%2F%2Fi.ibb.co%2FtFJYNqs%2FAltair-Prime-20-chrome-black.png&output=webp&q=78
Altair prime 20,ARAD1504,36V DC,500mA,2700K, CRI>97,Φ60*H170mm,36°,20W,AJ/CG,ARAS2060/27/36/W,R-41159492,IS 10322 (PART 5/SEC1):2012,10099,"Guangdong Sat Technology Co. Ltd., No. 11 Lianbao Rd, Shengfeng District, Xiaolan Town, Zhongshan City, Guangdong, China – 528400",https://wsrv.nl/?url=https%3A%2F%2Fi.ibb.co%2FVWqkgwtb%2FAltair-Prime-20-white.png&output=webp&q=78
Altair prime 20,ARAD1504,36V DC,500mA,2700K, CRI>97,Φ60*H170mm,36°,20W,AJ/CG,ARAS2060/27/36/B,R-41159492,IS 10322 (PART 5/SEC1):2012,10099,"Guangdong Sat Technology Co. Ltd., No. 11 Lianbao Rd, Shengfeng District, Xiaolan Town, Zhongshan City, Guangdong, China – 528400",https://wsrv.nl/?url=https%3A%2F%2Fi.ibb.co%2F1t9vpjBt%2FAltair-Prime-20-mat-black-default.png&output=webp&q=78
Altair prime 20,ARAD1504,36V DC,500mA,2700K, CRI>97,Φ60*H170mm,36°,20W,AJ/CG,ARAS2060/27/36/CG,R-41159492,IS 10322 (PART 5/SEC1):2012,11099,"Guangdong Sat Technology Co. Ltd., No. 11 Lianbao Rd, Shengfeng District, Xiaolan Town, Zhongshan City, Guangdong, China – 528400",https://wsrv.nl/?url=https%3A%2F%2Fi.ibb.co%2FHDwGbZqD%2FAltair-Prime-20-champeing-gold.png&output=webp&q=78
Altair prime 20,ARAD1504,36V DC,500mA,2700K, CRI>97,Φ60*H170mm,36°,20W,AJ/CG,ARAS2060/27/36/RG,R-41159492,IS 10322 (PART 5/SEC1):2012,11099,"Guangdong Sat Technology Co. Ltd., No. 11 Lianbao Rd, Shengfeng District, Xiaolan Town, Zhongshan City, Guangdong, China – 528400",https://wsrv.nl/?url=https%3A%2F%2Fi.ibb.co%2FrfZBW6GW%2FAltair-Prime-20-rose-gold.png&output=webp&q=78
Altair prime 20,ARAD1504,36V DC,500mA,2700K, CRI>97,Φ60*H170mm,36°,20W,AJ/CG,ARAS2060/27/36/BR,R-41159492,IS 10322 (PART 5/SEC1):2012,11099,"Guangdong Sat Technology Co. Ltd., No. 11 Lianbao Rd, Shengfeng District, Xiaolan Town, Zhongshan City, Guangdong, China – 528400",https://wsrv.nl/?url=https%3A%2F%2Fi.ibb.co%2FHDnd9yGS%2FAltair-Prime-20-brown.png&output=webp&q=78
Altair prime 20,ARAD1504,36V DC,500mA,2700K, CRI>97,Φ60*H170mm,36°,20W,AJ/CG,ARAS2060/27/36/COF,R-41159492,IS 10322 (PART 5/SEC1):2012,11099,"Guangdong Sat Technology Co. Ltd., No. 11 Lianbao Rd, Shengfeng District, Xiaolan Town, Zhongshan City, Guangdong, China – 528400",https://wsrv.nl/?url=https%3A%2F%2Fi.ibb.co%2FCK8rTTCw%2FAltair-Prime-20-coffee.png&output=webp&q=78
Altair prime 20,ARAD1504,36V DC,500mA,2700K, CRI>97,Φ60*H170mm,36°,20W,AJ/CG,ARAS2060/27/36/DGR,R-41159492,IS 10322 (PART 5/SEC1):2012,11099,"Guangdong Sat Technology Co. Ltd., No. 11 Lianbao Rd, Shengfeng District, Xiaolan Town, Zhongshan City, Guangdong, China – 528400",https://wsrv.nl/?url=https%3A%2F%2Fi.ibb.co%2Fx8KDZbzR%2FAltair-Prime-20-dark-gray-default-001.png&output=webp&q=78
Altair prime 20,ARAD1504,36V DC,500mA,2700K, CRI>97,Φ60*H170mm,36°,20W,AJ/CG,ARAS2060/27/36/BB,R-41159492,IS 10322 (PART 5/SEC1):2012,11099,"Guangdong Sat Technology Co. Ltd., No. 11 Lianbao Rd, Shengfeng District, Xiaolan Town, Zhongshan City, Guangdong, China – 528400",https://wsrv.nl/?url=https%3A%2F%2Fi.ibb.co%2FZzS3YsDH%2FAltair-Prime-20-ballet-blue.png&output=webp&q=78
Altair prime 20,ARAD1504,36V DC,500mA,2700K, CRI>97,Φ60*H170mm,36°,20W,AJ/CG,ARAS2060/27/36/CH,R-41159492,IS 10322 (PART 5/SEC1):2012,11099,"Guangdong Sat Technology Co. Ltd., No. 11 Lianbao Rd, Shengfeng District, Xiaolan Town, Zhongshan City, Guangdong, China – 528400",https://wsrv.nl/?url=https%3A%2F%2Fi.ibb.co%2FLhZc3jdq%2FAltair-Prime-20-chrome.png&output=webp&q=78
Altair prime 20,ARAD1504,36V DC,500mA,2700K, CRI>97,Φ60*H170mm,36°,20W,AJ/CG,ARAS2060/27/36/CHB,R-41159492,IS 10322 (PART 5/SEC1):2012,11099,"Guangdong Sat Technology Co. Ltd., No. 11 Lianbao Rd, Shengfeng District, Xiaolan Town, Zhongshan City, Guangdong, China – 528400",https://wsrv.nl/?url=https%3A%2F%2Fi.ibb.co%2FtFJYNqs%2FAltair-Prime-20-chrome-black.png&output=webp&q=78
Altair prime 20,ARAD1504,36V DC,500mA,3000K, CRI>97,Φ60*H170mm,36°,20W,AJ/CG,ARAS2060/30/36/W,R-41159492,IS 10322 (PART 5/SEC1):2012,10099,"Guangdong Sat Technology Co. Ltd., No. 11 Lianbao Rd, Shengfeng District, Xiaolan Town, Zhongshan City, Guangdong, China – 528400",https://wsrv.nl/?url=https%3A%2F%2Fi.ibb.co%2FVWqkgwtb%2FAltair-Prime-20-white.png&output=webp&q=78
Altair prime 20,ARAD1504,36V DC,500mA,3000K, CRI>97,Φ60*H170mm,36°,20W,AJ/CG,ARAS2060/30/36/B,R-41159492,IS 10322 (PART 5/SEC1):2012,10099,"Guangdong Sat Technology Co. Ltd., No. 11 Lianbao Rd, Shengfeng District, Xiaolan Town, Zhongshan City, Guangdong, China – 528400",https://wsrv.nl/?url=https%3A%2F%2Fi.ibb.co%2F1t9vpjBt%2FAltair-Prime-20-mat-black-default.png&output=webp&q=78
Altair prime 20,ARAD1504,36V DC,500mA,3000K, CRI>97,Φ60*H170mm,36°,20W,AJ/CG,ARAS2060/30/36/CG,R-41159492,IS 10322 (PART 5/SEC1):2012,11099,"Guangdong Sat Technology Co. Ltd., No. 11 Lianbao Rd, Shengfeng District, Xiaolan Town, Zhongshan City, Guangdong, China – 528400",https://wsrv.nl/?url=https%3A%2F%2Fi.ibb.co%2FHDwGbZqD%2FAltair-Prime-20-champeing-gold.png&output=webp&q=78
Altair prime 20,ARAD1504,36V DC,500mA,3000K, CRI>97,Φ60*H170mm,36°,20W,AJ/CG,ARAS2060/30/36/RG,R-41159492,IS 10322 (PART 5/SEC1):2012,11099,"Guangdong Sat Technology Co. Ltd., No. 11 Lianbao Rd, Shengfeng District, Xiaolan Town, Zhongshan City, Guangdong, China – 528400",https://wsrv.nl/?url=https%3A%2F%2Fi.ibb.co%2FrfZBW6GW%2FAltair-Prime-20-rose-gold.png&output=webp&q=78
Altair prime 20,ARAD1504,36V DC,500mA,3000K, CRI>97,Φ60*H170mm,36°,20W,AJ/CG,ARAS2060/30/36/BR,R-41159492,IS 10322 (PART 5/SEC1):2012,11099,"Guangdong Sat Technology Co. Ltd., No. 11 Lianbao Rd, Shengfeng District, Xiaolan Town, Zhongshan City, Guangdong, China – 528400",https://wsrv.nl/?url=https%3A%2F%2Fi.ibb.co%2FHDnd9yGS%2FAltair-Prime-20-brown.png&output=webp&q=78
Altair prime 20,ARAD1504,36V DC,500mA,3000K, CRI>97,Φ60*H170mm,36°,20W,AJ/CG,ARAS2060/30/36/COF,R-41159492,IS 10322 (PART 5/SEC1):2012,11099,"Guangdong Sat Technology Co. Ltd., No. 11 Lianbao Rd, Shengfeng District, Xiaolan Town, Zhongshan City, Guangdong, China – 528400",https://wsrv.nl/?url=https%3A%2F%2Fi.ibb.co%2FCK8rTTCw%2FAltair-Prime-20-coffee.png&output=webp&q=78
Altair prime 20,ARAD1504,36V DC,500mA,3000K, CRI>97,Φ60*H170mm,36°,20W,AJ/CG,ARAS2060/30/36/DGR,R-41159492,IS 10322 (PART 5/SEC1):2012,11099,"Guangdong Sat Technology Co. Ltd., No. 11 Lianbao Rd, Shengfeng District, Xiaolan Town, Zhongshan City, Guangdong, China – 528400",https://wsrv.nl/?url=https%3A%2F%2Fi.ibb.co%2Fx8KDZbzR%2FAltair-Prime-20-dark-gray-default-001.png&output=webp&q=78
Altair prime 20,ARAD1504,36V DC,500mA,3000K, CRI>97,Φ60*H170mm,36°,20W,AJ/CG,ARAS2060/30/36/BB,R-41159492,IS 10322 (PART 5/SEC1):2012,11099,"Guangdong Sat Technology Co. Ltd., No. 11 Lianbao Rd, Shengfeng District, Xiaolan Town, Zhongshan City, Guangdong, China – 528400",https://wsrv.nl/?url=https%3A%2F%2Fi.ibb.co%2FZzS3YsDH%2FAltair-Prime-20-ballet-blue.png&output=webp&q=78
Altair prime 20,ARAD1504,36V DC,500mA,3000K, CRI>97,Φ60*H170mm,36°,20W,AJ/CG,ARAS2060/30/36/CH,R-41159492,IS 10322 (PART 5/SEC1):2012,11099,"Guangdong Sat Technology Co. Ltd., No. 11 Lianbao Rd, Shengfeng District, Xiaolan Town, Zhongshan City, Guangdong, China – 528400",https://wsrv.nl/?url=https%3A%2F%2Fi.ibb.co%2FLhZc3jdq%2FAltair-Prime-20-chrome.png&output=webp&q=78
Altair prime 20,ARAD1504,36V DC,500mA,3000K, CRI>97,Φ60*H170mm,36°,20W,AJ/CG,ARAS2060/30/36/CHB,R-41159492,IS 10322 (PART 5/SEC1):2012,11099,"Guangdong Sat Technology Co. Ltd., No. 11 Lianbao Rd, Shengfeng District, Xiaolan Town, Zhongshan City, Guangdong, China – 528400",https://wsrv.nl/?url=https%3A%2F%2Fi.ibb.co%2FtFJYNqs%2FAltair-Prime-20-chrome-black.png&output=webp&q=78
Altair prime 20,ARAD1504,36V DC,500mA,3500K, CRI>97,Φ60*H170mm,36°,20W,AJ/CG,ARAS2060/35/36/W,R-41159492,IS 10322 (PART 5/SEC1):2012,10099,"Guangdong Sat Technology Co. Ltd., No. 11 Lianbao Rd, Shengfeng District, Xiaolan Town, Zhongshan City, Guangdong, China – 528400",https://wsrv.nl/?url=https%3A%2F%2Fi.ibb.co%2FVWqkgwtb%2FAltair-Prime-20-white.png&output=webp&q=78
Altair prime 20,ARAD1504,36V DC,500mA,3500K, CRI>97,Φ60*H170mm,36°,20W,AJ/CG,ARAS2060/35/36/B,R-41159492,IS 10322 (PART 5/SEC1):2012,10099,"Guangdong Sat Technology Co. Ltd., No. 11 Lianbao Rd, Shengfeng District, Xiaolan Town, Zhongshan City, Guangdong, China – 528400",https://wsrv.nl/?url=https%3A%2F%2Fi.ibb.co%2F1t9vpjBt%2FAltair-Prime-20-mat-black-default.png&output=webp&q=78
Altair prime 20,ARAD1504,36V DC,500mA,3500K, CRI>97,Φ60*H170mm,36°,20W,AJ/CG,ARAS2060/35/36/CG,R-41159492,IS 10322 (PART 5/SEC1):2012,11099,"Guangdong Sat Technology Co. Ltd., No. 11 Lianbao Rd, Shengfeng District, Xiaolan Town, Zhongshan City, Guangdong, China – 528400",https://wsrv.nl/?url=https%3A%2F%2Fi.ibb.co%2FHDwGbZqD%2FAltair-Prime-20-champeing-gold.png&output=webp&q=78
Altair prime 20,ARAD1504,36V DC,500mA,3500K, CRI>97,Φ60*H170mm,36°,20W,AJ/CG,ARAS2060/35/36/RG,R-41159492,IS 10322 (PART 5/SEC1):2012,11099,"Guangdong Sat Technology Co. Ltd., No. 11 Lianbao Rd, Shengfeng District, Xiaolan Town, Zhongshan City, Guangdong, China – 528400",https://wsrv.nl/?url=https%3A%2F%2Fi.ibb.co%2FrfZBW6GW%2FAltair-Prime-20-rose-gold.png&output=webp&q=78
Altair prime 20,ARAD1504,36V DC,500mA,3500K, CRI>97,Φ60*H170mm,36°,20W,AJ/CG,ARAS2060/35/36/BR,R-41159492,IS 10322 (PART 5/SEC1):2012,11099,"Guangdong Sat Technology Co. Ltd., No. 11 Lianbao Rd, Shengfeng District, Xiaolan Town, Zhongshan City, Guangdong, China – 528400",https://wsrv.nl/?url=https%3A%2F%2Fi.ibb.co%2FHDnd9yGS%2FAltair-Prime-20-brown.png&output=webp&q=78
Altair prime 20,ARAD1504,36V DC,500mA,3500K, CRI>97,Φ60*H170mm,36°,20W,AJ/CG,ARAS2060/35/36/COF,R-41159492,IS 10322 (PART 5/SEC1):2012,11099,"Guangdong Sat Technology Co. Ltd., No. 11 Lianbao Rd, Shengfeng District, Xiaolan Town, Zhongshan City, Guangdong, China – 528400",https://wsrv.nl/?url=https%3A%2F%2Fi.ibb.co%2FCK8rTTCw%2FAltair-Prime-20-coffee.png&output=webp&q=78
Altair prime 20,ARAD1504,36V DC,500mA,3500K, CRI>97,Φ60*H170mm,36°,20W,AJ/CG,ARAS2060/35/36/DGR,R-41159492,IS 10322 (PART 5/SEC1):2012,11099,"Guangdong Sat Technology Co. Ltd., No. 11 Lianbao Rd, Shengfeng District, Xiaolan Town, Zhongshan City, Guangdong, China – 528400",https://wsrv.nl/?url=https%3A%2F%2Fi.ibb.co%2Fx8KDZbzR%2FAltair-Prime-20-dark-gray-default-001.png&output=webp&q=78
Altair prime 20,ARAD1504,36V DC,500mA,3500K, CRI>97,Φ60*H170mm,36°,20W,AJ/CG,ARAS2060/35/36/BB,R-41159492,IS 10322 (PART 5/SEC1):2012,11099,"Guangdong Sat Technology Co. Ltd., No. 11 Lianbao Rd, Shengfeng District, Xiaolan Town, Zhongshan City, Guangdong, China – 528400",https://wsrv.nl/?url=https%3A%2F%2Fi.ibb.co%2FZzS3YsDH%2FAltair-Prime-20-ballet-blue.png&output=webp&q=78
Altair prime 20,ARAD1504,36V DC,500mA,3500K, CRI>97,Φ60*H170mm,36°,20W,AJ/CG,ARAS2060/35/36/CH,R-41159492,IS 10322 (PART 5/SEC1):2012,11099,"Guangdong Sat Technology Co. Ltd., No. 11 Lianbao Rd, Shengfeng District, Xiaolan Town, Zhongshan City, Guangdong, China – 528400",https://wsrv.nl/?url=https%3A%2F%2Fi.ibb.co%2FLhZc3jdq%2FAltair-Prime-20-chrome.png&output=webp&q=78
Altair prime 20,ARAD1504,36V DC,500mA,3500K, CRI>97,Φ60*H170mm,36°,20W,AJ/CG,ARAS2060/35/36/CHB,R-41159492,IS 10322 (PART 5/SEC1):2012,11099,"Guangdong Sat Technology Co. Ltd., No. 11 Lianbao Rd, Shengfeng District, Xiaolan Town, Zhongshan City, Guangdong, China – 528400",https://wsrv.nl/?url=https%3A%2F%2Fi.ibb.co%2FtFJYNqs%2FAltair-Prime-20-chrome-black.png&output=webp&q=78
Altair prime 20,ARAD1504,36V DC,500mA,4000K, CRI>97,Φ60*H170mm,36°,20W,AJ/CG,ARAS2060/40/36/W,R-41159492,IS 10322 (PART 5/SEC1):2012,10099,"Guangdong Sat Technology Co. Ltd., No. 11 Lianbao Rd, Shengfeng District, Xiaolan Town, Zhongshan City, Guangdong, China – 528400",https://wsrv.nl/?url=https%3A%2F%2Fi.ibb.co%2FVWqkgwtb%2FAltair-Prime-20-white.png&output=webp&q=78
Altair prime 20,ARAD1504,36V DC,500mA,4000K, CRI>97,Φ60*H170mm,36°,20W,AJ/CG,ARAS2060/40/36/B,R-41159492,IS 10322 (PART 5/SEC1):2012,10099,"Guangdong Sat Technology Co. Ltd., No. 11 Lianbao Rd, Shengfeng District, Xiaolan Town, Zhongshan City, Guangdong, China – 528400",https://wsrv.nl/?url=https%3A%2F%2Fi.ibb.co%2F1t9vpjBt%2FAltair-Prime-20-mat-black-default.png&output=webp&q=78
Altair prime 20,ARAD1504,36V DC,500mA,4000K, CRI>97,Φ60*H170mm,36°,20W,AJ/CG,ARAS2060/40/36/CG,R-41159492,IS 10322 (PART 5/SEC1):2012,11099,"Guangdong Sat Technology Co. Ltd., No. 11 Lianbao Rd, Shengfeng District, Xiaolan Town, Zhongshan City, Guangdong, China – 528400",https://wsrv.nl/?url=https%3A%2F%2Fi.ibb.co%2FHDwGbZqD%2FAltair-Prime-20-champeing-gold.png&output=webp&q=78
Altair prime 20,ARAD1504,36V DC,500mA,4000K, CRI>97,Φ60*H170mm,36°,20W,AJ/CG,ARAS2060/40/36/RG,R-41159492,IS 10322 (PART 5/SEC1):2012,11099,"Guangdong Sat Technology Co. Ltd., No. 11 Lianbao Rd, Shengfeng District, Xiaolan Town, Zhongshan City, Guangdong, China – 528400",https://wsrv.nl/?url=https%3A%2F%2Fi.ibb.co%2FrfZBW6GW%2FAltair-Prime-20-rose-gold.png&output=webp&q=78
Altair prime 20,ARAD1504,36V DC,500mA,4000K, CRI>97,Φ60*H170mm,36°,20W,AJ/CG,ARAS2060/40/36/BR,R-41159492,IS 10322 (PART 5/SEC1):2012,11099,"Guangdong Sat Technology Co. Ltd., No. 11 Lianbao Rd, Shengfeng District, Xiaolan Town, Zhongshan City, Guangdong, China – 528400",https://wsrv.nl/?url=https%3A%2F%2Fi.ibb.co%2FHDnd9yGS%2FAltair-Prime-20-brown.png&output=webp&q=78
Altair prime 20,ARAD1504,36V DC,500mA,4000K, CRI>97,Φ60*H170mm,36°,20W,AJ/CG,ARAS2060/40/36/COF,R-41159492,IS 10322 (PART 5/SEC1):2012,11099,"Guangdong Sat Technology Co. Ltd., No. 11 Lianbao Rd, Shengfeng District, Xiaolan Town, Zhongshan City, Guangdong, China – 528400",https://wsrv.nl/?url=https%3A%2F%2Fi.ibb.co%2FCK8rTTCw%2FAltair-Prime-20-coffee.png&output=webp&q=78
Altair prime 20,ARAD1504,36V DC,500mA,4000K, CRI>97,Φ60*H170mm,36°,20W,AJ/CG,ARAS2060/40/36/DGR,R-41159492,IS 10322 (PART 5/SEC1):2012,11099,"Guangdong Sat Technology Co. Ltd., No. 11 Lianbao Rd, Shengfeng District, Xiaolan Town, Zhongshan City, Guangdong, China – 528400",https://wsrv.nl/?url=https%3A%2F%2Fi.ibb.co%2Fx8KDZbzR%2FAltair-Prime-20-dark-gray-default-001.png&output=webp&q=78
Altair prime 20,ARAD1504,36V DC,500mA,4000K, CRI>97,Φ60*H170mm,36°,20W,AJ/CG,ARAS2060/40/36/BB,R-41159492,IS 10322 (PART 5/SEC1):2012,11099,"Guangdong Sat Technology Co. Ltd., No. 11 Lianbao Rd, Shengfeng District, Xiaolan Town, Zhongshan City, Guangdong, China – 528400",https://wsrv.nl/?url=https%3A%2F%2Fi.ibb.co%2FZzS3YsDH%2FAltair-Prime-20-ballet-blue.png&output=webp&q=78
Altair prime 20,ARAD1504,36V DC,500mA,4000K, CRI>97,Φ60*H170mm,36°,20W,AJ/CG,ARAS2060/40/36/CH,R-41159492,IS 10322 (PART 5/SEC1):2012,11099,"Guangdong Sat Technology Co. Ltd., No. 11 Lianbao Rd, Shengfeng District, Xiaolan Town, Zhongshan City, Guangdong, China – 528400",https://wsrv.nl/?url=https%3A%2F%2Fi.ibb.co%2FLhZc3jdq%2FAltair-Prime-20-chrome.png&output=webp&q=78
Altair prime 20,ARAD1504,36V DC,500mA,4000K, CRI>97,Φ60*H170mm,36°,20W,AJ/CG,ARAS2060/40/36/CHB,R-41159492,IS 10322 (PART 5/SEC1):2012,11099,"Guangdong Sat Technology Co. Ltd., No. 11 Lianbao Rd, Shengfeng District, Xiaolan Town, Zhongshan City, Guangdong, China – 528400",https://wsrv.nl/?url=https%3A%2F%2Fi.ibb.co%2FtFJYNqs%2FAltair-Prime-20-chrome-black.png&output=webp&q=78
Altair prime 20,ARAD1504,36V DC,500mA,5000K, CRI>97,Φ60*H170mm,36°,20W,AJ/CG,ARAS2060/50/36/W,R-41159492,IS 10322 (PART 5/SEC1):2012,10099,"Guangdong Sat Technology Co. Ltd., No. 11 Lianbao Rd, Shengfeng District, Xiaolan Town, Zhongshan City, Guangdong, China – 528400",https://wsrv.nl/?url=https%3A%2F%2Fi.ibb.co%2FVWqkgwtb%2FAltair-Prime-20-white.png&output=webp&q=78
Altair prime 20,ARAD1504,36V DC,500mA,5000K, CRI>97,Φ60*H170mm,36°,20W,AJ/CG,ARAS2060/50/36/B,R-41159492,IS 10322 (PART 5/SEC1):2012,10099,"Guangdong Sat Technology Co. Ltd., No. 11 Lianbao Rd, Shengfeng District, Xiaolan Town, Zhongshan City, Guangdong, China – 528400",https://wsrv.nl/?url=https%3A%2F%2Fi.ibb.co%2F1t9vpjBt%2FAltair-Prime-20-mat-black-default.png&output=webp&q=78
Altair prime 20,ARAD1504,36V DC,500mA,5000K, CRI>97,Φ60*H170mm,36°,20W,AJ/CG,ARAS2060/50/36/CG,R-41159492,IS 10322 (PART 5/SEC1):2012,11099,"Guangdong Sat Technology Co. Ltd., No. 11 Lianbao Rd, Shengfeng District, Xiaolan Town, Zhongshan City, Guangdong, China – 528400",https://wsrv.nl/?url=https%3A%2F%2Fi.ibb.co%2FHDwGbZqD%2FAltair-Prime-20-champeing-gold.png&output=webp&q=78
Altair prime 20,ARAD1504,36V DC,500mA,5000K, CRI>97,Φ60*H170mm,36°,20W,AJ/CG,ARAS2060/50/36/RG,R-41159492,IS 10322 (PART 5/SEC1):2012,11099,"Guangdong Sat Technology Co. Ltd., No. 11 Lianbao Rd, Shengfeng District, Xiaolan Town, Zhongshan City, Guangdong, China – 528400",https://wsrv.nl/?url=https%3A%2F%2Fi.ibb.co%2FrfZBW6GW%2FAltair-Prime-20-rose-gold.png&output=webp&q=78
Altair prime 20,ARAD1504,36V DC,500mA,5000K, CRI>97,Φ60*H170mm,36°,20W,AJ/CG,ARAS2060/50/36/BR,R-41159492,IS 10322 (PART 5/SEC1):2012,11099,"Guangdong Sat Technology Co. Ltd., No. 11 Lianbao Rd, Shengfeng District, Xiaolan Town, Zhongshan City, Guangdong, China – 528400",https://wsrv.nl/?url=https%3A%2F%2Fi.ibb.co%2FHDnd9yGS%2FAltair-Prime-20-brown.png&output=webp&q=78
Altair prime 20,ARAD1504,36V DC,500mA,5000K, CRI>97,Φ60*H170mm,36°,20W,AJ/CG,ARAS2060/50/36/COF,R-41159492,IS 10322 (PART 5/SEC1):2012,11099,"Guangdong Sat Technology Co. Ltd., No. 11 Lianbao Rd, Shengfeng District, Xiaolan Town, Zhongshan City, Guangdong, China – 528400",https://wsrv.nl/?url=https%3A%2F%2Fi.ibb.co%2FCK8rTTCw%2FAltair-Prime-20-coffee.png&output=webp&q=78
Altair prime 20,ARAD1504,36V DC,500mA,5000K, CRI>97,Φ60*H170mm,36°,20W,AJ/CG,ARAS2060/50/36/DGR,R-41159492,IS 10322 (PART 5/SEC1):2012,11099,"Guangdong Sat Technology Co. Ltd., No. 11 Lianbao Rd, Shengfeng District, Xiaolan Town, Zhongshan City, Guangdong, China – 528400",https://wsrv.nl/?url=https%3A%2F%2Fi.ibb.co%2Fx8KDZbzR%2FAltair-Prime-20-dark-gray-default-001.png&output=webp&q=78
Altair prime 20,ARAD1504,36V DC,500mA,5000K, CRI>97,Φ60*H170mm,36°,20W,AJ/CG,ARAS2060/50/36/BB,R-41159492,IS 10322 (PART 5/SEC1):2012,11099,"Guangdong Sat Technology Co. Ltd., No. 11 Lianbao Rd, Shengfeng District, Xiaolan Town, Zhongshan City, Guangdong, China – 528400",https://wsrv.nl/?url=https%3A%2F%2Fi.ibb.co%2FZzS3YsDH%2FAltair-Prime-20-ballet-blue.png&output=webp&q=78
Altair prime 20,ARAD1504,36V DC,500mA,5000K, CRI>97,Φ60*H170mm,36°,20W,AJ/CG,ARAS2060/50/36/CH,R-41159492,IS 10322 (PART 5/SEC1):2012,11099,"Guangdong Sat Technology Co. Ltd., No. 11 Lianbao Rd, Shengfeng District, Xiaolan Town, Zhongshan City, Guangdong, China – 528400",https://wsrv.nl/?url=https%3A%2F%2Fi.ibb.co%2FLhZc3jdq%2FAltair-Prime-20-chrome.png&output=webp&q=78
Altair prime 20,ARAD1504,36V DC,500mA,5000K, CRI>97,Φ60*H170mm,36°,20W,AJ/CG,ARAS2060/50/36/CHB,R-41159492,IS 10322 (PART 5/SEC1):2012,11099,"Guangdong Sat Technology Co. Ltd., No. 11 Lianbao Rd, Shengfeng District, Xiaolan Town, Zhongshan City, Guangdong, China – 528400",https://wsrv.nl/?url=https%3A%2F%2Fi.ibb.co%2FtFJYNqs%2FAltair-Prime-20-chrome-black.png&output=webp&q=78
Altair prime 20,ARAD1504,36V DC,500mA,2700K, CRI>97,Φ60*H170mm,60°,20W,AJ/CG,ARAS2060/27/60/W,R-41159492,IS 10322 (PART 5/SEC1):2012,10099,"Guangdong Sat Technology Co. Ltd., No. 11 Lianbao Rd, Shengfeng District, Xiaolan Town, Zhongshan City, Guangdong, China – 528400",https://wsrv.nl/?url=https%3A%2F%2Fi.ibb.co%2FVWqkgwtb%2FAltair-Prime-20-white.png&output=webp&q=78
Altair prime 20,ARAD1504,36V DC,500mA,2700K, CRI>97,Φ60*H170mm,60°,20W,AJ/CG,ARAS2060/27/60/B,R-41159492,IS 10322 (PART 5/SEC1):2012,10099,"Guangdong Sat Technology Co. Ltd., No. 11 Lianbao Rd, Shengfeng District, Xiaolan Town, Zhongshan City, Guangdong, China – 528400",https://wsrv.nl/?url=https%3A%2F%2Fi.ibb.co%2F1t9vpjBt%2FAltair-Prime-20-mat-black-default.png&output=webp&q=78
Altair prime 20,ARAD1504,36V DC,500mA,2700K, CRI>97,Φ60*H170mm,60°,20W,AJ/CG,ARAS2060/27/60/CG,R-41159492,IS 10322 (PART 5/SEC1):2012,11099,"Guangdong Sat Technology Co. Ltd., No. 11 Lianbao Rd, Shengfeng District, Xiaolan Town, Zhongshan City, Guangdong, China – 528400",https://wsrv.nl/?url=https%3A%2F%2Fi.ibb.co%2FHDwGbZqD%2FAltair-Prime-20-champeing-gold.png&output=webp&q=78
Altair prime 20,ARAD1504,36V DC,500mA,2700K, CRI>97,Φ60*H170mm,60°,20W,AJ/CG,ARAS2060/27/60/RG,R-41159492,IS 10322 (PART 5/SEC1):2012,11099,"Guangdong Sat Technology Co. Ltd., No. 11 Lianbao Rd, Shengfeng District, Xiaolan Town, Zhongshan City, Guangdong, China – 528400",https://wsrv.nl/?url=https%3A%2F%2Fi.ibb.co%2FrfZBW6GW%2FAltair-Prime-20-rose-gold.png&output=webp&q=78
Altair prime 20,ARAD1504,36V DC,500mA,2700K, CRI>97,Φ60*H170mm,60°,20W,AJ/CG,ARAS2060/27/60/BR,R-41159492,IS 10322 (PART 5/SEC1):2012,11099,"Guangdong Sat Technology Co. Ltd., No. 11 Lianbao Rd, Shengfeng District, Xiaolan Town, Zhongshan City, Guangdong, China – 528400",https://wsrv.nl/?url=https%3A%2F%2Fi.ibb.co%2FHDnd9yGS%2FAltair-Prime-20-brown.png&output=webp&q=78
Altair prime 20,ARAD1504,36V DC,500mA,2700K, CRI>97,Φ60*H170mm,60°,20W,AJ/CG,ARAS2060/27/60/COF,R-41159492,IS 10322 (PART 5/SEC1):2012,11099,"Guangdong Sat Technology Co. Ltd., No. 11 Lianbao Rd, Shengfeng District, Xiaolan Town, Zhongshan City, Guangdong, China – 528400",https://wsrv.nl/?url=https%3A%2F%2Fi.ibb.co%2FCK8rTTCw%2FAltair-Prime-20-coffee.png&output=webp&q=78
Altair prime 20,ARAD1504,36V DC,500mA,2700K, CRI>97,Φ60*H170mm,60°,20W,AJ/CG,ARAS2060/27/60/DGR,R-41159492,IS 10322 (PART 5/SEC1):2012,11099,"Guangdong Sat Technology Co. Ltd., No. 11 Lianbao Rd, Shengfeng District, Xiaolan Town, Zhongshan City, Guangdong, China – 528400",https://wsrv.nl/?url=https%3A%2F%2Fi.ibb.co%2Fx8KDZbzR%2FAltair-Prime-20-dark-gray-default-001.png&output=webp&q=78
Altair prime 20,ARAD1504,36V DC,500mA,2700K, CRI>97,Φ60*H170mm,60°,20W,AJ/CG,ARAS2060/27/60/BB,R-41159492,IS 10322 (PART 5/SEC1):2012,11099,"Guangdong Sat Technology Co. Ltd., No. 11 Lianbao Rd, Shengfeng District, Xiaolan Town, Zhongshan City, Guangdong, China – 528400",https://wsrv.nl/?url=https%3A%2F%2Fi.ibb.co%2FZzS3YsDH%2FAltair-Prime-20-ballet-blue.png&output=webp&q=78
Altair prime 20,ARAD1504,36V DC,500mA,2700K, CRI>97,Φ60*H170mm,60°,20W,AJ/CG,ARAS2060/27/60/CH,R-41159492,IS 10322 (PART 5/SEC1):2012,11099,"Guangdong Sat Technology Co. Ltd., No. 11 Lianbao Rd, Shengfeng District, Xiaolan Town, Zhongshan City, Guangdong, China – 528400",https://wsrv.nl/?url=https%3A%2F%2Fi.ibb.co%2FLhZc3jdq%2FAltair-Prime-20-chrome.png&output=webp&q=78
Altair prime 20,ARAD1504,36V DC,500mA,2700K, CRI>97,Φ60*H170mm,60°,20W,AJ/CG,ARAS2060/27/60/CHB,R-41159492,IS 10322 (PART 5/SEC1):2012,11099,"Guangdong Sat Technology Co. Ltd., No. 11 Lianbao Rd, Shengfeng District, Xiaolan Town, Zhongshan City, Guangdong, China – 528400",https://wsrv.nl/?url=https%3A%2F%2Fi.ibb.co%2FtFJYNqs%2FAltair-Prime-20-chrome-black.png&output=webp&q=78
Altair prime 20,ARAD1504,36V DC,500mA,3000K, CRI>97,Φ60*H170mm,60°,20W,AJ/CG,ARAS2060/30/60/W,R-41159492,IS 10322 (PART 5/SEC1):2012,10099,"Guangdong Sat Technology Co. Ltd., No. 11 Lianbao Rd, Shengfeng District, Xiaolan Town, Zhongshan City, Guangdong, China – 528400",https://wsrv.nl/?url=https%3A%2F%2Fi.ibb.co%2FVWqkgwtb%2FAltair-Prime-20-white.png&output=webp&q=78
Altair prime 20,ARAD1504,36V DC,500mA,3000K, CRI>97,Φ60*H170mm,60°,20W,AJ/CG,ARAS2060/30/60/B,R-41159492,IS 10322 (PART 5/SEC1):2012,10099,"Guangdong Sat Technology Co. Ltd., No. 11 Lianbao Rd, Shengfeng District, Xiaolan Town, Zhongshan City, Guangdong, China – 528400",https://wsrv.nl/?url=https%3A%2F%2Fi.ibb.co%2F1t9vpjBt%2FAltair-Prime-20-mat-black-default.png&output=webp&q=78
Altair prime 20,ARAD1504,36V DC,500mA,3000K, CRI>97,Φ60*H170mm,60°,20W,AJ/CG,ARAS2060/30/60/CG,R-41159492,IS 10322 (PART 5/SEC1):2012,11099,"Guangdong Sat Technology Co. Ltd., No. 11 Lianbao Rd, Shengfeng District, Xiaolan Town, Zhongshan City, Guangdong, China – 528400",https://wsrv.nl/?url=https%3A%2F%2Fi.ibb.co%2FHDwGbZqD%2FAltair-Prime-20-champeing-gold.png&output=webp&q=78
Altair prime 20,ARAD1504,36V DC,500mA,3000K, CRI>97,Φ60*H170mm,60°,20W,AJ/CG,ARAS2060/30/60/RG,R-41159492,IS 10322 (PART 5/SEC1):2012,11099,"Guangdong Sat Technology Co. Ltd., No. 11 Lianbao Rd, Shengfeng District, Xiaolan Town, Zhongshan City, Guangdong, China – 528400",https://wsrv.nl/?url=https%3A%2F%2Fi.ibb.co%2FrfZBW6GW%2FAltair-Prime-20-rose-gold.png&output=webp&q=78
Altair prime 20,ARAD1504,36V DC,500mA,3000K, CRI>97,Φ60*H170mm,60°,20W,AJ/CG,ARAS2060/30/60/BR,R-41159492,IS 10322 (PART 5/SEC1):2012,11099,"Guangdong Sat Technology Co. Ltd., No. 11 Lianbao Rd, Shengfeng District, Xiaolan Town, Zhongshan City, Guangdong, China – 528400",https://wsrv.nl/?url=https%3A%2F%2Fi.ibb.co%2FHDnd9yGS%2FAltair-Prime-20-brown.png&output=webp&q=78
Altair prime 20,ARAD1504,36V DC,500mA,3000K, CRI>97,Φ60*H170mm,60°,20W,AJ/CG,ARAS2060/30/60/COF,R-41159492,IS 10322 (PART 5/SEC1):2012,11099,"Guangdong Sat Technology Co. Ltd., No. 11 Lianbao Rd, Shengfeng District, Xiaolan Town, Zhongshan City, Guangdong, China – 528400",https://wsrv.nl/?url=https%3A%2F%2Fi.ibb.co%2FCK8rTTCw%2FAltair-Prime-20-coffee.png&output=webp&q=78
Altair prime 20,ARAD1504,36V DC,500mA,3000K, CRI>97,Φ60*H170mm,60°,20W,AJ/CG,ARAS2060/30/60/DGR,R-41159492,IS 10322 (PART 5/SEC1):2012,11099,"Guangdong Sat Technology Co. Ltd., No. 11 Lianbao Rd, Shengfeng District, Xiaolan Town, Zhongshan City, Guangdong, China – 528400",https://wsrv.nl/?url=https%3A%2F%2Fi.ibb.co%2Fx8KDZbzR%2FAltair-Prime-20-dark-gray-default-001.png&output=webp&q=78
Altair prime 20,ARAD1504,36V DC,500mA,3000K, CRI>97,Φ60*H170mm,60°,20W,AJ/CG,ARAS2060/30/60/BB,R-41159492,IS 10322 (PART 5/SEC1):2012,11099,"Guangdong Sat Technology Co. Ltd., No. 11 Lianbao Rd, Shengfeng District, Xiaolan Town, Zhongshan City, Guangdong, China – 528400",https://wsrv.nl/?url=https%3A%2F%2Fi.ibb.co%2FZzS3YsDH%2FAltair-Prime-20-ballet-blue.png&output=webp&q=78
Altair prime 20,ARAD1504,36V DC,500mA,3000K, CRI>97,Φ60*H170mm,60°,20W,AJ/CG,ARAS2060/30/60/CH,R-41159492,IS 10322 (PART 5/SEC1):2012,11099,"Guangdong Sat Technology Co. Ltd., No. 11 Lianbao Rd, Shengfeng District, Xiaolan Town, Zhongshan City, Guangdong, China – 528400",https://wsrv.nl/?url=https%3A%2F%2Fi.ibb.co%2FLhZc3jdq%2FAltair-Prime-20-chrome.png&output=webp&q=78
Altair prime 20,ARAD1504,36V DC,500mA,3000K, CRI>97,Φ60*H170mm,60°,20W,AJ/CG,ARAS2060/30/60/CHB,R-41159492,IS 10322 (PART 5/SEC1):2012,11099,"Guangdong Sat Technology Co. Ltd., No. 11 Lianbao Rd, Shengfeng District, Xiaolan Town, Zhongshan City, Guangdong, China – 528400",https://wsrv.nl/?url=https%3A%2F%2Fi.ibb.co%2FtFJYNqs%2FAltair-Prime-20-chrome-black.png&output=webp&q=78
Altair prime 20,ARAD1504,36V DC,500mA,3500K, CRI>97,Φ60*H170mm,60°,20W,AJ/CG,ARAS2060/35/60/W,R-41159492,IS 10322 (PART 5/SEC1):2012,10099,"Guangdong Sat Technology Co. Ltd., No. 11 Lianbao Rd, Shengfeng District, Xiaolan Town, Zhongshan City, Guangdong, China – 528400",https://wsrv.nl/?url=https%3A%2F%2Fi.ibb.co%2FVWqkgwtb%2FAltair-Prime-20-white.png&output=webp&q=78
Altair prime 20,ARAD1504,36V DC,500mA,3500K, CRI>97,Φ60*H170mm,60°,20W,AJ/CG,ARAS2060/35/60/B,R-41159492,IS 10322 (PART 5/SEC1):2012,10099,"Guangdong Sat Technology Co. Ltd., No. 11 Lianbao Rd, Shengfeng District, Xiaolan Town, Zhongshan City, Guangdong, China – 528400",https://wsrv.nl/?url=https%3A%2F%2Fi.ibb.co%2F1t9vpjBt%2FAltair-Prime-20-mat-black-default.png&output=webp&q=78
Altair prime 20,ARAD1504,36V DC,500mA,3500K, CRI>97,Φ60*H170mm,60°,20W,AJ/CG,ARAS2060/35/60/CG,R-41159492,IS 10322 (PART 5/SEC1):2012,11099,"Guangdong Sat Technology Co. Ltd., No. 11 Lianbao Rd, Shengfeng District, Xiaolan Town, Zhongshan City, Guangdong, China – 528400",https://wsrv.nl/?url=https%3A%2F%2Fi.ibb.co%2FHDwGbZqD%2FAltair-Prime-20-champeing-gold.png&output=webp&q=78
Altair prime 20,ARAD1504,36V DC,500mA,3500K, CRI>97,Φ60*H170mm,60°,20W,AJ/CG,ARAS2060/35/60/RG,R-41159492,IS 10322 (PART 5/SEC1):2012,11099,"Guangdong Sat Technology Co. Ltd., No. 11 Lianbao Rd, Shengfeng District, Xiaolan Town, Zhongshan City, Guangdong, China – 528400",https://wsrv.nl/?url=https%3A%2F%2Fi.ibb.co%2FrfZBW6GW%2FAltair-Prime-20-rose-gold.png&output=webp&q=78
Altair prime 20,ARAD1504,36V DC,500mA,3500K, CRI>97,Φ60*H170mm,60°,20W,AJ/CG,ARAS2060/35/60/BR,R-41159492,IS 10322 (PART 5/SEC1):2012,11099,"Guangdong Sat Technology Co. Ltd., No. 11 Lianbao Rd, Shengfeng District, Xiaolan Town, Zhongshan City, Guangdong, China – 528400",https://wsrv.nl/?url=https%3A%2F%2Fi.ibb.co%2FHDnd9yGS%2FAltair-Prime-20-brown.png&output=webp&q=78
Altair prime 20,ARAD1504,36V DC,500mA,3500K, CRI>97,Φ60*H170mm,60°,20W,AJ/CG,ARAS2060/35/60/COF,R-41159492,IS 10322 (PART 5/SEC1):2012,11099,"Guangdong Sat Technology Co. Ltd., No. 11 Lianbao Rd, Shengfeng District, Xiaolan Town, Zhongshan City, Guangdong, China – 528400",https://wsrv.nl/?url=https%3A%2F%2Fi.ibb.co%2FCK8rTTCw%2FAltair-Prime-20-coffee.png&output=webp&q=78
Altair prime 20,ARAD1504,36V DC,500mA,3500K, CRI>97,Φ60*H170mm,60°,20W,AJ/CG,ARAS2060/35/60/DGR,R-41159492,IS 10322 (PART 5/SEC1):2012,11099,"Guangdong Sat Technology Co. Ltd., No. 11 Lianbao Rd, Shengfeng District, Xiaolan Town, Zhongshan City, Guangdong, China – 528400",https://wsrv.nl/?url=https%3A%2F%2Fi.ibb.co%2Fx8KDZbzR%2FAltair-Prime-20-dark-gray-default-001.png&output=webp&q=78
Altair prime 20,ARAD1504,36V DC,500mA,3500K, CRI>97,Φ60*H170mm,60°,20W,AJ/CG,ARAS2060/35/60/BB,R-41159492,IS 10322 (PART 5/SEC1):2012,11099,"Guangdong Sat Technology Co. Ltd., No. 11 Lianbao Rd, Shengfeng District, Xiaolan Town, Zhongshan City, Guangdong, China – 528400",https://wsrv.nl/?url=https%3A%2F%2Fi.ibb.co%2FZzS3YsDH%2FAltair-Prime-20-ballet-blue.png&output=webp&q=78
Altair prime 20,ARAD1504,36V DC,500mA,3500K, CRI>97,Φ60*H170mm,60°,20W,AJ/CG,ARAS2060/35/60/CH,R-41159492,IS 10322 (PART 5/SEC1):2012,11099,"Guangdong Sat Technology Co. Ltd., No. 11 Lianbao Rd, Shengfeng District, Xiaolan Town, Zhongshan City, Guangdong, China – 528400",https://wsrv.nl/?url=https%3A%2F%2Fi.ibb.co%2FLhZc3jdq%2FAltair-Prime-20-chrome.png&output=webp&q=78
Altair prime 20,ARAD1504,36V DC,500mA,3500K, CRI>97,Φ60*H170mm,60°,20W,AJ/CG,ARAS2060/35/60/CHB,R-41159492,IS 10322 (PART 5/SEC1):2012,11099,"Guangdong Sat Technology Co. Ltd., No. 11 Lianbao Rd, Shengfeng District, Xiaolan Town, Zhongshan City, Guangdong, China – 528400",https://wsrv.nl/?url=https%3A%2F%2Fi.ibb.co%2FtFJYNqs%2FAltair-Prime-20-chrome-black.png&output=webp&q=78
Altair prime 20,ARAD1504,36V DC,500mA,4000K, CRI>97,Φ60*H170mm,60°,20W,AJ/CG,ARAS2060/40/60/W,R-41159492,IS 10322 (PART 5/SEC1):2012,10099,"Guangdong Sat Technology Co. Ltd., No. 11 Lianbao Rd, Shengfeng District, Xiaolan Town, Zhongshan City, Guangdong, China – 528400",https://wsrv.nl/?url=https%3A%2F%2Fi.ibb.co%2FVWqkgwtb%2FAltair-Prime-20-white.png&output=webp&q=78
Altair prime 20,ARAD1504,36V DC,500mA,4000K, CRI>97,Φ60*H170mm,60°,20W,AJ/CG,ARAS2060/40/60/B,R-41159492,IS 10322 (PART 5/SEC1):2012,10099,"Guangdong Sat Technology Co. Ltd., No. 11 Lianbao Rd, Shengfeng District, Xiaolan Town, Zhongshan City, Guangdong, China – 528400",https://wsrv.nl/?url=https%3A%2F%2Fi.ibb.co%2F1t9vpjBt%2FAltair-Prime-20-mat-black-default.png&output=webp&q=78
Altair prime 20,ARAD1504,36V DC,500mA,4000K, CRI>97,Φ60*H170mm,60°,20W,AJ/CG,ARAS2060/40/60/CG,R-41159492,IS 10322 (PART 5/SEC1):2012,11099,"Guangdong Sat Technology Co. Ltd., No. 11 Lianbao Rd, Shengfeng District, Xiaolan Town, Zhongshan City, Guangdong, China – 528400",https://wsrv.nl/?url=https%3A%2F%2Fi.ibb.co%2FHDwGbZqD%2FAltair-Prime-20-champeing-gold.png&output=webp&q=78
Altair prime 20,ARAD1504,36V DC,500mA,4000K, CRI>97,Φ60*H170mm,60°,20W,AJ/CG,ARAS2060/40/60/RG,R-41159492,IS 10322 (PART 5/SEC1):2012,11099,"Guangdong Sat Technology Co. Ltd., No. 11 Lianbao Rd, Shengfeng District, Xiaolan Town, Zhongshan City, Guangdong, China – 528400",https://wsrv.nl/?url=https%3A%2F%2Fi.ibb.co%2FrfZBW6GW%2FAltair-Prime-20-rose-gold.png&output=webp&q=78
Altair prime 20,ARAD1504,36V DC,500mA,4000K, CRI>97,Φ60*H170mm,60°,20W,AJ/CG,ARAS2060/40/60/BR,R-41159492,IS 10322 (PART 5/SEC1):2012,11099,"Guangdong Sat Technology Co. Ltd., No. 11 Lianbao Rd, Shengfeng District, Xiaolan Town, Zhongshan City, Guangdong, China – 528400",https://wsrv.nl/?url=https%3A%2F%2Fi.ibb.co%2FHDnd9yGS%2FAltair-Prime-20-brown.png&output=webp&q=78
Altair prime 20,ARAD1504,36V DC,500mA,4000K, CRI>97,Φ60*H170mm,60°,20W,AJ/CG,ARAS2060/40/60/COF,R-41159492,IS 10322 (PART 5/SEC1):2012,11099,"Guangdong Sat Technology Co. Ltd., No. 11 Lianbao Rd, Shengfeng District, Xiaolan Town, Zhongshan City, Guangdong, China – 528400",https://wsrv.nl/?url=https%3A%2F%2Fi.ibb.co%2FCK8rTTCw%2FAltair-Prime-20-coffee.png&output=webp&q=78
Altair prime 20,ARAD1504,36V DC,500mA,4000K, CRI>97,Φ60*H170mm,60°,20W,AJ/CG,ARAS2060/40/60/DGR,R-41159492,IS 10322 (PART 5/SEC1):2012,11099,"Guangdong Sat Technology Co. Ltd., No. 11 Lianbao Rd, Shengfeng District, Xiaolan Town, Zhongshan City, Guangdong, China – 528400",https://wsrv.nl/?url=https%3A%2F%2Fi.ibb.co%2Fx8KDZbzR%2FAltair-Prime-20-dark-gray-default-001.png&output=webp&q=78
Altair prime 20,ARAD1504,36V DC,500mA,4000K, CRI>97,Φ60*H170mm,60°,20W,AJ/CG,ARAS2060/40/60/BB,R-41159492,IS 10322 (PART 5/SEC1):2012,11099,"Guangdong Sat Technology Co. Ltd., No. 11 Lianbao Rd, Shengfeng District, Xiaolan Town, Zhongshan City, Guangdong, China – 528400",https://wsrv.nl/?url=https%3A%2F%2Fi.ibb.co%2FZzS3YsDH%2FAltair-Prime-20-ballet-blue.png&output=webp&q=78
Altair prime 20,ARAD1504,36V DC,500mA,4000K, CRI>97,Φ60*H170mm,60°,20W,AJ/CG,ARAS2060/40/60/CH,R-41159492,IS 10322 (PART 5/SEC1):2012,11099,"Guangdong Sat Technology Co. Ltd., No. 11 Lianbao Rd, Shengfeng District, Xiaolan Town, Zhongshan City, Guangdong, China – 528400",https://wsrv.nl/?url=https%3A%2F%2Fi.ibb.co%2FLhZc3jdq%2FAltair-Prime-20-chrome.png&output=webp&q=78
Altair prime 20,ARAD1504,36V DC,500mA,4000K, CRI>97,Φ60*H170mm,60°,20W,AJ/CG,ARAS2060/40/60/CHB,R-41159492,IS 10322 (PART 5/SEC1):2012,11099,"Guangdong Sat Technology Co. Ltd., No. 11 Lianbao Rd, Shengfeng District, Xiaolan Town, Zhongshan City, Guangdong, China – 528400",https://wsrv.nl/?url=https%3A%2F%2Fi.ibb.co%2FtFJYNqs%2FAltair-Prime-20-chrome-black.png&output=webp&q=78
Altair prime 20,ARAD1504,36V DC,500mA,5000K, CRI>97,Φ60*H170mm,60°,20W,AJ/CG,ARAS2060/50/60/W,R-41159492,IS 10322 (PART 5/SEC1):2012,10099,"Guangdong Sat Technology Co. Ltd., No. 11 Lianbao Rd, Shengfeng District, Xiaolan Town, Zhongshan City, Guangdong, China – 528400",https://wsrv.nl/?url=https%3A%2F%2Fi.ibb.co%2FVWqkgwtb%2FAltair-Prime-20-white.png&output=webp&q=78
Altair prime 20,ARAD1504,36V DC,500mA,5000K, CRI>97,Φ60*H170mm,60°,20W,AJ/CG,ARAS2060/50/60/B,R-41159492,IS 10322 (PART 5/SEC1):2012,10099,"Guangdong Sat Technology Co. Ltd., No. 11 Lianbao Rd, Shengfeng District, Xiaolan Town, Zhongshan City, Guangdong, China – 528400",https://wsrv.nl/?url=https%3A%2F%2Fi.ibb.co%2F1t9vpjBt%2FAltair-Prime-20-mat-black-default.png&output=webp&q=78
Altair prime 20,ARAD1504,36V DC,500mA,5000K, CRI>97,Φ60*H170mm,60°,20W,AJ/CG,ARAS2060/50/60/CG,R-41159492,IS 10322 (PART 5/SEC1):2012,11099,"Guangdong Sat Technology Co. Ltd., No. 11 Lianbao Rd, Shengfeng District, Xiaolan Town, Zhongshan City, Guangdong, China – 528400",https://wsrv.nl/?url=https%3A%2F%2Fi.ibb.co%2FHDwGbZqD%2FAltair-Prime-20-champeing-gold.png&output=webp&q=78
Altair prime 20,ARAD1504,36V DC,500mA,5000K, CRI>97,Φ60*H170mm,60°,20W,AJ/CG,ARAS2060/50/60/RG,R-41159492,IS 10322 (PART 5/SEC1):2012,11099,"Guangdong Sat Technology Co. Ltd., No. 11 Lianbao Rd, Shengfeng District, Xiaolan Town, Zhongshan City, Guangdong, China – 528400",https://wsrv.nl/?url=https%3A%2F%2Fi.ibb.co%2FrfZBW6GW%2FAltair-Prime-20-rose-gold.png&output=webp&q=78
Altair prime 20,ARAD1504,36V DC,500mA,5000K, CRI>97,Φ60*H170mm,60°,20W,AJ/CG,ARAS2060/50/60/BR,R-41159492,IS 10322 (PART 5/SEC1):2012,11099,"Guangdong Sat Technology Co. Ltd., No. 11 Lianbao Rd, Shengfeng District, Xiaolan Town, Zhongshan City, Guangdong, China – 528400",https://wsrv.nl/?url=https%3A%2F%2Fi.ibb.co%2FHDnd9yGS%2FAltair-Prime-20-brown.png&output=webp&q=78
Altair prime 20,ARAD1504,36V DC,500mA,5000K, CRI>97,Φ60*H170mm,60°,20W,AJ/CG,ARAS2060/50/60/COF,R-41159492,IS 10322 (PART 5/SEC1):2012,11099,"Guangdong Sat Technology Co. Ltd., No. 11 Lianbao Rd, Shengfeng District, Xiaolan Town, Zhongshan City, Guangdong, China – 528400",https://wsrv.nl/?url=https%3A%2F%2Fi.ibb.co%2FCK8rTTCw%2FAltair-Prime-20-coffee.png&output=webp&q=78
Altair prime 20,ARAD1504,36V DC,500mA,5000K, CRI>97,Φ60*H170mm,60°,20W,AJ/CG,ARAS2060/50/60/DGR,R-41159492,IS 10322 (PART 5/SEC1):2012,11099,"Guangdong Sat Technology Co. Ltd., No. 11 Lianbao Rd, Shengfeng District, Xiaolan Town, Zhongshan City, Guangdong, China – 528400",https://wsrv.nl/?url=https%3A%2F%2Fi.ibb.co%2Fx8KDZbzR%2FAltair-Prime-20-dark-gray-default-001.png&output=webp&q=78
Altair prime 20,ARAD1504,36V DC,500mA,5000K, CRI>97,Φ60*H170mm,60°,20W,AJ/CG,ARAS2060/50/60/BB,R-41159492,IS 10322 (PART 5/SEC1):2012,11099,"Guangdong Sat Technology Co. Ltd., No. 11 Lianbao Rd, Shengfeng District, Xiaolan Town, Zhongshan City, Guangdong, China – 528400",https://wsrv.nl/?url=https%3A%2F%2Fi.ibb.co%2FZzS3YsDH%2FAltair-Prime-20-ballet-blue.png&output=webp&q=78
Altair prime 20,ARAD1504,36V DC,500mA,5000K, CRI>97,Φ60*H170mm,60°,20W,AJ/CG,ARAS2060/50/60/CH,R-41159492,IS 10322 (PART 5/SEC1):2012,11099,"Guangdong Sat Technology Co. Ltd., No. 11 Lianbao Rd, Shengfeng District, Xiaolan Town, Zhongshan City, Guangdong, China – 528400",https://wsrv.nl/?url=https%3A%2F%2Fi.ibb.co%2FLhZc3jdq%2FAltair-Prime-20-chrome.png&output=webp&q=78
Altair prime 20,ARAD1504,36V DC,500mA,5000K, CRI>97,Φ60*H170mm,60°,20W,AJ/CG,ARAS2060/50/60/CHB,R-41159492,IS 10322 (PART 5/SEC1):2012,11099,"Guangdong Sat Technology Co. Ltd., No. 11 Lianbao Rd, Shengfeng District, Xiaolan Town, Zhongshan City, Guangdong, China – 528400",https://wsrv.nl/?url=https%3A%2F%2Fi.ibb.co%2FtFJYNqs%2FAltair-Prime-20-chrome-black.png&output=webp&q=78
Altair prime 20 Tunable,ARAD1504,36V DC,500mA,2700K~6500K, CRI>97,Φ60*H170mm,15°,20W,AJ/CG,ARAS2060/CT/15/W,R-41159492,IS 10322 (PART 5/SEC1):2012,11299,"Guangdong Sat Technology Co. Ltd., No. 11 Lianbao Rd, Shengfeng District, Xiaolan Town, Zhongshan City, Guangdong, China – 528400",https://wsrv.nl/?url=https%3A%2F%2Fi.ibb.co%2FVWqkgwtb%2FAltair-Prime-20-white.png&output=webp&q=78
Altair prime 20 Tunable,ARAD1504,36V DC,500mA,2700K~6500K, CRI>97,Φ60*H170mm,15°,20W,AJ/CG,ARAS2060/CT/15/B,R-41159492,IS 10322 (PART 5/SEC1):2012,11299,"Guangdong Sat Technology Co. Ltd., No. 11 Lianbao Rd, Shengfeng District, Xiaolan Town, Zhongshan City, Guangdong, China – 528400",https://wsrv.nl/?url=https%3A%2F%2Fi.ibb.co%2F1t9vpjBt%2FAltair-Prime-20-mat-black-default.png&output=webp&q=78
Altair prime 20 Tunable,ARAD1504,36V DC,500mA,2700K~6500K, CRI>97,Φ60*H170mm,15°,20W,AJ/CG,ARAS2060/CT/15/CG,R-41159492,IS 10322 (PART 5/SEC1):2012,12299,"Guangdong Sat Technology Co. Ltd., No. 11 Lianbao Rd, Shengfeng District, Xiaolan Town, Zhongshan City, Guangdong, China – 528400",https://wsrv.nl/?url=https%3A%2F%2Fi.ibb.co%2FHDwGbZqD%2FAltair-Prime-20-champeing-gold.png&output=webp&q=78
Altair prime 20 Tunable,ARAD1504,36V DC,500mA,2700K~6500K, CRI>97,Φ60*H170mm,15°,20W,AJ/CG,ARAS2060/CT/15/RG,R-41159492,IS 10322 (PART 5/SEC1):2012,12299,"Guangdong Sat Technology Co. Ltd., No. 11 Lianbao Rd, Shengfeng District, Xiaolan Town, Zhongshan City, Guangdong, China – 528400",https://wsrv.nl/?url=https%3A%2F%2Fi.ibb.co%2FrfZBW6GW%2FAltair-Prime-20-rose-gold.png&output=webp&q=78
Altair prime 20 Tunable,ARAD1504,36V DC,500mA,2700K~6500K, CRI>97,Φ60*H170mm,15°,20W,AJ/CG,ARAS2060/CT/15/BR,R-41159492,IS 10322 (PART 5/SEC1):2012,12299,"Guangdong Sat Technology Co. Ltd., No. 11 Lianbao Rd, Shengfeng District, Xiaolan Town, Zhongshan City, Guangdong, China – 528400",https://wsrv.nl/?url=https%3A%2F%2Fi.ibb.co%2FHDnd9yGS%2FAltair-Prime-20-brown.png&output=webp&q=78
Altair prime 20 Tunable,ARAD1504,36V DC,500mA,2700K~6500K, CRI>97,Φ60*H170mm,15°,20W,AJ/CG,ARAS2060/CT/15/COF,R-41159492,IS 10322 (PART 5/SEC1):2012,12299,"Guangdong Sat Technology Co. Ltd., No. 11 Lianbao Rd, Shengfeng District, Xiaolan Town, Zhongshan City, Guangdong, China – 528400",https://wsrv.nl/?url=https%3A%2F%2Fi.ibb.co%2FCK8rTTCw%2FAltair-Prime-20-coffee.png&output=webp&q=78
Altair prime 20 Tunable,ARAD1504,36V DC,500mA,2700K~6500K, CRI>97,Φ60*H170mm,15°,20W,AJ/CG,ARAS2060/CT/15/DGR,R-41159492,IS 10322 (PART 5/SEC1):2012,12299,"Guangdong Sat Technology Co. Ltd., No. 11 Lianbao Rd, Shengfeng District, Xiaolan Town, Zhongshan City, Guangdong, China – 528400",https://wsrv.nl/?url=https%3A%2F%2Fi.ibb.co%2Fx8KDZbzR%2FAltair-Prime-20-dark-gray-default-001.png&output=webp&q=78
Altair prime 20 Tunable,ARAD1504,36V DC,500mA,2700K~6500K, CRI>97,Φ60*H170mm,15°,20W,AJ/CG,ARAS2060/CT/15/BB,R-41159492,IS 10322 (PART 5/SEC1):2012,12299,"Guangdong Sat Technology Co. Ltd., No. 11 Lianbao Rd, Shengfeng District, Xiaolan Town, Zhongshan City, Guangdong, China – 528400",https://wsrv.nl/?url=https%3A%2F%2Fi.ibb.co%2FZzS3YsDH%2FAltair-Prime-20-ballet-blue.png&output=webp&q=78
Altair prime 20 Tunable,ARAD1504,36V DC,500mA,2700K~6500K, CRI>97,Φ60*H170mm,15°,20W,AJ/CG,ARAS2060/CT/15/CH,R-41159492,IS 10322 (PART 5/SEC1):2012,12299,"Guangdong Sat Technology Co. Ltd., No. 11 Lianbao Rd, Shengfeng District, Xiaolan Town, Zhongshan City, Guangdong, China – 528400",https://wsrv.nl/?url=https%3A%2F%2Fi.ibb.co%2FLhZc3jdq%2FAltair-Prime-20-chrome.png&output=webp&q=78
Altair prime 20 Tunable,ARAD1504,36V DC,500mA,2700K~6500K, CRI>97,Φ60*H170mm,15°,20W,AJ/CG,ARAS2060/CT/15/CHB,R-41159492,IS 10322 (PART 5/SEC1):2012,12299,"Guangdong Sat Technology Co. Ltd., No. 11 Lianbao Rd, Shengfeng District, Xiaolan Town, Zhongshan City, Guangdong, China – 528400",https://wsrv.nl/?url=https%3A%2F%2Fi.ibb.co%2FtFJYNqs%2FAltair-Prime-20-chrome-black.png&output=webp&q=78
Altair prime 20 Tunable,ARAD1504,36V DC,500mA,2700K~6500K, CRI>97,Φ60*H170mm,24°,20W,AJ/CG,ARAS2060/CT/24/W,R-41159492,IS 10322 (PART 5/SEC1):2012,11299,"Guangdong Sat Technology Co. Ltd., No. 11 Lianbao Rd, Shengfeng District, Xiaolan Town, Zhongshan City, Guangdong, China – 528400",https://wsrv.nl/?url=https%3A%2F%2Fi.ibb.co%2FVWqkgwtb%2FAltair-Prime-20-white.png&output=webp&q=78
Altair prime 20 Tunable,ARAD1504,36V DC,500mA,2700K~6500K, CRI>97,Φ60*H170mm,24°,20W,AJ/CG,ARAS2060/CT/24/B,R-41159492,IS 10322 (PART 5/SEC1):2012,11299,"Guangdong Sat Technology Co. Ltd., No. 11 Lianbao Rd, Shengfeng District, Xiaolan Town, Zhongshan City, Guangdong, China – 528400",https://wsrv.nl/?url=https%3A%2F%2Fi.ibb.co%2F1t9vpjBt%2FAltair-Prime-20-mat-black-default.png&output=webp&q=78
Altair prime 20 Tunable,ARAD1504,36V DC,500mA,2700K~6500K, CRI>97,Φ60*H170mm,24°,20W,AJ/CG,ARAS2060/CT/24/CG,R-41159492,IS 10322 (PART 5/SEC1):2012,12299,"Guangdong Sat Technology Co. Ltd., No. 11 Lianbao Rd, Shengfeng District, Xiaolan Town, Zhongshan City, Guangdong, China – 528400",https://wsrv.nl/?url=https%3A%2F%2Fi.ibb.co%2FHDwGbZqD%2FAltair-Prime-20-champeing-gold.png&output=webp&q=78
Altair prime 20 Tunable,ARAD1504,36V DC,500mA,2700K~6500K, CRI>97,Φ60*H170mm,24°,20W,AJ/CG,ARAS2060/CT/24/RG,R-41159492,IS 10322 (PART 5/SEC1):2012,12299,"Guangdong Sat Technology Co. Ltd., No. 11 Lianbao Rd, Shengfeng District, Xiaolan Town, Zhongshan City, Guangdong, China – 528400",https://wsrv.nl/?url=https%3A%2F%2Fi.ibb.co%2FrfZBW6GW%2FAltair-Prime-20-rose-gold.png&output=webp&q=78
Altair prime 20 Tunable,ARAD1504,36V DC,500mA,2700K~6500K, CRI>97,Φ60*H170mm,24°,20W,AJ/CG,ARAS2060/CT/24/BR,R-41159492,IS 10322 (PART 5/SEC1):2012,12299,"Guangdong Sat Technology Co. Ltd., No. 11 Lianbao Rd, Shengfeng District, Xiaolan Town, Zhongshan City, Guangdong, China – 528400",https://wsrv.nl/?url=https%3A%2F%2Fi.ibb.co%2FHDnd9yGS%2FAltair-Prime-20-brown.png&output=webp&q=78
Altair prime 20 Tunable,ARAD1504,36V DC,500mA,2700K~6500K, CRI>97,Φ60*H170mm,24°,20W,AJ/CG,ARAS2060/CT/24/COF,R-41159492,IS 10322 (PART 5/SEC1):2012,12299,"Guangdong Sat Technology Co. Ltd., No. 11 Lianbao Rd, Shengfeng District, Xiaolan Town, Zhongshan City, Guangdong, China – 528400",https://wsrv.nl/?url=https%3A%2F%2Fi.ibb.co%2FCK8rTTCw%2FAltair-Prime-20-coffee.png&output=webp&q=78
Altair prime 20 Tunable,ARAD1504,36V DC,500mA,2700K~6500K, CRI>97,Φ60*H170mm,24°,20W,AJ/CG,ARAS2060/CT/24/DGR,R-41159492,IS 10322 (PART 5/SEC1):2012,12299,"Guangdong Sat Technology Co. Ltd., No. 11 Lianbao Rd, Shengfeng District, Xiaolan Town, Zhongshan City, Guangdong, China – 528400",https://wsrv.nl/?url=https%3A%2F%2Fi.ibb.co%2Fx8KDZbzR%2FAltair-Prime-20-dark-gray-default-001.png&output=webp&q=78
Altair prime 20 Tunable,ARAD1504,36V DC,500mA,2700K~6500K, CRI>97,Φ60*H170mm,24°,20W,AJ/CG,ARAS2060/CT/24/BB,R-41159492,IS 10322 (PART 5/SEC1):2012,12299,"Guangdong Sat Technology Co. Ltd., No. 11 Lianbao Rd, Shengfeng District, Xiaolan Town, Zhongshan City, Guangdong, China – 528400",https://wsrv.nl/?url=https%3A%2F%2Fi.ibb.co%2FZzS3YsDH%2FAltair-Prime-20-ballet-blue.png&output=webp&q=78
Altair prime 20 Tunable,ARAD1504,36V DC,500mA,2700K~6500K, CRI>97,Φ60*H170mm,24°,20W,AJ/CG,ARAS2060/CT/24/CH,R-41159492,IS 10322 (PART 5/SEC1):2012,12299,"Guangdong Sat Technology Co. Ltd., No. 11 Lianbao Rd, Shengfeng District, Xiaolan Town, Zhongshan City, Guangdong, China – 528400",https://wsrv.nl/?url=https%3A%2F%2Fi.ibb.co%2FLhZc3jdq%2FAltair-Prime-20-chrome.png&output=webp&q=78
Altair prime 20 Tunable,ARAD1504,36V DC,500mA,2700K~6500K, CRI>97,Φ60*H170mm,24°,20W,AJ/CG,ARAS2060/CT/24/CHB,R-41159492,IS 10322 (PART 5/SEC1):2012,12299,"Guangdong Sat Technology Co. Ltd., No. 11 Lianbao Rd, Shengfeng District, Xiaolan Town, Zhongshan City, Guangdong, China – 528400",https://wsrv.nl/?url=https%3A%2F%2Fi.ibb.co%2FtFJYNqs%2FAltair-Prime-20-chrome-black.png&output=webp&q=78
Altair prime 20 Tunable,ARAD1504,36V DC,500mA,2700K~6500K, CRI>97,Φ60*H170mm,36°,20W,AJ/CG,ARAS2060/CT/36/W,R-41159492,IS 10322 (PART 5/SEC1):2012,11299,"Guangdong Sat Technology Co. Ltd., No. 11 Lianbao Rd, Shengfeng District, Xiaolan Town, Zhongshan City, Guangdong, China – 528400",https://wsrv.nl/?url=https%3A%2F%2Fi.ibb.co%2FVWqkgwtb%2FAltair-Prime-20-white.png&output=webp&q=78
Altair prime 20 Tunable,ARAD1504,36V DC,500mA,2700K~6500K, CRI>97,Φ60*H170mm,36°,20W,AJ/CG,ARAS2060/CT/36/B,R-41159492,IS 10322 (PART 5/SEC1):2012,11299,"Guangdong Sat Technology Co. Ltd., No. 11 Lianbao Rd, Shengfeng District, Xiaolan Town, Zhongshan City, Guangdong, China – 528400",https://wsrv.nl/?url=https%3A%2F%2Fi.ibb.co%2F1t9vpjBt%2FAltair-Prime-20-mat-black-default.png&output=webp&q=78
Altair prime 20 Tunable,ARAD1504,36V DC,500mA,2700K~6500K, CRI>97,Φ60*H170mm,36°,20W,AJ/CG,ARAS2060/CT/36/CG,R-41159492,IS 10322 (PART 5/SEC1):2012,12299,"Guangdong Sat Technology Co. Ltd., No. 11 Lianbao Rd, Shengfeng District, Xiaolan Town, Zhongshan City, Guangdong, China – 528400",https://wsrv.nl/?url=https%3A%2F%2Fi.ibb.co%2FHDwGbZqD%2FAltair-Prime-20-champeing-gold.png&output=webp&q=78
Altair prime 20 Tunable,ARAD1504,36V DC,500mA,2700K~6500K, CRI>97,Φ60*H170mm,36°,20W,AJ/CG,ARAS2060/CT/36/RG,R-41159492,IS 10322 (PART 5/SEC1):2012,12299,"Guangdong Sat Technology Co. Ltd., No. 11 Lianbao Rd, Shengfeng District, Xiaolan Town, Zhongshan City, Guangdong, China – 528400",https://wsrv.nl/?url=https%3A%2F%2Fi.ibb.co%2FrfZBW6GW%2FAltair-Prime-20-rose-gold.png&output=webp&q=78
Altair prime 20 Tunable,ARAD1504,36V DC,500mA,2700K~6500K, CRI>97,Φ60*H170mm,36°,20W,AJ/CG,ARAS2060/CT/36/BR,R-41159492,IS 10322 (PART 5/SEC1):2012,12299,"Guangdong Sat Technology Co. Ltd., No. 11 Lianbao Rd, Shengfeng District, Xiaolan Town, Zhongshan City, Guangdong, China – 528400",https://wsrv.nl/?url=https%3A%2F%2Fi.ibb.co%2FHDnd9yGS%2FAltair-Prime-20-brown.png&output=webp&q=78
Altair prime 20 Tunable,ARAD1504,36V DC,500mA,2700K~6500K, CRI>97,Φ60*H170mm,36°,20W,AJ/CG,ARAS2060/CT/36/COF,R-41159492,IS 10322 (PART 5/SEC1):2012,12299,"Guangdong Sat Technology Co. Ltd., No. 11 Lianbao Rd, Shengfeng District, Xiaolan Town, Zhongshan City, Guangdong, China – 528400",https://wsrv.nl/?url=https%3A%2F%2Fi.ibb.co%2FCK8rTTCw%2FAltair-Prime-20-coffee.png&output=webp&q=78
Altair prime 20 Tunable,ARAD1504,36V DC,500mA,2700K~6500K, CRI>97,Φ60*H170mm,36°,20W,AJ/CG,ARAS2060/CT/36/DGR,R-41159492,IS 10322 (PART 5/SEC1):2012,12299,"Guangdong Sat Technology Co. Ltd., No. 11 Lianbao Rd, Shengfeng District, Xiaolan Town, Zhongshan City, Guangdong, China – 528400",https://wsrv.nl/?url=https%3A%2F%2Fi.ibb.co%2Fx8KDZbzR%2FAltair-Prime-20-dark-gray-default-001.png&output=webp&q=78
Altair prime 20 Tunable,ARAD1504,36V DC,500mA,2700K~6500K, CRI>97,Φ60*H170mm,36°,20W,AJ/CG,ARAS2060/CT/36/BB,R-41159492,IS 10322 (PART 5/SEC1):2012,12299,"Guangdong Sat Technology Co. Ltd., No. 11 Lianbao Rd, Shengfeng District, Xiaolan Town, Zhongshan City, Guangdong, China – 528400",https://wsrv.nl/?url=https%3A%2F%2Fi.ibb.co%2FZzS3YsDH%2FAltair-Prime-20-ballet-blue.png&output=webp&q=78
Altair prime 20 Tunable,ARAD1504,36V DC,500mA,2700K~6500K, CRI>97,Φ60*H170mm,36°,20W,AJ/CG,ARAS2060/CT/36/CH,R-41159492,IS 10322 (PART 5/SEC1):2012,12299,"Guangdong Sat Technology Co. Ltd., No. 11 Lianbao Rd, Shengfeng District, Xiaolan Town, Zhongshan City, Guangdong, China – 528400",https://wsrv.nl/?url=https%3A%2F%2Fi.ibb.co%2FLhZc3jdq%2FAltair-Prime-20-chrome.png&output=webp&q=78
Altair prime 20 Tunable,ARAD1504,36V DC,500mA,2700K~6500K, CRI>97,Φ60*H170mm,36°,20W,AJ/CG,ARAS2060/CT/36/CHB,R-41159492,IS 10322 (PART 5/SEC1):2012,12299,"Guangdong Sat Technology Co. Ltd., No. 11 Lianbao Rd, Shengfeng District, Xiaolan Town, Zhongshan City, Guangdong, China – 528400",https://wsrv.nl/?url=https%3A%2F%2Fi.ibb.co%2FtFJYNqs%2FAltair-Prime-20-chrome-black.png&output=webp&q=78
Altair prime 20 Tunable,ARAD1504,36V DC,500mA,2700K~6500K, CRI>97,Φ60*H170mm,60°,20W,AJ/CG,ARAS2060/CT/60/W,R-41159492,IS 10322 (PART 5/SEC1):2012,11299,"Guangdong Sat Technology Co. Ltd., No. 11 Lianbao Rd, Shengfeng District, Xiaolan Town, Zhongshan City, Guangdong, China – 528400",https://wsrv.nl/?url=https%3A%2F%2Fi.ibb.co%2FVWqkgwtb%2FAltair-Prime-20-white.png&output=webp&q=78
Altair prime 20 Tunable,ARAD1504,36V DC,500mA,2700K~6500K, CRI>97,Φ60*H170mm,60°,20W,AJ/CG,ARAS2060/CT/60/B,R-41159492,IS 10322 (PART 5/SEC1):2012,11299,"Guangdong Sat Technology Co. Ltd., No. 11 Lianbao Rd, Shengfeng District, Xiaolan Town, Zhongshan City, Guangdong, China – 528400",https://wsrv.nl/?url=https%3A%2F%2Fi.ibb.co%2F1t9vpjBt%2FAltair-Prime-20-mat-black-default.png&output=webp&q=78
Altair prime 20 Tunable,ARAD1504,36V DC,500mA,2700K~6500K, CRI>97,Φ60*H170mm,60°,20W,AJ/CG,ARAS2060/CT/60/CG,R-41159492,IS 10322 (PART 5/SEC1):2012,12299,"Guangdong Sat Technology Co. Ltd., No. 11 Lianbao Rd, Shengfeng District, Xiaolan Town, Zhongshan City, Guangdong, China – 528400",https://wsrv.nl/?url=https%3A%2F%2Fi.ibb.co%2FHDwGbZqD%2FAltair-Prime-20-champeing-gold.png&output=webp&q=78
Altair prime 20 Tunable,ARAD1504,36V DC,500mA,2700K~6500K, CRI>97,Φ60*H170mm,60°,20W,AJ/CG,ARAS2060/CT/60/RG,R-41159492,IS 10322 (PART 5/SEC1):2012,12299,"Guangdong Sat Technology Co. Ltd., No. 11 Lianbao Rd, Shengfeng District, Xiaolan Town, Zhongshan City, Guangdong, China – 528400",https://wsrv.nl/?url=https%3A%2F%2Fi.ibb.co%2FrfZBW6GW%2FAltair-Prime-20-rose-gold.png&output=webp&q=78
Altair prime 20 Tunable,ARAD1504,36V DC,500mA,2700K~6500K, CRI>97,Φ60*H170mm,60°,20W,AJ/CG,ARAS2060/CT/60/BR,R-41159492,IS 10322 (PART 5/SEC1):2012,12299,"Guangdong Sat Technology Co. Ltd., No. 11 Lianbao Rd, Shengfeng District, Xiaolan Town, Zhongshan City, Guangdong, China – 528400",https://wsrv.nl/?url=https%3A%2F%2Fi.ibb.co%2FHDnd9yGS%2FAltair-Prime-20-brown.png&output=webp&q=78
Altair prime 20 Tunable,ARAD1504,36V DC,500mA,2700K~6500K, CRI>97,Φ60*H170mm,60°,20W,AJ/CG,ARAS2060/CT/60/COF,R-41159492,IS 10322 (PART 5/SEC1):2012,12299,"Guangdong Sat Technology Co. Ltd., No. 11 Lianbao Rd, Shengfeng District, Xiaolan Town, Zhongshan City, Guangdong, China – 528400",https://wsrv.nl/?url=https%3A%2F%2Fi.ibb.co%2FCK8rTTCw%2FAltair-Prime-20-coffee.png&output=webp&q=78
Altair prime 20 Tunable,ARAD1504,36V DC,500mA,2700K~6500K, CRI>97,Φ60*H170mm,60°,20W,AJ/CG,ARAS2060/CT/60/DGR,R-41159492,IS 10322 (PART 5/SEC1):2012,12299,"Guangdong Sat Technology Co. Ltd., No. 11 Lianbao Rd, Shengfeng District, Xiaolan Town, Zhongshan City, Guangdong, China – 528400",https://wsrv.nl/?url=https%3A%2F%2Fi.ibb.co%2Fx8KDZbzR%2FAltair-Prime-20-dark-gray-default-001.png&output=webp&q=78
Altair prime 20 Tunable,ARAD1504,36V DC,500mA,2700K~6500K, CRI>97,Φ60*H170mm,60°,20W,AJ/CG,ARAS2060/CT/60/BB,R-41159492,IS 10322 (PART 5/SEC1):2012,12299,"Guangdong Sat Technology Co. Ltd., No. 11 Lianbao Rd, Shengfeng District, Xiaolan Town, Zhongshan City, Guangdong, China – 528400",https://wsrv.nl/?url=https%3A%2F%2Fi.ibb.co%2FZzS3YsDH%2FAltair-Prime-20-ballet-blue.png&output=webp&q=78
Altair prime 20 Tunable,ARAD1504,36V DC,500mA,2700K~6500K, CRI>97,Φ60*H170mm,60°,20W,AJ/CG,ARAS2060/CT/60/CH,R-41159492,IS 10322 (PART 5/SEC1):2012,12299,"Guangdong Sat Technology Co. Ltd., No. 11 Lianbao Rd, Shengfeng District, Xiaolan Town, Zhongshan City, Guangdong, China – 528400",https://wsrv.nl/?url=https%3A%2F%2Fi.ibb.co%2FLhZc3jdq%2FAltair-Prime-20-chrome.png&output=webp&q=78
Altair prime 20 Tunable,ARAD1504,36V DC,500mA,2700K~6500K, CRI>97,Φ60*H170mm,60°,20W,AJ/CG,ARAS2060/CT/60/CHB,R-41159492,IS 10322 (PART 5/SEC1):2012,12299,"Guangdong Sat Technology Co. Ltd., No. 11 Lianbao Rd, Shengfeng District, Xiaolan Town, Zhongshan City, Guangdong, China – 528400",https://wsrv.nl/?url=https%3A%2F%2Fi.ibb.co%2FtFJYNqs%2FAltair-Prime-20-chrome-black.png&output=webp&q=78
Naos,DTD055L,3V DC,670mA,2700K, CRI>97,Φ47*H35mm,15°,3W,AJ/CG,ARAS0345/27/15/W,R-41159492,IS 10322 (PART 5/SEC1):2012,3349,"Guangdong Sat Technology Co. Ltd., No. 11 Lianbao Rd, Shengfeng District, Xiaolan Town, Zhongshan City, Guangdong, China – 528400",https://wsrv.nl/?url=https%3A%2F%2Fi.ibb.co%2FcKqB3zzC%2FNaos-white.png&output=webp&q=78
Naos,DTD055L,3V DC,670mA,2700K, CRI>97,Φ47*H35mm,15°,3W,AJ/CG,ARAS0345/27/15/B,R-41159492,IS 10322 (PART 5/SEC1):2012,3349,"Guangdong Sat Technology Co. Ltd., No. 11 Lianbao Rd, Shengfeng District, Xiaolan Town, Zhongshan City, Guangdong, China – 528400",https://wsrv.nl/?url=https%3A%2F%2Fi.ibb.co%2Fr2wLJvrg%2FNaos-balck.png&output=webp&q=78
Naos,DTD055L,3V DC,670mA,3000K, CRI>97,Φ47*H35mm,15°,3W,AJ/CG,ARAS0345/30/15/W,R-41159492,IS 10322 (PART 5/SEC1):2012,3349,"Guangdong Sat Technology Co. Ltd., No. 11 Lianbao Rd, Shengfeng District, Xiaolan Town, Zhongshan City, Guangdong, China – 528400",https://wsrv.nl/?url=https%3A%2F%2Fi.ibb.co%2FcKqB3zzC%2FNaos-white.png&output=webp&q=78
Naos,DTD055L,3V DC,670mA,3000K, CRI>97,Φ47*H35mm,15°,3W,AJ/CG,ARAS0345/30/15/B,R-41159492,IS 10322 (PART 5/SEC1):2012,3349,"Guangdong Sat Technology Co. Ltd., No. 11 Lianbao Rd, Shengfeng District, Xiaolan Town, Zhongshan City, Guangdong, China – 528400",https://wsrv.nl/?url=https%3A%2F%2Fi.ibb.co%2Fr2wLJvrg%2FNaos-balck.png&output=webp&q=78
Naos,DTD055L,3V DC,670mA,3500K, CRI>97,Φ47*H35mm,15°,3W,AJ/CG,ARAS0345/35/15/W,R-41159492,IS 10322 (PART 5/SEC1):2012,3349,"Guangdong Sat Technology Co. Ltd., No. 11 Lianbao Rd, Shengfeng District, Xiaolan Town, Zhongshan City, Guangdong, China – 528400",https://wsrv.nl/?url=https%3A%2F%2Fi.ibb.co%2FcKqB3zzC%2FNaos-white.png&output=webp&q=78
Naos,DTD055L,3V DC,670mA,3500K, CRI>97,Φ47*H35mm,15°,3W,AJ/CG,ARAS0345/35/15/B,R-41159492,IS 10322 (PART 5/SEC1):2012,3349,"Guangdong Sat Technology Co. Ltd., No. 11 Lianbao Rd, Shengfeng District, Xiaolan Town, Zhongshan City, Guangdong, China – 528400",https://wsrv.nl/?url=https%3A%2F%2Fi.ibb.co%2Fr2wLJvrg%2FNaos-balck.png&output=webp&q=78
Naos,DTD055L,3V DC,670mA,4000K, CRI>97,Φ47*H35mm,15°,3W,AJ/CG,ARAS0345/40/15/W,R-41159492,IS 10322 (PART 5/SEC1):2012,3349,"Guangdong Sat Technology Co. Ltd., No. 11 Lianbao Rd, Shengfeng District, Xiaolan Town, Zhongshan City, Guangdong, China – 528400",https://wsrv.nl/?url=https%3A%2F%2Fi.ibb.co%2FcKqB3zzC%2FNaos-white.png&output=webp&q=78
Naos,DTD055L,3V DC,670mA,4000K, CRI>97,Φ47*H35mm,15°,3W,AJ/CG,ARAS0345/40/15/B,R-41159492,IS 10322 (PART 5/SEC1):2012,3349,"Guangdong Sat Technology Co. Ltd., No. 11 Lianbao Rd, Shengfeng District, Xiaolan Town, Zhongshan City, Guangdong, China – 528400",https://wsrv.nl/?url=https%3A%2F%2Fi.ibb.co%2Fr2wLJvrg%2FNaos-balck.png&output=webp&q=78
Naos,DTD055L,3V DC,670mA,5000K, CRI>97,Φ47*H35mm,15°,3W,AJ/CG,ARAS0345/50/15/W,R-41159492,IS 10322 (PART 5/SEC1):2012,3349,"Guangdong Sat Technology Co. Ltd., No. 11 Lianbao Rd, Shengfeng District, Xiaolan Town, Zhongshan City, Guangdong, China – 528400",https://wsrv.nl/?url=https%3A%2F%2Fi.ibb.co%2FcKqB3zzC%2FNaos-white.png&output=webp&q=78
Naos,DTD055L,3V DC,670mA,5000K, CRI>97,Φ47*H35mm,15°,3W,AJ/CG,ARAS0345/50/15/B,R-41159492,IS 10322 (PART 5/SEC1):2012,3349,"Guangdong Sat Technology Co. Ltd., No. 11 Lianbao Rd, Shengfeng District, Xiaolan Town, Zhongshan City, Guangdong, China – 528400",https://wsrv.nl/?url=https%3A%2F%2Fi.ibb.co%2Fr2wLJvrg%2FNaos-balck.png&output=webp&q=78
Naos,DTD055L,3V DC,670mA,2700K, CRI>97,Φ47*H35mm,36°,3W,AJ/CG,ARAS0345/27/36/W,R-41159492,IS 10322 (PART 5/SEC1):2012,3349,"Guangdong Sat Technology Co. Ltd., No. 11 Lianbao Rd, Shengfeng District, Xiaolan Town, Zhongshan City, Guangdong, China – 528400",https://wsrv.nl/?url=https%3A%2F%2Fi.ibb.co%2FcKqB3zzC%2FNaos-white.png&output=webp&q=78
Naos,DTD055L,3V DC,670mA,2700K, CRI>97,Φ47*H35mm,36°,3W,AJ/CG,ARAS0345/27/36/B,R-41159492,IS 10322 (PART 5/SEC1):2012,3349,"Guangdong Sat Technology Co. Ltd., No. 11 Lianbao Rd, Shengfeng District, Xiaolan Town, Zhongshan City, Guangdong, China – 528400",https://wsrv.nl/?url=https%3A%2F%2Fi.ibb.co%2Fr2wLJvrg%2FNaos-balck.png&output=webp&q=78
Naos,DTD055L,3V DC,670mA,3000K, CRI>97,Φ47*H35mm,36°,3W,AJ/CG,ARAS0345/30/36/W,R-41159492,IS 10322 (PART 5/SEC1):2012,3349,"Guangdong Sat Technology Co. Ltd., No. 11 Lianbao Rd, Shengfeng District, Xiaolan Town, Zhongshan City, Guangdong, China – 528400",https://wsrv.nl/?url=https%3A%2F%2Fi.ibb.co%2FcKqB3zzC%2FNaos-white.png&output=webp&q=78
Naos,DTD055L,3V DC,670mA,3000K, CRI>97,Φ47*H35mm,36°,3W,AJ/CG,ARAS0345/30/36/B,R-41159492,IS 10322 (PART 5/SEC1):2012,3349,"Guangdong Sat Technology Co. Ltd., No. 11 Lianbao Rd, Shengfeng District, Xiaolan Town, Zhongshan City, Guangdong, China – 528400",https://wsrv.nl/?url=https%3A%2F%2Fi.ibb.co%2Fr2wLJvrg%2FNaos-balck.png&output=webp&q=78
Naos,DTD055L,3V DC,670mA,3500K, CRI>97,Φ47*H35mm,36°,3W,AJ/CG,ARAS0345/35/36/W,R-41159492,IS 10322 (PART 5/SEC1):2012,3349,"Guangdong Sat Technology Co. Ltd., No. 11 Lianbao Rd, Shengfeng District, Xiaolan Town, Zhongshan City, Guangdong, China – 528400",https://wsrv.nl/?url=https%3A%2F%2Fi.ibb.co%2FcKqB3zzC%2FNaos-white.png&output=webp&q=78
Naos,DTD055L,3V DC,670mA,3500K, CRI>97,Φ47*H35mm,36°,3W,AJ/CG,ARAS0345/35/36/B,R-41159492,IS 10322 (PART 5/SEC1):2012,3349,"Guangdong Sat Technology Co. Ltd., No. 11 Lianbao Rd, Shengfeng District, Xiaolan Town, Zhongshan City, Guangdong, China – 528400",https://wsrv.nl/?url=https%3A%2F%2Fi.ibb.co%2Fr2wLJvrg%2FNaos-balck.png&output=webp&q=78
Naos,DTD055L,3V DC,670mA,4000K, CRI>97,Φ47*H35mm,36°,3W,AJ/CG,ARAS0345/40/36/W,R-41159492,IS 10322 (PART 5/SEC1):2012,3349,"Guangdong Sat Technology Co. Ltd., No. 11 Lianbao Rd, Shengfeng District, Xiaolan Town, Zhongshan City, Guangdong, China – 528400",https://wsrv.nl/?url=https%3A%2F%2Fi.ibb.co%2FcKqB3zzC%2FNaos-white.png&output=webp&q=78
Naos,DTD055L,3V DC,670mA,4000K, CRI>97,Φ47*H35mm,36°,3W,AJ/CG,ARAS0345/40/36/B,R-41159492,IS 10322 (PART 5/SEC1):2012,3349,"Guangdong Sat Technology Co. Ltd., No. 11 Lianbao Rd, Shengfeng District, Xiaolan Town, Zhongshan City, Guangdong, China – 528400",https://wsrv.nl/?url=https%3A%2F%2Fi.ibb.co%2Fr2wLJvrg%2FNaos-balck.png&output=webp&q=78
Naos,DTD055L,3V DC,670mA,5000K, CRI>97,Φ47*H35mm,36°,3W,AJ/CG,ARAS0345/50/36/W,R-41159492,IS 10322 (PART 5/SEC1):2012,3349,"Guangdong Sat Technology Co. Ltd., No. 11 Lianbao Rd, Shengfeng District, Xiaolan Town, Zhongshan City, Guangdong, China – 528400",https://wsrv.nl/?url=https%3A%2F%2Fi.ibb.co%2FcKqB3zzC%2FNaos-white.png&output=webp&q=78
Naos,DTD055L,3V DC,670mA,5000K, CRI>97,Φ47*H35mm,36°,3W,AJ/CG,ARAS0345/50/36/B,R-41159492,IS 10322 (PART 5/SEC1):2012,3349,"Guangdong Sat Technology Co. Ltd., No. 11 Lianbao Rd, Shengfeng District, Xiaolan Town, Zhongshan City, Guangdong, China – 528400",https://wsrv.nl/?url=https%3A%2F%2Fi.ibb.co%2Fr2wLJvrg%2FNaos-balck.png&output=webp&q=78
Naos Tunable,DTD055L,3V DC,670mA,2700K~6500K, CRI>97,Φ47*H35mm,15°,3W,AJ/CG,ARAS0345/CT/15/W,R-41159492,IS 10322 (PART 5/SEC1):2012,4549,"Guangdong Sat Technology Co. Ltd., No. 11 Lianbao Rd, Shengfeng District, Xiaolan Town, Zhongshan City, Guangdong, China – 528400",https://wsrv.nl/?url=https%3A%2F%2Fi.ibb.co%2FcKqB3zzC%2FNaos-white.png&output=webp&q=78
Naos Tunable,DTD055L,3V DC,670mA,2700K~6500K, CRI>97,Φ47*H35mm,15°,3W,AJ/CG,ARAS0345/CT/15/B,R-41159492,IS 10322 (PART 5/SEC1):2012,4549,"Guangdong Sat Technology Co. Ltd., No. 11 Lianbao Rd, Shengfeng District, Xiaolan Town, Zhongshan City, Guangdong, China – 528400",https://wsrv.nl/?url=https%3A%2F%2Fi.ibb.co%2Fr2wLJvrg%2FNaos-balck.png&output=webp&q=78
Naos Tunable,DTD055L,3V DC,670mA,2700K~6500K, CRI>97,Φ47*H35mm,36°,3W,AJ/CG,ARAS0345/CT/36/W,R-41159492,IS 10322 (PART 5/SEC1):2012,4549,"Guangdong Sat Technology Co. Ltd., No. 11 Lianbao Rd, Shengfeng District, Xiaolan Town, Zhongshan City, Guangdong, China – 528400",https://wsrv.nl/?url=https%3A%2F%2Fi.ibb.co%2FcKqB3zzC%2FNaos-white.png&output=webp&q=78
Naos Tunable,DTD055L,3V DC,670mA,2700K~6500K, CRI>97,Φ47*H35mm,36°,3W,AJ/CG,ARAS0345/CT/36/B,R-41159492,IS 10322 (PART 5/SEC1):2012,4549,"Guangdong Sat Technology Co. Ltd., No. 11 Lianbao Rd, Shengfeng District, Xiaolan Town, Zhongshan City, Guangdong, China – 528400",https://wsrv.nl/?url=https%3A%2F%2Fi.ibb.co%2Fr2wLJvrg%2FNaos-balck.png&output=webp&q=78
Koit 1,DDD055X,3V DC,110mA,2700K, CRI>97,Φ45*H52mm,10°,1W,AJ/CG,ARFS0135/27/10/W,R-41159492,IS 10322 (PART 5/SEC1):2012,2599,"Guangdong Sat Technology Co. Ltd., No. 11 Lianbao Rd, Shengfeng District, Xiaolan Town, Zhongshan City, Guangdong, China – 528400",https://wsrv.nl/?url=https%3A%2F%2Fi.ibb.co%2Fnsz14rwX%2FKoit-1-white.png&output=webp&q=78
Koit 1,DDD055X,3V DC,110mA,2700K, CRI>97,Φ45*H52mm,10°,1W,AJ/CG,ARFS0135/27/10/B,R-41159492,IS 10322 (PART 5/SEC1):2012,2599,"Guangdong Sat Technology Co. Ltd., No. 11 Lianbao Rd, Shengfeng District, Xiaolan Town, Zhongshan City, Guangdong, China – 528400",https://wsrv.nl/?url=https%3A%2F%2Fi.ibb.co%2FDPFG3fnN%2FKoit-1-black.png&output=webp&q=78
Koit 1,DDD055X,3V DC,110mA,3000K, CRI>97,Φ45*H52mm,10°,1W,AJ/CG,ARFS0135/30/10/W,R-41159492,IS 10322 (PART 5/SEC1):2012,2599,"Guangdong Sat Technology Co. Ltd., No. 11 Lianbao Rd, Shengfeng District, Xiaolan Town, Zhongshan City, Guangdong, China – 528400",https://wsrv.nl/?url=https%3A%2F%2Fi.ibb.co%2Fnsz14rwX%2FKoit-1-white.png&output=webp&q=78
Koit 1,DDD055X,3V DC,110mA,3000K, CRI>97,Φ45*H52mm,10°,1W,AJ/CG,ARFS0135/30/10/B,R-41159492,IS 10322 (PART 5/SEC1):2012,2599,"Guangdong Sat Technology Co. Ltd., No. 11 Lianbao Rd, Shengfeng District, Xiaolan Town, Zhongshan City, Guangdong, China – 528400",https://wsrv.nl/?url=https%3A%2F%2Fi.ibb.co%2FDPFG3fnN%2FKoit-1-black.png&output=webp&q=78
Koit 1,DDD055X,3V DC,110mA,3500K, CRI>97,Φ45*H52mm,10°,1W,AJ/CG,ARFS0135/35/10/W,R-41159492,IS 10322 (PART 5/SEC1):2012,2599,"Guangdong Sat Technology Co. Ltd., No. 11 Lianbao Rd, Shengfeng District, Xiaolan Town, Zhongshan City, Guangdong, China – 528400",https://wsrv.nl/?url=https%3A%2F%2Fi.ibb.co%2Fnsz14rwX%2FKoit-1-white.png&output=webp&q=78
Koit 1,DDD055X,3V DC,110mA,3500K, CRI>97,Φ45*H52mm,10°,1W,AJ/CG,ARFS0135/35/10/B,R-41159492,IS 10322 (PART 5/SEC1):2012,2599,"Guangdong Sat Technology Co. Ltd., No. 11 Lianbao Rd, Shengfeng District, Xiaolan Town, Zhongshan City, Guangdong, China – 528400",https://wsrv.nl/?url=https%3A%2F%2Fi.ibb.co%2FDPFG3fnN%2FKoit-1-black.png&output=webp&q=78
Koit 1,DDD055X,3V DC,110mA,4000K, CRI>97,Φ45*H52mm,10°,1W,AJ/CG,ARFS0135/40/10/W,R-41159492,IS 10322 (PART 5/SEC1):2012,2599,"Guangdong Sat Technology Co. Ltd., No. 11 Lianbao Rd, Shengfeng District, Xiaolan Town, Zhongshan City, Guangdong, China – 528400",https://wsrv.nl/?url=https%3A%2F%2Fi.ibb.co%2Fnsz14rwX%2FKoit-1-white.png&output=webp&q=78
Koit 1,DDD055X,3V DC,110mA,4000K, CRI>97,Φ45*H52mm,10°,1W,AJ/CG,ARFS0135/40/10/B,R-41159492,IS 10322 (PART 5/SEC1):2012,2599,"Guangdong Sat Technology Co. Ltd., No. 11 Lianbao Rd, Shengfeng District, Xiaolan Town, Zhongshan City, Guangdong, China – 528400",https://wsrv.nl/?url=https%3A%2F%2Fi.ibb.co%2FDPFG3fnN%2FKoit-1-black.png&output=webp&q=78
Koit 1,DDD055X,3V DC,110mA,5000K, CRI>97,Φ45*H52mm,10°,1W,AJ/CG,ARFS0135/50/10/W,R-41159492,IS 10322 (PART 5/SEC1):2012,2599,"Guangdong Sat Technology Co. Ltd., No. 11 Lianbao Rd, Shengfeng District, Xiaolan Town, Zhongshan City, Guangdong, China – 528400",https://wsrv.nl/?url=https%3A%2F%2Fi.ibb.co%2Fnsz14rwX%2FKoit-1-white.png&output=webp&q=78
Koit 1,DDD055X,3V DC,110mA,5000K, CRI>97,Φ45*H52mm,10°,1W,AJ/CG,ARFS0135/50/10/B,R-41159492,IS 10322 (PART 5/SEC1):2012,2599,"Guangdong Sat Technology Co. Ltd., No. 11 Lianbao Rd, Shengfeng District, Xiaolan Town, Zhongshan City, Guangdong, China – 528400",https://wsrv.nl/?url=https%3A%2F%2Fi.ibb.co%2FDPFG3fnN%2FKoit-1-black.png&output=webp&q=78
Koit 1 tunable,DDD055X,3V DC,110mA,2700K~6500K, CRI>97,Φ45*H52mm,10°,1W,AJ/CG,ARFS0135/CT/10/W,R-41159492,IS 10322 (PART 5/SEC1):2012,3799,"Guangdong Sat Technology Co. Ltd., No. 11 Lianbao Rd, Shengfeng District, Xiaolan Town, Zhongshan City, Guangdong, China – 528400",https://wsrv.nl/?url=https%3A%2F%2Fi.ibb.co%2Fnsz14rwX%2FKoit-1-white.png&output=webp&q=78
Koit 1 tunable,DDD055X,3V DC,110mA,2700K~6500K, CRI>97,Φ45*H52mm,10°,1W,AJ/CG,ARFS0135/CT/10/B,R-41159492,IS 10322 (PART 5/SEC1):2012,3799,"Guangdong Sat Technology Co. Ltd., No. 11 Lianbao Rd, Shengfeng District, Xiaolan Town, Zhongshan City, Guangdong, China – 528400",https://wsrv.nl/?url=https%3A%2F%2Fi.ibb.co%2FDPFG3fnN%2FKoit-1-black.png&output=webp&q=78
Koit 5,DDD055X,36V DC,150mA,2700K, CRI>97,Φ42*H55mm,10°,5W,AJ/CG,ARFS0535/27/10/W,R-41159492,IS 10322 (PART 5/SEC1):2012,3799,"Guangdong Sat Technology Co. Ltd., No. 11 Lianbao Rd, Shengfeng District, Xiaolan Town, Zhongshan City, Guangdong, China – 528400",https://wsrv.nl/?url=https%3A%2F%2Fi.ibb.co%2FMyTF7Xbm%2FKoit-5-white.png&output=webp&q=78
Koit 5,DDD055X,36V DC,150mA,2700K, CRI>97,Φ42*H55mm,10°,5W,AJ/CG,ARFS0535/27/10/B,R-41159492,IS 10322 (PART 5/SEC1):2012,3799,"Guangdong Sat Technology Co. Ltd., No. 11 Lianbao Rd, Shengfeng District, Xiaolan Town, Zhongshan City, Guangdong, China – 528400",https://wsrv.nl/?url=https%3A%2F%2Fi.ibb.co%2Fn8N5rGH8%2FKoit-5-black.png&output=webp&q=78
Koit 5,DDD055X,36V DC,150mA,3000K, CRI>97,Φ42*H55mm,10°,5W,AJ/CG,ARFS0535/30/10/W,R-41159492,IS 10322 (PART 5/SEC1):2012,3799,"Guangdong Sat Technology Co. Ltd., No. 11 Lianbao Rd, Shengfeng District, Xiaolan Town, Zhongshan City, Guangdong, China – 528400",https://wsrv.nl/?url=https%3A%2F%2Fi.ibb.co%2FMyTF7Xbm%2FKoit-5-white.png&output=webp&q=78
Koit 5,DDD055X,36V DC,150mA,3000K, CRI>97,Φ42*H55mm,10°,5W,AJ/CG,ARFS0535/30/10/B,R-41159492,IS 10322 (PART 5/SEC1):2012,3799,"Guangdong Sat Technology Co. Ltd., No. 11 Lianbao Rd, Shengfeng District, Xiaolan Town, Zhongshan City, Guangdong, China – 528400",https://wsrv.nl/?url=https%3A%2F%2Fi.ibb.co%2Fn8N5rGH8%2FKoit-5-black.png&output=webp&q=78
Koit 5,DDD055X,36V DC,150mA,3500K, CRI>97,Φ42*H55mm,10°,5W,AJ/CG,ARFS0535/35/10/W,R-41159492,IS 10322 (PART 5/SEC1):2012,3799,"Guangdong Sat Technology Co. Ltd., No. 11 Lianbao Rd, Shengfeng District, Xiaolan Town, Zhongshan City, Guangdong, China – 528400",https://wsrv.nl/?url=https%3A%2F%2Fi.ibb.co%2FMyTF7Xbm%2FKoit-5-white.png&output=webp&q=78
Koit 5,DDD055X,36V DC,150mA,3500K, CRI>97,Φ42*H55mm,10°,5W,AJ/CG,ARFS0535/35/10/B,R-41159492,IS 10322 (PART 5/SEC1):2012,3799,"Guangdong Sat Technology Co. Ltd., No. 11 Lianbao Rd, Shengfeng District, Xiaolan Town, Zhongshan City, Guangdong, China – 528400",https://wsrv.nl/?url=https%3A%2F%2Fi.ibb.co%2Fn8N5rGH8%2FKoit-5-black.png&output=webp&q=78
Koit 5,DDD055X,36V DC,150mA,4000K, CRI>97,Φ42*H55mm,10°,5W,AJ/CG,ARFS0535/40/10/W,R-41159492,IS 10322 (PART 5/SEC1):2012,3799,"Guangdong Sat Technology Co. Ltd., No. 11 Lianbao Rd, Shengfeng District, Xiaolan Town, Zhongshan City, Guangdong, China – 528400",https://wsrv.nl/?url=https%3A%2F%2Fi.ibb.co%2FMyTF7Xbm%2FKoit-5-white.png&output=webp&q=78
Koit 5,DDD055X,36V DC,150mA,4000K, CRI>97,Φ42*H55mm,10°,5W,AJ/CG,ARFS0535/40/10/B,R-41159492,IS 10322 (PART 5/SEC1):2012,3799,"Guangdong Sat Technology Co. Ltd., No. 11 Lianbao Rd, Shengfeng District, Xiaolan Town, Zhongshan City, Guangdong, China – 528400",https://wsrv.nl/?url=https%3A%2F%2Fi.ibb.co%2Fn8N5rGH8%2FKoit-5-black.png&output=webp&q=78
Koit 5,DDD055X,36V DC,150mA,5000K, CRI>97,Φ42*H55mm,10°,5W,AJ/CG,ARFS0535/50/10/W,R-41159492,IS 10322 (PART 5/SEC1):2012,3799,"Guangdong Sat Technology Co. Ltd., No. 11 Lianbao Rd, Shengfeng District, Xiaolan Town, Zhongshan City, Guangdong, China – 528400",https://wsrv.nl/?url=https%3A%2F%2Fi.ibb.co%2FMyTF7Xbm%2FKoit-5-white.png&output=webp&q=78
Koit 5,DDD055X,36V DC,150mA,5000K, CRI>97,Φ42*H55mm,10°,5W,AJ/CG,ARFS0535/50/10/B,R-41159492,IS 10322 (PART 5/SEC1):2012,3799,"Guangdong Sat Technology Co. Ltd., No. 11 Lianbao Rd, Shengfeng District, Xiaolan Town, Zhongshan City, Guangdong, China – 528400",https://wsrv.nl/?url=https%3A%2F%2Fi.ibb.co%2Fn8N5rGH8%2FKoit-5-black.png&output=webp&q=78
Koit 5,DDD055X,36V DC,150mA,2700K, CRI>97,Φ42*H55mm,24°,5W,AJ/CG,ARFS0535/27/24/W,R-41159492,IS 10322 (PART 5/SEC1):2012,3799,"Guangdong Sat Technology Co. Ltd., No. 11 Lianbao Rd, Shengfeng District, Xiaolan Town, Zhongshan City, Guangdong, China – 528400",https://wsrv.nl/?url=https%3A%2F%2Fi.ibb.co%2FMyTF7Xbm%2FKoit-5-white.png&output=webp&q=78
Koit 5,DDD055X,36V DC,150mA,2700K, CRI>97,Φ42*H55mm,24°,5W,AJ/CG,ARFS0535/27/24/B,R-41159492,IS 10322 (PART 5/SEC1):2012,3799,"Guangdong Sat Technology Co. Ltd., No. 11 Lianbao Rd, Shengfeng District, Xiaolan Town, Zhongshan City, Guangdong, China – 528400",https://wsrv.nl/?url=https%3A%2F%2Fi.ibb.co%2Fn8N5rGH8%2FKoit-5-black.png&output=webp&q=78
Koit 5,DDD055X,36V DC,150mA,3000K, CRI>97,Φ42*H55mm,24°,5W,AJ/CG,ARFS0535/30/24/W,R-41159492,IS 10322 (PART 5/SEC1):2012,3799,"Guangdong Sat Technology Co. Ltd., No. 11 Lianbao Rd, Shengfeng District, Xiaolan Town, Zhongshan City, Guangdong, China – 528400",https://wsrv.nl/?url=https%3A%2F%2Fi.ibb.co%2FMyTF7Xbm%2FKoit-5-white.png&output=webp&q=78
Koit 5,DDD055X,36V DC,150mA,3000K, CRI>97,Φ42*H55mm,24°,5W,AJ/CG,ARFS0535/30/24/B,R-41159492,IS 10322 (PART 5/SEC1):2012,3799,"Guangdong Sat Technology Co. Ltd., No. 11 Lianbao Rd, Shengfeng District, Xiaolan Town, Zhongshan City, Guangdong, China – 528400",https://wsrv.nl/?url=https%3A%2F%2Fi.ibb.co%2Fn8N5rGH8%2FKoit-5-black.png&output=webp&q=78
Koit 5,DDD055X,36V DC,150mA,3500K, CRI>97,Φ42*H55mm,24°,5W,AJ/CG,ARFS0535/35/24/W,R-41159492,IS 10322 (PART 5/SEC1):2012,3799,"Guangdong Sat Technology Co. Ltd., No. 11 Lianbao Rd, Shengfeng District, Xiaolan Town, Zhongshan City, Guangdong, China – 528400",https://wsrv.nl/?url=https%3A%2F%2Fi.ibb.co%2FMyTF7Xbm%2FKoit-5-white.png&output=webp&q=78
Koit 5,DDD055X,36V DC,150mA,3500K, CRI>97,Φ42*H55mm,24°,5W,AJ/CG,ARFS0535/35/24/B,R-41159492,IS 10322 (PART 5/SEC1):2012,3799,"Guangdong Sat Technology Co. Ltd., No. 11 Lianbao Rd, Shengfeng District, Xiaolan Town, Zhongshan City, Guangdong, China – 528400",https://wsrv.nl/?url=https%3A%2F%2Fi.ibb.co%2Fn8N5rGH8%2FKoit-5-black.png&output=webp&q=78
Koit 5,DDD055X,36V DC,150mA,4000K, CRI>97,Φ42*H55mm,24°,5W,AJ/CG,ARFS0535/40/24/W,R-41159492,IS 10322 (PART 5/SEC1):2012,3799,"Guangdong Sat Technology Co. Ltd., No. 11 Lianbao Rd, Shengfeng District, Xiaolan Town, Zhongshan City, Guangdong, China – 528400",https://wsrv.nl/?url=https%3A%2F%2Fi.ibb.co%2FMyTF7Xbm%2FKoit-5-white.png&output=webp&q=78
Koit 5,DDD055X,36V DC,150mA,4000K, CRI>97,Φ42*H55mm,24°,5W,AJ/CG,ARFS0535/40/24/B,R-41159492,IS 10322 (PART 5/SEC1):2012,3799,"Guangdong Sat Technology Co. Ltd., No. 11 Lianbao Rd, Shengfeng District, Xiaolan Town, Zhongshan City, Guangdong, China – 528400",https://wsrv.nl/?url=https%3A%2F%2Fi.ibb.co%2Fn8N5rGH8%2FKoit-5-black.png&output=webp&q=78
Koit 5,DDD055X,36V DC,150mA,5000K, CRI>97,Φ42*H55mm,24°,5W,AJ/CG,ARFS0535/50/24/W,R-41159492,IS 10322 (PART 5/SEC1):2012,3799,"Guangdong Sat Technology Co. Ltd., No. 11 Lianbao Rd, Shengfeng District, Xiaolan Town, Zhongshan City, Guangdong, China – 528400",https://wsrv.nl/?url=https%3A%2F%2Fi.ibb.co%2FMyTF7Xbm%2FKoit-5-white.png&output=webp&q=78
Koit 5,DDD055X,36V DC,150mA,5000K, CRI>97,Φ42*H55mm,24°,5W,AJ/CG,ARFS0535/50/24/B,R-41159492,IS 10322 (PART 5/SEC1):2012,3799,"Guangdong Sat Technology Co. Ltd., No. 11 Lianbao Rd, Shengfeng District, Xiaolan Town, Zhongshan City, Guangdong, China – 528400",https://wsrv.nl/?url=https%3A%2F%2Fi.ibb.co%2Fn8N5rGH8%2FKoit-5-black.png&output=webp&q=78
Koit 5,DDD055X,36V DC,150mA,2700K, CRI>97,Φ42*H55mm,36°,5W,AJ/CG,ARFS0535/27/36/W,R-41159492,IS 10322 (PART 5/SEC1):2012,3799,"Guangdong Sat Technology Co. Ltd., No. 11 Lianbao Rd, Shengfeng District, Xiaolan Town, Zhongshan City, Guangdong, China – 528400",https://wsrv.nl/?url=https%3A%2F%2Fi.ibb.co%2FMyTF7Xbm%2FKoit-5-white.png&output=webp&q=78
Koit 5,DDD055X,36V DC,150mA,2700K, CRI>97,Φ42*H55mm,36°,5W,AJ/CG,ARFS0535/27/36/B,R-41159492,IS 10322 (PART 5/SEC1):2012,3799,"Guangdong Sat Technology Co. Ltd., No. 11 Lianbao Rd, Shengfeng District, Xiaolan Town, Zhongshan City, Guangdong, China – 528400",https://wsrv.nl/?url=https%3A%2F%2Fi.ibb.co%2Fn8N5rGH8%2FKoit-5-black.png&output=webp&q=78
Koit 5,DDD055X,36V DC,150mA,3000K, CRI>97,Φ42*H55mm,36°,5W,AJ/CG,ARFS0535/30/36/W,R-41159492,IS 10322 (PART 5/SEC1):2012,3799,"Guangdong Sat Technology Co. Ltd., No. 11 Lianbao Rd, Shengfeng District, Xiaolan Town, Zhongshan City, Guangdong, China – 528400",https://wsrv.nl/?url=https%3A%2F%2Fi.ibb.co%2FMyTF7Xbm%2FKoit-5-white.png&output=webp&q=78
Koit 5,DDD055X,36V DC,150mA,3000K, CRI>97,Φ42*H55mm,36°,5W,AJ/CG,ARFS0535/30/36/B,R-41159492,IS 10322 (PART 5/SEC1):2012,3799,"Guangdong Sat Technology Co. Ltd., No. 11 Lianbao Rd, Shengfeng District, Xiaolan Town, Zhongshan City, Guangdong, China – 528400",https://wsrv.nl/?url=https%3A%2F%2Fi.ibb.co%2Fn8N5rGH8%2FKoit-5-black.png&output=webp&q=78
Koit 5,DDD055X,36V DC,150mA,3500K, CRI>97,Φ42*H55mm,36°,5W,AJ/CG,ARFS0535/35/36/W,R-41159492,IS 10322 (PART 5/SEC1):2012,3799,"Guangdong Sat Technology Co. Ltd., No. 11 Lianbao Rd, Shengfeng District, Xiaolan Town, Zhongshan City, Guangdong, China – 528400",https://wsrv.nl/?url=https%3A%2F%2Fi.ibb.co%2FMyTF7Xbm%2FKoit-5-white.png&output=webp&q=78
Koit 5,DDD055X,36V DC,150mA,3500K, CRI>97,Φ42*H55mm,36°,5W,AJ/CG,ARFS0535/35/36/B,R-41159492,IS 10322 (PART 5/SEC1):2012,3799,"Guangdong Sat Technology Co. Ltd., No. 11 Lianbao Rd, Shengfeng District, Xiaolan Town, Zhongshan City, Guangdong, China – 528400",https://wsrv.nl/?url=https%3A%2F%2Fi.ibb.co%2Fn8N5rGH8%2FKoit-5-black.png&output=webp&q=78
Koit 5,DDD055X,36V DC,150mA,4000K, CRI>97,Φ42*H55mm,36°,5W,AJ/CG,ARFS0535/40/36/W,R-41159492,IS 10322 (PART 5/SEC1):2012,3799,"Guangdong Sat Technology Co. Ltd., No. 11 Lianbao Rd, Shengfeng District, Xiaolan Town, Zhongshan City, Guangdong, China – 528400",https://wsrv.nl/?url=https%3A%2F%2Fi.ibb.co%2FMyTF7Xbm%2FKoit-5-white.png&output=webp&q=78
Koit 5,DDD055X,36V DC,150mA,4000K, CRI>97,Φ42*H55mm,36°,5W,AJ/CG,ARFS0535/40/36/B,R-41159492,IS 10322 (PART 5/SEC1):2012,3799,"Guangdong Sat Technology Co. Ltd., No. 11 Lianbao Rd, Shengfeng District, Xiaolan Town, Zhongshan City, Guangdong, China – 528400",https://wsrv.nl/?url=https%3A%2F%2Fi.ibb.co%2Fn8N5rGH8%2FKoit-5-black.png&output=webp&q=78
Koit 5,DDD055X,36V DC,150mA,5000K, CRI>97,Φ42*H55mm,36°,5W,AJ/CG,ARFS0535/50/36/W,R-41159492,IS 10322 (PART 5/SEC1):2012,3799,"Guangdong Sat Technology Co. Ltd., No. 11 Lianbao Rd, Shengfeng District, Xiaolan Town, Zhongshan City, Guangdong, China – 528400",https://wsrv.nl/?url=https%3A%2F%2Fi.ibb.co%2FMyTF7Xbm%2FKoit-5-white.png&output=webp&q=78
Koit 5,DDD055X,36V DC,150mA,5000K, CRI>97,Φ42*H55mm,36°,5W,AJ/CG,ARFS0535/50/36/B,R-41159492,IS 10322 (PART 5/SEC1):2012,3799,"Guangdong Sat Technology Co. Ltd., No. 11 Lianbao Rd, Shengfeng District, Xiaolan Town, Zhongshan City, Guangdong, China – 528400",https://wsrv.nl/?url=https%3A%2F%2Fi.ibb.co%2Fn8N5rGH8%2FKoit-5-black.png&output=webp&q=78
Koit 5 Tunable,DDD055X,36V DC,150mA,2700K~6500K, CRI>97,Φ42*H55mm,10°,5W,AJ/CG,ARFS0535/CT/10/W,R-41159492,IS 10322 (PART 5/SEC1):2012,4999,"Guangdong Sat Technology Co. Ltd., No. 11 Lianbao Rd, Shengfeng District, Xiaolan Town, Zhongshan City, Guangdong, China – 528400",https://wsrv.nl/?url=https%3A%2F%2Fi.ibb.co%2FMyTF7Xbm%2FKoit-5-white.png&output=webp&q=78
Koit 5 Tunable,DDD055X,36V DC,150mA,2700K~6500K, CRI>97,Φ42*H55mm,10°,5W,AJ/CG,ARFS0535/CT/10/B,R-41159492,IS 10322 (PART 5/SEC1):2012,4999,"Guangdong Sat Technology Co. Ltd., No. 11 Lianbao Rd, Shengfeng District, Xiaolan Town, Zhongshan City, Guangdong, China – 528400",https://wsrv.nl/?url=https%3A%2F%2Fi.ibb.co%2Fn8N5rGH8%2FKoit-5-black.png&output=webp&q=78
Koit 5 Tunable,DDD055X,36V DC,150mA,2700K~6500K, CRI>97,Φ42*H55mm,24°,5W,AJ/CG,ARFS0535/CT/24/W,R-41159492,IS 10322 (PART 5/SEC1):2012,4999,"Guangdong Sat Technology Co. Ltd., No. 11 Lianbao Rd, Shengfeng District, Xiaolan Town, Zhongshan City, Guangdong, China – 528400",https://wsrv.nl/?url=https%3A%2F%2Fi.ibb.co%2FMyTF7Xbm%2FKoit-5-white.png&output=webp&q=78
Koit 5 Tunable,DDD055X,36V DC,150mA,2700K~6500K, CRI>97,Φ42*H55mm,24°,5W,AJ/CG,ARFS0535/CT/24/B,R-41159492,IS 10322 (PART 5/SEC1):2012,4999,"Guangdong Sat Technology Co. Ltd., No. 11 Lianbao Rd, Shengfeng District, Xiaolan Town, Zhongshan City, Guangdong, China – 528400",https://wsrv.nl/?url=https%3A%2F%2Fi.ibb.co%2Fn8N5rGH8%2FKoit-5-black.png&output=webp&q=78
Koit 5 Tunable,DDD055X,36V DC,150mA,2700K~6500K, CRI>97,Φ42*H55mm,36°,5W,AJ/CG,ARFS0535/CT/36/W,R-41159492,IS 10322 (PART 5/SEC1):2012,4999,"Guangdong Sat Technology Co. Ltd., No. 11 Lianbao Rd, Shengfeng District, Xiaolan Town, Zhongshan City, Guangdong, China – 528400",https://wsrv.nl/?url=https%3A%2F%2Fi.ibb.co%2FMyTF7Xbm%2FKoit-5-white.png&output=webp&q=78
Koit 5 Tunable,DDD055X,36V DC,150mA,2700K~6500K, CRI>97,Φ42*H55mm,36°,5W,AJ/CG,ARFS0535/CT/36/B,R-41159492,IS 10322 (PART 5/SEC1):2012,4999,"Guangdong Sat Technology Co. Ltd., No. 11 Lianbao Rd, Shengfeng District, Xiaolan Town, Zhongshan City, Guangdong, China – 528400",https://wsrv.nl/?url=https%3A%2F%2Fi.ibb.co%2Fn8N5rGH8%2FKoit-5-black.png&output=webp&q=78
Avior,DTB16BF,15V DC,550/850mA,2700K, CRI>97, L147*W45*H49mm,15°,10W/15W,AJ/CG,ARFL1037/27/15/W,R-41159492,IS 10322 (PART 5/SEC1):2012,6399,"Guangdong Sat Technology Co. Ltd., No. 11 Lianbao Rd, Shengfeng District, Xiaolan Town, Zhongshan City, Guangdong, China – 528400",https://wsrv.nl/?url=https%3A%2F%2Fi.ibb.co%2FTxN3XdQ2%2FAvior-White.png&output=webp&q=78
Avior,DTB16BF,15V DC,550/850mA,2700K, CRI>97, L147*W45*H49mm,15°,10W/15W,AJ/CG,ARFL1037/27/15/B,R-41159492,IS 10322 (PART 5/SEC1):2012,6399,"Guangdong Sat Technology Co. Ltd., No. 11 Lianbao Rd, Shengfeng District, Xiaolan Town, Zhongshan City, Guangdong, China – 528400",https://wsrv.nl/?url=https%3A%2F%2Fi.ibb.co%2FHLzN9hjP%2FAviwall-black.png&output=webp&q=78
Avior,DTB16BF,15V DC,550/850mA,3000K, CRI>97, L147*W45*H49mm,15°,10W/15W,AJ/CG,ARFL1037/30/15/W,R-41159492,IS 10322 (PART 5/SEC1):2012,6399,"Guangdong Sat Technology Co. Ltd., No. 11 Lianbao Rd, Shengfeng District, Xiaolan Town, Zhongshan City, Guangdong, China – 528400",https://wsrv.nl/?url=https%3A%2F%2Fi.ibb.co%2FTxN3XdQ2%2FAvior-White.png&output=webp&q=78
Avior,DTB16BF,15V DC,550/850mA,3000K, CRI>97, L147*W45*H49mm,15°,10W/15W,AJ/CG,ARFL1037/30/15/B,R-41159492,IS 10322 (PART 5/SEC1):2012,6399,"Guangdong Sat Technology Co. Ltd., No. 11 Lianbao Rd, Shengfeng District, Xiaolan Town, Zhongshan City, Guangdong, China – 528400",https://wsrv.nl/?url=https%3A%2F%2Fi.ibb.co%2FHLzN9hjP%2FAviwall-black.png&output=webp&q=78
Avior,DTB16BF,15V DC,550/850mA,3500K, CRI>97, L147*W45*H49mm,15°,10W/15W,AJ/CG,ARFL1037/35/15/W,R-41159492,IS 10322 (PART 5/SEC1):2012,6399,"Guangdong Sat Technology Co. Ltd., No. 11 Lianbao Rd, Shengfeng District, Xiaolan Town, Zhongshan City, Guangdong, China – 528400",https://wsrv.nl/?url=https%3A%2F%2Fi.ibb.co%2FTxN3XdQ2%2FAvior-White.png&output=webp&q=78
Avior,DTB16BF,15V DC,550/850mA,3500K, CRI>97, L147*W45*H49mm,15°,10W/15W,AJ/CG,ARFL1037/35/15/B,R-41159492,IS 10322 (PART 5/SEC1):2012,6399,"Guangdong Sat Technology Co. Ltd., No. 11 Lianbao Rd, Shengfeng District, Xiaolan Town, Zhongshan City, Guangdong, China – 528400",https://wsrv.nl/?url=https%3A%2F%2Fi.ibb.co%2FHLzN9hjP%2FAviwall-black.png&output=webp&q=78
Avior,DTB16BF,15V DC,550/850mA,4000K, CRI>97, L147*W45*H49mm,15°,10W/15W,AJ/CG,ARFL1037/40/15/W,R-41159492,IS 10322 (PART 5/SEC1):2012,6399,"Guangdong Sat Technology Co. Ltd., No. 11 Lianbao Rd, Shengfeng District, Xiaolan Town, Zhongshan City, Guangdong, China – 528400",https://wsrv.nl/?url=https%3A%2F%2Fi.ibb.co%2FTxN3XdQ2%2FAvior-White.png&output=webp&q=78
Avior,DTB16BF,15V DC,550/850mA,4000K, CRI>97, L147*W45*H49mm,15°,10W/15W,AJ/CG,ARFL1037/40/15/B,R-41159492,IS 10322 (PART 5/SEC1):2012,6399,"Guangdong Sat Technology Co. Ltd., No. 11 Lianbao Rd, Shengfeng District, Xiaolan Town, Zhongshan City, Guangdong, China – 528400",https://wsrv.nl/?url=https%3A%2F%2Fi.ibb.co%2FHLzN9hjP%2FAviwall-black.png&output=webp&q=78
Avior,DTB16BF,15V DC,550/850mA,5000K, CRI>97, L147*W45*H49mm,15°,10W/15W,AJ/CG,ARFL1037/50/15/W,R-41159492,IS 10322 (PART 5/SEC1):2012,6399,"Guangdong Sat Technology Co. Ltd., No. 11 Lianbao Rd, Shengfeng District, Xiaolan Town, Zhongshan City, Guangdong, China – 528400",https://wsrv.nl/?url=https%3A%2F%2Fi.ibb.co%2FTxN3XdQ2%2FAvior-White.png&output=webp&q=78
Avior,DTB16BF,15V DC,550/850mA,5000K, CRI>97, L147*W45*H49mm,15°,10W/15W,AJ/CG,ARFL1037/50/15/B,R-41159492,IS 10322 (PART 5/SEC1):2012,6399,"Guangdong Sat Technology Co. Ltd., No. 11 Lianbao Rd, Shengfeng District, Xiaolan Town, Zhongshan City, Guangdong, China – 528400",https://wsrv.nl/?url=https%3A%2F%2Fi.ibb.co%2FHLzN9hjP%2FAviwall-black.png&output=webp&q=78
Avior,DTB16BF,15V DC,550/850mA,2700K, CRI>97, L147*W45*H49mm,30°,10W/15W,AJ/CG,ARFL1037/27/30/W,R-41159492,IS 10322 (PART 5/SEC1):2012,6399,"Guangdong Sat Technology Co. Ltd., No. 11 Lianbao Rd, Shengfeng District, Xiaolan Town, Zhongshan City, Guangdong, China – 528400",https://wsrv.nl/?url=https%3A%2F%2Fi.ibb.co%2FTxN3XdQ2%2FAvior-White.png&output=webp&q=78
Avior,DTB16BF,15V DC,550/850mA,2700K, CRI>97, L147*W45*H49mm,30°,10W/15W,AJ/CG,ARFL1037/27/30/B,R-41159492,IS 10322 (PART 5/SEC1):2012,6399,"Guangdong Sat Technology Co. Ltd., No. 11 Lianbao Rd, Shengfeng District, Xiaolan Town, Zhongshan City, Guangdong, China – 528400",https://wsrv.nl/?url=https%3A%2F%2Fi.ibb.co%2FHLzN9hjP%2FAviwall-black.png&output=webp&q=78
Avior,DTB16BF,15V DC,550/850mA,3000K, CRI>97, L147*W45*H49mm,30°,10W/15W,AJ/CG,ARFL1037/30/30/W,R-41159492,IS 10322 (PART 5/SEC1):2012,6399,"Guangdong Sat Technology Co. Ltd., No. 11 Lianbao Rd, Shengfeng District, Xiaolan Town, Zhongshan City, Guangdong, China – 528400",https://wsrv.nl/?url=https%3A%2F%2Fi.ibb.co%2FTxN3XdQ2%2FAvior-White.png&output=webp&q=78
Avior,DTB16BF,15V DC,550/850mA,3000K, CRI>97, L147*W45*H49mm,30°,10W/15W,AJ/CG,ARFL1037/30/30/B,R-41159492,IS 10322 (PART 5/SEC1):2012,6399,"Guangdong Sat Technology Co. Ltd., No. 11 Lianbao Rd, Shengfeng District, Xiaolan Town, Zhongshan City, Guangdong, China – 528400",https://wsrv.nl/?url=https%3A%2F%2Fi.ibb.co%2FHLzN9hjP%2FAviwall-black.png&output=webp&q=78
Avior,DTB16BF,15V DC,550/850mA,3500K, CRI>97, L147*W45*H49mm,30°,10W/15W,AJ/CG,ARFL1037/35/30/W,R-41159492,IS 10322 (PART 5/SEC1):2012,6399,"Guangdong Sat Technology Co. Ltd., No. 11 Lianbao Rd, Shengfeng District, Xiaolan Town, Zhongshan City, Guangdong, China – 528400",https://wsrv.nl/?url=https%3A%2F%2Fi.ibb.co%2FTxN3XdQ2%2FAvior-White.png&output=webp&q=78
Avior,DTB16BF,15V DC,550/850mA,3500K, CRI>97, L147*W45*H49mm,30°,10W/15W,AJ/CG,ARFL1037/35/30/B,R-41159492,IS 10322 (PART 5/SEC1):2012,6399,"Guangdong Sat Technology Co. Ltd., No. 11 Lianbao Rd, Shengfeng District, Xiaolan Town, Zhongshan City, Guangdong, China – 528400",https://wsrv.nl/?url=https%3A%2F%2Fi.ibb.co%2FHLzN9hjP%2FAviwall-black.png&output=webp&q=78
Avior,DTB16BF,15V DC,550/850mA,4000K, CRI>97, L147*W45*H49mm,30°,10W/15W,AJ/CG,ARFL1037/40/30/W,R-41159492,IS 10322 (PART 5/SEC1):2012,6399,"Guangdong Sat Technology Co. Ltd., No. 11 Lianbao Rd, Shengfeng District, Xiaolan Town, Zhongshan City, Guangdong, China – 528400",https://wsrv.nl/?url=https%3A%2F%2Fi.ibb.co%2FTxN3XdQ2%2FAvior-White.png&output=webp&q=78
Avior,DTB16BF,15V DC,550/850mA,4000K, CRI>97, L147*W45*H49mm,30°,10W/15W,AJ/CG,ARFL1037/40/30/B,R-41159492,IS 10322 (PART 5/SEC1):2012,6399,"Guangdong Sat Technology Co. Ltd., No. 11 Lianbao Rd, Shengfeng District, Xiaolan Town, Zhongshan City, Guangdong, China – 528400",https://wsrv.nl/?url=https%3A%2F%2Fi.ibb.co%2FHLzN9hjP%2FAviwall-black.png&output=webp&q=78
Avior,DTB16BF,15V DC,550/850mA,5000K, CRI>97, L147*W45*H49mm,30°,10W/15W,AJ/CG,ARFL1037/50/30/W,R-41159492,IS 10322 (PART 5/SEC1):2012,6399,"Guangdong Sat Technology Co. Ltd., No. 11 Lianbao Rd, Shengfeng District, Xiaolan Town, Zhongshan City, Guangdong, China – 528400",https://wsrv.nl/?url=https%3A%2F%2Fi.ibb.co%2FTxN3XdQ2%2FAvior-White.png&output=webp&q=78
Avior,DTB16BF,15V DC,550/850mA,5000K, CRI>97, L147*W45*H49mm,30°,10W/15W,AJ/CG,ARFL1037/50/30/B,R-41159492,IS 10322 (PART 5/SEC1):2012,6399,"Guangdong Sat Technology Co. Ltd., No. 11 Lianbao Rd, Shengfeng District, Xiaolan Town, Zhongshan City, Guangdong, China – 528400",https://wsrv.nl/?url=https%3A%2F%2Fi.ibb.co%2FHLzN9hjP%2FAviwall-black.png&output=webp&q=78
Avior,DTB16BF,15V DC,550/850mA,2700K, CRI>97, L147*W45*H49mm,45°,10W/15W,AJ/CG,ARFL1037/27/45/W,R-41159492,IS 10322 (PART 5/SEC1):2012,6399,"Guangdong Sat Technology Co. Ltd., No. 11 Lianbao Rd, Shengfeng District, Xiaolan Town, Zhongshan City, Guangdong, China – 528400",https://wsrv.nl/?url=https%3A%2F%2Fi.ibb.co%2FTxN3XdQ2%2FAvior-White.png&output=webp&q=78
Avior,DTB16BF,15V DC,550/850mA,2700K, CRI>97, L147*W45*H49mm,45°,10W/15W,AJ/CG,ARFL1037/27/45/B,R-41159492,IS 10322 (PART 5/SEC1):2012,6399,"Guangdong Sat Technology Co. Ltd., No. 11 Lianbao Rd, Shengfeng District, Xiaolan Town, Zhongshan City, Guangdong, China – 528400",https://wsrv.nl/?url=https%3A%2F%2Fi.ibb.co%2FHLzN9hjP%2FAviwall-black.png&output=webp&q=78
Avior,DTB16BF,15V DC,550/850mA,3000K, CRI>97, L147*W45*H49mm,45°,10W/15W,AJ/CG,ARFL1037/30/45/W,R-41159492,IS 10322 (PART 5/SEC1):2012,6399,"Guangdong Sat Technology Co. Ltd., No. 11 Lianbao Rd, Shengfeng District, Xiaolan Town, Zhongshan City, Guangdong, China – 528400",https://wsrv.nl/?url=https%3A%2F%2Fi.ibb.co%2FTxN3XdQ2%2FAvior-White.png&output=webp&q=78
Avior,DTB16BF,15V DC,550/850mA,3000K, CRI>97, L147*W45*H49mm,45°,10W/15W,AJ/CG,ARFL1037/30/45/B,R-41159492,IS 10322 (PART 5/SEC1):2012,6399,"Guangdong Sat Technology Co. Ltd., No. 11 Lianbao Rd, Shengfeng District, Xiaolan Town, Zhongshan City, Guangdong, China – 528400",https://wsrv.nl/?url=https%3A%2F%2Fi.ibb.co%2FHLzN9hjP%2FAviwall-black.png&output=webp&q=78
Avior,DTB16BF,15V DC,550/850mA,3500K, CRI>97, L147*W45*H49mm,45°,10W/15W,AJ/CG,ARFL1037/35/45/W,R-41159492,IS 10322 (PART 5/SEC1):2012,6399,"Guangdong Sat Technology Co. Ltd., No. 11 Lianbao Rd, Shengfeng District, Xiaolan Town, Zhongshan City, Guangdong, China – 528400",https://wsrv.nl/?url=https%3A%2F%2Fi.ibb.co%2FTxN3XdQ2%2FAvior-White.png&output=webp&q=78
Avior,DTB16BF,15V DC,550/850mA,3500K, CRI>97, L147*W45*H49mm,45°,10W/15W,AJ/CG,ARFL1037/35/45/B,R-41159492,IS 10322 (PART 5/SEC1):2012,6399,"Guangdong Sat Technology Co. Ltd., No. 11 Lianbao Rd, Shengfeng District, Xiaolan Town, Zhongshan City, Guangdong, China – 528400",https://wsrv.nl/?url=https%3A%2F%2Fi.ibb.co%2FHLzN9hjP%2FAviwall-black.png&output=webp&q=78
Avior,DTB16BF,15V DC,550/850mA,4000K, CRI>97, L147*W45*H49mm,45°,10W/15W,AJ/CG,ARFL1037/40/45/W,R-41159492,IS 10322 (PART 5/SEC1):2012,6399,"Guangdong Sat Technology Co. Ltd., No. 11 Lianbao Rd, Shengfeng District, Xiaolan Town, Zhongshan City, Guangdong, China – 528400",https://wsrv.nl/?url=https%3A%2F%2Fi.ibb.co%2FTxN3XdQ2%2FAvior-White.png&output=webp&q=78
Avior,DTB16BF,15V DC,550/850mA,4000K, CRI>97, L147*W45*H49mm,45°,10W/15W,AJ/CG,ARFL1037/40/45/B,R-41159492,IS 10322 (PART 5/SEC1):2012,6399,"Guangdong Sat Technology Co. Ltd., No. 11 Lianbao Rd, Shengfeng District, Xiaolan Town, Zhongshan City, Guangdong, China – 528400",https://wsrv.nl/?url=https%3A%2F%2Fi.ibb.co%2FHLzN9hjP%2FAviwall-black.png&output=webp&q=78
Avior,DTB16BF,15V DC,550/850mA,5000K, CRI>97, L147*W45*H49mm,45°,10W/15W,AJ/CG,ARFL1037/50/45/W,R-41159492,IS 10322 (PART 5/SEC1):2012,6399,"Guangdong Sat Technology Co. Ltd., No. 11 Lianbao Rd, Shengfeng District, Xiaolan Town, Zhongshan City, Guangdong, China – 528400",https://wsrv.nl/?url=https%3A%2F%2Fi.ibb.co%2FTxN3XdQ2%2FAvior-White.png&output=webp&q=78
Avior,DTB16BF,15V DC,550/850mA,5000K, CRI>97, L147*W45*H49mm,45°,10W/15W,AJ/CG,ARFL1037/50/45/B,R-41159492,IS 10322 (PART 5/SEC1):2012,6399,"Guangdong Sat Technology Co. Ltd., No. 11 Lianbao Rd, Shengfeng District, Xiaolan Town, Zhongshan City, Guangdong, China – 528400",https://wsrv.nl/?url=https%3A%2F%2Fi.ibb.co%2FHLzN9hjP%2FAviwall-black.png&output=webp&q=78
Avior Tunable,DTB16BF,15V DC,550/850mA,2700K~6500K, CRI>97, L147*W45*H49mm,15°,10W/15W,AJ/CG,ARFL1037/CT/15/W,R-41159492,IS 10322 (PART 5/SEC1):2012,7599,"Guangdong Sat Technology Co. Ltd., No. 11 Lianbao Rd, Shengfeng District, Xiaolan Town, Zhongshan City, Guangdong, China – 528400",https://wsrv.nl/?url=https%3A%2F%2Fi.ibb.co%2FTxN3XdQ2%2FAvior-White.png&output=webp&q=78
Avior Tunable,DTB16BF,15V DC,550/850mA,2700K~6500K, CRI>97, L147*W45*H49mm,15°,10W/15W,AJ/CG,ARFL1037/CT/15/B,R-41159492,IS 10322 (PART 5/SEC1):2012,7599,"Guangdong Sat Technology Co. Ltd., No. 11 Lianbao Rd, Shengfeng District, Xiaolan Town, Zhongshan City, Guangdong, China – 528400",https://wsrv.nl/?url=https%3A%2F%2Fi.ibb.co%2FHLzN9hjP%2FAviwall-black.png&output=webp&q=78
Avior Tunable,DTB16BF,15V DC,550/850mA,2700K~6500K, CRI>97, L147*W45*H49mm,30°,10W/15W,AJ/CG,ARFL1037/CT/30/W,R-41159492,IS 10322 (PART 5/SEC1):2012,7599,"Guangdong Sat Technology Co. Ltd., No. 11 Lianbao Rd, Shengfeng District, Xiaolan Town, Zhongshan City, Guangdong, China – 528400",https://wsrv.nl/?url=https%3A%2F%2Fi.ibb.co%2FTxN3XdQ2%2FAvior-White.png&output=webp&q=78
Avior Tunable,DTB16BF,15V DC,550/850mA,2700K~6500K, CRI>97, L147*W45*H49mm,30°,10W/15W,AJ/CG,ARFL1037/CT/30/B,R-41159492,IS 10322 (PART 5/SEC1):2012,7599,"Guangdong Sat Technology Co. Ltd., No. 11 Lianbao Rd, Shengfeng District, Xiaolan Town, Zhongshan City, Guangdong, China – 528400",https://wsrv.nl/?url=https%3A%2F%2Fi.ibb.co%2FHLzN9hjP%2FAviwall-black.png&output=webp&q=78
Avior Tunable,DTB16BF,15V DC,550/850mA,2700K~6500K, CRI>97, L147*W45*H49mm,45°,10W/15W,AJ/CG,ARFL1037/CT/45/W,R-41159492,IS 10322 (PART 5/SEC1):2012,7599,"Guangdong Sat Technology Co. Ltd., No. 11 Lianbao Rd, Shengfeng District, Xiaolan Town, Zhongshan City, Guangdong, China – 528400",https://wsrv.nl/?url=https%3A%2F%2Fi.ibb.co%2FTxN3XdQ2%2FAvior-White.png&output=webp&q=78
Avior Tunable,DTB16BF,15V DC,550/850mA,2700K~6500K, CRI>97, L147*W45*H49mm,45°,10W/15W,AJ/CG,ARFL1037/CT/45/B,R-41159492,IS 10322 (PART 5/SEC1):2012,7599,"Guangdong Sat Technology Co. Ltd., No. 11 Lianbao Rd, Shengfeng District, Xiaolan Town, Zhongshan City, Guangdong, China – 528400",https://wsrv.nl/?url=https%3A%2F%2Fi.ibb.co%2FHLzN9hjP%2FAviwall-black.png&output=webp&q=78
Aviwall,DTB16BF,15V DC,550/850mA,2700K, CRI>97, L147*W45*H49mm,80°,10W/15W,AJ/CG,ARWL1037/27/W,R-41159492,IS 10322 (PART 5/SEC1):2012,6399,"Guangdong Sat Technology Co. Ltd., No. 11 Lianbao Rd, Shengfeng District, Xiaolan Town, Zhongshan City, Guangdong, China – 528400",https://wsrv.nl/?url=https%3A%2F%2Fi.ibb.co%2Fm1NZQSr%2FAviwall-white.png&output=webp&q=78
Aviwall,DTB16BF,15V DC,550/850mA,2700K, CRI>97, L147*W45*H49mm,80°,10W/15W,AJ/CG,ARWL1037/27/B,R-41159492,IS 10322 (PART 5/SEC1):2012,6399,"Guangdong Sat Technology Co. Ltd., No. 11 Lianbao Rd, Shengfeng District, Xiaolan Town, Zhongshan City, Guangdong, China – 528400",https://wsrv.nl/?url=https%3A%2F%2Fi.ibb.co%2FHLzN9hjP%2FAviwall-black.png&output=webp&q=78
Aviwall,DTB16BF,15V DC,550/850mA,3000K, CRI>97, L147*W45*H49mm,80°,10W/15W,AJ/CG,ARWL1037/30/W,R-41159492,IS 10322 (PART 5/SEC1):2012,6399,"Guangdong Sat Technology Co. Ltd., No. 11 Lianbao Rd, Shengfeng District, Xiaolan Town, Zhongshan City, Guangdong, China – 528400",https://wsrv.nl/?url=https%3A%2F%2Fi.ibb.co%2Fm1NZQSr%2FAviwall-white.png&output=webp&q=78
Aviwall,DTB16BF,15V DC,550/850mA,3000K, CRI>97, L147*W45*H49mm,80°,10W/15W,AJ/CG,ARWL1037/30/B,R-41159492,IS 10322 (PART 5/SEC1):2012,6399,"Guangdong Sat Technology Co. Ltd., No. 11 Lianbao Rd, Shengfeng District, Xiaolan Town, Zhongshan City, Guangdong, China – 528400",https://wsrv.nl/?url=https%3A%2F%2Fi.ibb.co%2FHLzN9hjP%2FAviwall-black.png&output=webp&q=78
Aviwall,DTB16BF,15V DC,550/850mA,3500K, CRI>97, L147*W45*H49mm,80°,10W/15W,AJ/CG,ARWL1037/35/W,R-41159492,IS 10322 (PART 5/SEC1):2012,6399,"Guangdong Sat Technology Co. Ltd., No. 11 Lianbao Rd, Shengfeng District, Xiaolan Town, Zhongshan City, Guangdong, China – 528400",https://wsrv.nl/?url=https%3A%2F%2Fi.ibb.co%2Fm1NZQSr%2FAviwall-white.png&output=webp&q=78
Aviwall,DTB16BF,15V DC,550/850mA,3500K, CRI>97, L147*W45*H49mm,80°,10W/15W,AJ/CG,ARWL1037/35/B,R-41159492,IS 10322 (PART 5/SEC1):2012,6399,"Guangdong Sat Technology Co. Ltd., No. 11 Lianbao Rd, Shengfeng District, Xiaolan Town, Zhongshan City, Guangdong, China – 528400",https://wsrv.nl/?url=https%3A%2F%2Fi.ibb.co%2FHLzN9hjP%2FAviwall-black.png&output=webp&q=78
Aviwall,DTB16BF,15V DC,550/850mA,4000K, CRI>97, L147*W45*H49mm,80°,10W/15W,AJ/CG,ARWL1037/40/W,R-41159492,IS 10322 (PART 5/SEC1):2012,6399,"Guangdong Sat Technology Co. Ltd., No. 11 Lianbao Rd, Shengfeng District, Xiaolan Town, Zhongshan City, Guangdong, China – 528400",https://wsrv.nl/?url=https%3A%2F%2Fi.ibb.co%2Fm1NZQSr%2FAviwall-white.png&output=webp&q=78
Aviwall,DTB16BF,15V DC,550/850mA,4000K, CRI>97, L147*W45*H49mm,80°,10W/15W,AJ/CG,ARWL1037/40/B,R-41159492,IS 10322 (PART 5/SEC1):2012,6399,"Guangdong Sat Technology Co. Ltd., No. 11 Lianbao Rd, Shengfeng District, Xiaolan Town, Zhongshan City, Guangdong, China – 528400",https://wsrv.nl/?url=https%3A%2F%2Fi.ibb.co%2FHLzN9hjP%2FAviwall-black.png&output=webp&q=78
Aviwall,DTB16BF,15V DC,550/850mA,5000K, CRI>97, L147*W45*H49mm,80°,10W/15W,AJ/CG,ARWL1037/50/W,R-41159492,IS 10322 (PART 5/SEC1):2012,6399,"Guangdong Sat Technology Co. Ltd., No. 11 Lianbao Rd, Shengfeng District, Xiaolan Town, Zhongshan City, Guangdong, China – 528400",https://wsrv.nl/?url=https%3A%2F%2Fi.ibb.co%2Fm1NZQSr%2FAviwall-white.png&output=webp&q=78
Aviwall,DTB16BF,15V DC,550/850mA,5000K, CRI>97, L147*W45*H49mm,80°,10W/15W,AJ/CG,ARWL1037/50/B,R-41159492,IS 10322 (PART 5/SEC1):2012,6399,"Guangdong Sat Technology Co. Ltd., No. 11 Lianbao Rd, Shengfeng District, Xiaolan Town, Zhongshan City, Guangdong, China – 528400",https://wsrv.nl/?url=https%3A%2F%2Fi.ibb.co%2FHLzN9hjP%2FAviwall-black.png&output=webp&q=78
Aviwall Tunable,DTB16BF,15V DC,550/850mA,2700K~6500K, CRI>97, L147*W45*H49mm,80°,10W/15W,AJ/CG,ARWL1037/CT/W,R-41159492,IS 10322 (PART 5/SEC1):2012,7599,"Guangdong Sat Technology Co. Ltd., No. 11 Lianbao Rd, Shengfeng District, Xiaolan Town, Zhongshan City, Guangdong, China – 528400",https://wsrv.nl/?url=https%3A%2F%2Fi.ibb.co%2Fm1NZQSr%2FAviwall-white.png&output=webp&q=78
Aviwall Tunable,DTB16BF,15V DC,550/850mA,2700K~6500K, CRI>97, L147*W45*H49mm,80°,10W/15W,AJ/CG,ARWL1037CT/B,R-41159492,IS 10322 (PART 5/SEC1):2012,7599,"Guangdong Sat Technology Co. Ltd., No. 11 Lianbao Rd, Shengfeng District, Xiaolan Town, Zhongshan City, Guangdong, China – 528400",https://wsrv.nl/?url=https%3A%2F%2Fi.ibb.co%2FHLzN9hjP%2FAviwall-black.png&output=webp&q=78
Castor,DTQ130X,36V DC,350mA,2700K, CRI>97,Φ83*H59mm,24°,15W,AJ/CG,ARFD1575/27/24/W,R-41159492,IS 10322 (PART 5/SEC1):2012,4749,"Guangdong Sat Technology Co. Ltd., No. 11 Lianbao Rd, Shengfeng District, Xiaolan Town, Zhongshan City, Guangdong, China – 528400",https://wsrv.nl/?url=https%3A%2F%2Fi.ibb.co%2FVcGKKPS0%2FCastor-White.png&output=webp&q=78
Castor,DTQ130X,36V DC,350mA,2700K, CRI>97,Φ83*H59mm,24°,15W,AJ/CG,ARFD1575/27/24/B,R-41159492,IS 10322 (PART 5/SEC1):2012,4749,"Guangdong Sat Technology Co. Ltd., No. 11 Lianbao Rd, Shengfeng District, Xiaolan Town, Zhongshan City, Guangdong, China – 528400",https://wsrv.nl/?url=https%3A%2F%2Fi.ibb.co%2FRwDmFxR%2FCastor-black.png&output=webp&q=78
Castor,DTQ130X,36V DC,350mA,3000K, CRI>97,Φ83*H59mm,24°,15W,AJ/CG,ARFD1575/30/24/W,R-41159492,IS 10322 (PART 5/SEC1):2012,4749,"Guangdong Sat Technology Co. Ltd., No. 11 Lianbao Rd, Shengfeng District, Xiaolan Town, Zhongshan City, Guangdong, China – 528400",https://wsrv.nl/?url=https%3A%2F%2Fi.ibb.co%2FVcGKKPS0%2FCastor-White.png&output=webp&q=78
Castor,DTQ130X,36V DC,350mA,3000K, CRI>97,Φ83*H59mm,24°,15W,AJ/CG,ARFD1575/30/24/B,R-41159492,IS 10322 (PART 5/SEC1):2012,4749,"Guangdong Sat Technology Co. Ltd., No. 11 Lianbao Rd, Shengfeng District, Xiaolan Town, Zhongshan City, Guangdong, China – 528400",https://wsrv.nl/?url=https%3A%2F%2Fi.ibb.co%2FRwDmFxR%2FCastor-black.png&output=webp&q=78
Castor,DTQ130X,36V DC,350mA,3500K, CRI>97,Φ83*H59mm,24°,15W,AJ/CG,ARFD1575/35/24/W,R-41159492,IS 10322 (PART 5/SEC1):2012,4749,"Guangdong Sat Technology Co. Ltd., No. 11 Lianbao Rd, Shengfeng District, Xiaolan Town, Zhongshan City, Guangdong, China – 528400",https://wsrv.nl/?url=https%3A%2F%2Fi.ibb.co%2FVcGKKPS0%2FCastor-White.png&output=webp&q=78
Castor,DTQ130X,36V DC,350mA,3500K, CRI>97,Φ83*H59mm,24°,15W,AJ/CG,ARFD1575/35/24/B,R-41159492,IS 10322 (PART 5/SEC1):2012,4749,"Guangdong Sat Technology Co. Ltd., No. 11 Lianbao Rd, Shengfeng District, Xiaolan Town, Zhongshan City, Guangdong, China – 528400",https://wsrv.nl/?url=https%3A%2F%2Fi.ibb.co%2FRwDmFxR%2FCastor-black.png&output=webp&q=78
Castor,DTQ130X,36V DC,350mA,4000K, CRI>97,Φ83*H59mm,24°,15W,AJ/CG,ARFD1575/40/24/W,R-41159492,IS 10322 (PART 5/SEC1):2012,4749,"Guangdong Sat Technology Co. Ltd., No. 11 Lianbao Rd, Shengfeng District, Xiaolan Town, Zhongshan City, Guangdong, China – 528400",https://wsrv.nl/?url=https%3A%2F%2Fi.ibb.co%2FVcGKKPS0%2FCastor-White.png&output=webp&q=78
Castor,DTQ130X,36V DC,350mA,4000K, CRI>97,Φ83*H59mm,24°,15W,AJ/CG,ARFD1575/40/24/B,R-41159492,IS 10322 (PART 5/SEC1):2012,4749,"Guangdong Sat Technology Co. Ltd., No. 11 Lianbao Rd, Shengfeng District, Xiaolan Town, Zhongshan City, Guangdong, China – 528400",https://wsrv.nl/?url=https%3A%2F%2Fi.ibb.co%2FRwDmFxR%2FCastor-black.png&output=webp&q=78
Castor,DTQ130X,36V DC,350mA,5000K, CRI>97,Φ83*H59mm,24°,15W,AJ/CG,ARFD1575/50/24/W,R-41159492,IS 10322 (PART 5/SEC1):2012,4749,"Guangdong Sat Technology Co. Ltd., No. 11 Lianbao Rd, Shengfeng District, Xiaolan Town, Zhongshan City, Guangdong, China – 528400",https://wsrv.nl/?url=https%3A%2F%2Fi.ibb.co%2FVcGKKPS0%2FCastor-White.png&output=webp&q=78
Castor,DTQ130X,36V DC,350mA,5000K, CRI>97,Φ83*H59mm,24°,15W,AJ/CG,ARFD1575/50/24/B,R-41159492,IS 10322 (PART 5/SEC1):2012,4749,"Guangdong Sat Technology Co. Ltd., No. 11 Lianbao Rd, Shengfeng District, Xiaolan Town, Zhongshan City, Guangdong, China – 528400",https://wsrv.nl/?url=https%3A%2F%2Fi.ibb.co%2FRwDmFxR%2FCastor-black.png&output=webp&q=78
Castor,DTQ130X,36V DC,350mA,2700K, CRI>97,Φ83*H59mm,36°,15W,AJ/CG,ARFD1575/27/36/W,R-41159492,IS 10322 (PART 5/SEC1):2012,4749,"Guangdong Sat Technology Co. Ltd., No. 11 Lianbao Rd, Shengfeng District, Xiaolan Town, Zhongshan City, Guangdong, China – 528400",https://wsrv.nl/?url=https%3A%2F%2Fi.ibb.co%2FVcGKKPS0%2FCastor-White.png&output=webp&q=78
Castor,DTQ130X,36V DC,350mA,2700K, CRI>97,Φ83*H59mm,36°,15W,AJ/CG,ARFD1575/27/36/B,R-41159492,IS 10322 (PART 5/SEC1):2012,4749,"Guangdong Sat Technology Co. Ltd., No. 11 Lianbao Rd, Shengfeng District, Xiaolan Town, Zhongshan City, Guangdong, China – 528400",https://wsrv.nl/?url=https%3A%2F%2Fi.ibb.co%2FRwDmFxR%2FCastor-black.png&output=webp&q=78
Castor,DTQ130X,36V DC,350mA,3000K, CRI>97,Φ83*H59mm,36°,15W,AJ/CG,ARFD1575/30/36/W,R-41159492,IS 10322 (PART 5/SEC1):2012,4749,"Guangdong Sat Technology Co. Ltd., No. 11 Lianbao Rd, Shengfeng District, Xiaolan Town, Zhongshan City, Guangdong, China – 528400",https://wsrv.nl/?url=https%3A%2F%2Fi.ibb.co%2FVcGKKPS0%2FCastor-White.png&output=webp&q=78
Castor,DTQ130X,36V DC,350mA,3000K, CRI>97,Φ83*H59mm,36°,15W,AJ/CG,ARFD1575/30/36/B,R-41159492,IS 10322 (PART 5/SEC1):2012,4749,"Guangdong Sat Technology Co. Ltd., No. 11 Lianbao Rd, Shengfeng District, Xiaolan Town, Zhongshan City, Guangdong, China – 528400",https://wsrv.nl/?url=https%3A%2F%2Fi.ibb.co%2FRwDmFxR%2FCastor-black.png&output=webp&q=78
Castor,DTQ130X,36V DC,350mA,3500K, CRI>97,Φ83*H59mm,36°,15W,AJ/CG,ARFD1575/35/36/W,R-41159492,IS 10322 (PART 5/SEC1):2012,4749,"Guangdong Sat Technology Co. Ltd., No. 11 Lianbao Rd, Shengfeng District, Xiaolan Town, Zhongshan City, Guangdong, China – 528400",https://wsrv.nl/?url=https%3A%2F%2Fi.ibb.co%2FVcGKKPS0%2FCastor-White.png&output=webp&q=78
Castor,DTQ130X,36V DC,350mA,3500K, CRI>97,Φ83*H59mm,36°,15W,AJ/CG,ARFD1575/35/36/B,R-41159492,IS 10322 (PART 5/SEC1):2012,4749,"Guangdong Sat Technology Co. Ltd., No. 11 Lianbao Rd, Shengfeng District, Xiaolan Town, Zhongshan City, Guangdong, China – 528400",https://wsrv.nl/?url=https%3A%2F%2Fi.ibb.co%2FRwDmFxR%2FCastor-black.png&output=webp&q=78
Castor,DTQ130X,36V DC,350mA,4000K, CRI>97,Φ83*H59mm,36°,15W,AJ/CG,ARFD1575/40/36/W,R-41159492,IS 10322 (PART 5/SEC1):2012,4749,"Guangdong Sat Technology Co. Ltd., No. 11 Lianbao Rd, Shengfeng District, Xiaolan Town, Zhongshan City, Guangdong, China – 528400",https://wsrv.nl/?url=https%3A%2F%2Fi.ibb.co%2FVcGKKPS0%2FCastor-White.png&output=webp&q=78
Castor,DTQ130X,36V DC,350mA,4000K, CRI>97,Φ83*H59mm,36°,15W,AJ/CG,ARFD1575/40/36/B,R-41159492,IS 10322 (PART 5/SEC1):2012,4749,"Guangdong Sat Technology Co. Ltd., No. 11 Lianbao Rd, Shengfeng District, Xiaolan Town, Zhongshan City, Guangdong, China – 528400",https://wsrv.nl/?url=https%3A%2F%2Fi.ibb.co%2FRwDmFxR%2FCastor-black.png&output=webp&q=78
Castor,DTQ130X,36V DC,350mA,5000K, CRI>97,Φ83*H59mm,36°,15W,AJ/CG,ARFD1575/50/36/W,R-41159492,IS 10322 (PART 5/SEC1):2012,4749,"Guangdong Sat Technology Co. Ltd., No. 11 Lianbao Rd, Shengfeng District, Xiaolan Town, Zhongshan City, Guangdong, China – 528400",https://wsrv.nl/?url=https%3A%2F%2Fi.ibb.co%2FVcGKKPS0%2FCastor-White.png&output=webp&q=78
Castor,DTQ130X,36V DC,350mA,5000K, CRI>97,Φ83*H59mm,36°,15W,AJ/CG,ARFD1575/50/36/B,R-41159492,IS 10322 (PART 5/SEC1):2012,4749,"Guangdong Sat Technology Co. Ltd., No. 11 Lianbao Rd, Shengfeng District, Xiaolan Town, Zhongshan City, Guangdong, China – 528400",https://wsrv.nl/?url=https%3A%2F%2Fi.ibb.co%2FRwDmFxR%2FCastor-black.png&output=webp&q=78
Castor,DTQ130X,36V DC,350mA,2700K, CRI>97,Φ83*H59mm,50°,15W,AJ/CG,ARFD1575/27/50/W,R-41159492,IS 10322 (PART 5/SEC1):2012,4749,"Guangdong Sat Technology Co. Ltd., No. 11 Lianbao Rd, Shengfeng District, Xiaolan Town, Zhongshan City, Guangdong, China – 528400",https://wsrv.nl/?url=https%3A%2F%2Fi.ibb.co%2FVcGKKPS0%2FCastor-White.png&output=webp&q=78
Castor,DTQ130X,36V DC,350mA,2700K, CRI>97,Φ83*H59mm,50°,15W,AJ/CG,ARFD1575/27/50/B,R-41159492,IS 10322 (PART 5/SEC1):2012,4749,"Guangdong Sat Technology Co. Ltd., No. 11 Lianbao Rd, Shengfeng District, Xiaolan Town, Zhongshan City, Guangdong, China – 528400",https://wsrv.nl/?url=https%3A%2F%2Fi.ibb.co%2FRwDmFxR%2FCastor-black.png&output=webp&q=78
Castor,DTQ130X,36V DC,350mA,3000K, CRI>97,Φ83*H59mm,50°,15W,AJ/CG,ARFD1575/30/50/W,R-41159492,IS 10322 (PART 5/SEC1):2012,4749,"Guangdong Sat Technology Co. Ltd., No. 11 Lianbao Rd, Shengfeng District, Xiaolan Town, Zhongshan City, Guangdong, China – 528400",https://wsrv.nl/?url=https%3A%2F%2Fi.ibb.co%2FVcGKKPS0%2FCastor-White.png&output=webp&q=78
Castor,DTQ130X,36V DC,350mA,3000K, CRI>97,Φ83*H59mm,50°,15W,AJ/CG,ARFD1575/30/50/B,R-41159492,IS 10322 (PART 5/SEC1):2012,4749,"Guangdong Sat Technology Co. Ltd., No. 11 Lianbao Rd, Shengfeng District, Xiaolan Town, Zhongshan City, Guangdong, China – 528400",https://wsrv.nl/?url=https%3A%2F%2Fi.ibb.co%2FRwDmFxR%2FCastor-black.png&output=webp&q=78
Castor,DTQ130X,36V DC,350mA,3500K, CRI>97,Φ83*H59mm,50°,15W,AJ/CG,ARFD1575/35/50/W,R-41159492,IS 10322 (PART 5/SEC1):2012,4749,"Guangdong Sat Technology Co. Ltd., No. 11 Lianbao Rd, Shengfeng District, Xiaolan Town, Zhongshan City, Guangdong, China – 528400",https://wsrv.nl/?url=https%3A%2F%2Fi.ibb.co%2FVcGKKPS0%2FCastor-White.png&output=webp&q=78
Castor,DTQ130X,36V DC,350mA,3500K, CRI>97,Φ83*H59mm,50°,15W,AJ/CG,ARFD1575/35/50/B,R-41159492,IS 10322 (PART 5/SEC1):2012,4749,"Guangdong Sat Technology Co. Ltd., No. 11 Lianbao Rd, Shengfeng District, Xiaolan Town, Zhongshan City, Guangdong, China – 528400",https://wsrv.nl/?url=https%3A%2F%2Fi.ibb.co%2FRwDmFxR%2FCastor-black.png&output=webp&q=78
Castor,DTQ130X,36V DC,350mA,4000K, CRI>97,Φ83*H59mm,50°,15W,AJ/CG,ARFD1575/40/50/W,R-41159492,IS 10322 (PART 5/SEC1):2012,4749,"Guangdong Sat Technology Co. Ltd., No. 11 Lianbao Rd, Shengfeng District, Xiaolan Town, Zhongshan City, Guangdong, China – 528400",https://wsrv.nl/?url=https%3A%2F%2Fi.ibb.co%2FVcGKKPS0%2FCastor-White.png&output=webp&q=78
Castor,DTQ130X,36V DC,350mA,4000K, CRI>97,Φ83*H59mm,50°,15W,AJ/CG,ARFD1575/40/50/B,R-41159492,IS 10322 (PART 5/SEC1):2012,4749,"Guangdong Sat Technology Co. Ltd., No. 11 Lianbao Rd, Shengfeng District, Xiaolan Town, Zhongshan City, Guangdong, China – 528400",https://wsrv.nl/?url=https%3A%2F%2Fi.ibb.co%2FRwDmFxR%2FCastor-black.png&output=webp&q=78
Castor,DTQ130X,36V DC,350mA,5000K, CRI>97,Φ83*H59mm,50°,15W,AJ/CG,ARFD1575/50/50/W,R-41159492,IS 10322 (PART 5/SEC1):2012,4749,"Guangdong Sat Technology Co. Ltd., No. 11 Lianbao Rd, Shengfeng District, Xiaolan Town, Zhongshan City, Guangdong, China – 528400",https://wsrv.nl/?url=https%3A%2F%2Fi.ibb.co%2FVcGKKPS0%2FCastor-White.png&output=webp&q=78
Castor,DTQ130X,36V DC,350mA,5000K, CRI>97,Φ83*H59mm,50°,15W,AJ/CG,ARFD1575/50/50/B,R-41159492,IS 10322 (PART 5/SEC1):2012,4749,"Guangdong Sat Technology Co. Ltd., No. 11 Lianbao Rd, Shengfeng District, Xiaolan Town, Zhongshan City, Guangdong, China – 528400",https://wsrv.nl/?url=https%3A%2F%2Fi.ibb.co%2FRwDmFxR%2FCastor-black.png&output=webp&q=78
Castor Tunable,DTQ130X,36V DC,350mA,2700K~6500K, CRI>97,Φ83*H59mm,24°,15W,AJ/CG,ARFD1575/CT/24/W,R-41159492,IS 10322 (PART 5/SEC1):2012,5949,"Guangdong Sat Technology Co. Ltd., No. 11 Lianbao Rd, Shengfeng District, Xiaolan Town, Zhongshan City, Guangdong, China – 528400",https://wsrv.nl/?url=https%3A%2F%2Fi.ibb.co%2FVcGKKPS0%2FCastor-White.png&output=webp&q=78
Castor Tunable,DTQ130X,36V DC,350mA,2700K~6500K, CRI>97,Φ83*H59mm,24°,15W,AJ/CG,ARFD1575/CT/24/B,R-41159492,IS 10322 (PART 5/SEC1):2012,5949,"Guangdong Sat Technology Co. Ltd., No. 11 Lianbao Rd, Shengfeng District, Xiaolan Town, Zhongshan City, Guangdong, China – 528400",https://wsrv.nl/?url=https%3A%2F%2Fi.ibb.co%2FRwDmFxR%2FCastor-black.png&output=webp&q=78
Castor Tunable,DTQ130X,36V DC,350mA,2700K~6500K, CRI>97,Φ83*H59mm,36°,15W,AJ/CG,ARFD1575/CT/36/W,R-41159492,IS 10322 (PART 5/SEC1):2012,5949,"Guangdong Sat Technology Co. Ltd., No. 11 Lianbao Rd, Shengfeng District, Xiaolan Town, Zhongshan City, Guangdong, China – 528400",https://wsrv.nl/?url=https%3A%2F%2Fi.ibb.co%2FVcGKKPS0%2FCastor-White.png&output=webp&q=78
Castor Tunable,DTQ130X,36V DC,350mA,2700K~6500K, CRI>97,Φ83*H59mm,36°,15W,AJ/CG,ARFD1575/CT/36/B,R-41159492,IS 10322 (PART 5/SEC1):2012,5949,"Guangdong Sat Technology Co. Ltd., No. 11 Lianbao Rd, Shengfeng District, Xiaolan Town, Zhongshan City, Guangdong, China – 528400",https://wsrv.nl/?url=https%3A%2F%2Fi.ibb.co%2FRwDmFxR%2FCastor-black.png&output=webp&q=78
Castor Tunable,DTQ130X,36V DC,350mA,2700K~6500K, CRI>97,Φ83*H59mm,50°,15W,AJ/CG,ARFD1575/CT/50/W,R-41159492,IS 10322 (PART 5/SEC1):2012,5949,"Guangdong Sat Technology Co. Ltd., No. 11 Lianbao Rd, Shengfeng District, Xiaolan Town, Zhongshan City, Guangdong, China – 528400",https://wsrv.nl/?url=https%3A%2F%2Fi.ibb.co%2FVcGKKPS0%2FCastor-White.png&output=webp&q=78
Castor Tunable,DTQ130X,36V DC,350mA,2700K~6500K, CRI>97,Φ83*H59mm,50°,15W,AJ/CG,ARFD1575/CT/50/B,R-41159492,IS 10322 (PART 5/SEC1):2012,5949,"Guangdong Sat Technology Co. Ltd., No. 11 Lianbao Rd, Shengfeng District, Xiaolan Town, Zhongshan City, Guangdong, China – 528400",https://wsrv.nl/?url=https%3A%2F%2Fi.ibb.co%2FRwDmFxR%2FCastor-black.png&output=webp&q=78
Step Light,ARAD1501,85-265V,,3000k, CRI>97, L86*W86*H30mm,NA,1W,AJ/CG,AWSL0180/W,R-41159492,IS 10322 (PART 5/SEC1):2012,2149,"Guangdong Sat Technology Co. Ltd., No. 11 Lianbao Rd, Shengfeng District, Xiaolan Town, Zhongshan City, Guangdong, China – 528400",https://wsrv.nl/?url=https%3A%2F%2Fi.ibb.co%2FfJnv5p2%2FStep-Light-white.png&output=webp&q=78
Step Light,ARAD1501,85-265V,,3000k, CRI>97, L86*W86*H30mm,NA,1W,AJ/CG,AWSL0180/B,R-41159492,IS 10322 (PART 5/SEC1):2012,2149,"Guangdong Sat Technology Co. Ltd., No. 11 Lianbao Rd, Shengfeng District, Xiaolan Town, Zhongshan City, Guangdong, China – 528400",https://wsrv.nl/?url=https%3A%2F%2Fi.ibb.co%2FB5WtQcMy%2FStep-Light-black.png&output=webp&q=78
Step Light with Sensor,ARAD1501,85-265V,,3000k, CRI>97, L86*W86*H30mm,NA,1W,AJ/CG,AWSL0180/W/S,R-41159492,IS 10322 (PART 5/SEC1):2012,3249,"Guangdong Sat Technology Co. Ltd., No. 11 Lianbao Rd, Shengfeng District, Xiaolan Town, Zhongshan City, Guangdong, China – 528400",https://wsrv.nl/?url=https%3A%2F%2Fi.ibb.co%2F1f0F60Nx%2FStep-Light-with-Sensor-White.png&output=webp&q=78
Step Light with Sensor,ARAD1501,85-265V,,3000k, CRI>97, L86*W86*H30mm,NA,1W,AJ/CG,AWSL0180/B/S,R-41159492,IS 10322 (PART 5/SEC1):2012,3249,"Guangdong Sat Technology Co. Ltd., No. 11 Lianbao Rd, Shengfeng District, Xiaolan Town, Zhongshan City, Guangdong, China – 528400",https://wsrv.nl/?url=https%3A%2F%2Fi.ibb.co%2FbjQqn9wQ%2FStep-Light-with-Sensor-S-black.png&output=webp&q=78
Lumora,DSB120X,36V DC,250mA,2700k, CRI>97,Φ102*H79mm,40°,10W,AJ/CG,ASFD1010/27/40/B,R-41159492,IS 10322 (PART 5/SEC1):2012,10649,"Guangdong Sat Technology Co. Ltd., No. 11 Lianbao Rd, Shengfeng District, Xiaolan Town, Zhongshan City, Guangdong, China – 528400",https://wsrv.nl/?url=https%3A%2F%2Fi.ibb.co%2FLDRdcgxt%2FLumora-mat-black-default.png&output=webp&q=78
Lumora,DSB120X,36V DC,250mA,2700k, CRI>97,Φ102*H79mm,40°,10W,AJ/CG,ASFD1010/27/40/W,R-41159492,IS 10322 (PART 5/SEC1):2012,10649,"Guangdong Sat Technology Co. Ltd., No. 11 Lianbao Rd, Shengfeng District, Xiaolan Town, Zhongshan City, Guangdong, China – 528400",https://wsrv.nl/?url=https%3A%2F%2Fi.ibb.co%2Fnq3wwmFQ%2FLumora-white.png&output=webp&q=78
Lumora,DSB120X,36V DC,250mA,2700k, CRI>97,Φ102*H79mm,40°,10W,AJ/CG,ASFD1010/27/40/CG,R-41159492,IS 10322 (PART 5/SEC1):2012,11649,"Guangdong Sat Technology Co. Ltd., No. 11 Lianbao Rd, Shengfeng District, Xiaolan Town, Zhongshan City, Guangdong, China – 528400",https://wsrv.nl/?url=https%3A%2F%2Fi.ibb.co%2F1f7kfW8n%2FLumora-champeing-gold.png&output=webp&q=78
Lumora,DSB120X,36V DC,250mA,2700k, CRI>97,Φ102*H79mm,40°,10W,AJ/CG,ASFD1010/27/40/RG,R-41159492,IS 10322 (PART 5/SEC1):2012,11649,"Guangdong Sat Technology Co. Ltd., No. 11 Lianbao Rd, Shengfeng District, Xiaolan Town, Zhongshan City, Guangdong, China – 528400",https://wsrv.nl/?url=https%3A%2F%2Fi.ibb.co%2FNgVbKx29%2FLumora-rose-gold.png&output=webp&q=78
Lumora,DSB120X,36V DC,250mA,2700k, CRI>97,Φ102*H79mm,40°,10W,AJ/CG,ASFD1010/27/40/BR,R-41159492,IS 10322 (PART 5/SEC1):2012,11649,"Guangdong Sat Technology Co. Ltd., No. 11 Lianbao Rd, Shengfeng District, Xiaolan Town, Zhongshan City, Guangdong, China – 528400",https://wsrv.nl/?url=https%3A%2F%2Fi.ibb.co%2F9k0NK5ts%2FLumora-brown.png&output=webp&q=78
Lumora,DSB120X,36V DC,250mA,2700k, CRI>97,Φ102*H79mm,40°,10W,AJ/CG,ASFD1010/27/40/COF,R-41159492,IS 10322 (PART 5/SEC1):2012,11649,"Guangdong Sat Technology Co. Ltd., No. 11 Lianbao Rd, Shengfeng District, Xiaolan Town, Zhongshan City, Guangdong, China – 528400",https://wsrv.nl/?url=https%3A%2F%2Fi.ibb.co%2FxKG483JN%2FLumora-coffee.png&output=webp&q=78
Lumora,DSB120X,36V DC,250mA,2700k, CRI>97,Φ102*H79mm,40°,10W,AJ/CG,ASFD1010/27/40/DGR,R-41159492,IS 10322 (PART 5/SEC1):2012,11649,"Guangdong Sat Technology Co. Ltd., No. 11 Lianbao Rd, Shengfeng District, Xiaolan Town, Zhongshan City, Guangdong, China – 528400",https://wsrv.nl/?url=https%3A%2F%2Fi.ibb.co%2FMxMWdvb5%2FLumora-dark-gray-default.png&output=webp&q=78
Lumora,DSB120X,36V DC,250mA,2700k, CRI>97,Φ102*H79mm,40°,10W,AJ/CG,ASFD1010/27/40/BB,R-41159492,IS 10322 (PART 5/SEC1):2012,11649,"Guangdong Sat Technology Co. Ltd., No. 11 Lianbao Rd, Shengfeng District, Xiaolan Town, Zhongshan City, Guangdong, China – 528400",https://wsrv.nl/?url=https%3A%2F%2Fi.ibb.co%2FwZVxVk15%2FLumora-ballet-blue.png&output=webp&q=78
Lumora,DSB120X,36V DC,250mA,2700k, CRI>97,Φ102*H79mm,40°,10W,AJ/CG,ASFD1010/27/40/CH,R-41159492,IS 10322 (PART 5/SEC1):2012,11649,"Guangdong Sat Technology Co. Ltd., No. 11 Lianbao Rd, Shengfeng District, Xiaolan Town, Zhongshan City, Guangdong, China – 528400",https://wsrv.nl/?url=https%3A%2F%2Fi.ibb.co%2F0yzXSpQt%2FLumora-chrome.png&output=webp&q=78
Lumora,DSB120X,36V DC,250mA,2700k, CRI>97,Φ102*H79mm,40°,10W,AJ/CG,ASFD1010/27/40/CHB,R-41159492,IS 10322 (PART 5/SEC1):2012,11649,"Guangdong Sat Technology Co. Ltd., No. 11 Lianbao Rd, Shengfeng District, Xiaolan Town, Zhongshan City, Guangdong, China – 528400",https://wsrv.nl/?url=https%3A%2F%2Fi.ibb.co%2F4Zr4ddg1%2FLumora-chrome-black.png&output=webp&q=78
Lumora,DSB120X,36V DC,250mA,3000k, CRI>97,Φ102*H79mm,40°,10W,AJ/CG,ASFD1010/30/40/B,R-41159492,IS 10322 (PART 5/SEC1):2012,10649,"Guangdong Sat Technology Co. Ltd., No. 11 Lianbao Rd, Shengfeng District, Xiaolan Town, Zhongshan City, Guangdong, China – 528400",https://wsrv.nl/?url=https%3A%2F%2Fi.ibb.co%2FLDRdcgxt%2FLumora-mat-black-default.png&output=webp&q=78
Lumora,DSB120X,36V DC,250mA,3000k, CRI>97,Φ102*H79mm,40°,10W,AJ/CG,ASFD1010/30/40/W,R-41159492,IS 10322 (PART 5/SEC1):2012,10649,"Guangdong Sat Technology Co. Ltd., No. 11 Lianbao Rd, Shengfeng District, Xiaolan Town, Zhongshan City, Guangdong, China – 528400",https://wsrv.nl/?url=https%3A%2F%2Fi.ibb.co%2Fnq3wwmFQ%2FLumora-white.png&output=webp&q=78
Lumora,DSB120X,36V DC,250mA,3000k, CRI>97,Φ102*H79mm,40°,10W,AJ/CG,ASFD1010/30/40/CG,R-41159492,IS 10322 (PART 5/SEC1):2012,11649,"Guangdong Sat Technology Co. Ltd., No. 11 Lianbao Rd, Shengfeng District, Xiaolan Town, Zhongshan City, Guangdong, China – 528400",https://wsrv.nl/?url=https%3A%2F%2Fi.ibb.co%2F1f7kfW8n%2FLumora-champeing-gold.png&output=webp&q=78
Lumora,DSB120X,36V DC,250mA,3000k, CRI>97,Φ102*H79mm,40°,10W,AJ/CG,ASFD1010/30/40/RG,R-41159492,IS 10322 (PART 5/SEC1):2012,11649,"Guangdong Sat Technology Co. Ltd., No. 11 Lianbao Rd, Shengfeng District, Xiaolan Town, Zhongshan City, Guangdong, China – 528400",https://wsrv.nl/?url=https%3A%2F%2Fi.ibb.co%2FNgVbKx29%2FLumora-rose-gold.png&output=webp&q=78
Lumora,DSB120X,36V DC,250mA,3000k, CRI>97,Φ102*H79mm,40°,10W,AJ/CG,ASFD1010/30/40/BR,R-41159492,IS 10322 (PART 5/SEC1):2012,11649,"Guangdong Sat Technology Co. Ltd., No. 11 Lianbao Rd, Shengfeng District, Xiaolan Town, Zhongshan City, Guangdong, China – 528400",https://wsrv.nl/?url=https%3A%2F%2Fi.ibb.co%2F9k0NK5ts%2FLumora-brown.png&output=webp&q=78
Lumora,DSB120X,36V DC,250mA,3000k, CRI>97,Φ102*H79mm,40°,10W,AJ/CG,ASFD1010/30/40/COF,R-41159492,IS 10322 (PART 5/SEC1):2012,11649,"Guangdong Sat Technology Co. Ltd., No. 11 Lianbao Rd, Shengfeng District, Xiaolan Town, Zhongshan City, Guangdong, China – 528400",https://wsrv.nl/?url=https%3A%2F%2Fi.ibb.co%2FxKG483JN%2FLumora-coffee.png&output=webp&q=78
Lumora,DSB120X,36V DC,250mA,3000k, CRI>97,Φ102*H79mm,40°,10W,AJ/CG,ASFD1010/30/40/DGR,R-41159492,IS 10322 (PART 5/SEC1):2012,11649,"Guangdong Sat Technology Co. Ltd., No. 11 Lianbao Rd, Shengfeng District, Xiaolan Town, Zhongshan City, Guangdong, China – 528400",https://wsrv.nl/?url=https%3A%2F%2Fi.ibb.co%2FMxMWdvb5%2FLumora-dark-gray-default.png&output=webp&q=78
Lumora,DSB120X,36V DC,250mA,3000k, CRI>97,Φ102*H79mm,40°,10W,AJ/CG,ASFD1010/30/40/BB,R-41159492,IS 10322 (PART 5/SEC1):2012,11649,"Guangdong Sat Technology Co. Ltd., No. 11 Lianbao Rd, Shengfeng District, Xiaolan Town, Zhongshan City, Guangdong, China – 528400",https://wsrv.nl/?url=https%3A%2F%2Fi.ibb.co%2FwZVxVk15%2FLumora-ballet-blue.png&output=webp&q=78
Lumora,DSB120X,36V DC,250mA,3000k, CRI>97,Φ102*H79mm,40°,10W,AJ/CG,ASFD1010/30/40/CH,R-41159492,IS 10322 (PART 5/SEC1):2012,11649,"Guangdong Sat Technology Co. Ltd., No. 11 Lianbao Rd, Shengfeng District, Xiaolan Town, Zhongshan City, Guangdong, China – 528400",https://wsrv.nl/?url=https%3A%2F%2Fi.ibb.co%2F0yzXSpQt%2FLumora-chrome.png&output=webp&q=78
Lumora,DSB120X,36V DC,250mA,3000k, CRI>97,Φ102*H79mm,40°,10W,AJ/CG,ASFD1010/30/40/CHB,R-41159492,IS 10322 (PART 5/SEC1):2012,11649,"Guangdong Sat Technology Co. Ltd., No. 11 Lianbao Rd, Shengfeng District, Xiaolan Town, Zhongshan City, Guangdong, China – 528400",https://wsrv.nl/?url=https%3A%2F%2Fi.ibb.co%2F4Zr4ddg1%2FLumora-chrome-black.png&output=webp&q=78
Lumora,DSB120X,36V DC,250mA,3500k, CRI>97,Φ102*H79mm,40°,10W,AJ/CG,ASFD1010/35/40/B,R-41159492,IS 10322 (PART 5/SEC1):2012,10649,"Guangdong Sat Technology Co. Ltd., No. 11 Lianbao Rd, Shengfeng District, Xiaolan Town, Zhongshan City, Guangdong, China – 528400",https://wsrv.nl/?url=https%3A%2F%2Fi.ibb.co%2FLDRdcgxt%2FLumora-mat-black-default.png&output=webp&q=78
Lumora,DSB120X,36V DC,250mA,3500k, CRI>97,Φ102*H79mm,40°,10W,AJ/CG,ASFD1010/35/40/W,R-41159492,IS 10322 (PART 5/SEC1):2012,10649,"Guangdong Sat Technology Co. Ltd., No. 11 Lianbao Rd, Shengfeng District, Xiaolan Town, Zhongshan City, Guangdong, China – 528400",https://wsrv.nl/?url=https%3A%2F%2Fi.ibb.co%2Fnq3wwmFQ%2FLumora-white.png&output=webp&q=78
Lumora,DSB120X,36V DC,250mA,3500k, CRI>97,Φ102*H79mm,40°,10W,AJ/CG,ASFD1010/35/40/CG,R-41159492,IS 10322 (PART 5/SEC1):2012,11649,"Guangdong Sat Technology Co. Ltd., No. 11 Lianbao Rd, Shengfeng District, Xiaolan Town, Zhongshan City, Guangdong, China – 528400",https://wsrv.nl/?url=https%3A%2F%2Fi.ibb.co%2F1f7kfW8n%2FLumora-champeing-gold.png&output=webp&q=78
Lumora,DSB120X,36V DC,250mA,3500k, CRI>97,Φ102*H79mm,40°,10W,AJ/CG,ASFD1010/35/40/RG,R-41159492,IS 10322 (PART 5/SEC1):2012,11649,"Guangdong Sat Technology Co. Ltd., No. 11 Lianbao Rd, Shengfeng District, Xiaolan Town, Zhongshan City, Guangdong, China – 528400",https://wsrv.nl/?url=https%3A%2F%2Fi.ibb.co%2FNgVbKx29%2FLumora-rose-gold.png&output=webp&q=78
Lumora,DSB120X,36V DC,250mA,3500k, CRI>97,Φ102*H79mm,40°,10W,AJ/CG,ASFD1010/35/40/BR,R-41159492,IS 10322 (PART 5/SEC1):2012,11649,"Guangdong Sat Technology Co. Ltd., No. 11 Lianbao Rd, Shengfeng District, Xiaolan Town, Zhongshan City, Guangdong, China – 528400",https://wsrv.nl/?url=https%3A%2F%2Fi.ibb.co%2F9k0NK5ts%2FLumora-brown.png&output=webp&q=78
Lumora,DSB120X,36V DC,250mA,3500k, CRI>97,Φ102*H79mm,40°,10W,AJ/CG,ASFD1010/35/40/COF,R-41159492,IS 10322 (PART 5/SEC1):2012,11649,"Guangdong Sat Technology Co. Ltd., No. 11 Lianbao Rd, Shengfeng District, Xiaolan Town, Zhongshan City, Guangdong, China – 528400",https://wsrv.nl/?url=https%3A%2F%2Fi.ibb.co%2FxKG483JN%2FLumora-coffee.png&output=webp&q=78
Lumora,DSB120X,36V DC,250mA,3500k, CRI>97,Φ102*H79mm,40°,10W,AJ/CG,ASFD1010/35/40/DGR,R-41159492,IS 10322 (PART 5/SEC1):2012,11649,"Guangdong Sat Technology Co. Ltd., No. 11 Lianbao Rd, Shengfeng District, Xiaolan Town, Zhongshan City, Guangdong, China – 528400",https://wsrv.nl/?url=https%3A%2F%2Fi.ibb.co%2FMxMWdvb5%2FLumora-dark-gray-default.png&output=webp&q=78
Lumora,DSB120X,36V DC,250mA,3500k, CRI>97,Φ102*H79mm,40°,10W,AJ/CG,ASFD1010/35/40/BB,R-41159492,IS 10322 (PART 5/SEC1):2012,11649,"Guangdong Sat Technology Co. Ltd., No. 11 Lianbao Rd, Shengfeng District, Xiaolan Town, Zhongshan City, Guangdong, China – 528400",https://wsrv.nl/?url=https%3A%2F%2Fi.ibb.co%2FwZVxVk15%2FLumora-ballet-blue.png&output=webp&q=78
Lumora,DSB120X,36V DC,250mA,3500k, CRI>97,Φ102*H79mm,40°,10W,AJ/CG,ASFD1010/35/40/CH,R-41159492,IS 10322 (PART 5/SEC1):2012,11649,"Guangdong Sat Technology Co. Ltd., No. 11 Lianbao Rd, Shengfeng District, Xiaolan Town, Zhongshan City, Guangdong, China – 528400",https://wsrv.nl/?url=https%3A%2F%2Fi.ibb.co%2F0yzXSpQt%2FLumora-chrome.png&output=webp&q=78
Lumora,DSB120X,36V DC,250mA,3500k, CRI>97,Φ102*H79mm,40°,10W,AJ/CG,ASFD1010/35/40/CHB,R-41159492,IS 10322 (PART 5/SEC1):2012,11649,"Guangdong Sat Technology Co. Ltd., No. 11 Lianbao Rd, Shengfeng District, Xiaolan Town, Zhongshan City, Guangdong, China – 528400",https://wsrv.nl/?url=https%3A%2F%2Fi.ibb.co%2F4Zr4ddg1%2FLumora-chrome-black.png&output=webp&q=78
Lumora,DSB120X,36V DC,250mA,4000k, CRI>97,Φ102*H79mm,40°,10W,AJ/CG,ASFD1010/40/40/B,R-41159492,IS 10322 (PART 5/SEC1):2012,10649,"Guangdong Sat Technology Co. Ltd., No. 11 Lianbao Rd, Shengfeng District, Xiaolan Town, Zhongshan City, Guangdong, China – 528400",https://wsrv.nl/?url=https%3A%2F%2Fi.ibb.co%2FLDRdcgxt%2FLumora-mat-black-default.png&output=webp&q=78
Lumora,DSB120X,36V DC,250mA,4000k, CRI>97,Φ102*H79mm,40°,10W,AJ/CG,ASFD1010/40/40/W,R-41159492,IS 10322 (PART 5/SEC1):2012,10649,"Guangdong Sat Technology Co. Ltd., No. 11 Lianbao Rd, Shengfeng District, Xiaolan Town, Zhongshan City, Guangdong, China – 528400",https://wsrv.nl/?url=https%3A%2F%2Fi.ibb.co%2Fnq3wwmFQ%2FLumora-white.png&output=webp&q=78
Lumora,DSB120X,36V DC,250mA,4000k, CRI>97,Φ102*H79mm,40°,10W,AJ/CG,ASFD1010/40/40/CG,R-41159492,IS 10322 (PART 5/SEC1):2012,11649,"Guangdong Sat Technology Co. Ltd., No. 11 Lianbao Rd, Shengfeng District, Xiaolan Town, Zhongshan City, Guangdong, China – 528400",https://wsrv.nl/?url=https%3A%2F%2Fi.ibb.co%2F1f7kfW8n%2FLumora-champeing-gold.png&output=webp&q=78
Lumora,DSB120X,36V DC,250mA,4000k, CRI>97,Φ102*H79mm,40°,10W,AJ/CG,ASFD1010/40/40/RG,R-41159492,IS 10322 (PART 5/SEC1):2012,11649,"Guangdong Sat Technology Co. Ltd., No. 11 Lianbao Rd, Shengfeng District, Xiaolan Town, Zhongshan City, Guangdong, China – 528400",https://wsrv.nl/?url=https%3A%2F%2Fi.ibb.co%2FNgVbKx29%2FLumora-rose-gold.png&output=webp&q=78
Lumora,DSB120X,36V DC,250mA,4000k, CRI>97,Φ102*H79mm,40°,10W,AJ/CG,ASFD1010/40/40/BR,R-41159492,IS 10322 (PART 5/SEC1):2012,11649,"Guangdong Sat Technology Co. Ltd., No. 11 Lianbao Rd, Shengfeng District, Xiaolan Town, Zhongshan City, Guangdong, China – 528400",https://wsrv.nl/?url=https%3A%2F%2Fi.ibb.co%2F9k0NK5ts%2FLumora-brown.png&output=webp&q=78
Lumora,DSB120X,36V DC,250mA,4000k, CRI>97,Φ102*H79mm,40°,10W,AJ/CG,ASFD1010/40/40/COF,R-41159492,IS 10322 (PART 5/SEC1):2012,11649,"Guangdong Sat Technology Co. Ltd., No. 11 Lianbao Rd, Shengfeng District, Xiaolan Town, Zhongshan City, Guangdong, China – 528400",https://wsrv.nl/?url=https%3A%2F%2Fi.ibb.co%2FxKG483JN%2FLumora-coffee.png&output=webp&q=78
Lumora,DSB120X,36V DC,250mA,4000k, CRI>97,Φ102*H79mm,40°,10W,AJ/CG,ASFD1010/40/40/DGR,R-41159492,IS 10322 (PART 5/SEC1):2012,11649,"Guangdong Sat Technology Co. Ltd., No. 11 Lianbao Rd, Shengfeng District, Xiaolan Town, Zhongshan City, Guangdong, China – 528400",https://wsrv.nl/?url=https%3A%2F%2Fi.ibb.co%2FMxMWdvb5%2FLumora-dark-gray-default.png&output=webp&q=78
Lumora,DSB120X,36V DC,250mA,4000k, CRI>97,Φ102*H79mm,40°,10W,AJ/CG,ASFD1010/40/40/BB,R-41159492,IS 10322 (PART 5/SEC1):2012,11649,"Guangdong Sat Technology Co. Ltd., No. 11 Lianbao Rd, Shengfeng District, Xiaolan Town, Zhongshan City, Guangdong, China – 528400",https://wsrv.nl/?url=https%3A%2F%2Fi.ibb.co%2FwZVxVk15%2FLumora-ballet-blue.png&output=webp&q=78
Lumora,DSB120X,36V DC,250mA,4000k, CRI>97,Φ102*H79mm,40°,10W,AJ/CG,ASFD1010/40/40/CH,R-41159492,IS 10322 (PART 5/SEC1):2012,11649,"Guangdong Sat Technology Co. Ltd., No. 11 Lianbao Rd, Shengfeng District, Xiaolan Town, Zhongshan City, Guangdong, China – 528400",https://wsrv.nl/?url=https%3A%2F%2Fi.ibb.co%2F0yzXSpQt%2FLumora-chrome.png&output=webp&q=78
Lumora,DSB120X,36V DC,250mA,4000k, CRI>97,Φ102*H79mm,40°,10W,AJ/CG,ASFD1010/40/40/CHB,R-41159492,IS 10322 (PART 5/SEC1):2012,11649,"Guangdong Sat Technology Co. Ltd., No. 11 Lianbao Rd, Shengfeng District, Xiaolan Town, Zhongshan City, Guangdong, China – 528400",https://wsrv.nl/?url=https%3A%2F%2Fi.ibb.co%2F4Zr4ddg1%2FLumora-chrome-black.png&output=webp&q=78
Lumora,DSB120X,36V DC,250mA,5000k, CRI>97,Φ102*H79mm,40°,10W,AJ/CG,ASFD1010/50/40/B,R-41159492,IS 10322 (PART 5/SEC1):2012,10649,"Guangdong Sat Technology Co. Ltd., No. 11 Lianbao Rd, Shengfeng District, Xiaolan Town, Zhongshan City, Guangdong, China – 528400",https://wsrv.nl/?url=https%3A%2F%2Fi.ibb.co%2FLDRdcgxt%2FLumora-mat-black-default.png&output=webp&q=78
Lumora,DSB120X,36V DC,250mA,5000k, CRI>97,Φ102*H79mm,40°,10W,AJ/CG,ASFD1010/50/40/W,R-41159492,IS 10322 (PART 5/SEC1):2012,10649,"Guangdong Sat Technology Co. Ltd., No. 11 Lianbao Rd, Shengfeng District, Xiaolan Town, Zhongshan City, Guangdong, China – 528400",https://wsrv.nl/?url=https%3A%2F%2Fi.ibb.co%2Fnq3wwmFQ%2FLumora-white.png&output=webp&q=78
Lumora,DSB120X,36V DC,250mA,5000k, CRI>97,Φ102*H79mm,40°,10W,AJ/CG,ASFD1010/50/40/CG,R-41159492,IS 10322 (PART 5/SEC1):2012,11649,"Guangdong Sat Technology Co. Ltd., No. 11 Lianbao Rd, Shengfeng District, Xiaolan Town, Zhongshan City, Guangdong, China – 528400",https://wsrv.nl/?url=https%3A%2F%2Fi.ibb.co%2F1f7kfW8n%2FLumora-champeing-gold.png&output=webp&q=78
Lumora,DSB120X,36V DC,250mA,5000k, CRI>97,Φ102*H79mm,40°,10W,AJ/CG,ASFD1010/50/40/RG,R-41159492,IS 10322 (PART 5/SEC1):2012,11649,"Guangdong Sat Technology Co. Ltd., No. 11 Lianbao Rd, Shengfeng District, Xiaolan Town, Zhongshan City, Guangdong, China – 528400",https://wsrv.nl/?url=https%3A%2F%2Fi.ibb.co%2FNgVbKx29%2FLumora-rose-gold.png&output=webp&q=78
Lumora,DSB120X,36V DC,250mA,5000k, CRI>97,Φ102*H79mm,40°,10W,AJ/CG,ASFD1010/50/40/BR,R-41159492,IS 10322 (PART 5/SEC1):2012,11649,"Guangdong Sat Technology Co. Ltd., No. 11 Lianbao Rd, Shengfeng District, Xiaolan Town, Zhongshan City, Guangdong, China – 528400",https://wsrv.nl/?url=https%3A%2F%2Fi.ibb.co%2F9k0NK5ts%2FLumora-brown.png&output=webp&q=78
Lumora,DSB120X,36V DC,250mA,5000k, CRI>97,Φ102*H79mm,40°,10W,AJ/CG,ASFD1010/50/40/COF,R-41159492,IS 10322 (PART 5/SEC1):2012,11649,"Guangdong Sat Technology Co. Ltd., No. 11 Lianbao Rd, Shengfeng District, Xiaolan Town, Zhongshan City, Guangdong, China – 528400",https://wsrv.nl/?url=https%3A%2F%2Fi.ibb.co%2FxKG483JN%2FLumora-coffee.png&output=webp&q=78
Lumora,DSB120X,36V DC,250mA,5000k, CRI>97,Φ102*H79mm,40°,10W,AJ/CG,ASFD1010/50/40/DGR,R-41159492,IS 10322 (PART 5/SEC1):2012,11649,"Guangdong Sat Technology Co. Ltd., No. 11 Lianbao Rd, Shengfeng District, Xiaolan Town, Zhongshan City, Guangdong, China – 528400",https://wsrv.nl/?url=https%3A%2F%2Fi.ibb.co%2FMxMWdvb5%2FLumora-dark-gray-default.png&output=webp&q=78
Lumora,DSB120X,36V DC,250mA,5000k, CRI>97,Φ102*H79mm,40°,10W,AJ/CG,ASFD1010/50/40/BB,R-41159492,IS 10322 (PART 5/SEC1):2012,11649,"Guangdong Sat Technology Co. Ltd., No. 11 Lianbao Rd, Shengfeng District, Xiaolan Town, Zhongshan City, Guangdong, China – 528400",https://wsrv.nl/?url=https%3A%2F%2Fi.ibb.co%2FwZVxVk15%2FLumora-ballet-blue.png&output=webp&q=78
Lumora,DSB120X,36V DC,250mA,5000k, CRI>97,Φ102*H79mm,40°,10W,AJ/CG,ASFD1010/50/40/CH,R-41159492,IS 10322 (PART 5/SEC1):2012,11649,"Guangdong Sat Technology Co. Ltd., No. 11 Lianbao Rd, Shengfeng District, Xiaolan Town, Zhongshan City, Guangdong, China – 528400",https://wsrv.nl/?url=https%3A%2F%2Fi.ibb.co%2F0yzXSpQt%2FLumora-chrome.png&output=webp&q=78
Lumora,DSB120X,36V DC,250mA,5000k, CRI>97,Φ102*H79mm,40°,10W,AJ/CG,ASFD1010/50/40/CHB,R-41159492,IS 10322 (PART 5/SEC1):2012,11649,"Guangdong Sat Technology Co. Ltd., No. 11 Lianbao Rd, Shengfeng District, Xiaolan Town, Zhongshan City, Guangdong, China – 528400",https://wsrv.nl/?url=https%3A%2F%2Fi.ibb.co%2F4Zr4ddg1%2FLumora-chrome-black.png&output=webp&q=78
Lumora Tunable,DSB120X,36V DC,250mA,2700K~6500K, CRI>97,Φ102*H79mm,40°,10W,AJ/CG,ASFD1010/CT/40/B,R-41159492,IS 10322 (PART 5/SEC1):2012,11849,"Guangdong Sat Technology Co. Ltd., No. 11 Lianbao Rd, Shengfeng District, Xiaolan Town, Zhongshan City, Guangdong, China – 528400",https://wsrv.nl/?url=https%3A%2F%2Fi.ibb.co%2FLDRdcgxt%2FLumora-mat-black-default.png&output=webp&q=78
Lumora Tunable,DSB120X,36V DC,250mA,2700K~6500K, CRI>97,Φ102*H79mm,40°,10W,AJ/CG,ASFD1010/CT/40/W,R-41159492,IS 10322 (PART 5/SEC1):2012,11849,"Guangdong Sat Technology Co. Ltd., No. 11 Lianbao Rd, Shengfeng District, Xiaolan Town, Zhongshan City, Guangdong, China – 528400",https://wsrv.nl/?url=https%3A%2F%2Fi.ibb.co%2Fnq3wwmFQ%2FLumora-white.png&output=webp&q=78
Lumora Tunable,DSB120X,36V DC,250mA,2700K~6500K, CRI>97,Φ102*H79mm,40°,10W,AJ/CG,ASFD1010/CT/40/CG,R-41159492,IS 10322 (PART 5/SEC1):2012,12849,"Guangdong Sat Technology Co. Ltd., No. 11 Lianbao Rd, Shengfeng District, Xiaolan Town, Zhongshan City, Guangdong, China – 528400",https://wsrv.nl/?url=https%3A%2F%2Fi.ibb.co%2F1f7kfW8n%2FLumora-champeing-gold.png&output=webp&q=78
Lumora Tunable,DSB120X,36V DC,250mA,2700K~6500K, CRI>97,Φ102*H79mm,40°,10W,AJ/CG,ASFD1010/CT/40/RG,R-41159492,IS 10322 (PART 5/SEC1):2012,12849,"Guangdong Sat Technology Co. Ltd., No. 11 Lianbao Rd, Shengfeng District, Xiaolan Town, Zhongshan City, Guangdong, China – 528400",https://wsrv.nl/?url=https%3A%2F%2Fi.ibb.co%2FNgVbKx29%2FLumora-rose-gold.png&output=webp&q=78
Lumora Tunable,DSB120X,36V DC,250mA,2700K~6500K, CRI>97,Φ102*H79mm,40°,10W,AJ/CG,ASFD1010/CT/40/BR,R-41159492,IS 10322 (PART 5/SEC1):2012,12849,"Guangdong Sat Technology Co. Ltd., No. 11 Lianbao Rd, Shengfeng District, Xiaolan Town, Zhongshan City, Guangdong, China – 528400",https://wsrv.nl/?url=https%3A%2F%2Fi.ibb.co%2F9k0NK5ts%2FLumora-brown.png&output=webp&q=78
Lumora Tunable,DSB120X,36V DC,250mA,2700K~6500K, CRI>97,Φ102*H79mm,40°,10W,AJ/CG,ASFD1010/CT/40/COF,R-41159492,IS 10322 (PART 5/SEC1):2012,12849,"Guangdong Sat Technology Co. Ltd., No. 11 Lianbao Rd, Shengfeng District, Xiaolan Town, Zhongshan City, Guangdong, China – 528400",https://wsrv.nl/?url=https%3A%2F%2Fi.ibb.co%2FxKG483JN%2FLumora-coffee.png&output=webp&q=78
Lumora Tunable,DSB120X,36V DC,250mA,2700K~6500K, CRI>97,Φ102*H79mm,40°,10W,AJ/CG,ASFD1010/CT/40/DGR,R-41159492,IS 10322 (PART 5/SEC1):2012,12849,"Guangdong Sat Technology Co. Ltd., No. 11 Lianbao Rd, Shengfeng District, Xiaolan Town, Zhongshan City, Guangdong, China – 528400",https://wsrv.nl/?url=https%3A%2F%2Fi.ibb.co%2FMxMWdvb5%2FLumora-dark-gray-default.png&output=webp&q=78
Lumora Tunable,DSB120X,36V DC,250mA,2700K~6500K, CRI>97,Φ102*H79mm,40°,10W,AJ/CG,ASFD1010/CT/40/BB,R-41159492,IS 10322 (PART 5/SEC1):2012,12849,"Guangdong Sat Technology Co. Ltd., No. 11 Lianbao Rd, Shengfeng District, Xiaolan Town, Zhongshan City, Guangdong, China – 528400",https://wsrv.nl/?url=https%3A%2F%2Fi.ibb.co%2FwZVxVk15%2FLumora-ballet-blue.png&output=webp&q=78
Lumora Tunable,DSB120X,36V DC,250mA,2700K~6500K, CRI>97,Φ102*H79mm,40°,10W,AJ/CG,ASFD1010/CT/40/CH,R-41159492,IS 10322 (PART 5/SEC1):2012,12849,"Guangdong Sat Technology Co. Ltd., No. 11 Lianbao Rd, Shengfeng District, Xiaolan Town, Zhongshan City, Guangdong, China – 528400",https://wsrv.nl/?url=https%3A%2F%2Fi.ibb.co%2F0yzXSpQt%2FLumora-chrome.png&output=webp&q=78
Lumora Tunable,DSB120X,36V DC,250mA,2700K~6500K, CRI>97,Φ102*H79mm,40°,10W,AJ/CG,ASFD1010/CT/40/CHB,R-41159492,IS 10322 (PART 5/SEC1):2012,12849,"Guangdong Sat Technology Co. Ltd., No. 11 Lianbao Rd, Shengfeng District, Xiaolan Town, Zhongshan City, Guangdong, China – 528400",https://wsrv.nl/?url=https%3A%2F%2Fi.ibb.co%2F4Zr4ddg1%2FLumora-chrome-black.png&output=webp&q=78
Axion 7,",DSH075X",36V DC,150mA,2700k, CRI>97,Φ63*H53mm,24°,7W,AJ/CG,ARAS0755/27/24/W,R-41159492,IS 10322 (PART 5/SEC1):2012,4849,"Guangdong Sat Technology Co. Ltd., No. 11 Lianbao Rd, Shengfeng District, Xiaolan Town, Zhongshan City, Guangdong, China – 528400",https://wsrv.nl/?url=https%3A%2F%2Fi.ibb.co%2FBpXbtzT%2FAxion-12-white.png&output=webp&q=78
Axion 7,",DSH075X",36V DC,150mA,2700k, CRI>97,Φ63*H53mm,24°,7W,AJ/CG,ARAS0755/27/24/B,R-41159492,IS 10322 (PART 5/SEC1):2012,4849,"Guangdong Sat Technology Co. Ltd., No. 11 Lianbao Rd, Shengfeng District, Xiaolan Town, Zhongshan City, Guangdong, China – 528400",https://wsrv.nl/?url=https%3A%2F%2Fi.ibb.co%2FSDjR2mPq%2FAxion-12-mat-black-default.png&output=webp&q=78
Axion 7,",DSH075X",36V DC,150mA,2700k, CRI>97,Φ63*H53mm,24°,7W,AJ/CG,ARAS0755/27/24/CG,R-41159492,IS 10322 (PART 5/SEC1):2012,5849,"Guangdong Sat Technology Co. Ltd., No. 11 Lianbao Rd, Shengfeng District, Xiaolan Town, Zhongshan City, Guangdong, China – 528400",https://wsrv.nl/?url=https%3A%2F%2Fi.ibb.co%2F1JJ653Vm%2FAxion-12-champeing-gold.png&output=webp&q=78
Axion 7,",DSH075X",36V DC,150mA,2700k, CRI>97,Φ63*H53mm,24°,7W,AJ/CG,ARAS0755/27/24/RG,R-41159492,IS 10322 (PART 5/SEC1):2012,5849,"Guangdong Sat Technology Co. Ltd., No. 11 Lianbao Rd, Shengfeng District, Xiaolan Town, Zhongshan City, Guangdong, China – 528400",https://wsrv.nl/?url=https%3A%2F%2Fi.ibb.co%2FNdqf580b%2FAxion-12-rose-gold.png&output=webp&q=78
Axion 7,",DSH075X",36V DC,150mA,2700k, CRI>97,Φ63*H53mm,24°,7W,AJ/CG,ARAS0755/27/24/BR,R-41159492,IS 10322 (PART 5/SEC1):2012,5849,"Guangdong Sat Technology Co. Ltd., No. 11 Lianbao Rd, Shengfeng District, Xiaolan Town, Zhongshan City, Guangdong, China – 528400",https://wsrv.nl/?url=https%3A%2F%2Fi.ibb.co%2FHThtPv97%2FAxion-12-brown.png&output=webp&q=78
Axion 7,",DSH075X",36V DC,150mA,2700k, CRI>97,Φ63*H53mm,24°,7W,AJ/CG,ARAS0755/27/24/COF,R-41159492,IS 10322 (PART 5/SEC1):2012,5849,"Guangdong Sat Technology Co. Ltd., No. 11 Lianbao Rd, Shengfeng District, Xiaolan Town, Zhongshan City, Guangdong, China – 528400",https://wsrv.nl/?url=https%3A%2F%2Fi.ibb.co%2FFL7Jg6YM%2FAxion-12-coffee.png&output=webp&q=78
Axion 7,",DSH075X",36V DC,150mA,2700k, CRI>97,Φ63*H53mm,24°,7W,AJ/CG,ARAS0755/27/24/DGR,R-41159492,IS 10322 (PART 5/SEC1):2012,5849,"Guangdong Sat Technology Co. Ltd., No. 11 Lianbao Rd, Shengfeng District, Xiaolan Town, Zhongshan City, Guangdong, China – 528400",https://wsrv.nl/?url=https%3A%2F%2Fi.ibb.co%2F8gcGkpCR%2FAxion-12-dark-gray-default-001.png&output=webp&q=78
Axion 7,",DSH075X",36V DC,150mA,2700k, CRI>97,Φ63*H53mm,24°,7W,AJ/CG,ARAS0755/27/24/BB,R-41159492,IS 10322 (PART 5/SEC1):2012,5849,"Guangdong Sat Technology Co. Ltd., No. 11 Lianbao Rd, Shengfeng District, Xiaolan Town, Zhongshan City, Guangdong, China – 528400",https://wsrv.nl/?url=https%3A%2F%2Fi.ibb.co%2FHDvw1xTw%2FAxion-12-ballet-blue.png&output=webp&q=78
Axion 7,",DSH075X",36V DC,150mA,2700k, CRI>97,Φ63*H53mm,24°,7W,AJ/CG,ARAS0755/27/24/CH,R-41159492,IS 10322 (PART 5/SEC1):2012,5849,"Guangdong Sat Technology Co. Ltd., No. 11 Lianbao Rd, Shengfeng District, Xiaolan Town, Zhongshan City, Guangdong, China – 528400",https://wsrv.nl/?url=https%3A%2F%2Fi.ibb.co%2Fs97FXBb1%2FAxion-12-chrome.png&output=webp&q=78
Axion 7,",DSH075X",36V DC,150mA,2700k, CRI>97,Φ63*H53mm,24°,7W,AJ/CG,ARAS0755/27/24/CHB,R-41159492,IS 10322 (PART 5/SEC1):2012,5849,"Guangdong Sat Technology Co. Ltd., No. 11 Lianbao Rd, Shengfeng District, Xiaolan Town, Zhongshan City, Guangdong, China – 528400",https://wsrv.nl/?url=https%3A%2F%2Fi.ibb.co%2FGffHF8Jq%2FAxion-12-chrome-black.png&output=webp&q=78
Axion 7,",DSH075X",36V DC,150mA,3000k, CRI>97,Φ63*H53mm,24°,7W,AJ/CG,ARAS0755/30/24/W,R-41159492,IS 10322 (PART 5/SEC1):2012,4849,"Guangdong Sat Technology Co. Ltd., No. 11 Lianbao Rd, Shengfeng District, Xiaolan Town, Zhongshan City, Guangdong, China – 528400",https://wsrv.nl/?url=https%3A%2F%2Fi.ibb.co%2FBpXbtzT%2FAxion-12-white.png&output=webp&q=78
Axion 7,",DSH075X",36V DC,150mA,3000k, CRI>97,Φ63*H53mm,24°,7W,AJ/CG,ARAS0755/30/24/B,R-41159492,IS 10322 (PART 5/SEC1):2012,4849,"Guangdong Sat Technology Co. Ltd., No. 11 Lianbao Rd, Shengfeng District, Xiaolan Town, Zhongshan City, Guangdong, China – 528400",https://wsrv.nl/?url=https%3A%2F%2Fi.ibb.co%2FSDjR2mPq%2FAxion-12-mat-black-default.png&output=webp&q=78
Axion 7,",DSH075X",36V DC,150mA,3000k, CRI>97,Φ63*H53mm,24°,7W,AJ/CG,ARAS0755/30/24/CG,R-41159492,IS 10322 (PART 5/SEC1):2012,5849,"Guangdong Sat Technology Co. Ltd., No. 11 Lianbao Rd, Shengfeng District, Xiaolan Town, Zhongshan City, Guangdong, China – 528400",https://wsrv.nl/?url=https%3A%2F%2Fi.ibb.co%2F1JJ653Vm%2FAxion-12-champeing-gold.png&output=webp&q=78
Axion 7,",DSH075X",36V DC,150mA,3000k, CRI>97,Φ63*H53mm,24°,7W,AJ/CG,ARAS0755/30/24/RG,R-41159492,IS 10322 (PART 5/SEC1):2012,5849,"Guangdong Sat Technology Co. Ltd., No. 11 Lianbao Rd, Shengfeng District, Xiaolan Town, Zhongshan City, Guangdong, China – 528400",https://wsrv.nl/?url=https%3A%2F%2Fi.ibb.co%2FNdqf580b%2FAxion-12-rose-gold.png&output=webp&q=78
Axion 7,",DSH075X",36V DC,150mA,3000k, CRI>97,Φ63*H53mm,24°,7W,AJ/CG,ARAS0755/30/24/BR,R-41159492,IS 10322 (PART 5/SEC1):2012,5849,"Guangdong Sat Technology Co. Ltd., No. 11 Lianbao Rd, Shengfeng District, Xiaolan Town, Zhongshan City, Guangdong, China – 528400",https://wsrv.nl/?url=https%3A%2F%2Fi.ibb.co%2FHThtPv97%2FAxion-12-brown.png&output=webp&q=78
Axion 7,",DSH075X",36V DC,150mA,3000k, CRI>97,Φ63*H53mm,24°,7W,AJ/CG,ARAS0755/30/24/COF,R-41159492,IS 10322 (PART 5/SEC1):2012,5849,"Guangdong Sat Technology Co. Ltd., No. 11 Lianbao Rd, Shengfeng District, Xiaolan Town, Zhongshan City, Guangdong, China – 528400",https://wsrv.nl/?url=https%3A%2F%2Fi.ibb.co%2FFL7Jg6YM%2FAxion-12-coffee.png&output=webp&q=78
Axion 7,",DSH075X",36V DC,150mA,3000k, CRI>97,Φ63*H53mm,24°,7W,AJ/CG,ARAS0755/30/24/DGR,R-41159492,IS 10322 (PART 5/SEC1):2012,5849,"Guangdong Sat Technology Co. Ltd., No. 11 Lianbao Rd, Shengfeng District, Xiaolan Town, Zhongshan City, Guangdong, China – 528400",https://wsrv.nl/?url=https%3A%2F%2Fi.ibb.co%2F8gcGkpCR%2FAxion-12-dark-gray-default-001.png&output=webp&q=78
Axion 7,",DSH075X",36V DC,150mA,3000k, CRI>97,Φ63*H53mm,24°,7W,AJ/CG,ARAS0755/30/24/BB,R-41159492,IS 10322 (PART 5/SEC1):2012,5849,"Guangdong Sat Technology Co. Ltd., No. 11 Lianbao Rd, Shengfeng District, Xiaolan Town, Zhongshan City, Guangdong, China – 528400",https://wsrv.nl/?url=https%3A%2F%2Fi.ibb.co%2FHDvw1xTw%2FAxion-12-ballet-blue.png&output=webp&q=78
Axion 7,",DSH075X",36V DC,150mA,3000k, CRI>97,Φ63*H53mm,24°,7W,AJ/CG,ARAS0755/30/24/CH,R-41159492,IS 10322 (PART 5/SEC1):2012,5849,"Guangdong Sat Technology Co. Ltd., No. 11 Lianbao Rd, Shengfeng District, Xiaolan Town, Zhongshan City, Guangdong, China – 528400",https://wsrv.nl/?url=https%3A%2F%2Fi.ibb.co%2Fs97FXBb1%2FAxion-12-chrome.png&output=webp&q=78
Axion 7,",DSH075X",36V DC,150mA,3000k, CRI>97,Φ63*H53mm,24°,7W,AJ/CG,ARAS0755/30/24/CHB,R-41159492,IS 10322 (PART 5/SEC1):2012,5849,"Guangdong Sat Technology Co. Ltd., No. 11 Lianbao Rd, Shengfeng District, Xiaolan Town, Zhongshan City, Guangdong, China – 528400",https://wsrv.nl/?url=https%3A%2F%2Fi.ibb.co%2FGffHF8Jq%2FAxion-12-chrome-black.png&output=webp&q=78
Axion 7,",DSH075X",36V DC,150mA,3500k, CRI>97,Φ63*H53mm,24°,7W,AJ/CG,ARAS0755/35/24/W,R-41159492,IS 10322 (PART 5/SEC1):2012,4849,"Guangdong Sat Technology Co. Ltd., No. 11 Lianbao Rd, Shengfeng District, Xiaolan Town, Zhongshan City, Guangdong, China – 528400",https://wsrv.nl/?url=https%3A%2F%2Fi.ibb.co%2FBpXbtzT%2FAxion-12-white.png&output=webp&q=78
Axion 7,",DSH075X",36V DC,150mA,3500k, CRI>97,Φ63*H53mm,24°,7W,AJ/CG,ARAS0755/35/24/B,R-41159492,IS 10322 (PART 5/SEC1):2012,4849,"Guangdong Sat Technology Co. Ltd., No. 11 Lianbao Rd, Shengfeng District, Xiaolan Town, Zhongshan City, Guangdong, China – 528400",https://wsrv.nl/?url=https%3A%2F%2Fi.ibb.co%2FSDjR2mPq%2FAxion-12-mat-black-default.png&output=webp&q=78
Axion 7,",DSH075X",36V DC,150mA,3500k, CRI>97,Φ63*H53mm,24°,7W,AJ/CG,ARAS0755/35/24/CG,R-41159492,IS 10322 (PART 5/SEC1):2012,5849,"Guangdong Sat Technology Co. Ltd., No. 11 Lianbao Rd, Shengfeng District, Xiaolan Town, Zhongshan City, Guangdong, China – 528400",https://wsrv.nl/?url=https%3A%2F%2Fi.ibb.co%2F1JJ653Vm%2FAxion-12-champeing-gold.png&output=webp&q=78
Axion 7,",DSH075X",36V DC,150mA,3500k, CRI>97,Φ63*H53mm,24°,7W,AJ/CG,ARAS0755/35/24/RG,R-41159492,IS 10322 (PART 5/SEC1):2012,5849,"Guangdong Sat Technology Co. Ltd., No. 11 Lianbao Rd, Shengfeng District, Xiaolan Town, Zhongshan City, Guangdong, China – 528400",https://wsrv.nl/?url=https%3A%2F%2Fi.ibb.co%2FNdqf580b%2FAxion-12-rose-gold.png&output=webp&q=78
Axion 7,",DSH075X",36V DC,150mA,3500k, CRI>97,Φ63*H53mm,24°,7W,AJ/CG,ARAS0755/35/24/BR,R-41159492,IS 10322 (PART 5/SEC1):2012,5849,"Guangdong Sat Technology Co. Ltd., No. 11 Lianbao Rd, Shengfeng District, Xiaolan Town, Zhongshan City, Guangdong, China – 528400",https://wsrv.nl/?url=https%3A%2F%2Fi.ibb.co%2FHThtPv97%2FAxion-12-brown.png&output=webp&q=78
Axion 7,",DSH075X",36V DC,150mA,3500k, CRI>97,Φ63*H53mm,24°,7W,AJ/CG,ARAS0755/35/24/COF,R-41159492,IS 10322 (PART 5/SEC1):2012,5849,"Guangdong Sat Technology Co. Ltd., No. 11 Lianbao Rd, Shengfeng District, Xiaolan Town, Zhongshan City, Guangdong, China – 528400",https://wsrv.nl/?url=https%3A%2F%2Fi.ibb.co%2FFL7Jg6YM%2FAxion-12-coffee.png&output=webp&q=78
Axion 7,",DSH075X",36V DC,150mA,3500k, CRI>97,Φ63*H53mm,24°,7W,AJ/CG,ARAS0755/35/24/DGR,R-41159492,IS 10322 (PART 5/SEC1):2012,5849,"Guangdong Sat Technology Co. Ltd., No. 11 Lianbao Rd, Shengfeng District, Xiaolan Town, Zhongshan City, Guangdong, China – 528400",https://wsrv.nl/?url=https%3A%2F%2Fi.ibb.co%2F8gcGkpCR%2FAxion-12-dark-gray-default-001.png&output=webp&q=78
Axion 7,",DSH075X",36V DC,150mA,3500k, CRI>97,Φ63*H53mm,24°,7W,AJ/CG,ARAS0755/35/24/BB,R-41159492,IS 10322 (PART 5/SEC1):2012,5849,"Guangdong Sat Technology Co. Ltd., No. 11 Lianbao Rd, Shengfeng District, Xiaolan Town, Zhongshan City, Guangdong, China – 528400",https://wsrv.nl/?url=https%3A%2F%2Fi.ibb.co%2FHDvw1xTw%2FAxion-12-ballet-blue.png&output=webp&q=78
Axion 7,",DSH075X",36V DC,150mA,3500k, CRI>97,Φ63*H53mm,24°,7W,AJ/CG,ARAS0755/35/24/CH,R-41159492,IS 10322 (PART 5/SEC1):2012,5849,"Guangdong Sat Technology Co. Ltd., No. 11 Lianbao Rd, Shengfeng District, Xiaolan Town, Zhongshan City, Guangdong, China – 528400",https://wsrv.nl/?url=https%3A%2F%2Fi.ibb.co%2Fs97FXBb1%2FAxion-12-chrome.png&output=webp&q=78
Axion 7,",DSH075X",36V DC,150mA,3500k, CRI>97,Φ63*H53mm,24°,7W,AJ/CG,ARAS0755/35/24/CHB,R-41159492,IS 10322 (PART 5/SEC1):2012,5849,"Guangdong Sat Technology Co. Ltd., No. 11 Lianbao Rd, Shengfeng District, Xiaolan Town, Zhongshan City, Guangdong, China – 528400",https://wsrv.nl/?url=https%3A%2F%2Fi.ibb.co%2FGffHF8Jq%2FAxion-12-chrome-black.png&output=webp&q=78
Axion 7,",DSH075X",36V DC,150mA,4000k, CRI>97,Φ63*H53mm,24°,7W,AJ/CG,ARAS0755/40/24/W,R-41159492,IS 10322 (PART 5/SEC1):2012,4849,"Guangdong Sat Technology Co. Ltd., No. 11 Lianbao Rd, Shengfeng District, Xiaolan Town, Zhongshan City, Guangdong, China – 528400",https://wsrv.nl/?url=https%3A%2F%2Fi.ibb.co%2FBpXbtzT%2FAxion-12-white.png&output=webp&q=78
Axion 7,",DSH075X",36V DC,150mA,4000k, CRI>97,Φ63*H53mm,24°,7W,AJ/CG,ARAS0755/40/24/B,R-41159492,IS 10322 (PART 5/SEC1):2012,4849,"Guangdong Sat Technology Co. Ltd., No. 11 Lianbao Rd, Shengfeng District, Xiaolan Town, Zhongshan City, Guangdong, China – 528400",https://wsrv.nl/?url=https%3A%2F%2Fi.ibb.co%2FSDjR2mPq%2FAxion-12-mat-black-default.png&output=webp&q=78
Axion 7,",DSH075X",36V DC,150mA,4000k, CRI>97,Φ63*H53mm,24°,7W,AJ/CG,ARAS0755/40/24/CG,R-41159492,IS 10322 (PART 5/SEC1):2012,5849,"Guangdong Sat Technology Co. Ltd., No. 11 Lianbao Rd, Shengfeng District, Xiaolan Town, Zhongshan City, Guangdong, China – 528400",https://wsrv.nl/?url=https%3A%2F%2Fi.ibb.co%2F1JJ653Vm%2FAxion-12-champeing-gold.png&output=webp&q=78
Axion 7,",DSH075X",36V DC,150mA,4000k, CRI>97,Φ63*H53mm,24°,7W,AJ/CG,ARAS0755/40/24/RG,R-41159492,IS 10322 (PART 5/SEC1):2012,5849,"Guangdong Sat Technology Co. Ltd., No. 11 Lianbao Rd, Shengfeng District, Xiaolan Town, Zhongshan City, Guangdong, China – 528400",https://wsrv.nl/?url=https%3A%2F%2Fi.ibb.co%2FNdqf580b%2FAxion-12-rose-gold.png&output=webp&q=78
Axion 7,",DSH075X",36V DC,150mA,4000k, CRI>97,Φ63*H53mm,24°,7W,AJ/CG,ARAS0755/40/24/BR,R-41159492,IS 10322 (PART 5/SEC1):2012,5849,"Guangdong Sat Technology Co. Ltd., No. 11 Lianbao Rd, Shengfeng District, Xiaolan Town, Zhongshan City, Guangdong, China – 528400",https://wsrv.nl/?url=https%3A%2F%2Fi.ibb.co%2FHThtPv97%2FAxion-12-brown.png&output=webp&q=78
Axion 7,",DSH075X",36V DC,150mA,4000k, CRI>97,Φ63*H53mm,24°,7W,AJ/CG,ARAS0755/40/24/COF,R-41159492,IS 10322 (PART 5/SEC1):2012,5849,"Guangdong Sat Technology Co. Ltd., No. 11 Lianbao Rd, Shengfeng District, Xiaolan Town, Zhongshan City, Guangdong, China – 528400",https://wsrv.nl/?url=https%3A%2F%2Fi.ibb.co%2FFL7Jg6YM%2FAxion-12-coffee.png&output=webp&q=78
Axion 7,",DSH075X",36V DC,150mA,4000k, CRI>97,Φ63*H53mm,24°,7W,AJ/CG,ARAS0755/40/24/DGR,R-41159492,IS 10322 (PART 5/SEC1):2012,5849,"Guangdong Sat Technology Co. Ltd., No. 11 Lianbao Rd, Shengfeng District, Xiaolan Town, Zhongshan City, Guangdong, China – 528400",https://wsrv.nl/?url=https%3A%2F%2Fi.ibb.co%2F8gcGkpCR%2FAxion-12-dark-gray-default-001.png&output=webp&q=78
Axion 7,",DSH075X",36V DC,150mA,4000k, CRI>97,Φ63*H53mm,24°,7W,AJ/CG,ARAS0755/40/24/BB,R-41159492,IS 10322 (PART 5/SEC1):2012,5849,"Guangdong Sat Technology Co. Ltd., No. 11 Lianbao Rd, Shengfeng District, Xiaolan Town, Zhongshan City, Guangdong, China – 528400",https://wsrv.nl/?url=https%3A%2F%2Fi.ibb.co%2FHDvw1xTw%2FAxion-12-ballet-blue.png&output=webp&q=78
Axion 7,",DSH075X",36V DC,150mA,4000k, CRI>97,Φ63*H53mm,24°,7W,AJ/CG,ARAS0755/40/24/CH,R-41159492,IS 10322 (PART 5/SEC1):2012,5849,"Guangdong Sat Technology Co. Ltd., No. 11 Lianbao Rd, Shengfeng District, Xiaolan Town, Zhongshan City, Guangdong, China – 528400",https://wsrv.nl/?url=https%3A%2F%2Fi.ibb.co%2Fs97FXBb1%2FAxion-12-chrome.png&output=webp&q=78
Axion 7,",DSH075X",36V DC,150mA,4000k, CRI>97,Φ63*H53mm,24°,7W,AJ/CG,ARAS0755/40/24/CHB,R-41159492,IS 10322 (PART 5/SEC1):2012,5849,"Guangdong Sat Technology Co. Ltd., No. 11 Lianbao Rd, Shengfeng District, Xiaolan Town, Zhongshan City, Guangdong, China – 528400",https://wsrv.nl/?url=https%3A%2F%2Fi.ibb.co%2FGffHF8Jq%2FAxion-12-chrome-black.png&output=webp&q=78
Axion 7,",DSH075X",36V DC,150mA,5000k, CRI>97,Φ63*H53mm,24°,7W,AJ/CG,ARAS0755/50/24/W,R-41159492,IS 10322 (PART 5/SEC1):2012,4849,"Guangdong Sat Technology Co. Ltd., No. 11 Lianbao Rd, Shengfeng District, Xiaolan Town, Zhongshan City, Guangdong, China – 528400",https://wsrv.nl/?url=https%3A%2F%2Fi.ibb.co%2FBpXbtzT%2FAxion-12-white.png&output=webp&q=78
Axion 7,",DSH075X",36V DC,150mA,5000k, CRI>97,Φ63*H53mm,24°,7W,AJ/CG,ARAS0755/50/24/B,R-41159492,IS 10322 (PART 5/SEC1):2012,4849,"Guangdong Sat Technology Co. Ltd., No. 11 Lianbao Rd, Shengfeng District, Xiaolan Town, Zhongshan City, Guangdong, China – 528400",https://wsrv.nl/?url=https%3A%2F%2Fi.ibb.co%2FSDjR2mPq%2FAxion-12-mat-black-default.png&output=webp&q=78
Axion 7,",DSH075X",36V DC,150mA,5000k, CRI>97,Φ63*H53mm,24°,7W,AJ/CG,ARAS0755/50/24/CG,R-41159492,IS 10322 (PART 5/SEC1):2012,5849,"Guangdong Sat Technology Co. Ltd., No. 11 Lianbao Rd, Shengfeng District, Xiaolan Town, Zhongshan City, Guangdong, China – 528400",https://wsrv.nl/?url=https%3A%2F%2Fi.ibb.co%2F1JJ653Vm%2FAxion-12-champeing-gold.png&output=webp&q=78
Axion 7,",DSH075X",36V DC,150mA,5000k, CRI>97,Φ63*H53mm,24°,7W,AJ/CG,ARAS0755/50/24/RG,R-41159492,IS 10322 (PART 5/SEC1):2012,5849,"Guangdong Sat Technology Co. Ltd., No. 11 Lianbao Rd, Shengfeng District, Xiaolan Town, Zhongshan City, Guangdong, China – 528400",https://wsrv.nl/?url=https%3A%2F%2Fi.ibb.co%2FNdqf580b%2FAxion-12-rose-gold.png&output=webp&q=78
Axion 7,",DSH075X",36V DC,150mA,5000k, CRI>97,Φ63*H53mm,24°,7W,AJ/CG,ARAS0755/50/24/BR,R-41159492,IS 10322 (PART 5/SEC1):2012,5849,"Guangdong Sat Technology Co. Ltd., No. 11 Lianbao Rd, Shengfeng District, Xiaolan Town, Zhongshan City, Guangdong, China – 528400",https://wsrv.nl/?url=https%3A%2F%2Fi.ibb.co%2FHThtPv97%2FAxion-12-brown.png&output=webp&q=78
Axion 7,",DSH075X",36V DC,150mA,5000k, CRI>97,Φ63*H53mm,24°,7W,AJ/CG,ARAS0755/50/24/COF,R-41159492,IS 10322 (PART 5/SEC1):2012,5849,"Guangdong Sat Technology Co. Ltd., No. 11 Lianbao Rd, Shengfeng District, Xiaolan Town, Zhongshan City, Guangdong, China – 528400",https://wsrv.nl/?url=https%3A%2F%2Fi.ibb.co%2FFL7Jg6YM%2FAxion-12-coffee.png&output=webp&q=78
Axion 7,",DSH075X",36V DC,150mA,5000k, CRI>97,Φ63*H53mm,24°,7W,AJ/CG,ARAS0755/50/24/DGR,R-41159492,IS 10322 (PART 5/SEC1):2012,5849,"Guangdong Sat Technology Co. Ltd., No. 11 Lianbao Rd, Shengfeng District, Xiaolan Town, Zhongshan City, Guangdong, China – 528400",https://wsrv.nl/?url=https%3A%2F%2Fi.ibb.co%2F8gcGkpCR%2FAxion-12-dark-gray-default-001.png&output=webp&q=78
Axion 7,",DSH075X",36V DC,150mA,5000k, CRI>97,Φ63*H53mm,24°,7W,AJ/CG,ARAS0755/50/24/BB,R-41159492,IS 10322 (PART 5/SEC1):2012,5849,"Guangdong Sat Technology Co. Ltd., No. 11 Lianbao Rd, Shengfeng District, Xiaolan Town, Zhongshan City, Guangdong, China – 528400",https://wsrv.nl/?url=https%3A%2F%2Fi.ibb.co%2FHDvw1xTw%2FAxion-12-ballet-blue.png&output=webp&q=78
Axion 7,",DSH075X",36V DC,150mA,5000k, CRI>97,Φ63*H53mm,24°,7W,AJ/CG,ARAS0755/50/24/CH,R-41159492,IS 10322 (PART 5/SEC1):2012,5849,"Guangdong Sat Technology Co. Ltd., No. 11 Lianbao Rd, Shengfeng District, Xiaolan Town, Zhongshan City, Guangdong, China – 528400",https://wsrv.nl/?url=https%3A%2F%2Fi.ibb.co%2Fs97FXBb1%2FAxion-12-chrome.png&output=webp&q=78
Axion 7,",DSH075X",36V DC,150mA,5000k, CRI>97,Φ63*H53mm,24°,7W,AJ/CG,ARAS0755/50/24/CHB,R-41159492,IS 10322 (PART 5/SEC1):2012,5849,"Guangdong Sat Technology Co. Ltd., No. 11 Lianbao Rd, Shengfeng District, Xiaolan Town, Zhongshan City, Guangdong, China – 528400",https://wsrv.nl/?url=https%3A%2F%2Fi.ibb.co%2FGffHF8Jq%2FAxion-12-chrome-black.png&output=webp&q=78
Axion 7,",DSH075X",36V DC,150mA,2700k, CRI>97,Φ63*H53mm,36°,7W,AJ/CG,ARAS0755/27/36/W,R-41159492,IS 10322 (PART 5/SEC1):2012,4849,"Guangdong Sat Technology Co. Ltd., No. 11 Lianbao Rd, Shengfeng District, Xiaolan Town, Zhongshan City, Guangdong, China – 528400",https://wsrv.nl/?url=https%3A%2F%2Fi.ibb.co%2FBpXbtzT%2FAxion-12-white.png&output=webp&q=78
Axion 7,",DSH075X",36V DC,150mA,2700k, CRI>97,Φ63*H53mm,36°,7W,AJ/CG,ARAS0755/27/36/B,R-41159492,IS 10322 (PART 5/SEC1):2012,4849,"Guangdong Sat Technology Co. Ltd., No. 11 Lianbao Rd, Shengfeng District, Xiaolan Town, Zhongshan City, Guangdong, China – 528400",https://wsrv.nl/?url=https%3A%2F%2Fi.ibb.co%2FSDjR2mPq%2FAxion-12-mat-black-default.png&output=webp&q=78
Axion 7,",DSH075X",36V DC,150mA,2700k, CRI>97,Φ63*H53mm,36°,7W,AJ/CG,ARAS0755/27/36/CG,R-41159492,IS 10322 (PART 5/SEC1):2012,5849,"Guangdong Sat Technology Co. Ltd., No. 11 Lianbao Rd, Shengfeng District, Xiaolan Town, Zhongshan City, Guangdong, China – 528400",https://wsrv.nl/?url=https%3A%2F%2Fi.ibb.co%2F1JJ653Vm%2FAxion-12-champeing-gold.png&output=webp&q=78
Axion 7,",DSH075X",36V DC,150mA,2700k, CRI>97,Φ63*H53mm,36°,7W,AJ/CG,ARAS0755/27/36/RG,R-41159492,IS 10322 (PART 5/SEC1):2012,5849,"Guangdong Sat Technology Co. Ltd., No. 11 Lianbao Rd, Shengfeng District, Xiaolan Town, Zhongshan City, Guangdong, China – 528400",https://wsrv.nl/?url=https%3A%2F%2Fi.ibb.co%2FNdqf580b%2FAxion-12-rose-gold.png&output=webp&q=78
Axion 7,",DSH075X",36V DC,150mA,2700k, CRI>97,Φ63*H53mm,36°,7W,AJ/CG,ARAS0755/27/36/BR,R-41159492,IS 10322 (PART 5/SEC1):2012,5849,"Guangdong Sat Technology Co. Ltd., No. 11 Lianbao Rd, Shengfeng District, Xiaolan Town, Zhongshan City, Guangdong, China – 528400",https://wsrv.nl/?url=https%3A%2F%2Fi.ibb.co%2FHThtPv97%2FAxion-12-brown.png&output=webp&q=78
Axion 7,",DSH075X",36V DC,150mA,2700k, CRI>97,Φ63*H53mm,36°,7W,AJ/CG,ARAS0755/27/36/COF,R-41159492,IS 10322 (PART 5/SEC1):2012,5849,"Guangdong Sat Technology Co. Ltd., No. 11 Lianbao Rd, Shengfeng District, Xiaolan Town, Zhongshan City, Guangdong, China – 528400",https://wsrv.nl/?url=https%3A%2F%2Fi.ibb.co%2FFL7Jg6YM%2FAxion-12-coffee.png&output=webp&q=78
Axion 7,",DSH075X",36V DC,150mA,2700k, CRI>97,Φ63*H53mm,36°,7W,AJ/CG,ARAS0755/27/36/DGR,R-41159492,IS 10322 (PART 5/SEC1):2012,5849,"Guangdong Sat Technology Co. Ltd., No. 11 Lianbao Rd, Shengfeng District, Xiaolan Town, Zhongshan City, Guangdong, China – 528400",https://wsrv.nl/?url=https%3A%2F%2Fi.ibb.co%2F8gcGkpCR%2FAxion-12-dark-gray-default-001.png&output=webp&q=78
Axion 7,",DSH075X",36V DC,150mA,2700k, CRI>97,Φ63*H53mm,36°,7W,AJ/CG,ARAS0755/27/36/BB,R-41159492,IS 10322 (PART 5/SEC1):2012,5849,"Guangdong Sat Technology Co. Ltd., No. 11 Lianbao Rd, Shengfeng District, Xiaolan Town, Zhongshan City, Guangdong, China – 528400",https://wsrv.nl/?url=https%3A%2F%2Fi.ibb.co%2FHDvw1xTw%2FAxion-12-ballet-blue.png&output=webp&q=78
Axion 7,",DSH075X",36V DC,150mA,2700k, CRI>97,Φ63*H53mm,36°,7W,AJ/CG,ARAS0755/27/36/CH,R-41159492,IS 10322 (PART 5/SEC1):2012,5849,"Guangdong Sat Technology Co. Ltd., No. 11 Lianbao Rd, Shengfeng District, Xiaolan Town, Zhongshan City, Guangdong, China – 528400",https://wsrv.nl/?url=https%3A%2F%2Fi.ibb.co%2Fs97FXBb1%2FAxion-12-chrome.png&output=webp&q=78
Axion 7,",DSH075X",36V DC,150mA,2700k, CRI>97,Φ63*H53mm,36°,7W,AJ/CG,ARAS0755/27/36/CHB,R-41159492,IS 10322 (PART 5/SEC1):2012,5849,"Guangdong Sat Technology Co. Ltd., No. 11 Lianbao Rd, Shengfeng District, Xiaolan Town, Zhongshan City, Guangdong, China – 528400",https://wsrv.nl/?url=https%3A%2F%2Fi.ibb.co%2FGffHF8Jq%2FAxion-12-chrome-black.png&output=webp&q=78
Axion 7,",DSH075X",36V DC,150mA,3000k, CRI>97,Φ63*H53mm,36°,7W,AJ/CG,ARAS0755/30/36/W,R-41159492,IS 10322 (PART 5/SEC1):2012,4849,"Guangdong Sat Technology Co. Ltd., No. 11 Lianbao Rd, Shengfeng District, Xiaolan Town, Zhongshan City, Guangdong, China – 528400",https://wsrv.nl/?url=https%3A%2F%2Fi.ibb.co%2FBpXbtzT%2FAxion-12-white.png&output=webp&q=78
Axion 7,",DSH075X",36V DC,150mA,3000k, CRI>97,Φ63*H53mm,36°,7W,AJ/CG,ARAS0755/30/36/B,R-41159492,IS 10322 (PART 5/SEC1):2012,4849,"Guangdong Sat Technology Co. Ltd., No. 11 Lianbao Rd, Shengfeng District, Xiaolan Town, Zhongshan City, Guangdong, China – 528400",https://wsrv.nl/?url=https%3A%2F%2Fi.ibb.co%2FSDjR2mPq%2FAxion-12-mat-black-default.png&output=webp&q=78
Axion 7,",DSH075X",36V DC,150mA,3000k, CRI>97,Φ63*H53mm,36°,7W,AJ/CG,ARAS0755/30/36/CG,R-41159492,IS 10322 (PART 5/SEC1):2012,5849,"Guangdong Sat Technology Co. Ltd., No. 11 Lianbao Rd, Shengfeng District, Xiaolan Town, Zhongshan City, Guangdong, China – 528400",https://wsrv.nl/?url=https%3A%2F%2Fi.ibb.co%2F1JJ653Vm%2FAxion-12-champeing-gold.png&output=webp&q=78
Axion 7,",DSH075X",36V DC,150mA,3000k, CRI>97,Φ63*H53mm,36°,7W,AJ/CG,ARAS0755/30/36/RG,R-41159492,IS 10322 (PART 5/SEC1):2012,5849,"Guangdong Sat Technology Co. Ltd., No. 11 Lianbao Rd, Shengfeng District, Xiaolan Town, Zhongshan City, Guangdong, China – 528400",https://wsrv.nl/?url=https%3A%2F%2Fi.ibb.co%2FNdqf580b%2FAxion-12-rose-gold.png&output=webp&q=78
Axion 7,",DSH075X",36V DC,150mA,3000k, CRI>97,Φ63*H53mm,36°,7W,AJ/CG,ARAS0755/30/36/BR,R-41159492,IS 10322 (PART 5/SEC1):2012,5849,"Guangdong Sat Technology Co. Ltd., No. 11 Lianbao Rd, Shengfeng District, Xiaolan Town, Zhongshan City, Guangdong, China – 528400",https://wsrv.nl/?url=https%3A%2F%2Fi.ibb.co%2FHThtPv97%2FAxion-12-brown.png&output=webp&q=78
Axion 7,",DSH075X",36V DC,150mA,3000k, CRI>97,Φ63*H53mm,36°,7W,AJ/CG,ARAS0755/30/36/COF,R-41159492,IS 10322 (PART 5/SEC1):2012,5849,"Guangdong Sat Technology Co. Ltd., No. 11 Lianbao Rd, Shengfeng District, Xiaolan Town, Zhongshan City, Guangdong, China – 528400",https://wsrv.nl/?url=https%3A%2F%2Fi.ibb.co%2FFL7Jg6YM%2FAxion-12-coffee.png&output=webp&q=78
Axion 7,",DSH075X",36V DC,150mA,3000k, CRI>97,Φ63*H53mm,36°,7W,AJ/CG,ARAS0755/30/36/DGR,R-41159492,IS 10322 (PART 5/SEC1):2012,5849,"Guangdong Sat Technology Co. Ltd., No. 11 Lianbao Rd, Shengfeng District, Xiaolan Town, Zhongshan City, Guangdong, China – 528400",https://wsrv.nl/?url=https%3A%2F%2Fi.ibb.co%2F8gcGkpCR%2FAxion-12-dark-gray-default-001.png&output=webp&q=78
Axion 7,",DSH075X",36V DC,150mA,3000k, CRI>97,Φ63*H53mm,36°,7W,AJ/CG,ARAS0755/30/36/BB,R-41159492,IS 10322 (PART 5/SEC1):2012,5849,"Guangdong Sat Technology Co. Ltd., No. 11 Lianbao Rd, Shengfeng District, Xiaolan Town, Zhongshan City, Guangdong, China – 528400",https://wsrv.nl/?url=https%3A%2F%2Fi.ibb.co%2FHDvw1xTw%2FAxion-12-ballet-blue.png&output=webp&q=78
Axion 7,",DSH075X",36V DC,150mA,3000k, CRI>97,Φ63*H53mm,36°,7W,AJ/CG,ARAS0755/30/36/CH,R-41159492,IS 10322 (PART 5/SEC1):2012,5849,"Guangdong Sat Technology Co. Ltd., No. 11 Lianbao Rd, Shengfeng District, Xiaolan Town, Zhongshan City, Guangdong, China – 528400",https://wsrv.nl/?url=https%3A%2F%2Fi.ibb.co%2Fs97FXBb1%2FAxion-12-chrome.png&output=webp&q=78
Axion 7,",DSH075X",36V DC,150mA,3000k, CRI>97,Φ63*H53mm,36°,7W,AJ/CG,ARAS0755/30/36/CHB,R-41159492,IS 10322 (PART 5/SEC1):2012,5849,"Guangdong Sat Technology Co. Ltd., No. 11 Lianbao Rd, Shengfeng District, Xiaolan Town, Zhongshan City, Guangdong, China – 528400",https://wsrv.nl/?url=https%3A%2F%2Fi.ibb.co%2FGffHF8Jq%2FAxion-12-chrome-black.png&output=webp&q=78
Axion 7,",DSH075X",36V DC,150mA,3500k, CRI>97,Φ63*H53mm,36°,7W,AJ/CG,ARAS0755/35/36/W,R-41159492,IS 10322 (PART 5/SEC1):2012,4849,"Guangdong Sat Technology Co. Ltd., No. 11 Lianbao Rd, Shengfeng District, Xiaolan Town, Zhongshan City, Guangdong, China – 528400",https://wsrv.nl/?url=https%3A%2F%2Fi.ibb.co%2FBpXbtzT%2FAxion-12-white.png&output=webp&q=78
Axion 7,",DSH075X",36V DC,150mA,3500k, CRI>97,Φ63*H53mm,36°,7W,AJ/CG,ARAS0755/35/36/B,R-41159492,IS 10322 (PART 5/SEC1):2012,4849,"Guangdong Sat Technology Co. Ltd., No. 11 Lianbao Rd, Shengfeng District, Xiaolan Town, Zhongshan City, Guangdong, China – 528400",https://wsrv.nl/?url=https%3A%2F%2Fi.ibb.co%2FSDjR2mPq%2FAxion-12-mat-black-default.png&output=webp&q=78
Axion 7,",DSH075X",36V DC,150mA,3500k, CRI>97,Φ63*H53mm,36°,7W,AJ/CG,ARAS0755/35/36/CG,R-41159492,IS 10322 (PART 5/SEC1):2012,5849,"Guangdong Sat Technology Co. Ltd., No. 11 Lianbao Rd, Shengfeng District, Xiaolan Town, Zhongshan City, Guangdong, China – 528400",https://wsrv.nl/?url=https%3A%2F%2Fi.ibb.co%2F1JJ653Vm%2FAxion-12-champeing-gold.png&output=webp&q=78
Axion 7,",DSH075X",36V DC,150mA,3500k, CRI>97,Φ63*H53mm,36°,7W,AJ/CG,ARAS0755/35/36/RG,R-41159492,IS 10322 (PART 5/SEC1):2012,5849,"Guangdong Sat Technology Co. Ltd., No. 11 Lianbao Rd, Shengfeng District, Xiaolan Town, Zhongshan City, Guangdong, China – 528400",https://wsrv.nl/?url=https%3A%2F%2Fi.ibb.co%2FNdqf580b%2FAxion-12-rose-gold.png&output=webp&q=78
Axion 7,",DSH075X",36V DC,150mA,3500k, CRI>97,Φ63*H53mm,36°,7W,AJ/CG,ARAS0755/35/36/BR,R-41159492,IS 10322 (PART 5/SEC1):2012,5849,"Guangdong Sat Technology Co. Ltd., No. 11 Lianbao Rd, Shengfeng District, Xiaolan Town, Zhongshan City, Guangdong, China – 528400",https://wsrv.nl/?url=https%3A%2F%2Fi.ibb.co%2FHThtPv97%2FAxion-12-brown.png&output=webp&q=78
Axion 7,",DSH075X",36V DC,150mA,3500k, CRI>97,Φ63*H53mm,36°,7W,AJ/CG,ARAS0755/35/36/COF,R-41159492,IS 10322 (PART 5/SEC1):2012,5849,"Guangdong Sat Technology Co. Ltd., No. 11 Lianbao Rd, Shengfeng District, Xiaolan Town, Zhongshan City, Guangdong, China – 528400",https://wsrv.nl/?url=https%3A%2F%2Fi.ibb.co%2FFL7Jg6YM%2FAxion-12-coffee.png&output=webp&q=78
Axion 7,",DSH075X",36V DC,150mA,3500k, CRI>97,Φ63*H53mm,36°,7W,AJ/CG,ARAS0755/35/36/DGR,R-41159492,IS 10322 (PART 5/SEC1):2012,5849,"Guangdong Sat Technology Co. Ltd., No. 11 Lianbao Rd, Shengfeng District, Xiaolan Town, Zhongshan City, Guangdong, China – 528400",https://wsrv.nl/?url=https%3A%2F%2Fi.ibb.co%2F8gcGkpCR%2FAxion-12-dark-gray-default-001.png&output=webp&q=78
Axion 7,",DSH075X",36V DC,150mA,3500k, CRI>97,Φ63*H53mm,36°,7W,AJ/CG,ARAS0755/35/36/BB,R-41159492,IS 10322 (PART 5/SEC1):2012,5849,"Guangdong Sat Technology Co. Ltd., No. 11 Lianbao Rd, Shengfeng District, Xiaolan Town, Zhongshan City, Guangdong, China – 528400",https://wsrv.nl/?url=https%3A%2F%2Fi.ibb.co%2FHDvw1xTw%2FAxion-12-ballet-blue.png&output=webp&q=78
Axion 7,",DSH075X",36V DC,150mA,3500k, CRI>97,Φ63*H53mm,36°,7W,AJ/CG,ARAS0755/35/36/CH,R-41159492,IS 10322 (PART 5/SEC1):2012,5849,"Guangdong Sat Technology Co. Ltd., No. 11 Lianbao Rd, Shengfeng District, Xiaolan Town, Zhongshan City, Guangdong, China – 528400",https://wsrv.nl/?url=https%3A%2F%2Fi.ibb.co%2Fs97FXBb1%2FAxion-12-chrome.png&output=webp&q=78
Axion 7,",DSH075X",36V DC,150mA,3500k, CRI>97,Φ63*H53mm,36°,7W,AJ/CG,ARAS0755/35/36/CHB,R-41159492,IS 10322 (PART 5/SEC1):2012,5849,"Guangdong Sat Technology Co. Ltd., No. 11 Lianbao Rd, Shengfeng District, Xiaolan Town, Zhongshan City, Guangdong, China – 528400",https://wsrv.nl/?url=https%3A%2F%2Fi.ibb.co%2FGffHF8Jq%2FAxion-12-chrome-black.png&output=webp&q=78
Axion 7,",DSH075X",36V DC,150mA,4000k, CRI>97,Φ63*H53mm,36°,7W,AJ/CG,ARAS0755/40/36/W,R-41159492,IS 10322 (PART 5/SEC1):2012,4849,"Guangdong Sat Technology Co. Ltd., No. 11 Lianbao Rd, Shengfeng District, Xiaolan Town, Zhongshan City, Guangdong, China – 528400",https://wsrv.nl/?url=https%3A%2F%2Fi.ibb.co%2FBpXbtzT%2FAxion-12-white.png&output=webp&q=78
Axion 7,",DSH075X",36V DC,150mA,4000k, CRI>97,Φ63*H53mm,36°,7W,AJ/CG,ARAS0755/40/36/B,R-41159492,IS 10322 (PART 5/SEC1):2012,4849,"Guangdong Sat Technology Co. Ltd., No. 11 Lianbao Rd, Shengfeng District, Xiaolan Town, Zhongshan City, Guangdong, China – 528400",https://wsrv.nl/?url=https%3A%2F%2Fi.ibb.co%2FSDjR2mPq%2FAxion-12-mat-black-default.png&output=webp&q=78
Axion 7,",DSH075X",36V DC,150mA,4000k, CRI>97,Φ63*H53mm,36°,7W,AJ/CG,ARAS0755/40/36/CG,R-41159492,IS 10322 (PART 5/SEC1):2012,5849,"Guangdong Sat Technology Co. Ltd., No. 11 Lianbao Rd, Shengfeng District, Xiaolan Town, Zhongshan City, Guangdong, China – 528400",https://wsrv.nl/?url=https%3A%2F%2Fi.ibb.co%2F1JJ653Vm%2FAxion-12-champeing-gold.png&output=webp&q=78
Axion 7,",DSH075X",36V DC,150mA,4000k, CRI>97,Φ63*H53mm,36°,7W,AJ/CG,ARAS0755/40/36/RG,R-41159492,IS 10322 (PART 5/SEC1):2012,5849,"Guangdong Sat Technology Co. Ltd., No. 11 Lianbao Rd, Shengfeng District, Xiaolan Town, Zhongshan City, Guangdong, China – 528400",https://wsrv.nl/?url=https%3A%2F%2Fi.ibb.co%2FNdqf580b%2FAxion-12-rose-gold.png&output=webp&q=78
Axion 7,",DSH075X",36V DC,150mA,4000k, CRI>97,Φ63*H53mm,36°,7W,AJ/CG,ARAS0755/40/36/BR,R-41159492,IS 10322 (PART 5/SEC1):2012,5849,"Guangdong Sat Technology Co. Ltd., No. 11 Lianbao Rd, Shengfeng District, Xiaolan Town, Zhongshan City, Guangdong, China – 528400",https://wsrv.nl/?url=https%3A%2F%2Fi.ibb.co%2FHThtPv97%2FAxion-12-brown.png&output=webp&q=78
Axion 7,",DSH075X",36V DC,150mA,4000k, CRI>97,Φ63*H53mm,36°,7W,AJ/CG,ARAS0755/40/36/COF,R-41159492,IS 10322 (PART 5/SEC1):2012,5849,"Guangdong Sat Technology Co. Ltd., No. 11 Lianbao Rd, Shengfeng District, Xiaolan Town, Zhongshan City, Guangdong, China – 528400",https://wsrv.nl/?url=https%3A%2F%2Fi.ibb.co%2FFL7Jg6YM%2FAxion-12-coffee.png&output=webp&q=78
Axion 7,",DSH075X",36V DC,150mA,4000k, CRI>97,Φ63*H53mm,36°,7W,AJ/CG,ARAS0755/40/36/DGR,R-41159492,IS 10322 (PART 5/SEC1):2012,5849,"Guangdong Sat Technology Co. Ltd., No. 11 Lianbao Rd, Shengfeng District, Xiaolan Town, Zhongshan City, Guangdong, China – 528400",https://wsrv.nl/?url=https%3A%2F%2Fi.ibb.co%2F8gcGkpCR%2FAxion-12-dark-gray-default-001.png&output=webp&q=78
Axion 7,",DSH075X",36V DC,150mA,4000k, CRI>97,Φ63*H53mm,36°,7W,AJ/CG,ARAS0755/40/36/BB,R-41159492,IS 10322 (PART 5/SEC1):2012,5849,"Guangdong Sat Technology Co. Ltd., No. 11 Lianbao Rd, Shengfeng District, Xiaolan Town, Zhongshan City, Guangdong, China – 528400",https://wsrv.nl/?url=https%3A%2F%2Fi.ibb.co%2FHDvw1xTw%2FAxion-12-ballet-blue.png&output=webp&q=78
Axion 7,",DSH075X",36V DC,150mA,4000k, CRI>97,Φ63*H53mm,36°,7W,AJ/CG,ARAS0755/40/36/CH,R-41159492,IS 10322 (PART 5/SEC1):2012,5849,"Guangdong Sat Technology Co. Ltd., No. 11 Lianbao Rd, Shengfeng District, Xiaolan Town, Zhongshan City, Guangdong, China – 528400",https://wsrv.nl/?url=https%3A%2F%2Fi.ibb.co%2Fs97FXBb1%2FAxion-12-chrome.png&output=webp&q=78
Axion 7,",DSH075X",36V DC,150mA,4000k, CRI>97,Φ63*H53mm,36°,7W,AJ/CG,ARAS0755/40/36/CHB,R-41159492,IS 10322 (PART 5/SEC1):2012,5849,"Guangdong Sat Technology Co. Ltd., No. 11 Lianbao Rd, Shengfeng District, Xiaolan Town, Zhongshan City, Guangdong, China – 528400",https://wsrv.nl/?url=https%3A%2F%2Fi.ibb.co%2FGffHF8Jq%2FAxion-12-chrome-black.png&output=webp&q=78
Axion 7,",DSH075X",36V DC,150mA,5000k, CRI>97,Φ63*H53mm,36°,7W,AJ/CG,ARAS0755/50/36/W,R-41159492,IS 10322 (PART 5/SEC1):2012,4849,"Guangdong Sat Technology Co. Ltd., No. 11 Lianbao Rd, Shengfeng District, Xiaolan Town, Zhongshan City, Guangdong, China – 528400",https://wsrv.nl/?url=https%3A%2F%2Fi.ibb.co%2FBpXbtzT%2FAxion-12-white.png&output=webp&q=78
Axion 7,",DSH075X",36V DC,150mA,5000k, CRI>97,Φ63*H53mm,36°,7W,AJ/CG,ARAS0755/50/36/B,R-41159492,IS 10322 (PART 5/SEC1):2012,4849,"Guangdong Sat Technology Co. Ltd., No. 11 Lianbao Rd, Shengfeng District, Xiaolan Town, Zhongshan City, Guangdong, China – 528400",https://wsrv.nl/?url=https%3A%2F%2Fi.ibb.co%2FSDjR2mPq%2FAxion-12-mat-black-default.png&output=webp&q=78
Axion 7,",DSH075X",36V DC,150mA,5000k, CRI>97,Φ63*H53mm,36°,7W,AJ/CG,ARAS0755/50/36/CG,R-41159492,IS 10322 (PART 5/SEC1):2012,5849,"Guangdong Sat Technology Co. Ltd., No. 11 Lianbao Rd, Shengfeng District, Xiaolan Town, Zhongshan City, Guangdong, China – 528400",https://wsrv.nl/?url=https%3A%2F%2Fi.ibb.co%2F1JJ653Vm%2FAxion-12-champeing-gold.png&output=webp&q=78
Axion 7,",DSH075X",36V DC,150mA,5000k, CRI>97,Φ63*H53mm,36°,7W,AJ/CG,ARAS0755/50/36/RG,R-41159492,IS 10322 (PART 5/SEC1):2012,5849,"Guangdong Sat Technology Co. Ltd., No. 11 Lianbao Rd, Shengfeng District, Xiaolan Town, Zhongshan City, Guangdong, China – 528400",https://wsrv.nl/?url=https%3A%2F%2Fi.ibb.co%2FNdqf580b%2FAxion-12-rose-gold.png&output=webp&q=78
Axion 7,",DSH075X",36V DC,150mA,5000k, CRI>97,Φ63*H53mm,36°,7W,AJ/CG,ARAS0755/50/36/BR,R-41159492,IS 10322 (PART 5/SEC1):2012,5849,"Guangdong Sat Technology Co. Ltd., No. 11 Lianbao Rd, Shengfeng District, Xiaolan Town, Zhongshan City, Guangdong, China – 528400",https://wsrv.nl/?url=https%3A%2F%2Fi.ibb.co%2FHThtPv97%2FAxion-12-brown.png&output=webp&q=78
Axion 7,",DSH075X",36V DC,150mA,5000k, CRI>97,Φ63*H53mm,36°,7W,AJ/CG,ARAS0755/50/36/COF,R-41159492,IS 10322 (PART 5/SEC1):2012,5849,"Guangdong Sat Technology Co. Ltd., No. 11 Lianbao Rd, Shengfeng District, Xiaolan Town, Zhongshan City, Guangdong, China – 528400",https://wsrv.nl/?url=https%3A%2F%2Fi.ibb.co%2FFL7Jg6YM%2FAxion-12-coffee.png&output=webp&q=78
Axion 7,",DSH075X",36V DC,150mA,5000k, CRI>97,Φ63*H53mm,36°,7W,AJ/CG,ARAS0755/50/36/DGR,R-41159492,IS 10322 (PART 5/SEC1):2012,5849,"Guangdong Sat Technology Co. Ltd., No. 11 Lianbao Rd, Shengfeng District, Xiaolan Town, Zhongshan City, Guangdong, China – 528400",https://wsrv.nl/?url=https%3A%2F%2Fi.ibb.co%2F8gcGkpCR%2FAxion-12-dark-gray-default-001.png&output=webp&q=78
Axion 7,",DSH075X",36V DC,150mA,5000k, CRI>97,Φ63*H53mm,36°,7W,AJ/CG,ARAS0755/50/36/BB,R-41159492,IS 10322 (PART 5/SEC1):2012,5849,"Guangdong Sat Technology Co. Ltd., No. 11 Lianbao Rd, Shengfeng District, Xiaolan Town, Zhongshan City, Guangdong, China – 528400",https://wsrv.nl/?url=https%3A%2F%2Fi.ibb.co%2FHDvw1xTw%2FAxion-12-ballet-blue.png&output=webp&q=78
Axion 7,",DSH075X",36V DC,150mA,5000k, CRI>97,Φ63*H53mm,36°,7W,AJ/CG,ARAS0755/50/36/CH,R-41159492,IS 10322 (PART 5/SEC1):2012,5849,"Guangdong Sat Technology Co. Ltd., No. 11 Lianbao Rd, Shengfeng District, Xiaolan Town, Zhongshan City, Guangdong, China – 528400",https://wsrv.nl/?url=https%3A%2F%2Fi.ibb.co%2Fs97FXBb1%2FAxion-12-chrome.png&output=webp&q=78
Axion 7,",DSH075X",36V DC,150mA,5000k, CRI>97,Φ63*H53mm,36°,7W,AJ/CG,ARAS0755/50/36/CHB,R-41159492,IS 10322 (PART 5/SEC1):2012,5849,"Guangdong Sat Technology Co. Ltd., No. 11 Lianbao Rd, Shengfeng District, Xiaolan Town, Zhongshan City, Guangdong, China – 528400",https://wsrv.nl/?url=https%3A%2F%2Fi.ibb.co%2FGffHF8Jq%2FAxion-12-chrome-black.png&output=webp&q=78
Axion 7 Tunable,",DSH075X",36V DC,150mA,2700K~6500K, CRI>97,Φ63*H53mm,24°,7W,AJ/CG,ARAS0755/CT/24/W,R-41159492,IS 10322 (PART 5/SEC1):2012,6049,"Guangdong Sat Technology Co. Ltd., No. 11 Lianbao Rd, Shengfeng District, Xiaolan Town, Zhongshan City, Guangdong, China – 528400",https://wsrv.nl/?url=https%3A%2F%2Fi.ibb.co%2FBpXbtzT%2FAxion-12-white.png&output=webp&q=78
Axion 7 Tunable,",DSH075X",36V DC,150mA,2700K~6500K, CRI>97,Φ63*H53mm,24°,7W,AJ/CG,ARAS0755/CT/24/B,R-41159492,IS 10322 (PART 5/SEC1):2012,6049,"Guangdong Sat Technology Co. Ltd., No. 11 Lianbao Rd, Shengfeng District, Xiaolan Town, Zhongshan City, Guangdong, China – 528400",https://wsrv.nl/?url=https%3A%2F%2Fi.ibb.co%2FSDjR2mPq%2FAxion-12-mat-black-default.png&output=webp&q=78
Axion 7 Tunable,",DSH075X",36V DC,150mA,2700K~6500K, CRI>97,Φ63*H53mm,24°,7W,AJ/CG,ARAS0755/CT/24/CG,R-41159492,IS 10322 (PART 5/SEC1):2012,7049,"Guangdong Sat Technology Co. Ltd., No. 11 Lianbao Rd, Shengfeng District, Xiaolan Town, Zhongshan City, Guangdong, China – 528400",https://wsrv.nl/?url=https%3A%2F%2Fi.ibb.co%2F1JJ653Vm%2FAxion-12-champeing-gold.png&output=webp&q=78
Axion 7 Tunable,",DSH075X",36V DC,150mA,2700K~6500K, CRI>97,Φ63*H53mm,24°,7W,AJ/CG,ARAS0755/CT/24/RG,R-41159492,IS 10322 (PART 5/SEC1):2012,7049,"Guangdong Sat Technology Co. Ltd., No. 11 Lianbao Rd, Shengfeng District, Xiaolan Town, Zhongshan City, Guangdong, China – 528400",https://wsrv.nl/?url=https%3A%2F%2Fi.ibb.co%2FNdqf580b%2FAxion-12-rose-gold.png&output=webp&q=78
Axion 7 Tunable,",DSH075X",36V DC,150mA,2700K~6500K, CRI>97,Φ63*H53mm,24°,7W,AJ/CG,ARAS0755/CT/24/BR,R-41159492,IS 10322 (PART 5/SEC1):2012,7049,"Guangdong Sat Technology Co. Ltd., No. 11 Lianbao Rd, Shengfeng District, Xiaolan Town, Zhongshan City, Guangdong, China – 528400",https://wsrv.nl/?url=https%3A%2F%2Fi.ibb.co%2FHThtPv97%2FAxion-12-brown.png&output=webp&q=78
Axion 7 Tunable,",DSH075X",36V DC,150mA,2700K~6500K, CRI>97,Φ63*H53mm,24°,7W,AJ/CG,ARAS0755/CT/24/COF,R-41159492,IS 10322 (PART 5/SEC1):2012,7049,"Guangdong Sat Technology Co. Ltd., No. 11 Lianbao Rd, Shengfeng District, Xiaolan Town, Zhongshan City, Guangdong, China – 528400",https://wsrv.nl/?url=https%3A%2F%2Fi.ibb.co%2FFL7Jg6YM%2FAxion-12-coffee.png&output=webp&q=78
Axion 7 Tunable,",DSH075X",36V DC,150mA,2700K~6500K, CRI>97,Φ63*H53mm,24°,7W,AJ/CG,ARAS0755/CT/24/DGR,R-41159492,IS 10322 (PART 5/SEC1):2012,7049,"Guangdong Sat Technology Co. Ltd., No. 11 Lianbao Rd, Shengfeng District, Xiaolan Town, Zhongshan City, Guangdong, China – 528400",https://wsrv.nl/?url=https%3A%2F%2Fi.ibb.co%2F8gcGkpCR%2FAxion-12-dark-gray-default-001.png&output=webp&q=78
Axion 7 Tunable,",DSH075X",36V DC,150mA,2700K~6500K, CRI>97,Φ63*H53mm,24°,7W,AJ/CG,ARAS0755/CT/24/BB,R-41159492,IS 10322 (PART 5/SEC1):2012,7049,"Guangdong Sat Technology Co. Ltd., No. 11 Lianbao Rd, Shengfeng District, Xiaolan Town, Zhongshan City, Guangdong, China – 528400",https://wsrv.nl/?url=https%3A%2F%2Fi.ibb.co%2FHDvw1xTw%2FAxion-12-ballet-blue.png&output=webp&q=78
Axion 7 Tunable,",DSH075X",36V DC,150mA,2700K~6500K, CRI>97,Φ63*H53mm,24°,7W,AJ/CG,ARAS0755/CT/24/CH,R-41159492,IS 10322 (PART 5/SEC1):2012,7049,"Guangdong Sat Technology Co. Ltd., No. 11 Lianbao Rd, Shengfeng District, Xiaolan Town, Zhongshan City, Guangdong, China – 528400",https://wsrv.nl/?url=https%3A%2F%2Fi.ibb.co%2Fs97FXBb1%2FAxion-12-chrome.png&output=webp&q=78
Axion 7 Tunable,",DSH075X",36V DC,150mA,2700K~6500K, CRI>97,Φ63*H53mm,24°,7W,AJ/CG,ARAS0755/CT/24/CHB,R-41159492,IS 10322 (PART 5/SEC1):2012,7049,"Guangdong Sat Technology Co. Ltd., No. 11 Lianbao Rd, Shengfeng District, Xiaolan Town, Zhongshan City, Guangdong, China – 528400",https://wsrv.nl/?url=https%3A%2F%2Fi.ibb.co%2FGffHF8Jq%2FAxion-12-chrome-black.png&output=webp&q=78
Axion 7 Tunable,",DSH075X",36V DC,150mA,2700K~6500K, CRI>97,Φ63*H53mm,36°,7W,AJ/CG,ARAS0755/CT/36/W,R-41159492,IS 10322 (PART 5/SEC1):2012,6049,"Guangdong Sat Technology Co. Ltd., No. 11 Lianbao Rd, Shengfeng District, Xiaolan Town, Zhongshan City, Guangdong, China – 528400",https://wsrv.nl/?url=https%3A%2F%2Fi.ibb.co%2FBpXbtzT%2FAxion-12-white.png&output=webp&q=78
Axion 7 Tunable,",DSH075X",36V DC,150mA,2700K~6500K, CRI>97,Φ63*H53mm,36°,7W,AJ/CG,ARAS0755/CT/36/B,R-41159492,IS 10322 (PART 5/SEC1):2012,6049,"Guangdong Sat Technology Co. Ltd., No. 11 Lianbao Rd, Shengfeng District, Xiaolan Town, Zhongshan City, Guangdong, China – 528400",https://wsrv.nl/?url=https%3A%2F%2Fi.ibb.co%2FSDjR2mPq%2FAxion-12-mat-black-default.png&output=webp&q=78
Axion 7 Tunable,",DSH075X",36V DC,150mA,2700K~6500K, CRI>97,Φ63*H53mm,36°,7W,AJ/CG,ARAS0755/CT/36/CG,R-41159492,IS 10322 (PART 5/SEC1):2012,7049,"Guangdong Sat Technology Co. Ltd., No. 11 Lianbao Rd, Shengfeng District, Xiaolan Town, Zhongshan City, Guangdong, China – 528400",https://wsrv.nl/?url=https%3A%2F%2Fi.ibb.co%2F1JJ653Vm%2FAxion-12-champeing-gold.png&output=webp&q=78
Axion 7 Tunable,",DSH075X",36V DC,150mA,2700K~6500K, CRI>97,Φ63*H53mm,36°,7W,AJ/CG,ARAS0755/CT/36/RG,R-41159492,IS 10322 (PART 5/SEC1):2012,7049,"Guangdong Sat Technology Co. Ltd., No. 11 Lianbao Rd, Shengfeng District, Xiaolan Town, Zhongshan City, Guangdong, China – 528400",https://wsrv.nl/?url=https%3A%2F%2Fi.ibb.co%2FNdqf580b%2FAxion-12-rose-gold.png&output=webp&q=78
Axion 7 Tunable,",DSH075X",36V DC,150mA,2700K~6500K, CRI>97,Φ63*H53mm,36°,7W,AJ/CG,ARAS0755/CT/36/BR,R-41159492,IS 10322 (PART 5/SEC1):2012,7049,"Guangdong Sat Technology Co. Ltd., No. 11 Lianbao Rd, Shengfeng District, Xiaolan Town, Zhongshan City, Guangdong, China – 528400",https://wsrv.nl/?url=https%3A%2F%2Fi.ibb.co%2FHThtPv97%2FAxion-12-brown.png&output=webp&q=78
Axion 7 Tunable,",DSH075X",36V DC,150mA,2700K~6500K, CRI>97,Φ63*H53mm,36°,7W,AJ/CG,ARAS0755/CT/36/COF,R-41159492,IS 10322 (PART 5/SEC1):2012,7049,"Guangdong Sat Technology Co. Ltd., No. 11 Lianbao Rd, Shengfeng District, Xiaolan Town, Zhongshan City, Guangdong, China – 528400",https://wsrv.nl/?url=https%3A%2F%2Fi.ibb.co%2FFL7Jg6YM%2FAxion-12-coffee.png&output=webp&q=78
Axion 7 Tunable,",DSH075X",36V DC,150mA,2700K~6500K, CRI>97,Φ63*H53mm,36°,7W,AJ/CG,ARAS0755/CT/36/DGR,R-41159492,IS 10322 (PART 5/SEC1):2012,7049,"Guangdong Sat Technology Co. Ltd., No. 11 Lianbao Rd, Shengfeng District, Xiaolan Town, Zhongshan City, Guangdong, China – 528400",https://wsrv.nl/?url=https%3A%2F%2Fi.ibb.co%2F8gcGkpCR%2FAxion-12-dark-gray-default-001.png&output=webp&q=78
Axion 7 Tunable,",DSH075X",36V DC,150mA,2700K~6500K, CRI>97,Φ63*H53mm,36°,7W,AJ/CG,ARAS0755/CT/36/BB,R-41159492,IS 10322 (PART 5/SEC1):2012,7049,"Guangdong Sat Technology Co. Ltd., No. 11 Lianbao Rd, Shengfeng District, Xiaolan Town, Zhongshan City, Guangdong, China – 528400",https://wsrv.nl/?url=https%3A%2F%2Fi.ibb.co%2FHDvw1xTw%2FAxion-12-ballet-blue.png&output=webp&q=78
Axion 7 Tunable,",DSH075X",36V DC,150mA,2700K~6500K, CRI>97,Φ63*H53mm,36°,7W,AJ/CG,ARAS0755/CT/36/CH,R-41159492,IS 10322 (PART 5/SEC1):2012,7049,"Guangdong Sat Technology Co. Ltd., No. 11 Lianbao Rd, Shengfeng District, Xiaolan Town, Zhongshan City, Guangdong, China – 528400",https://wsrv.nl/?url=https%3A%2F%2Fi.ibb.co%2Fs97FXBb1%2FAxion-12-chrome.png&output=webp&q=78
Axion 7 Tunable,",DSH075X",36V DC,150mA,2700K~6500K, CRI>97,Φ63*H53mm,36°,7W,AJ/CG,ARAS0755/CT/36/CHB,R-41159492,IS 10322 (PART 5/SEC1):2012,7049,"Guangdong Sat Technology Co. Ltd., No. 11 Lianbao Rd, Shengfeng District, Xiaolan Town, Zhongshan City, Guangdong, China – 528400",https://wsrv.nl/?url=https%3A%2F%2Fi.ibb.co%2FGffHF8Jq%2FAxion-12-chrome-black.png&output=webp&q=78
Axion 12,DTZ085X,36V DC,300mA,2700k, CRI>97,Φ83*H71mm,24°,12W,AJ/CG,ARAS1275/27/24/W,R-41159492,IS 10322 (PART 5/SEC1):2012,6499,"Guangdong Sat Technology Co. Ltd., No. 11 Lianbao Rd, Shengfeng District, Xiaolan Town, Zhongshan City, Guangdong, China – 528400",https://wsrv.nl/?url=https%3A%2F%2Fi.ibb.co%2FBpXbtzT%2FAxion-12-white.png&output=webp&q=78
Axion 12,DTZ085X,36V DC,300mA,2700k, CRI>97,Φ83*H71mm,24°,12W,AJ/CG,ARAS1275/27/24/B,R-41159492,IS 10322 (PART 5/SEC1):2012,6499,"Guangdong Sat Technology Co. Ltd., No. 11 Lianbao Rd, Shengfeng District, Xiaolan Town, Zhongshan City, Guangdong, China – 528400",https://wsrv.nl/?url=https%3A%2F%2Fi.ibb.co%2FSDjR2mPq%2FAxion-12-mat-black-default.png&output=webp&q=78
Axion 12,DTZ085X,36V DC,300mA,2700k, CRI>97,Φ83*H71mm,24°,12W,AJ/CG,ARAS1275/27/24/CG,R-41159492,IS 10322 (PART 5/SEC1):2012,7499,"Guangdong Sat Technology Co. Ltd., No. 11 Lianbao Rd, Shengfeng District, Xiaolan Town, Zhongshan City, Guangdong, China – 528400",https://wsrv.nl/?url=https%3A%2F%2Fi.ibb.co%2F1JJ653Vm%2FAxion-12-champeing-gold.png&output=webp&q=78
Axion 12,DTZ085X,36V DC,300mA,2700k, CRI>97,Φ83*H71mm,24°,12W,AJ/CG,ARAS1275/27/24/RG,R-41159492,IS 10322 (PART 5/SEC1):2012,7499,"Guangdong Sat Technology Co. Ltd., No. 11 Lianbao Rd, Shengfeng District, Xiaolan Town, Zhongshan City, Guangdong, China – 528400",https://wsrv.nl/?url=https%3A%2F%2Fi.ibb.co%2FNdqf580b%2FAxion-12-rose-gold.png&output=webp&q=78
Axion 12,DTZ085X,36V DC,300mA,2700k, CRI>97,Φ83*H71mm,24°,12W,AJ/CG,ARAS1275/27/24/BR,R-41159492,IS 10322 (PART 5/SEC1):2012,7499,"Guangdong Sat Technology Co. Ltd., No. 11 Lianbao Rd, Shengfeng District, Xiaolan Town, Zhongshan City, Guangdong, China – 528400",https://wsrv.nl/?url=https%3A%2F%2Fi.ibb.co%2FHThtPv97%2FAxion-12-brown.png&output=webp&q=78
Axion 12,DTZ085X,36V DC,300mA,2700k, CRI>97,Φ83*H71mm,24°,12W,AJ/CG,ARAS1275/27/24/COF,R-41159492,IS 10322 (PART 5/SEC1):2012,7499,"Guangdong Sat Technology Co. Ltd., No. 11 Lianbao Rd, Shengfeng District, Xiaolan Town, Zhongshan City, Guangdong, China – 528400",https://wsrv.nl/?url=https%3A%2F%2Fi.ibb.co%2FFL7Jg6YM%2FAxion-12-coffee.png&output=webp&q=78
Axion 12,DTZ085X,36V DC,300mA,2700k, CRI>97,Φ83*H71mm,24°,12W,AJ/CG,ARAS1275/27/24/DGR,R-41159492,IS 10322 (PART 5/SEC1):2012,7499,"Guangdong Sat Technology Co. Ltd., No. 11 Lianbao Rd, Shengfeng District, Xiaolan Town, Zhongshan City, Guangdong, China – 528400",https://wsrv.nl/?url=https%3A%2F%2Fi.ibb.co%2F8gcGkpCR%2FAxion-12-dark-gray-default-001.png&output=webp&q=78
Axion 12,DTZ085X,36V DC,300mA,2700k, CRI>97,Φ83*H71mm,24°,12W,AJ/CG,ARAS1275/27/24/BB,R-41159492,IS 10322 (PART 5/SEC1):2012,7499,"Guangdong Sat Technology Co. Ltd., No. 11 Lianbao Rd, Shengfeng District, Xiaolan Town, Zhongshan City, Guangdong, China – 528400",https://wsrv.nl/?url=https%3A%2F%2Fi.ibb.co%2FHDvw1xTw%2FAxion-12-ballet-blue.png&output=webp&q=78
Axion 12,DTZ085X,36V DC,300mA,2700k, CRI>97,Φ83*H71mm,24°,12W,AJ/CG,ARAS1275/27/24/CH,R-41159492,IS 10322 (PART 5/SEC1):2012,7499,"Guangdong Sat Technology Co. Ltd., No. 11 Lianbao Rd, Shengfeng District, Xiaolan Town, Zhongshan City, Guangdong, China – 528400",https://wsrv.nl/?url=https%3A%2F%2Fi.ibb.co%2Fs97FXBb1%2FAxion-12-chrome.png&output=webp&q=78
Axion 12,DTZ085X,36V DC,300mA,2700k, CRI>97,Φ83*H71mm,24°,12W,AJ/CG,ARAS1275/27/24/CHB,R-41159492,IS 10322 (PART 5/SEC1):2012,7499,"Guangdong Sat Technology Co. Ltd., No. 11 Lianbao Rd, Shengfeng District, Xiaolan Town, Zhongshan City, Guangdong, China – 528400",https://wsrv.nl/?url=https%3A%2F%2Fi.ibb.co%2FGffHF8Jq%2FAxion-12-chrome-black.png&output=webp&q=78
Axion 12,DTZ085X,36V DC,300mA,3000k, CRI>97,Φ83*H71mm,24°,12W,AJ/CG,ARAS1275/30/24/W,R-41159492,IS 10322 (PART 5/SEC1):2012,6499,"Guangdong Sat Technology Co. Ltd., No. 11 Lianbao Rd, Shengfeng District, Xiaolan Town, Zhongshan City, Guangdong, China – 528400",https://wsrv.nl/?url=https%3A%2F%2Fi.ibb.co%2FBpXbtzT%2FAxion-12-white.png&output=webp&q=78
Axion 12,DTZ085X,36V DC,300mA,3000k, CRI>97,Φ83*H71mm,24°,12W,AJ/CG,ARAS1275/30/24/B,R-41159492,IS 10322 (PART 5/SEC1):2012,6499,"Guangdong Sat Technology Co. Ltd., No. 11 Lianbao Rd, Shengfeng District, Xiaolan Town, Zhongshan City, Guangdong, China – 528400",https://wsrv.nl/?url=https%3A%2F%2Fi.ibb.co%2FSDjR2mPq%2FAxion-12-mat-black-default.png&output=webp&q=78
Axion 12,DTZ085X,36V DC,300mA,3000k, CRI>97,Φ83*H71mm,24°,12W,AJ/CG,ARAS1275/30/24/CG,R-41159492,IS 10322 (PART 5/SEC1):2012,7499,"Guangdong Sat Technology Co. Ltd., No. 11 Lianbao Rd, Shengfeng District, Xiaolan Town, Zhongshan City, Guangdong, China – 528400",https://wsrv.nl/?url=https%3A%2F%2Fi.ibb.co%2F1JJ653Vm%2FAxion-12-champeing-gold.png&output=webp&q=78
Axion 12,DTZ085X,36V DC,300mA,3000k, CRI>97,Φ83*H71mm,24°,12W,AJ/CG,ARAS1275/30/24/RG,R-41159492,IS 10322 (PART 5/SEC1):2012,7499,"Guangdong Sat Technology Co. Ltd., No. 11 Lianbao Rd, Shengfeng District, Xiaolan Town, Zhongshan City, Guangdong, China – 528400",https://wsrv.nl/?url=https%3A%2F%2Fi.ibb.co%2FNdqf580b%2FAxion-12-rose-gold.png&output=webp&q=78
Axion 12,DTZ085X,36V DC,300mA,3000k, CRI>97,Φ83*H71mm,24°,12W,AJ/CG,ARAS1275/30/24/BR,R-41159492,IS 10322 (PART 5/SEC1):2012,7499,"Guangdong Sat Technology Co. Ltd., No. 11 Lianbao Rd, Shengfeng District, Xiaolan Town, Zhongshan City, Guangdong, China – 528400",https://wsrv.nl/?url=https%3A%2F%2Fi.ibb.co%2FHThtPv97%2FAxion-12-brown.png&output=webp&q=78
Axion 12,DTZ085X,36V DC,300mA,3000k, CRI>97,Φ83*H71mm,24°,12W,AJ/CG,ARAS1275/30/24/COF,R-41159492,IS 10322 (PART 5/SEC1):2012,7499,"Guangdong Sat Technology Co. Ltd., No. 11 Lianbao Rd, Shengfeng District, Xiaolan Town, Zhongshan City, Guangdong, China – 528400",https://wsrv.nl/?url=https%3A%2F%2Fi.ibb.co%2FFL7Jg6YM%2FAxion-12-coffee.png&output=webp&q=78
Axion 12,DTZ085X,36V DC,300mA,3000k, CRI>97,Φ83*H71mm,24°,12W,AJ/CG,ARAS1275/30/24/DGR,R-41159492,IS 10322 (PART 5/SEC1):2012,7499,"Guangdong Sat Technology Co. Ltd., No. 11 Lianbao Rd, Shengfeng District, Xiaolan Town, Zhongshan City, Guangdong, China – 528400",https://wsrv.nl/?url=https%3A%2F%2Fi.ibb.co%2F8gcGkpCR%2FAxion-12-dark-gray-default-001.png&output=webp&q=78
Axion 12,DTZ085X,36V DC,300mA,3000k, CRI>97,Φ83*H71mm,24°,12W,AJ/CG,ARAS1275/30/24/BB,R-41159492,IS 10322 (PART 5/SEC1):2012,7499,"Guangdong Sat Technology Co. Ltd., No. 11 Lianbao Rd, Shengfeng District, Xiaolan Town, Zhongshan City, Guangdong, China – 528400",https://wsrv.nl/?url=https%3A%2F%2Fi.ibb.co%2FHDvw1xTw%2FAxion-12-ballet-blue.png&output=webp&q=78
Axion 12,DTZ085X,36V DC,300mA,3000k, CRI>97,Φ83*H71mm,24°,12W,AJ/CG,ARAS1275/30/24/CH,R-41159492,IS 10322 (PART 5/SEC1):2012,7499,"Guangdong Sat Technology Co. Ltd., No. 11 Lianbao Rd, Shengfeng District, Xiaolan Town, Zhongshan City, Guangdong, China – 528400",https://wsrv.nl/?url=https%3A%2F%2Fi.ibb.co%2Fs97FXBb1%2FAxion-12-chrome.png&output=webp&q=78
Axion 12,DTZ085X,36V DC,300mA,3000k, CRI>97,Φ83*H71mm,24°,12W,AJ/CG,ARAS1275/30/24/CHB,R-41159492,IS 10322 (PART 5/SEC1):2012,7499,"Guangdong Sat Technology Co. Ltd., No. 11 Lianbao Rd, Shengfeng District, Xiaolan Town, Zhongshan City, Guangdong, China – 528400",https://wsrv.nl/?url=https%3A%2F%2Fi.ibb.co%2FGffHF8Jq%2FAxion-12-chrome-black.png&output=webp&q=78
Axion 12,DTZ085X,36V DC,300mA,3500k, CRI>97,Φ83*H71mm,24°,12W,AJ/CG,ARAS1275/35/24/W,R-41159492,IS 10322 (PART 5/SEC1):2012,6499,"Guangdong Sat Technology Co. Ltd., No. 11 Lianbao Rd, Shengfeng District, Xiaolan Town, Zhongshan City, Guangdong, China – 528400",https://wsrv.nl/?url=https%3A%2F%2Fi.ibb.co%2FBpXbtzT%2FAxion-12-white.png&output=webp&q=78
Axion 12,DTZ085X,36V DC,300mA,3500k, CRI>97,Φ83*H71mm,24°,12W,AJ/CG,ARAS1275/35/24/B,R-41159492,IS 10322 (PART 5/SEC1):2012,6499,"Guangdong Sat Technology Co. Ltd., No. 11 Lianbao Rd, Shengfeng District, Xiaolan Town, Zhongshan City, Guangdong, China – 528400",https://wsrv.nl/?url=https%3A%2F%2Fi.ibb.co%2FSDjR2mPq%2FAxion-12-mat-black-default.png&output=webp&q=78
Axion 12,DTZ085X,36V DC,300mA,3500k, CRI>97,Φ83*H71mm,24°,12W,AJ/CG,ARAS1275/35/24/CG,R-41159492,IS 10322 (PART 5/SEC1):2012,7499,"Guangdong Sat Technology Co. Ltd., No. 11 Lianbao Rd, Shengfeng District, Xiaolan Town, Zhongshan City, Guangdong, China – 528400",https://wsrv.nl/?url=https%3A%2F%2Fi.ibb.co%2F1JJ653Vm%2FAxion-12-champeing-gold.png&output=webp&q=78
Axion 12,DTZ085X,36V DC,300mA,3500k, CRI>97,Φ83*H71mm,24°,12W,AJ/CG,ARAS1275/35/24/RG,R-41159492,IS 10322 (PART 5/SEC1):2012,7499,"Guangdong Sat Technology Co. Ltd., No. 11 Lianbao Rd, Shengfeng District, Xiaolan Town, Zhongshan City, Guangdong, China – 528400",https://wsrv.nl/?url=https%3A%2F%2Fi.ibb.co%2FNdqf580b%2FAxion-12-rose-gold.png&output=webp&q=78
Axion 12,DTZ085X,36V DC,300mA,3500k, CRI>97,Φ83*H71mm,24°,12W,AJ/CG,ARAS1275/35/24/BR,R-41159492,IS 10322 (PART 5/SEC1):2012,7499,"Guangdong Sat Technology Co. Ltd., No. 11 Lianbao Rd, Shengfeng District, Xiaolan Town, Zhongshan City, Guangdong, China – 528400",https://wsrv.nl/?url=https%3A%2F%2Fi.ibb.co%2FHThtPv97%2FAxion-12-brown.png&output=webp&q=78
Axion 12,DTZ085X,36V DC,300mA,3500k, CRI>97,Φ83*H71mm,24°,12W,AJ/CG,ARAS1275/35/24/COF,R-41159492,IS 10322 (PART 5/SEC1):2012,7499,"Guangdong Sat Technology Co. Ltd., No. 11 Lianbao Rd, Shengfeng District, Xiaolan Town, Zhongshan City, Guangdong, China – 528400",https://wsrv.nl/?url=https%3A%2F%2Fi.ibb.co%2FFL7Jg6YM%2FAxion-12-coffee.png&output=webp&q=78
Axion 12,DTZ085X,36V DC,300mA,3500k, CRI>97,Φ83*H71mm,24°,12W,AJ/CG,ARAS1275/35/24/DGR,R-41159492,IS 10322 (PART 5/SEC1):2012,7499,"Guangdong Sat Technology Co. Ltd., No. 11 Lianbao Rd, Shengfeng District, Xiaolan Town, Zhongshan City, Guangdong, China – 528400",https://wsrv.nl/?url=https%3A%2F%2Fi.ibb.co%2F8gcGkpCR%2FAxion-12-dark-gray-default-001.png&output=webp&q=78
Axion 12,DTZ085X,36V DC,300mA,3500k, CRI>97,Φ83*H71mm,24°,12W,AJ/CG,ARAS1275/35/24/BB,R-41159492,IS 10322 (PART 5/SEC1):2012,7499,"Guangdong Sat Technology Co. Ltd., No. 11 Lianbao Rd, Shengfeng District, Xiaolan Town, Zhongshan City, Guangdong, China – 528400",https://wsrv.nl/?url=https%3A%2F%2Fi.ibb.co%2FHDvw1xTw%2FAxion-12-ballet-blue.png&output=webp&q=78
Axion 12,DTZ085X,36V DC,300mA,3500k, CRI>97,Φ83*H71mm,24°,12W,AJ/CG,ARAS1275/35/24/CH,R-41159492,IS 10322 (PART 5/SEC1):2012,7499,"Guangdong Sat Technology Co. Ltd., No. 11 Lianbao Rd, Shengfeng District, Xiaolan Town, Zhongshan City, Guangdong, China – 528400",https://wsrv.nl/?url=https%3A%2F%2Fi.ibb.co%2Fs97FXBb1%2FAxion-12-chrome.png&output=webp&q=78
Axion 12,DTZ085X,36V DC,300mA,3500k, CRI>97,Φ83*H71mm,24°,12W,AJ/CG,ARAS1275/35/24/CHB,R-41159492,IS 10322 (PART 5/SEC1):2012,7499,"Guangdong Sat Technology Co. Ltd., No. 11 Lianbao Rd, Shengfeng District, Xiaolan Town, Zhongshan City, Guangdong, China – 528400",https://wsrv.nl/?url=https%3A%2F%2Fi.ibb.co%2FGffHF8Jq%2FAxion-12-chrome-black.png&output=webp&q=78
Axion 12,DTZ085X,36V DC,300mA,4000k, CRI>97,Φ83*H71mm,24°,12W,AJ/CG,ARAS1275/40/24/W,R-41159492,IS 10322 (PART 5/SEC1):2012,6499,"Guangdong Sat Technology Co. Ltd., No. 11 Lianbao Rd, Shengfeng District, Xiaolan Town, Zhongshan City, Guangdong, China – 528400",https://wsrv.nl/?url=https%3A%2F%2Fi.ibb.co%2FBpXbtzT%2FAxion-12-white.png&output=webp&q=78
Axion 12,DTZ085X,36V DC,300mA,4000k, CRI>97,Φ83*H71mm,24°,12W,AJ/CG,ARAS1275/40/24/B,R-41159492,IS 10322 (PART 5/SEC1):2012,6499,"Guangdong Sat Technology Co. Ltd., No. 11 Lianbao Rd, Shengfeng District, Xiaolan Town, Zhongshan City, Guangdong, China – 528400",https://wsrv.nl/?url=https%3A%2F%2Fi.ibb.co%2FSDjR2mPq%2FAxion-12-mat-black-default.png&output=webp&q=78
Axion 12,DTZ085X,36V DC,300mA,4000k, CRI>97,Φ83*H71mm,24°,12W,AJ/CG,ARAS1275/40/24/CG,R-41159492,IS 10322 (PART 5/SEC1):2012,7499,"Guangdong Sat Technology Co. Ltd., No. 11 Lianbao Rd, Shengfeng District, Xiaolan Town, Zhongshan City, Guangdong, China – 528400",https://wsrv.nl/?url=https%3A%2F%2Fi.ibb.co%2F1JJ653Vm%2FAxion-12-champeing-gold.png&output=webp&q=78
Axion 12,DTZ085X,36V DC,300mA,4000k, CRI>97,Φ83*H71mm,24°,12W,AJ/CG,ARAS1275/40/24/RG,R-41159492,IS 10322 (PART 5/SEC1):2012,7499,"Guangdong Sat Technology Co. Ltd., No. 11 Lianbao Rd, Shengfeng District, Xiaolan Town, Zhongshan City, Guangdong, China – 528400",https://wsrv.nl/?url=https%3A%2F%2Fi.ibb.co%2FNdqf580b%2FAxion-12-rose-gold.png&output=webp&q=78
Axion 12,DTZ085X,36V DC,300mA,4000k, CRI>97,Φ83*H71mm,24°,12W,AJ/CG,ARAS1275/40/24/BR,R-41159492,IS 10322 (PART 5/SEC1):2012,7499,"Guangdong Sat Technology Co. Ltd., No. 11 Lianbao Rd, Shengfeng District, Xiaolan Town, Zhongshan City, Guangdong, China – 528400",https://wsrv.nl/?url=https%3A%2F%2Fi.ibb.co%2FHThtPv97%2FAxion-12-brown.png&output=webp&q=78
Axion 12,DTZ085X,36V DC,300mA,4000k, CRI>97,Φ83*H71mm,24°,12W,AJ/CG,ARAS1275/40/24/COF,R-41159492,IS 10322 (PART 5/SEC1):2012,7499,"Guangdong Sat Technology Co. Ltd., No. 11 Lianbao Rd, Shengfeng District, Xiaolan Town, Zhongshan City, Guangdong, China – 528400",https://wsrv.nl/?url=https%3A%2F%2Fi.ibb.co%2FFL7Jg6YM%2FAxion-12-coffee.png&output=webp&q=78
Axion 12,DTZ085X,36V DC,300mA,4000k, CRI>97,Φ83*H71mm,24°,12W,AJ/CG,ARAS1275/40/24/DGR,R-41159492,IS 10322 (PART 5/SEC1):2012,7499,"Guangdong Sat Technology Co. Ltd., No. 11 Lianbao Rd, Shengfeng District, Xiaolan Town, Zhongshan City, Guangdong, China – 528400",https://wsrv.nl/?url=https%3A%2F%2Fi.ibb.co%2F8gcGkpCR%2FAxion-12-dark-gray-default-001.png&output=webp&q=78
Axion 12,DTZ085X,36V DC,300mA,4000k, CRI>97,Φ83*H71mm,24°,12W,AJ/CG,ARAS1275/40/24/BB,R-41159492,IS 10322 (PART 5/SEC1):2012,7499,"Guangdong Sat Technology Co. Ltd., No. 11 Lianbao Rd, Shengfeng District, Xiaolan Town, Zhongshan City, Guangdong, China – 528400",https://wsrv.nl/?url=https%3A%2F%2Fi.ibb.co%2FHDvw1xTw%2FAxion-12-ballet-blue.png&output=webp&q=78
Axion 12,DTZ085X,36V DC,300mA,4000k, CRI>97,Φ83*H71mm,24°,12W,AJ/CG,ARAS1275/40/24/CH,R-41159492,IS 10322 (PART 5/SEC1):2012,7499,"Guangdong Sat Technology Co. Ltd., No. 11 Lianbao Rd, Shengfeng District, Xiaolan Town, Zhongshan City, Guangdong, China – 528400",https://wsrv.nl/?url=https%3A%2F%2Fi.ibb.co%2Fs97FXBb1%2FAxion-12-chrome.png&output=webp&q=78
Axion 12,DTZ085X,36V DC,300mA,4000k, CRI>97,Φ83*H71mm,24°,12W,AJ/CG,ARAS1275/40/24/CHB,R-41159492,IS 10322 (PART 5/SEC1):2012,7499,"Guangdong Sat Technology Co. Ltd., No. 11 Lianbao Rd, Shengfeng District, Xiaolan Town, Zhongshan City, Guangdong, China – 528400",https://wsrv.nl/?url=https%3A%2F%2Fi.ibb.co%2FGffHF8Jq%2FAxion-12-chrome-black.png&output=webp&q=78
Axion 12,DTZ085X,36V DC,300mA,5000k, CRI>97,Φ83*H71mm,24°,12W,AJ/CG,ARAS1275/50/24/W,R-41159492,IS 10322 (PART 5/SEC1):2012,6499,"Guangdong Sat Technology Co. Ltd., No. 11 Lianbao Rd, Shengfeng District, Xiaolan Town, Zhongshan City, Guangdong, China – 528400",https://wsrv.nl/?url=https%3A%2F%2Fi.ibb.co%2FBpXbtzT%2FAxion-12-white.png&output=webp&q=78
Axion 12,DTZ085X,36V DC,300mA,5000k, CRI>97,Φ83*H71mm,24°,12W,AJ/CG,ARAS1275/50/24/B,R-41159492,IS 10322 (PART 5/SEC1):2012,6499,"Guangdong Sat Technology Co. Ltd., No. 11 Lianbao Rd, Shengfeng District, Xiaolan Town, Zhongshan City, Guangdong, China – 528400",https://wsrv.nl/?url=https%3A%2F%2Fi.ibb.co%2FSDjR2mPq%2FAxion-12-mat-black-default.png&output=webp&q=78
Axion 12,DTZ085X,36V DC,300mA,5000k, CRI>97,Φ83*H71mm,24°,12W,AJ/CG,ARAS1275/50/24/CG,R-41159492,IS 10322 (PART 5/SEC1):2012,7499,"Guangdong Sat Technology Co. Ltd., No. 11 Lianbao Rd, Shengfeng District, Xiaolan Town, Zhongshan City, Guangdong, China – 528400",https://wsrv.nl/?url=https%3A%2F%2Fi.ibb.co%2F1JJ653Vm%2FAxion-12-champeing-gold.png&output=webp&q=78
Axion 12,DTZ085X,36V DC,300mA,5000k, CRI>97,Φ83*H71mm,24°,12W,AJ/CG,ARAS1275/50/24/RG,R-41159492,IS 10322 (PART 5/SEC1):2012,7499,"Guangdong Sat Technology Co. Ltd., No. 11 Lianbao Rd, Shengfeng District, Xiaolan Town, Zhongshan City, Guangdong, China – 528400",https://wsrv.nl/?url=https%3A%2F%2Fi.ibb.co%2FNdqf580b%2FAxion-12-rose-gold.png&output=webp&q=78
Axion 12,DTZ085X,36V DC,300mA,5000k, CRI>97,Φ83*H71mm,24°,12W,AJ/CG,ARAS1275/50/24/BR,R-41159492,IS 10322 (PART 5/SEC1):2012,7499,"Guangdong Sat Technology Co. Ltd., No. 11 Lianbao Rd, Shengfeng District, Xiaolan Town, Zhongshan City, Guangdong, China – 528400",https://wsrv.nl/?url=https%3A%2F%2Fi.ibb.co%2FHThtPv97%2FAxion-12-brown.png&output=webp&q=78
Axion 12,DTZ085X,36V DC,300mA,5000k, CRI>97,Φ83*H71mm,24°,12W,AJ/CG,ARAS1275/50/24/COF,R-41159492,IS 10322 (PART 5/SEC1):2012,7499,"Guangdong Sat Technology Co. Ltd., No. 11 Lianbao Rd, Shengfeng District, Xiaolan Town, Zhongshan City, Guangdong, China – 528400",https://wsrv.nl/?url=https%3A%2F%2Fi.ibb.co%2FFL7Jg6YM%2FAxion-12-coffee.png&output=webp&q=78
Axion 12,DTZ085X,36V DC,300mA,5000k, CRI>97,Φ83*H71mm,24°,12W,AJ/CG,ARAS1275/50/24/DGR,R-41159492,IS 10322 (PART 5/SEC1):2012,7499,"Guangdong Sat Technology Co. Ltd., No. 11 Lianbao Rd, Shengfeng District, Xiaolan Town, Zhongshan City, Guangdong, China – 528400",https://wsrv.nl/?url=https%3A%2F%2Fi.ibb.co%2F8gcGkpCR%2FAxion-12-dark-gray-default-001.png&output=webp&q=78
Axion 12,DTZ085X,36V DC,300mA,5000k, CRI>97,Φ83*H71mm,24°,12W,AJ/CG,ARAS1275/50/24/BB,R-41159492,IS 10322 (PART 5/SEC1):2012,7499,"Guangdong Sat Technology Co. Ltd., No. 11 Lianbao Rd, Shengfeng District, Xiaolan Town, Zhongshan City, Guangdong, China – 528400",https://wsrv.nl/?url=https%3A%2F%2Fi.ibb.co%2FHDvw1xTw%2FAxion-12-ballet-blue.png&output=webp&q=78
Axion 12,DTZ085X,36V DC,300mA,5000k, CRI>97,Φ83*H71mm,24°,12W,AJ/CG,ARAS1275/50/24/CH,R-41159492,IS 10322 (PART 5/SEC1):2012,7499,"Guangdong Sat Technology Co. Ltd., No. 11 Lianbao Rd, Shengfeng District, Xiaolan Town, Zhongshan City, Guangdong, China – 528400",https://wsrv.nl/?url=https%3A%2F%2Fi.ibb.co%2Fs97FXBb1%2FAxion-12-chrome.png&output=webp&q=78
Axion 12,DTZ085X,36V DC,300mA,5000k, CRI>97,Φ83*H71mm,24°,12W,AJ/CG,ARAS1275/50/24/CHB,R-41159492,IS 10322 (PART 5/SEC1):2012,7499,"Guangdong Sat Technology Co. Ltd., No. 11 Lianbao Rd, Shengfeng District, Xiaolan Town, Zhongshan City, Guangdong, China – 528400",https://wsrv.nl/?url=https%3A%2F%2Fi.ibb.co%2FGffHF8Jq%2FAxion-12-chrome-black.png&output=webp&q=78
Axion 12,DTZ085X,36V DC,300mA,2700k, CRI>97,Φ83*H71mm,36°,12W,AJ/CG,ARAS1275/27/36/W,R-41159492,IS 10322 (PART 5/SEC1):2012,6499,"Guangdong Sat Technology Co. Ltd., No. 11 Lianbao Rd, Shengfeng District, Xiaolan Town, Zhongshan City, Guangdong, China – 528400",https://wsrv.nl/?url=https%3A%2F%2Fi.ibb.co%2FBpXbtzT%2FAxion-12-white.png&output=webp&q=78
Axion 12,DTZ085X,36V DC,300mA,2700k, CRI>97,Φ83*H71mm,36°,12W,AJ/CG,ARAS1275/27/36/B,R-41159492,IS 10322 (PART 5/SEC1):2012,6499,"Guangdong Sat Technology Co. Ltd., No. 11 Lianbao Rd, Shengfeng District, Xiaolan Town, Zhongshan City, Guangdong, China – 528400",https://wsrv.nl/?url=https%3A%2F%2Fi.ibb.co%2FSDjR2mPq%2FAxion-12-mat-black-default.png&output=webp&q=78
Axion 12,DTZ085X,36V DC,300mA,2700k, CRI>97,Φ83*H71mm,36°,12W,AJ/CG,ARAS1275/27/36/CG,R-41159492,IS 10322 (PART 5/SEC1):2012,7499,"Guangdong Sat Technology Co. Ltd., No. 11 Lianbao Rd, Shengfeng District, Xiaolan Town, Zhongshan City, Guangdong, China – 528400",https://wsrv.nl/?url=https%3A%2F%2Fi.ibb.co%2F1JJ653Vm%2FAxion-12-champeing-gold.png&output=webp&q=78
Axion 12,DTZ085X,36V DC,300mA,2700k, CRI>97,Φ83*H71mm,36°,12W,AJ/CG,ARAS1275/27/36/RG,R-41159492,IS 10322 (PART 5/SEC1):2012,7499,"Guangdong Sat Technology Co. Ltd., No. 11 Lianbao Rd, Shengfeng District, Xiaolan Town, Zhongshan City, Guangdong, China – 528400",https://wsrv.nl/?url=https%3A%2F%2Fi.ibb.co%2FNdqf580b%2FAxion-12-rose-gold.png&output=webp&q=78
Axion 12,DTZ085X,36V DC,300mA,2700k, CRI>97,Φ83*H71mm,36°,12W,AJ/CG,ARAS1275/27/36/BR,R-41159492,IS 10322 (PART 5/SEC1):2012,7499,"Guangdong Sat Technology Co. Ltd., No. 11 Lianbao Rd, Shengfeng District, Xiaolan Town, Zhongshan City, Guangdong, China – 528400",https://wsrv.nl/?url=https%3A%2F%2Fi.ibb.co%2FHThtPv97%2FAxion-12-brown.png&output=webp&q=78
Axion 12,DTZ085X,36V DC,300mA,2700k, CRI>97,Φ83*H71mm,36°,12W,AJ/CG,ARAS1275/27/36/COF,R-41159492,IS 10322 (PART 5/SEC1):2012,7499,"Guangdong Sat Technology Co. Ltd., No. 11 Lianbao Rd, Shengfeng District, Xiaolan Town, Zhongshan City, Guangdong, China – 528400",https://wsrv.nl/?url=https%3A%2F%2Fi.ibb.co%2FFL7Jg6YM%2FAxion-12-coffee.png&output=webp&q=78
Axion 12,DTZ085X,36V DC,300mA,2700k, CRI>97,Φ83*H71mm,36°,12W,AJ/CG,ARAS1275/27/36/DGR,R-41159492,IS 10322 (PART 5/SEC1):2012,7499,"Guangdong Sat Technology Co. Ltd., No. 11 Lianbao Rd, Shengfeng District, Xiaolan Town, Zhongshan City, Guangdong, China – 528400",https://wsrv.nl/?url=https%3A%2F%2Fi.ibb.co%2F8gcGkpCR%2FAxion-12-dark-gray-default-001.png&output=webp&q=78
Axion 12,DTZ085X,36V DC,300mA,2700k, CRI>97,Φ83*H71mm,36°,12W,AJ/CG,ARAS1275/27/36/BB,R-41159492,IS 10322 (PART 5/SEC1):2012,7499,"Guangdong Sat Technology Co. Ltd., No. 11 Lianbao Rd, Shengfeng District, Xiaolan Town, Zhongshan City, Guangdong, China – 528400",https://wsrv.nl/?url=https%3A%2F%2Fi.ibb.co%2FHDvw1xTw%2FAxion-12-ballet-blue.png&output=webp&q=78
Axion 12,DTZ085X,36V DC,300mA,2700k, CRI>97,Φ83*H71mm,36°,12W,AJ/CG,ARAS1275/27/36/CH,R-41159492,IS 10322 (PART 5/SEC1):2012,7499,"Guangdong Sat Technology Co. Ltd., No. 11 Lianbao Rd, Shengfeng District, Xiaolan Town, Zhongshan City, Guangdong, China – 528400",https://wsrv.nl/?url=https%3A%2F%2Fi.ibb.co%2Fs97FXBb1%2FAxion-12-chrome.png&output=webp&q=78
Axion 12,DTZ085X,36V DC,300mA,2700k, CRI>97,Φ83*H71mm,36°,12W,AJ/CG,ARAS1275/27/36/CHB,R-41159492,IS 10322 (PART 5/SEC1):2012,7499,"Guangdong Sat Technology Co. Ltd., No. 11 Lianbao Rd, Shengfeng District, Xiaolan Town, Zhongshan City, Guangdong, China – 528400",https://wsrv.nl/?url=https%3A%2F%2Fi.ibb.co%2FGffHF8Jq%2FAxion-12-chrome-black.png&output=webp&q=78
Axion 12,DTZ085X,36V DC,300mA,3000k, CRI>97,Φ83*H71mm,36°,12W,AJ/CG,ARAS1275/30/36/W,R-41159492,IS 10322 (PART 5/SEC1):2012,6499,"Guangdong Sat Technology Co. Ltd., No. 11 Lianbao Rd, Shengfeng District, Xiaolan Town, Zhongshan City, Guangdong, China – 528400",https://wsrv.nl/?url=https%3A%2F%2Fi.ibb.co%2FBpXbtzT%2FAxion-12-white.png&output=webp&q=78
Axion 12,DTZ085X,36V DC,300mA,3000k, CRI>97,Φ83*H71mm,36°,12W,AJ/CG,ARAS1275/30/36/B,R-41159492,IS 10322 (PART 5/SEC1):2012,6499,"Guangdong Sat Technology Co. Ltd., No. 11 Lianbao Rd, Shengfeng District, Xiaolan Town, Zhongshan City, Guangdong, China – 528400",https://wsrv.nl/?url=https%3A%2F%2Fi.ibb.co%2FSDjR2mPq%2FAxion-12-mat-black-default.png&output=webp&q=78
Axion 12,DTZ085X,36V DC,300mA,3000k, CRI>97,Φ83*H71mm,36°,12W,AJ/CG,ARAS1275/30/36/CG,R-41159492,IS 10322 (PART 5/SEC1):2012,7499,"Guangdong Sat Technology Co. Ltd., No. 11 Lianbao Rd, Shengfeng District, Xiaolan Town, Zhongshan City, Guangdong, China – 528400",https://wsrv.nl/?url=https%3A%2F%2Fi.ibb.co%2F1JJ653Vm%2FAxion-12-champeing-gold.png&output=webp&q=78
Axion 12,DTZ085X,36V DC,300mA,3000k, CRI>97,Φ83*H71mm,36°,12W,AJ/CG,ARAS1275/30/36/RG,R-41159492,IS 10322 (PART 5/SEC1):2012,7499,"Guangdong Sat Technology Co. Ltd., No. 11 Lianbao Rd, Shengfeng District, Xiaolan Town, Zhongshan City, Guangdong, China – 528400",https://wsrv.nl/?url=https%3A%2F%2Fi.ibb.co%2FNdqf580b%2FAxion-12-rose-gold.png&output=webp&q=78
Axion 12,DTZ085X,36V DC,300mA,3000k, CRI>97,Φ83*H71mm,36°,12W,AJ/CG,ARAS1275/30/36/BR,R-41159492,IS 10322 (PART 5/SEC1):2012,7499,"Guangdong Sat Technology Co. Ltd., No. 11 Lianbao Rd, Shengfeng District, Xiaolan Town, Zhongshan City, Guangdong, China – 528400",https://wsrv.nl/?url=https%3A%2F%2Fi.ibb.co%2FHThtPv97%2FAxion-12-brown.png&output=webp&q=78
Axion 12,DTZ085X,36V DC,300mA,3000k, CRI>97,Φ83*H71mm,36°,12W,AJ/CG,ARAS1275/30/36/COF,R-41159492,IS 10322 (PART 5/SEC1):2012,7499,"Guangdong Sat Technology Co. Ltd., No. 11 Lianbao Rd, Shengfeng District, Xiaolan Town, Zhongshan City, Guangdong, China – 528400",https://wsrv.nl/?url=https%3A%2F%2Fi.ibb.co%2FFL7Jg6YM%2FAxion-12-coffee.png&output=webp&q=78
Axion 12,DTZ085X,36V DC,300mA,3000k, CRI>97,Φ83*H71mm,36°,12W,AJ/CG,ARAS1275/30/36/DGR,R-41159492,IS 10322 (PART 5/SEC1):2012,7499,"Guangdong Sat Technology Co. Ltd., No. 11 Lianbao Rd, Shengfeng District, Xiaolan Town, Zhongshan City, Guangdong, China – 528400",https://wsrv.nl/?url=https%3A%2F%2Fi.ibb.co%2F8gcGkpCR%2FAxion-12-dark-gray-default-001.png&output=webp&q=78
Axion 12,DTZ085X,36V DC,300mA,3000k, CRI>97,Φ83*H71mm,36°,12W,AJ/CG,ARAS1275/30/36/BB,R-41159492,IS 10322 (PART 5/SEC1):2012,7499,"Guangdong Sat Technology Co. Ltd., No. 11 Lianbao Rd, Shengfeng District, Xiaolan Town, Zhongshan City, Guangdong, China – 528400",https://wsrv.nl/?url=https%3A%2F%2Fi.ibb.co%2FHDvw1xTw%2FAxion-12-ballet-blue.png&output=webp&q=78
Axion 12,DTZ085X,36V DC,300mA,3000k, CRI>97,Φ83*H71mm,36°,12W,AJ/CG,ARAS1275/30/36/CH,R-41159492,IS 10322 (PART 5/SEC1):2012,7499,"Guangdong Sat Technology Co. Ltd., No. 11 Lianbao Rd, Shengfeng District, Xiaolan Town, Zhongshan City, Guangdong, China – 528400",https://wsrv.nl/?url=https%3A%2F%2Fi.ibb.co%2Fs97FXBb1%2FAxion-12-chrome.png&output=webp&q=78
Axion 12,DTZ085X,36V DC,300mA,3000k, CRI>97,Φ83*H71mm,36°,12W,AJ/CG,ARAS1275/30/36/CHB,R-41159492,IS 10322 (PART 5/SEC1):2012,7499,"Guangdong Sat Technology Co. Ltd., No. 11 Lianbao Rd, Shengfeng District, Xiaolan Town, Zhongshan City, Guangdong, China – 528400",https://wsrv.nl/?url=https%3A%2F%2Fi.ibb.co%2FGffHF8Jq%2FAxion-12-chrome-black.png&output=webp&q=78
Axion 12,DTZ085X,36V DC,300mA,3500k, CRI>97,Φ83*H71mm,36°,12W,AJ/CG,ARAS1275/35/36/W,R-41159492,IS 10322 (PART 5/SEC1):2012,6499,"Guangdong Sat Technology Co. Ltd., No. 11 Lianbao Rd, Shengfeng District, Xiaolan Town, Zhongshan City, Guangdong, China – 528400",https://wsrv.nl/?url=https%3A%2F%2Fi.ibb.co%2FBpXbtzT%2FAxion-12-white.png&output=webp&q=78
Axion 12,DTZ085X,36V DC,300mA,3500k, CRI>97,Φ83*H71mm,36°,12W,AJ/CG,ARAS1275/35/36/B,R-41159492,IS 10322 (PART 5/SEC1):2012,6499,"Guangdong Sat Technology Co. Ltd., No. 11 Lianbao Rd, Shengfeng District, Xiaolan Town, Zhongshan City, Guangdong, China – 528400",https://wsrv.nl/?url=https%3A%2F%2Fi.ibb.co%2FSDjR2mPq%2FAxion-12-mat-black-default.png&output=webp&q=78
Axion 12,DTZ085X,36V DC,300mA,3500k, CRI>97,Φ83*H71mm,36°,12W,AJ/CG,ARAS1275/35/36/CG,R-41159492,IS 10322 (PART 5/SEC1):2012,7499,"Guangdong Sat Technology Co. Ltd., No. 11 Lianbao Rd, Shengfeng District, Xiaolan Town, Zhongshan City, Guangdong, China – 528400",https://wsrv.nl/?url=https%3A%2F%2Fi.ibb.co%2F1JJ653Vm%2FAxion-12-champeing-gold.png&output=webp&q=78
Axion 12,DTZ085X,36V DC,300mA,3500k, CRI>97,Φ83*H71mm,36°,12W,AJ/CG,ARAS1275/35/36/RG,R-41159492,IS 10322 (PART 5/SEC1):2012,7499,"Guangdong Sat Technology Co. Ltd., No. 11 Lianbao Rd, Shengfeng District, Xiaolan Town, Zhongshan City, Guangdong, China – 528400",https://wsrv.nl/?url=https%3A%2F%2Fi.ibb.co%2FNdqf580b%2FAxion-12-rose-gold.png&output=webp&q=78
Axion 12,DTZ085X,36V DC,300mA,3500k, CRI>97,Φ83*H71mm,36°,12W,AJ/CG,ARAS1275/35/36/BR,R-41159492,IS 10322 (PART 5/SEC1):2012,7499,"Guangdong Sat Technology Co. Ltd., No. 11 Lianbao Rd, Shengfeng District, Xiaolan Town, Zhongshan City, Guangdong, China – 528400",https://wsrv.nl/?url=https%3A%2F%2Fi.ibb.co%2FHThtPv97%2FAxion-12-brown.png&output=webp&q=78
Axion 12,DTZ085X,36V DC,300mA,3500k, CRI>97,Φ83*H71mm,36°,12W,AJ/CG,ARAS1275/35/36/COF,R-41159492,IS 10322 (PART 5/SEC1):2012,7499,"Guangdong Sat Technology Co. Ltd., No. 11 Lianbao Rd, Shengfeng District, Xiaolan Town, Zhongshan City, Guangdong, China – 528400",https://wsrv.nl/?url=https%3A%2F%2Fi.ibb.co%2FFL7Jg6YM%2FAxion-12-coffee.png&output=webp&q=78
Axion 12,DTZ085X,36V DC,300mA,3500k, CRI>97,Φ83*H71mm,36°,12W,AJ/CG,ARAS1275/35/36/DGR,R-41159492,IS 10322 (PART 5/SEC1):2012,7499,"Guangdong Sat Technology Co. Ltd., No. 11 Lianbao Rd, Shengfeng District, Xiaolan Town, Zhongshan City, Guangdong, China – 528400",https://wsrv.nl/?url=https%3A%2F%2Fi.ibb.co%2F8gcGkpCR%2FAxion-12-dark-gray-default-001.png&output=webp&q=78
Axion 12,DTZ085X,36V DC,300mA,3500k, CRI>97,Φ83*H71mm,36°,12W,AJ/CG,ARAS1275/35/36/BB,R-41159492,IS 10322 (PART 5/SEC1):2012,7499,"Guangdong Sat Technology Co. Ltd., No. 11 Lianbao Rd, Shengfeng District, Xiaolan Town, Zhongshan City, Guangdong, China – 528400",https://wsrv.nl/?url=https%3A%2F%2Fi.ibb.co%2FHDvw1xTw%2FAxion-12-ballet-blue.png&output=webp&q=78
Axion 12,DTZ085X,36V DC,300mA,3500k, CRI>97,Φ83*H71mm,36°,12W,AJ/CG,ARAS1275/35/36/CH,R-41159492,IS 10322 (PART 5/SEC1):2012,7499,"Guangdong Sat Technology Co. Ltd., No. 11 Lianbao Rd, Shengfeng District, Xiaolan Town, Zhongshan City, Guangdong, China – 528400",https://wsrv.nl/?url=https%3A%2F%2Fi.ibb.co%2Fs97FXBb1%2FAxion-12-chrome.png&output=webp&q=78
Axion 12,DTZ085X,36V DC,300mA,3500k, CRI>97,Φ83*H71mm,36°,12W,AJ/CG,ARAS1275/35/36/CHB,R-41159492,IS 10322 (PART 5/SEC1):2012,7499,"Guangdong Sat Technology Co. Ltd., No. 11 Lianbao Rd, Shengfeng District, Xiaolan Town, Zhongshan City, Guangdong, China – 528400",https://wsrv.nl/?url=https%3A%2F%2Fi.ibb.co%2FGffHF8Jq%2FAxion-12-chrome-black.png&output=webp&q=78
Axion 12,DTZ085X,36V DC,300mA,4000k, CRI>97,Φ83*H71mm,36°,12W,AJ/CG,ARAS1275/40/36/W,R-41159492,IS 10322 (PART 5/SEC1):2012,6499,"Guangdong Sat Technology Co. Ltd., No. 11 Lianbao Rd, Shengfeng District, Xiaolan Town, Zhongshan City, Guangdong, China – 528400",https://wsrv.nl/?url=https%3A%2F%2Fi.ibb.co%2FBpXbtzT%2FAxion-12-white.png&output=webp&q=78
Axion 12,DTZ085X,36V DC,300mA,4000k, CRI>97,Φ83*H71mm,36°,12W,AJ/CG,ARAS1275/40/36/B,R-41159492,IS 10322 (PART 5/SEC1):2012,6499,"Guangdong Sat Technology Co. Ltd., No. 11 Lianbao Rd, Shengfeng District, Xiaolan Town, Zhongshan City, Guangdong, China – 528400",https://wsrv.nl/?url=https%3A%2F%2Fi.ibb.co%2FSDjR2mPq%2FAxion-12-mat-black-default.png&output=webp&q=78
Axion 12,DTZ085X,36V DC,300mA,4000k, CRI>97,Φ83*H71mm,36°,12W,AJ/CG,ARAS1275/40/36/CG,R-41159492,IS 10322 (PART 5/SEC1):2012,7499,"Guangdong Sat Technology Co. Ltd., No. 11 Lianbao Rd, Shengfeng District, Xiaolan Town, Zhongshan City, Guangdong, China – 528400",https://wsrv.nl/?url=https%3A%2F%2Fi.ibb.co%2F1JJ653Vm%2FAxion-12-champeing-gold.png&output=webp&q=78
Axion 12,DTZ085X,36V DC,300mA,4000k, CRI>97,Φ83*H71mm,36°,12W,AJ/CG,ARAS1275/40/36/RG,R-41159492,IS 10322 (PART 5/SEC1):2012,7499,"Guangdong Sat Technology Co. Ltd., No. 11 Lianbao Rd, Shengfeng District, Xiaolan Town, Zhongshan City, Guangdong, China – 528400",https://wsrv.nl/?url=https%3A%2F%2Fi.ibb.co%2FNdqf580b%2FAxion-12-rose-gold.png&output=webp&q=78
Axion 12,DTZ085X,36V DC,300mA,4000k, CRI>97,Φ83*H71mm,36°,12W,AJ/CG,ARAS1275/40/36/BR,R-41159492,IS 10322 (PART 5/SEC1):2012,7499,"Guangdong Sat Technology Co. Ltd., No. 11 Lianbao Rd, Shengfeng District, Xiaolan Town, Zhongshan City, Guangdong, China – 528400",https://wsrv.nl/?url=https%3A%2F%2Fi.ibb.co%2FHThtPv97%2FAxion-12-brown.png&output=webp&q=78
Axion 12,DTZ085X,36V DC,300mA,4000k, CRI>97,Φ83*H71mm,36°,12W,AJ/CG,ARAS1275/40/36/COF,R-41159492,IS 10322 (PART 5/SEC1):2012,7499,"Guangdong Sat Technology Co. Ltd., No. 11 Lianbao Rd, Shengfeng District, Xiaolan Town, Zhongshan City, Guangdong, China – 528400",https://wsrv.nl/?url=https%3A%2F%2Fi.ibb.co%2FFL7Jg6YM%2FAxion-12-coffee.png&output=webp&q=78
Axion 12,DTZ085X,36V DC,300mA,4000k, CRI>97,Φ83*H71mm,36°,12W,AJ/CG,ARAS1275/40/36/DGR,R-41159492,IS 10322 (PART 5/SEC1):2012,7499,"Guangdong Sat Technology Co. Ltd., No. 11 Lianbao Rd, Shengfeng District, Xiaolan Town, Zhongshan City, Guangdong, China – 528400",https://wsrv.nl/?url=https%3A%2F%2Fi.ibb.co%2F8gcGkpCR%2FAxion-12-dark-gray-default-001.png&output=webp&q=78
Axion 12,DTZ085X,36V DC,300mA,4000k, CRI>97,Φ83*H71mm,36°,12W,AJ/CG,ARAS1275/40/36/BB,R-41159492,IS 10322 (PART 5/SEC1):2012,7499,"Guangdong Sat Technology Co. Ltd., No. 11 Lianbao Rd, Shengfeng District, Xiaolan Town, Zhongshan City, Guangdong, China – 528400",https://wsrv.nl/?url=https%3A%2F%2Fi.ibb.co%2FHDvw1xTw%2FAxion-12-ballet-blue.png&output=webp&q=78
Axion 12,DTZ085X,36V DC,300mA,4000k, CRI>97,Φ83*H71mm,36°,12W,AJ/CG,ARAS1275/40/36/CH,R-41159492,IS 10322 (PART 5/SEC1):2012,7499,"Guangdong Sat Technology Co. Ltd., No. 11 Lianbao Rd, Shengfeng District, Xiaolan Town, Zhongshan City, Guangdong, China – 528400",https://wsrv.nl/?url=https%3A%2F%2Fi.ibb.co%2Fs97FXBb1%2FAxion-12-chrome.png&output=webp&q=78
Axion 12,DTZ085X,36V DC,300mA,4000k, CRI>97,Φ83*H71mm,36°,12W,AJ/CG,ARAS1275/40/36/CHB,R-41159492,IS 10322 (PART 5/SEC1):2012,7499,"Guangdong Sat Technology Co. Ltd., No. 11 Lianbao Rd, Shengfeng District, Xiaolan Town, Zhongshan City, Guangdong, China – 528400",https://wsrv.nl/?url=https%3A%2F%2Fi.ibb.co%2FGffHF8Jq%2FAxion-12-chrome-black.png&output=webp&q=78
Axion 12,DTZ085X,36V DC,300mA,5000k, CRI>97,Φ83*H71mm,36°,12W,AJ/CG,ARAS1275/50/36/W,R-41159492,IS 10322 (PART 5/SEC1):2012,6499,"Guangdong Sat Technology Co. Ltd., No. 11 Lianbao Rd, Shengfeng District, Xiaolan Town, Zhongshan City, Guangdong, China – 528400",https://wsrv.nl/?url=https%3A%2F%2Fi.ibb.co%2FBpXbtzT%2FAxion-12-white.png&output=webp&q=78
Axion 12,DTZ085X,36V DC,300mA,5000k, CRI>97,Φ83*H71mm,36°,12W,AJ/CG,ARAS1275/50/36/B,R-41159492,IS 10322 (PART 5/SEC1):2012,6499,"Guangdong Sat Technology Co. Ltd., No. 11 Lianbao Rd, Shengfeng District, Xiaolan Town, Zhongshan City, Guangdong, China – 528400",https://wsrv.nl/?url=https%3A%2F%2Fi.ibb.co%2FSDjR2mPq%2FAxion-12-mat-black-default.png&output=webp&q=78
Axion 12,DTZ085X,36V DC,300mA,5000k, CRI>97,Φ83*H71mm,36°,12W,AJ/CG,ARAS1275/50/36/CG,R-41159492,IS 10322 (PART 5/SEC1):2012,7499,"Guangdong Sat Technology Co. Ltd., No. 11 Lianbao Rd, Shengfeng District, Xiaolan Town, Zhongshan City, Guangdong, China – 528400",https://wsrv.nl/?url=https%3A%2F%2Fi.ibb.co%2F1JJ653Vm%2FAxion-12-champeing-gold.png&output=webp&q=78
Axion 12,DTZ085X,36V DC,300mA,5000k, CRI>97,Φ83*H71mm,36°,12W,AJ/CG,ARAS1275/50/36/RG,R-41159492,IS 10322 (PART 5/SEC1):2012,7499,"Guangdong Sat Technology Co. Ltd., No. 11 Lianbao Rd, Shengfeng District, Xiaolan Town, Zhongshan City, Guangdong, China – 528400",https://wsrv.nl/?url=https%3A%2F%2Fi.ibb.co%2FNdqf580b%2FAxion-12-rose-gold.png&output=webp&q=78
Axion 12,DTZ085X,36V DC,300mA,5000k, CRI>97,Φ83*H71mm,36°,12W,AJ/CG,ARAS1275/50/36/BR,R-41159492,IS 10322 (PART 5/SEC1):2012,7499,"Guangdong Sat Technology Co. Ltd., No. 11 Lianbao Rd, Shengfeng District, Xiaolan Town, Zhongshan City, Guangdong, China – 528400",https://wsrv.nl/?url=https%3A%2F%2Fi.ibb.co%2FHThtPv97%2FAxion-12-brown.png&output=webp&q=78
Axion 12,DTZ085X,36V DC,300mA,5000k, CRI>97,Φ83*H71mm,36°,12W,AJ/CG,ARAS1275/50/36/COF,R-41159492,IS 10322 (PART 5/SEC1):2012,7499,"Guangdong Sat Technology Co. Ltd., No. 11 Lianbao Rd, Shengfeng District, Xiaolan Town, Zhongshan City, Guangdong, China – 528400",https://wsrv.nl/?url=https%3A%2F%2Fi.ibb.co%2FFL7Jg6YM%2FAxion-12-coffee.png&output=webp&q=78
Axion 12,DTZ085X,36V DC,300mA,5000k, CRI>97,Φ83*H71mm,36°,12W,AJ/CG,ARAS1275/50/36/DGR,R-41159492,IS 10322 (PART 5/SEC1):2012,7499,"Guangdong Sat Technology Co. Ltd., No. 11 Lianbao Rd, Shengfeng District, Xiaolan Town, Zhongshan City, Guangdong, China – 528400",https://wsrv.nl/?url=https%3A%2F%2Fi.ibb.co%2F8gcGkpCR%2FAxion-12-dark-gray-default-001.png&output=webp&q=78
Axion 12,DTZ085X,36V DC,300mA,5000k, CRI>97,Φ83*H71mm,36°,12W,AJ/CG,ARAS1275/50/36/BB,R-41159492,IS 10322 (PART 5/SEC1):2012,7499,"Guangdong Sat Technology Co. Ltd., No. 11 Lianbao Rd, Shengfeng District, Xiaolan Town, Zhongshan City, Guangdong, China – 528400",https://wsrv.nl/?url=https%3A%2F%2Fi.ibb.co%2FHDvw1xTw%2FAxion-12-ballet-blue.png&output=webp&q=78
Axion 12,DTZ085X,36V DC,300mA,5000k, CRI>97,Φ83*H71mm,36°,12W,AJ/CG,ARAS1275/50/36/CH,R-41159492,IS 10322 (PART 5/SEC1):2012,7499,"Guangdong Sat Technology Co. Ltd., No. 11 Lianbao Rd, Shengfeng District, Xiaolan Town, Zhongshan City, Guangdong, China – 528400",https://wsrv.nl/?url=https%3A%2F%2Fi.ibb.co%2Fs97FXBb1%2FAxion-12-chrome.png&output=webp&q=78
Axion 12,DTZ085X,36V DC,300mA,5000k, CRI>97,Φ83*H71mm,36°,12W,AJ/CG,ARAS1275/50/36/CHB,R-41159492,IS 10322 (PART 5/SEC1):2012,7499,"Guangdong Sat Technology Co. Ltd., No. 11 Lianbao Rd, Shengfeng District, Xiaolan Town, Zhongshan City, Guangdong, China – 528400",https://wsrv.nl/?url=https%3A%2F%2Fi.ibb.co%2FGffHF8Jq%2FAxion-12-chrome-black.png&output=webp&q=78
Axion 12 Tunable,DTZ085X,36V DC,300mA,2700K~6500K, CRI>97,Φ83*H71mm,24°,12W,AJ/CG,ARAS1275/CT/24/W,R-41159492,IS 10322 (PART 5/SEC1):2012,7699,"Guangdong Sat Technology Co. Ltd., No. 11 Lianbao Rd, Shengfeng District, Xiaolan Town, Zhongshan City, Guangdong, China – 528400",https://wsrv.nl/?url=https%3A%2F%2Fi.ibb.co%2FBpXbtzT%2FAxion-12-white.png&output=webp&q=78
Axion 12 Tunable,DTZ085X,36V DC,300mA,2700K~6500K, CRI>97,Φ83*H71mm,24°,12W,AJ/CG,ARAS1275/CT/24/B,R-41159492,IS 10322 (PART 5/SEC1):2012,7699,"Guangdong Sat Technology Co. Ltd., No. 11 Lianbao Rd, Shengfeng District, Xiaolan Town, Zhongshan City, Guangdong, China – 528400",https://wsrv.nl/?url=https%3A%2F%2Fi.ibb.co%2FSDjR2mPq%2FAxion-12-mat-black-default.png&output=webp&q=78
Axion 12 Tunable,DTZ085X,36V DC,300mA,2700K~6500K, CRI>97,Φ83*H71mm,24°,12W,AJ/CG,ARAS1275/CT/24/CG,R-41159492,IS 10322 (PART 5/SEC1):2012,8699,"Guangdong Sat Technology Co. Ltd., No. 11 Lianbao Rd, Shengfeng District, Xiaolan Town, Zhongshan City, Guangdong, China – 528400",https://wsrv.nl/?url=https%3A%2F%2Fi.ibb.co%2F1JJ653Vm%2FAxion-12-champeing-gold.png&output=webp&q=78
Axion 12 Tunable,DTZ085X,36V DC,300mA,2700K~6500K, CRI>97,Φ83*H71mm,24°,12W,AJ/CG,ARAS1275/CT/24/RG,R-41159492,IS 10322 (PART 5/SEC1):2012,8699,"Guangdong Sat Technology Co. Ltd., No. 11 Lianbao Rd, Shengfeng District, Xiaolan Town, Zhongshan City, Guangdong, China – 528400",https://wsrv.nl/?url=https%3A%2F%2Fi.ibb.co%2FNdqf580b%2FAxion-12-rose-gold.png&output=webp&q=78
Axion 12 Tunable,DTZ085X,36V DC,300mA,2700K~6500K, CRI>97,Φ83*H71mm,24°,12W,AJ/CG,ARAS1275/CT/24/BR,R-41159492,IS 10322 (PART 5/SEC1):2012,8699,"Guangdong Sat Technology Co. Ltd., No. 11 Lianbao Rd, Shengfeng District, Xiaolan Town, Zhongshan City, Guangdong, China – 528400",https://wsrv.nl/?url=https%3A%2F%2Fi.ibb.co%2FHThtPv97%2FAxion-12-brown.png&output=webp&q=78
Axion 12 Tunable,DTZ085X,36V DC,300mA,2700K~6500K, CRI>97,Φ83*H71mm,24°,12W,AJ/CG,ARAS1275/CT/24/COF,R-41159492,IS 10322 (PART 5/SEC1):2012,8699,"Guangdong Sat Technology Co. Ltd., No. 11 Lianbao Rd, Shengfeng District, Xiaolan Town, Zhongshan City, Guangdong, China – 528400",https://wsrv.nl/?url=https%3A%2F%2Fi.ibb.co%2FFL7Jg6YM%2FAxion-12-coffee.png&output=webp&q=78
Axion 12 Tunable,DTZ085X,36V DC,300mA,2700K~6500K, CRI>97,Φ83*H71mm,24°,12W,AJ/CG,ARAS1275/CT/24/DGR,R-41159492,IS 10322 (PART 5/SEC1):2012,8699,"Guangdong Sat Technology Co. Ltd., No. 11 Lianbao Rd, Shengfeng District, Xiaolan Town, Zhongshan City, Guangdong, China – 528400",https://wsrv.nl/?url=https%3A%2F%2Fi.ibb.co%2F8gcGkpCR%2FAxion-12-dark-gray-default-001.png&output=webp&q=78
Axion 12 Tunable,DTZ085X,36V DC,300mA,2700K~6500K, CRI>97,Φ83*H71mm,24°,12W,AJ/CG,ARAS1275/CT/24/BB,R-41159492,IS 10322 (PART 5/SEC1):2012,8699,"Guangdong Sat Technology Co. Ltd., No. 11 Lianbao Rd, Shengfeng District, Xiaolan Town, Zhongshan City, Guangdong, China – 528400",https://wsrv.nl/?url=https%3A%2F%2Fi.ibb.co%2FHDvw1xTw%2FAxion-12-ballet-blue.png&output=webp&q=78
Axion 12 Tunable,DTZ085X,36V DC,300mA,2700K~6500K, CRI>97,Φ83*H71mm,24°,12W,AJ/CG,ARAS1275/CT/24/CH,R-41159492,IS 10322 (PART 5/SEC1):2012,8699,"Guangdong Sat Technology Co. Ltd., No. 11 Lianbao Rd, Shengfeng District, Xiaolan Town, Zhongshan City, Guangdong, China – 528400",https://wsrv.nl/?url=https%3A%2F%2Fi.ibb.co%2Fs97FXBb1%2FAxion-12-chrome.png&output=webp&q=78
Axion 12 Tunable,DTZ085X,36V DC,300mA,2700K~6500K, CRI>97,Φ83*H71mm,24°,12W,AJ/CG,ARAS1275/CT/24/CHB,R-41159492,IS 10322 (PART 5/SEC1):2012,8699,"Guangdong Sat Technology Co. Ltd., No. 11 Lianbao Rd, Shengfeng District, Xiaolan Town, Zhongshan City, Guangdong, China – 528400",https://wsrv.nl/?url=https%3A%2F%2Fi.ibb.co%2FGffHF8Jq%2FAxion-12-chrome-black.png&output=webp&q=78
Axion 12 Tunable,DTZ085X,36V DC,300mA,2700K~6500K, CRI>97,Φ83*H71mm,36°,12W,AJ/CG,ARAS1275/CT/36/W,R-41159492,IS 10322 (PART 5/SEC1):2012,7699,"Guangdong Sat Technology Co. Ltd., No. 11 Lianbao Rd, Shengfeng District, Xiaolan Town, Zhongshan City, Guangdong, China – 528400",https://wsrv.nl/?url=https%3A%2F%2Fi.ibb.co%2FBpXbtzT%2FAxion-12-white.png&output=webp&q=78
Axion 12 Tunable,DTZ085X,36V DC,300mA,2700K~6500K, CRI>97,Φ83*H71mm,36°,12W,AJ/CG,ARAS1275/CT/36/B,R-41159492,IS 10322 (PART 5/SEC1):2012,7699,"Guangdong Sat Technology Co. Ltd., No. 11 Lianbao Rd, Shengfeng District, Xiaolan Town, Zhongshan City, Guangdong, China – 528400",https://wsrv.nl/?url=https%3A%2F%2Fi.ibb.co%2FSDjR2mPq%2FAxion-12-mat-black-default.png&output=webp&q=78
Axion 12 Tunable,DTZ085X,36V DC,300mA,2700K~6500K, CRI>97,Φ83*H71mm,36°,12W,AJ/CG,ARAS1275/CT/36/CG,R-41159492,IS 10322 (PART 5/SEC1):2012,8699,"Guangdong Sat Technology Co. Ltd., No. 11 Lianbao Rd, Shengfeng District, Xiaolan Town, Zhongshan City, Guangdong, China – 528400",https://wsrv.nl/?url=https%3A%2F%2Fi.ibb.co%2F1JJ653Vm%2FAxion-12-champeing-gold.png&output=webp&q=78
Axion 12 Tunable,DTZ085X,36V DC,300mA,2700K~6500K, CRI>97,Φ83*H71mm,36°,12W,AJ/CG,ARAS1275/CT/36/RG,R-41159492,IS 10322 (PART 5/SEC1):2012,8699,"Guangdong Sat Technology Co. Ltd., No. 11 Lianbao Rd, Shengfeng District, Xiaolan Town, Zhongshan City, Guangdong, China – 528400",https://wsrv.nl/?url=https%3A%2F%2Fi.ibb.co%2FNdqf580b%2FAxion-12-rose-gold.png&output=webp&q=78
Axion 12 Tunable,DTZ085X,36V DC,300mA,2700K~6500K, CRI>97,Φ83*H71mm,36°,12W,AJ/CG,ARAS1275/CT/36/BR,R-41159492,IS 10322 (PART 5/SEC1):2012,8699,"Guangdong Sat Technology Co. Ltd., No. 11 Lianbao Rd, Shengfeng District, Xiaolan Town, Zhongshan City, Guangdong, China – 528400",https://wsrv.nl/?url=https%3A%2F%2Fi.ibb.co%2FHThtPv97%2FAxion-12-brown.png&output=webp&q=78
Axion 12 Tunable,DTZ085X,36V DC,300mA,2700K~6500K, CRI>97,Φ83*H71mm,36°,12W,AJ/CG,ARAS1275/CT/36/COF,R-41159492,IS 10322 (PART 5/SEC1):2012,8699,"Guangdong Sat Technology Co. Ltd., No. 11 Lianbao Rd, Shengfeng District, Xiaolan Town, Zhongshan City, Guangdong, China – 528400",https://wsrv.nl/?url=https%3A%2F%2Fi.ibb.co%2FFL7Jg6YM%2FAxion-12-coffee.png&output=webp&q=78
Axion 12 Tunable,DTZ085X,36V DC,300mA,2700K~6500K, CRI>97,Φ83*H71mm,36°,12W,AJ/CG,ARAS1275/CT/36/DGR,R-41159492,IS 10322 (PART 5/SEC1):2012,8699,"Guangdong Sat Technology Co. Ltd., No. 11 Lianbao Rd, Shengfeng District, Xiaolan Town, Zhongshan City, Guangdong, China – 528400",https://wsrv.nl/?url=https%3A%2F%2Fi.ibb.co%2F8gcGkpCR%2FAxion-12-dark-gray-default-001.png&output=webp&q=78
Axion 12 Tunable,DTZ085X,36V DC,300mA,2700K~6500K, CRI>97,Φ83*H71mm,36°,12W,AJ/CG,ARAS1275/CT/36/BB,R-41159492,IS 10322 (PART 5/SEC1):2012,8699,"Guangdong Sat Technology Co. Ltd., No. 11 Lianbao Rd, Shengfeng District, Xiaolan Town, Zhongshan City, Guangdong, China – 528400",https://wsrv.nl/?url=https%3A%2F%2Fi.ibb.co%2FHDvw1xTw%2FAxion-12-ballet-blue.png&output=webp&q=78
Axion 12 Tunable,DTZ085X,36V DC,300mA,2700K~6500K, CRI>97,Φ83*H71mm,36°,12W,AJ/CG,ARAS1275/CT/36/CH,R-41159492,IS 10322 (PART 5/SEC1):2012,8699,"Guangdong Sat Technology Co. Ltd., No. 11 Lianbao Rd, Shengfeng District, Xiaolan Town, Zhongshan City, Guangdong, China – 528400",https://wsrv.nl/?url=https%3A%2F%2Fi.ibb.co%2Fs97FXBb1%2FAxion-12-chrome.png&output=webp&q=78
Axion 12 Tunable,DTZ085X,36V DC,300mA,2700K~6500K, CRI>97,Φ83*H71mm,36°,12W,AJ/CG,ARAS1275/CT/36/CHB,R-41159492,IS 10322 (PART 5/SEC1):2012,8699,"Guangdong Sat Technology Co. Ltd., No. 11 Lianbao Rd, Shengfeng District, Xiaolan Town, Zhongshan City, Guangdong, China – 528400",https://wsrv.nl/?url=https%3A%2F%2Fi.ibb.co%2FGffHF8Jq%2FAxion-12-chrome-black.png&output=webp&q=78
