Name,Item No,Vf,Imax,CCT,CRI,Cutout,Beam Angle,Wattage,Batch Code,Stock Code,BIS No,BIS SEC,MRP,MFG BY,IMAGE
Kappa 10,ATFL1030,48V DC,NA,2700K, CRI>97, L300*W21.5*H47mm,110°,9W,AJ/CG,ATFL1030/27,R-41231258,IS 10322 (PART 5/SEC 1) : 2012,11699,"Guangdong Sat Technology Co. Ltd., No. 11 Lianbao Rd, Shengfeng District, Xiaolan Town, Zhongshan City, Guangdong, China – 528400",https://wsrv.nl/?url=https%3A%2F%2Fi.ibb.co%2F3mpJmJcv%2Fkappa-10-black.png&output=webp&q=78
Kappa 10,ATFL1030,48V DC,NA,3000K, CRI>97, L300*W21.5*H47mm,110°,9W,AJ/CG,ATFL1030/30,R-41231258,IS 10322 (PART 5/SEC 1) : 2012,11699,"Guangdong Sat Technology Co. Ltd., No. 11 Lianbao Rd, Shengfeng District, Xiaolan Town, Zhongshan City, Guangdong, China – 528400",https://wsrv.nl/?url=https%3A%2F%2Fi.ibb.co%2F3mpJmJcv%2Fkappa-10-black.png&output=webp&q=78
Kappa 10,ATFL1030,48V DC,NA,3500K, CRI>97, L300*W21.5*H47mm,110°,9W,AJ/CG,ATFL1030/35,R-41231258,IS 10322 (PART 5/SEC 1) : 2012,11699,"Guangdong Sat Technology Co. Ltd., No. 11 Lianbao Rd, Shengfeng District, Xiaolan Town, Zhongshan City, Guangdong, China – 528400",https://wsrv.nl/?url=https%3A%2F%2Fi.ibb.co%2F3mpJmJcv%2Fkappa-10-black.png&output=webp&q=78
Kappa 10,ATFL1030,48V DC,NA,40000K, CRI>97, L300*W21.5*H47mm,110°,9W,AJ/CG,ATFL1030/40,R-41231258,IS 10322 (PART 5/SEC 1) : 2012,11699,"Guangdong Sat Technology Co. Ltd., No. 11 Lianbao Rd, Shengfeng District, Xiaolan Town, Zhongshan City, Guangdong, China – 528400",https://wsrv.nl/?url=https%3A%2F%2Fi.ibb.co%2F3mpJmJcv%2Fkappa-10-black.png&output=webp&q=78
Kappa 10,ATFL1030,48V DC,NA,5000K, CRI>97, L300*W21.5*H47mm,110°,9W,AJ/CG,ATFL1030/50,R-41231258,IS 10322 (PART 5/SEC 1) : 2012,11699,"Guangdong Sat Technology Co. Ltd., No. 11 Lianbao Rd, Shengfeng District, Xiaolan Town, Zhongshan City, Guangdong, China – 528400",https://wsrv.nl/?url=https%3A%2F%2Fi.ibb.co%2F3mpJmJcv%2Fkappa-10-black.png&output=webp&q=78
Kappa 10,ATFL1030,48V DC,NA,2700K, CRI>97, L300*W21.5*H47mm,110°,9W,AJ/CG,ATFL1030/27/W,R-41231258,IS 10322 (PART 5/SEC 1) : 2012,11699,"Guangdong Sat Technology Co. Ltd., No. 11 Lianbao Rd, Shengfeng District, Xiaolan Town, Zhongshan City, Guangdong, China – 528400",https://wsrv.nl/?url=https%3A%2F%2Fi.ibb.co%2FC58D7D2p%2Fkappa-10-white.png&output=webp&q=78
Kappa 10,ATFL1030,48V DC,NA,3000K, CRI>97, L300*W21.5*H47mm,110°,9W,AJ/CG,ATFL1030/30/W,R-41231258,IS 10322 (PART 5/SEC 1) : 2012,11699,"Guangdong Sat Technology Co. Ltd., No. 11 Lianbao Rd, Shengfeng District, Xiaolan Town, Zhongshan City, Guangdong, China – 528400",https://wsrv.nl/?url=https%3A%2F%2Fi.ibb.co%2FC58D7D2p%2Fkappa-10-white.png&output=webp&q=78
Kappa 10,ATFL1030,48V DC,NA,3500K, CRI>97, L300*W21.5*H47mm,110°,9W,AJ/CG,ATFL1030/35/W,R-41231258,IS 10322 (PART 5/SEC 1) : 2012,11699,"Guangdong Sat Technology Co. Ltd., No. 11 Lianbao Rd, Shengfeng District, Xiaolan Town, Zhongshan City, Guangdong, China – 528400",https://wsrv.nl/?url=https%3A%2F%2Fi.ibb.co%2FC58D7D2p%2Fkappa-10-white.png&output=webp&q=78
Kappa 10,ATFL1030,48V DC,NA,40000K, CRI>97, L300*W21.5*H47mm,110°,9W,AJ/CG,ATFL1030/40/W,R-41231258,IS 10322 (PART 5/SEC 1) : 2012,11699,"Guangdong Sat Technology Co. Ltd., No. 11 Lianbao Rd, Shengfeng District, Xiaolan Town, Zhongshan City, Guangdong, China – 528400",https://wsrv.nl/?url=https%3A%2F%2Fi.ibb.co%2FC58D7D2p%2Fkappa-10-white.png&output=webp&q=78
Kappa 10,ATFL1030,48V DC,NA,5000K, CRI>97, L300*W21.5*H47mm,110°,9W,AJ/CG,ATFL1030/50/W,R-41231258,IS 10322 (PART 5/SEC 1) : 2012,11699,"Guangdong Sat Technology Co. Ltd., No. 11 Lianbao Rd, Shengfeng District, Xiaolan Town, Zhongshan City, Guangdong, China – 528400",https://wsrv.nl/?url=https%3A%2F%2Fi.ibb.co%2FC58D7D2p%2Fkappa-10-white.png&output=webp&q=78
Kappa 10 Tunable,ATFL1030,48V DC,NA,2700K~6500K, CRI>97, L300*W21.5*H47mm,110°,9W,AJ/CG,ATFL1030/CT,R-41231258,IS 10322 (PART 5/SEC 1) : 2012,12899,"Guangdong Sat Technology Co. Ltd., No. 11 Lianbao Rd, Shengfeng District, Xiaolan Town, Zhongshan City, Guangdong, China – 528400",https://wsrv.nl/?url=https%3A%2F%2Fi.ibb.co%2F3mpJmJcv%2Fkappa-10-black.png&output=webp&q=78
Kappa 10 Tunable,ATFL1030,48V DC,NA,2700K~6500K, CRI>97, L300*W21.5*H47mm,110°,9W,AJ/CG,ATFL1030/CT/W,R-41231258,IS 10322 (PART 5/SEC 1) : 2012,12899,"Guangdong Sat Technology Co. Ltd., No. 11 Lianbao Rd, Shengfeng District, Xiaolan Town, Zhongshan City, Guangdong, China – 528400",https://wsrv.nl/?url=https%3A%2F%2Fi.ibb.co%2F3mpJmJcv%2Fkappa-10-black.png&output=webp&q=78
Kappa 20,ATFL2060,48V DC,NA,2700K, CRI>97,L600*W22.2*H47.8mm,110°,20W,AJ/CG,ATFL2060/27,R-41231258,IS 10322 (PART 5/SEC 1) : 2012,14099,"Guangdong Sat Technology Co. Ltd., No. 11 Lianbao Rd, Shengfeng District, Xiaolan Town, Zhongshan City, Guangdong, China – 528400",https://wsrv.nl/?url=https%3A%2F%2Fi.ibb.co%2F9kt89nTW%2FKappa-20.png&output=webp&q=78
Kappa 20,ATFL2060,48V DC,NA,3000K, CRI>97,L600*W22.2*H47.8mm,110°,20W,AJ/CG,ATFL2060/30,R-41231258,IS 10322 (PART 5/SEC 1) : 2012,14099,"Guangdong Sat Technology Co. Ltd., No. 11 Lianbao Rd, Shengfeng District, Xiaolan Town, Zhongshan City, Guangdong, China – 528400",https://wsrv.nl/?url=https%3A%2F%2Fi.ibb.co%2F9kt89nTW%2FKappa-20.png&output=webp&q=78
Kappa 20,ATFL2060,48V DC,NA,3500K, CRI>97,L600*W22.2*H47.8mm,110°,20W,AJ/CG,ATFL2060/35,R-41231258,IS 10322 (PART 5/SEC 1) : 2012,14099,"Guangdong Sat Technology Co. Ltd., No. 11 Lianbao Rd, Shengfeng District, Xiaolan Town, Zhongshan City, Guangdong, China – 528400",https://wsrv.nl/?url=https%3A%2F%2Fi.ibb.co%2F9kt89nTW%2FKappa-20.png&output=webp&q=78
Kappa 20,ATFL2060,48V DC,NA,40000K, CRI>97,L600*W22.2*H47.8mm,110°,20W,AJ/CG,ATFL2060/40,R-41231258,IS 10322 (PART 5/SEC 1) : 2012,14099,"Guangdong Sat Technology Co. Ltd., No. 11 Lianbao Rd, Shengfeng District, Xiaolan Town, Zhongshan City, Guangdong, China – 528400",https://wsrv.nl/?url=https%3A%2F%2Fi.ibb.co%2F9kt89nTW%2FKappa-20.png&output=webp&q=78
Kappa 20,ATFL2060,48V DC,NA,5000K, CRI>97,L600*W22.2*H47.8mm,110°,20W,AJ/CG,ATFL2060/50,R-41231258,IS 10322 (PART 5/SEC 1) : 2012,14099,"Guangdong Sat Technology Co. Ltd., No. 11 Lianbao Rd, Shengfeng District, Xiaolan Town, Zhongshan City, Guangdong, China – 528400",https://wsrv.nl/?url=https%3A%2F%2Fi.ibb.co%2F9kt89nTW%2FKappa-20.png&output=webp&q=78
Kappa 20,ATFL2060,48V DC,NA,2700K, CRI>97,L600*W22.2*H47.8mm,110°,20W,AJ/CG,ATFL2060/27/W,R-41231258,IS 10322 (PART 5/SEC 1) : 2012,14099,"Guangdong Sat Technology Co. Ltd., No. 11 Lianbao Rd, Shengfeng District, Xiaolan Town, Zhongshan City, Guangdong, China – 528400",https://wsrv.nl/?url=https%3A%2F%2Fi.ibb.co%2FR4St3cbS%2FKappa-white-20.png&output=webp&q=78
Kappa 20,ATFL2060,48V DC,NA,3000K, CRI>97,L600*W22.2*H47.8mm,110°,20W,AJ/CG,ATFL2060/30/W,R-41231258,IS 10322 (PART 5/SEC 1) : 2012,14099,"Guangdong Sat Technology Co. Ltd., No. 11 Lianbao Rd, Shengfeng District, Xiaolan Town, Zhongshan City, Guangdong, China – 528400",https://wsrv.nl/?url=https%3A%2F%2Fi.ibb.co%2FR4St3cbS%2FKappa-white-20.png&output=webp&q=78
Kappa 20,ATFL2060,48V DC,NA,3500K, CRI>97,L600*W22.2*H47.8mm,110°,20W,AJ/CG,ATFL2060/35/W,R-41231258,IS 10322 (PART 5/SEC 1) : 2012,14099,"Guangdong Sat Technology Co. Ltd., No. 11 Lianbao Rd, Shengfeng District, Xiaolan Town, Zhongshan City, Guangdong, China – 528400",https://wsrv.nl/?url=https%3A%2F%2Fi.ibb.co%2FR4St3cbS%2FKappa-white-20.png&output=webp&q=78
Kappa 20,ATFL2060,48V DC,NA,40000K, CRI>97,L600*W22.2*H47.8mm,110°,20W,AJ/CG,ATFL2060/40/W,R-41231258,IS 10322 (PART 5/SEC 1) : 2012,14099,"Guangdong Sat Technology Co. Ltd., No. 11 Lianbao Rd, Shengfeng District, Xiaolan Town, Zhongshan City, Guangdong, China – 528400",https://wsrv.nl/?url=https%3A%2F%2Fi.ibb.co%2FR4St3cbS%2FKappa-white-20.png&output=webp&q=78
Kappa 20,ATFL2060,48V DC,NA,5000K, CRI>97,L600*W22.2*H47.8mm,110°,20W,AJ/CG,ATFL2060/50/W,R-41231258,IS 10322 (PART 5/SEC 1) : 2012,14099,"Guangdong Sat Technology Co. Ltd., No. 11 Lianbao Rd, Shengfeng District, Xiaolan Town, Zhongshan City, Guangdong, China – 528400",https://wsrv.nl/?url=https%3A%2F%2Fi.ibb.co%2FR4St3cbS%2FKappa-white-20.png&output=webp&q=78
Kappa 20 Tunable,ATFL2060,48V DC,NA,2700K~6500K, CRI>97,L600*W22.2*H47.8mm,110°,20W,AJ/CG,ATFL2060/CT,R-41231258,IS 10322 (PART 5/SEC 1) : 2012,15299,"Guangdong Sat Technology Co. Ltd., No. 11 Lianbao Rd, Shengfeng District, Xiaolan Town, Zhongshan City, Guangdong, China – 528400",https://wsrv.nl/?url=https%3A%2F%2Fi.ibb.co%2F9kt89nTW%2FKappa-20.png&output=webp&q=78
Kappa 20 Tunable,ATFL2060,48V DC,NA,2700K~6500K, CRI>97,L600*W22.2*H47.8mm,110°,20W,AJ/CG,ATFL2060/CT/W,R-41231258,IS 10322 (PART 5/SEC 1) : 2012,15299,"Guangdong Sat Technology Co. Ltd., No. 11 Lianbao Rd, Shengfeng District, Xiaolan Town, Zhongshan City, Guangdong, China – 528400",https://wsrv.nl/?url=https%3A%2F%2Fi.ibb.co%2FR4St3cbS%2FKappa-white-20.png&output=webp&q=78
Mirach 6,ATFS0711,48V DC,NA,2700K, CRI>97, L118*W22.2*H46.8mm,30°,6W,AJ/CG,ATFS0711/27,R-41231258,IS 10322 (PART 5/SEC 1) : 2012,11999,"Guangdong Sat Technology Co. Ltd., No. 11 Lianbao Rd, Shengfeng District, Xiaolan Town, Zhongshan City, Guangdong, China – 528400",https://wsrv.nl/?url=https%3A%2F%2Fi.ibb.co%2FW4C99s81%2FMirach-6-black.png&output=webp&q=78
Mirach 6,ATFS0711,48V DC,NA,3000K, CRI>97, L118*W22.2*H46.8mm,30°,6W,AJ/CG,ATFS0711/30,R-41231258,IS 10322 (PART 5/SEC 1) : 2012,11999,"Guangdong Sat Technology Co. Ltd., No. 11 Lianbao Rd, Shengfeng District, Xiaolan Town, Zhongshan City, Guangdong, China – 528400",https://wsrv.nl/?url=https%3A%2F%2Fi.ibb.co%2FW4C99s81%2FMirach-6-black.png&output=webp&q=78
Mirach 6,ATFS0711,48V DC,NA,3500K, CRI>97, L118*W22.2*H46.8mm,30°,6W,AJ/CG,ATFS0711/35,R-41231258,IS 10322 (PART 5/SEC 1) : 2012,11999,"Guangdong Sat Technology Co. Ltd., No. 11 Lianbao Rd, Shengfeng District, Xiaolan Town, Zhongshan City, Guangdong, China – 528400",https://wsrv.nl/?url=https%3A%2F%2Fi.ibb.co%2FW4C99s81%2FMirach-6-black.png&output=webp&q=78
Mirach 6,ATFS0711,48V DC,NA,40000K, CRI>97, L118*W22.2*H46.8mm,30°,6W,AJ/CG,ATFS0711/40,R-41231258,IS 10322 (PART 5/SEC 1) : 2012,11999,"Guangdong Sat Technology Co. Ltd., No. 11 Lianbao Rd, Shengfeng District, Xiaolan Town, Zhongshan City, Guangdong, China – 528400",https://wsrv.nl/?url=https%3A%2F%2Fi.ibb.co%2FW4C99s81%2FMirach-6-black.png&output=webp&q=78
Mirach 6,ATFS0711,48V DC,NA,5000K, CRI>97, L118*W22.2*H46.8mm,30°,6W,AJ/CG,ATFS0711/50,R-41231258,IS 10322 (PART 5/SEC 1) : 2012,11999,"Guangdong Sat Technology Co. Ltd., No. 11 Lianbao Rd, Shengfeng District, Xiaolan Town, Zhongshan City, Guangdong, China – 528400",https://wsrv.nl/?url=https%3A%2F%2Fi.ibb.co%2FW4C99s81%2FMirach-6-black.png&output=webp&q=78
Mirach 6,ATFS0711,48V DC,NA,2700K, CRI>97, L118*W22.2*H46.8mm,30°,6W,AJ/CG,ATFS0711/27/W,R-41231258,IS 10322 (PART 5/SEC 1) : 2012,11999,"Guangdong Sat Technology Co. Ltd., No. 11 Lianbao Rd, Shengfeng District, Xiaolan Town, Zhongshan City, Guangdong, China – 528400",https://wsrv.nl/?url=https%3A%2F%2Fi.ibb.co%2Fvx4hx51C%2FMirach-6-White.png&output=webp&q=78
Mirach 6,ATFS0711,48V DC,NA,3000K, CRI>97, L118*W22.2*H46.8mm,30°,6W,AJ/CG,ATFS0711/30/W,R-41231258,IS 10322 (PART 5/SEC 1) : 2012,11999,"Guangdong Sat Technology Co. Ltd., No. 11 Lianbao Rd, Shengfeng District, Xiaolan Town, Zhongshan City, Guangdong, China – 528400",https://wsrv.nl/?url=https%3A%2F%2Fi.ibb.co%2Fvx4hx51C%2FMirach-6-White.png&output=webp&q=78
Mirach 6,ATFS0711,48V DC,NA,3500K, CRI>97, L118*W22.2*H46.8mm,30°,6W,AJ/CG,ATFS0711/35/W,R-41231258,IS 10322 (PART 5/SEC 1) : 2012,11999,"Guangdong Sat Technology Co. Ltd., No. 11 Lianbao Rd, Shengfeng District, Xiaolan Town, Zhongshan City, Guangdong, China – 528400",https://wsrv.nl/?url=https%3A%2F%2Fi.ibb.co%2Fvx4hx51C%2FMirach-6-White.png&output=webp&q=78
Mirach 6,ATFS0711,48V DC,NA,40000K, CRI>97, L118*W22.2*H46.8mm,30°,6W,AJ/CG,ATFS0711/40/W,R-41231258,IS 10322 (PART 5/SEC 1) : 2012,11999,"Guangdong Sat Technology Co. Ltd., No. 11 Lianbao Rd, Shengfeng District, Xiaolan Town, Zhongshan City, Guangdong, China – 528400",https://wsrv.nl/?url=https%3A%2F%2Fi.ibb.co%2Fvx4hx51C%2FMirach-6-White.png&output=webp&q=78
Mirach 6,ATFS0711,48V DC,NA,5000K, CRI>97, L118*W22.2*H46.8mm,30°,6W,AJ/CG,ATFS0711/50/W,R-41231258,IS 10322 (PART 5/SEC 1) : 2012,11999,"Guangdong Sat Technology Co. Ltd., No. 11 Lianbao Rd, Shengfeng District, Xiaolan Town, Zhongshan City, Guangdong, China – 528400",https://wsrv.nl/?url=https%3A%2F%2Fi.ibb.co%2Fvx4hx51C%2FMirach-6-White.png&output=webp&q=78
Mirach 6 Tunable,ATFS0711,48V DC,NA,2700K~6500K, CRI>97, L118*W22.2*H46.8mm,30°,6W,AJ/CG,ATFS0711/CT,R-41231258,IS 10322 (PART 5/SEC 1) : 2012,13199,"Guangdong Sat Technology Co. Ltd., No. 11 Lianbao Rd, Shengfeng District, Xiaolan Town, Zhongshan City, Guangdong, China – 528400",https://wsrv.nl/?url=https%3A%2F%2Fi.ibb.co%2FW4C99s81%2FMirach-6-black.png&output=webp&q=78
Mirach 6 Tunable,ATFS0711,48V DC,NA,2700K~6500K, CRI>97, L118*W22.2*H46.8mm,30°,6W,AJ/CG,ATFS0711/CT/W,R-41231258,IS 10322 (PART 5/SEC 1) : 2012,13199,"Guangdong Sat Technology Co. Ltd., No. 11 Lianbao Rd, Shengfeng District, Xiaolan Town, Zhongshan City, Guangdong, China – 528400",https://wsrv.nl/?url=https%3A%2F%2Fi.ibb.co%2Fvx4hx51C%2FMirach-6-White.png&output=webp&q=78
Mirach 12,ATFS1523,48V DC,NA,2700K, CRI>97,L 222*W21.5*H47mm,30°,12W,AJ/CG,ATFS1523/27,R-41231258,IS 10322 (PART 5/SEC 1) : 2012,12899,"Guangdong Sat Technology Co. Ltd., No. 11 Lianbao Rd, Shengfeng District, Xiaolan Town, Zhongshan City, Guangdong, China – 528400",https://wsrv.nl/?url=https%3A%2F%2Fi.ibb.co%2F7xy2QHYT%2Fmirach-12-black.png&output=webp&q=78
Mirach 12,ATFS1523,48V DC,NA,3000K, CRI>97,L 222*W21.5*H47mm,30°,12W,AJ/CG,ATFS1523/30,R-41231258,IS 10322 (PART 5/SEC 1) : 2012,12899,"Guangdong Sat Technology Co. Ltd., No. 11 Lianbao Rd, Shengfeng District, Xiaolan Town, Zhongshan City, Guangdong, China – 528400",https://wsrv.nl/?url=https%3A%2F%2Fi.ibb.co%2F7xy2QHYT%2Fmirach-12-black.png&output=webp&q=78
Mirach 12,ATFS1523,48V DC,NA,3500K, CRI>97,L 222*W21.5*H47mm,30°,12W,AJ/CG,ATFS1523/35,R-41231258,IS 10322 (PART 5/SEC 1) : 2012,12899,"Guangdong Sat Technology Co. Ltd., No. 11 Lianbao Rd, Shengfeng District, Xiaolan Town, Zhongshan City, Guangdong, China – 528400",https://wsrv.nl/?url=https%3A%2F%2Fi.ibb.co%2F7xy2QHYT%2Fmirach-12-black.png&output=webp&q=78
Mirach 12,ATFS1523,48V DC,NA,40000K, CRI>97,L 222*W21.5*H47mm,30°,12W,AJ/CG,ATFS1523/40,R-41231258,IS 10322 (PART 5/SEC 1) : 2012,12899,"Guangdong Sat Technology Co. Ltd., No. 11 Lianbao Rd, Shengfeng District, Xiaolan Town, Zhongshan City, Guangdong, China – 528400",https://wsrv.nl/?url=https%3A%2F%2Fi.ibb.co%2F7xy2QHYT%2Fmirach-12-black.png&output=webp&q=78
Mirach 12,ATFS1523,48V DC,NA,5000K, CRI>97,L 222*W21.5*H47mm,30°,12W,AJ/CG,ATFS1523/50,R-41231258,IS 10322 (PART 5/SEC 1) : 2012,12899,"Guangdong Sat Technology Co. Ltd., No. 11 Lianbao Rd, Shengfeng District, Xiaolan Town, Zhongshan City, Guangdong, China – 528400",https://wsrv.nl/?url=https%3A%2F%2Fi.ibb.co%2F7xy2QHYT%2Fmirach-12-black.png&output=webp&q=78
Mirach 12,ATFS1523,48V DC,NA,2700K, CRI>97,L 222*W21.5*H47mm,30°,12W,AJ/CG,ATFS1523/27/W,R-41231258,IS 10322 (PART 5/SEC 1) : 2012,12899,"Guangdong Sat Technology Co. Ltd., No. 11 Lianbao Rd, Shengfeng District, Xiaolan Town, Zhongshan City, Guangdong, China – 528400",https://wsrv.nl/?url=https%3A%2F%2Fi.ibb.co%2FB5Vhnqpf%2Fmirach-12-white.png&output=webp&q=78
Mirach 12,ATFS1523,48V DC,NA,3000K, CRI>97,L 222*W21.5*H47mm,30°,12W,AJ/CG,ATFS1523/30/W,R-41231258,IS 10322 (PART 5/SEC 1) : 2012,12899,"Guangdong Sat Technology Co. Ltd., No. 11 Lianbao Rd, Shengfeng District, Xiaolan Town, Zhongshan City, Guangdong, China – 528400",https://wsrv.nl/?url=https%3A%2F%2Fi.ibb.co%2FB5Vhnqpf%2Fmirach-12-white.png&output=webp&q=78
Mirach 12,ATFS1523,48V DC,NA,3500K, CRI>97,L 222*W21.5*H47mm,30°,12W,AJ/CG,ATFS1523/35/W,R-41231258,IS 10322 (PART 5/SEC 1) : 2012,12899,"Guangdong Sat Technology Co. Ltd., No. 11 Lianbao Rd, Shengfeng District, Xiaolan Town, Zhongshan City, Guangdong, China – 528400",https://wsrv.nl/?url=https%3A%2F%2Fi.ibb.co%2FB5Vhnqpf%2Fmirach-12-white.png&output=webp&q=78
Mirach 12,ATFS1523,48V DC,NA,40000K, CRI>97,L 222*W21.5*H47mm,30°,12W,AJ/CG,ATFS1523/40/W,R-41231258,IS 10322 (PART 5/SEC 1) : 2012,12899,"Guangdong Sat Technology Co. Ltd., No. 11 Lianbao Rd, Shengfeng District, Xiaolan Town, Zhongshan City, Guangdong, China – 528400",https://wsrv.nl/?url=https%3A%2F%2Fi.ibb.co%2FB5Vhnqpf%2Fmirach-12-white.png&output=webp&q=78
Mirach 12,ATFS1523,48V DC,NA,5000K, CRI>97,L 222*W21.5*H47mm,30°,12W,AJ/CG,ATFS1523/50/W,R-41231258,IS 10322 (PART 5/SEC 1) : 2012,12899,"Guangdong Sat Technology Co. Ltd., No. 11 Lianbao Rd, Shengfeng District, Xiaolan Town, Zhongshan City, Guangdong, China – 528400",https://wsrv.nl/?url=https%3A%2F%2Fi.ibb.co%2FB5Vhnqpf%2Fmirach-12-white.png&output=webp&q=78
Mirach 12 Tunable,ATFS1523,48V DC,NA,2700K~6500K, CRI>97,L 222*W21.5*H47mm,30°,12W,AJ/CG,ATFS1523/CT,R-41231258,IS 10322 (PART 5/SEC 1) : 2012,14099,"Guangdong Sat Technology Co. Ltd., No. 11 Lianbao Rd, Shengfeng District, Xiaolan Town, Zhongshan City, Guangdong, China – 528400",https://wsrv.nl/?url=https%3A%2F%2Fi.ibb.co%2F7xy2QHYT%2Fmirach-12-black.png&output=webp&q=78
Mirach 12 Tunable,ATFS1523,48V DC,NA,2700K~6500K, CRI>97,L 222*W21.5*H47mm,30°,12W,AJ/CG,ATFS1523/CT/W,R-41231258,IS 10322 (PART 5/SEC 1) : 2012,14099,"Guangdong Sat Technology Co. Ltd., No. 11 Lianbao Rd, Shengfeng District, Xiaolan Town, Zhongshan City, Guangdong, China – 528400",https://wsrv.nl/?url=https%3A%2F%2Fi.ibb.co%2FB5Vhnqpf%2Fmirach-12-white.png&output=webp&q=78
Almach 6,ATAS0711,48V DC,NA,2700K, CRI>97,L131*W21.5*H99mm,30°,6W,AJ/CG,ATAS0711/27,R-41231258,IS 10322 (PART 5/SEC 1) : 2012,13649,"Guangdong Sat Technology Co. Ltd., No. 11 Lianbao Rd, Shengfeng District, Xiaolan Town, Zhongshan City, Guangdong, China – 528400",https://wsrv.nl/?url=https%3A%2F%2Fi.ibb.co%2FPvHQyfKv%2Falmach-6-03-mat-black-default.png&output=webp&q=78
Almach 6,ATAS0711,48V DC,NA,3000K, CRI>97,L131*W21.5*H99mm,30°,6W,AJ/CG,ATAS0711/30,R-41231258,IS 10322 (PART 5/SEC 1) : 2012,13649,"Guangdong Sat Technology Co. Ltd., No. 11 Lianbao Rd, Shengfeng District, Xiaolan Town, Zhongshan City, Guangdong, China – 528400",https://wsrv.nl/?url=https%3A%2F%2Fi.ibb.co%2FPvHQyfKv%2Falmach-6-03-mat-black-default.png&output=webp&q=78
Almach 6,ATAS0711,48V DC,NA,3500K, CRI>97,L131*W21.5*H99mm,30°,6W,AJ/CG,ATAS0711/35,R-41231258,IS 10322 (PART 5/SEC 1) : 2012,13649,"Guangdong Sat Technology Co. Ltd., No. 11 Lianbao Rd, Shengfeng District, Xiaolan Town, Zhongshan City, Guangdong, China – 528400",https://wsrv.nl/?url=https%3A%2F%2Fi.ibb.co%2FPvHQyfKv%2Falmach-6-03-mat-black-default.png&output=webp&q=78
Almach 6,ATAS0711,48V DC,NA,40000K, CRI>97,L131*W21.5*H99mm,30°,6W,AJ/CG,ATAS0711/40,R-41231258,IS 10322 (PART 5/SEC 1) : 2012,13649,"Guangdong Sat Technology Co. Ltd., No. 11 Lianbao Rd, Shengfeng District, Xiaolan Town, Zhongshan City, Guangdong, China – 528400",https://wsrv.nl/?url=https%3A%2F%2Fi.ibb.co%2FPvHQyfKv%2Falmach-6-03-mat-black-default.png&output=webp&q=78
Almach 6,ATAS0711,48V DC,NA,5000K, CRI>97,L131*W21.5*H99mm,30°,6W,AJ/CG,ATAS0711/50,R-41231258,IS 10322 (PART 5/SEC 1) : 2012,13649,"Guangdong Sat Technology Co. Ltd., No. 11 Lianbao Rd, Shengfeng District, Xiaolan Town, Zhongshan City, Guangdong, China – 528400",https://wsrv.nl/?url=https%3A%2F%2Fi.ibb.co%2FPvHQyfKv%2Falmach-6-03-mat-black-default.png&output=webp&q=78
Almach 6,ATAS0711,48V DC,NA,2700K, CRI>97,L131*W21.5*H99mm,30°,6W,AJ/CG,ATAS0711/27/W,R-41231258,IS 10322 (PART 5/SEC 1) : 2012,13649,"Guangdong Sat Technology Co. Ltd., No. 11 Lianbao Rd, Shengfeng District, Xiaolan Town, Zhongshan City, Guangdong, China – 528400",https://wsrv.nl/?url=https%3A%2F%2Fi.ibb.co%2FpvVvKvg9%2Falmach-6-06-white.png&output=webp&q=78
Almach 6,ATAS0711,48V DC,NA,3000K, CRI>97,L131*W21.5*H99mm,30°,6W,AJ/CG,ATAS0711/30/W,R-41231258,IS 10322 (PART 5/SEC 1) : 2012,13649,"Guangdong Sat Technology Co. Ltd., No. 11 Lianbao Rd, Shengfeng District, Xiaolan Town, Zhongshan City, Guangdong, China – 528400",https://wsrv.nl/?url=https%3A%2F%2Fi.ibb.co%2FpvVvKvg9%2Falmach-6-06-white.png&output=webp&q=78
Almach 6,ATAS0711,48V DC,NA,3500K, CRI>97,L131*W21.5*H99mm,30°,6W,AJ/CG,ATAS0711/35/W,R-41231258,IS 10322 (PART 5/SEC 1) : 2012,13649,"Guangdong Sat Technology Co. Ltd., No. 11 Lianbao Rd, Shengfeng District, Xiaolan Town, Zhongshan City, Guangdong, China – 528400",https://wsrv.nl/?url=https%3A%2F%2Fi.ibb.co%2FpvVvKvg9%2Falmach-6-06-white.png&output=webp&q=78
Almach 6,ATAS0711,48V DC,NA,40000K, CRI>97,L131*W21.5*H99mm,30°,6W,AJ/CG,ATAS0711/40/W,R-41231258,IS 10322 (PART 5/SEC 1) : 2012,13649,"Guangdong Sat Technology Co. Ltd., No. 11 Lianbao Rd, Shengfeng District, Xiaolan Town, Zhongshan City, Guangdong, China – 528400",https://wsrv.nl/?url=https%3A%2F%2Fi.ibb.co%2FpvVvKvg9%2Falmach-6-06-white.png&output=webp&q=78
Almach 6,ATAS0711,48V DC,NA,5000K, CRI>97,L131*W21.5*H99mm,30°,6W,AJ/CG,ATAS0711/50/W,R-41231258,IS 10322 (PART 5/SEC 1) : 2012,13649,"Guangdong Sat Technology Co. Ltd., No. 11 Lianbao Rd, Shengfeng District, Xiaolan Town, Zhongshan City, Guangdong, China – 528400",https://wsrv.nl/?url=https%3A%2F%2Fi.ibb.co%2FpvVvKvg9%2Falmach-6-06-white.png&output=webp&q=78
Almach 6,ATAS0711,48V DC,NA,2700K, CRI>97,L131*W21.5*H99mm,30°,6W,AJ/CG,ATAS0711/27/CG,R-41231258,IS 10322 (PART 5/SEC 1) : 2012,14649,"Guangdong Sat Technology Co. Ltd., No. 11 Lianbao Rd, Shengfeng District, Xiaolan Town, Zhongshan City, Guangdong, China – 528400",https://wsrv.nl/?url=https%3A%2F%2Fi.ibb.co%2F1JLzqRVg%2Falmach-6-04-champeing-gold.png&output=webp&q=78
Almach 6,ATAS0711,48V DC,NA,3000K, CRI>97,L131*W21.5*H99mm,30°,6W,AJ/CG,ATAS0711/30/CG,R-41231258,IS 10322 (PART 5/SEC 1) : 2012,14649,"Guangdong Sat Technology Co. Ltd., No. 11 Lianbao Rd, Shengfeng District, Xiaolan Town, Zhongshan City, Guangdong, China – 528400",https://wsrv.nl/?url=https%3A%2F%2Fi.ibb.co%2F1JLzqRVg%2Falmach-6-04-champeing-gold.png&output=webp&q=78
Almach 6,ATAS0711,48V DC,NA,3500K, CRI>97,L131*W21.5*H99mm,30°,6W,AJ/CG,ATAS0711/35/CG,R-41231258,IS 10322 (PART 5/SEC 1) : 2012,14649,"Guangdong Sat Technology Co. Ltd., No. 11 Lianbao Rd, Shengfeng District, Xiaolan Town, Zhongshan City, Guangdong, China – 528400",https://wsrv.nl/?url=https%3A%2F%2Fi.ibb.co%2F1JLzqRVg%2Falmach-6-04-champeing-gold.png&output=webp&q=78
Almach 6,ATAS0711,48V DC,NA,40000K, CRI>97,L131*W21.5*H99mm,30°,6W,AJ/CG,ATAS0711/40/CG,R-41231258,IS 10322 (PART 5/SEC 1) : 2012,14649,"Guangdong Sat Technology Co. Ltd., No. 11 Lianbao Rd, Shengfeng District, Xiaolan Town, Zhongshan City, Guangdong, China – 528400",https://wsrv.nl/?url=https%3A%2F%2Fi.ibb.co%2F1JLzqRVg%2Falmach-6-04-champeing-gold.png&output=webp&q=78
Almach 6,ATAS0711,48V DC,NA,5000K, CRI>97,L131*W21.5*H99mm,30°,6W,AJ/CG,ATAS0711/50/CG,R-41231258,IS 10322 (PART 5/SEC 1) : 2012,14649,"Guangdong Sat Technology Co. Ltd., No. 11 Lianbao Rd, Shengfeng District, Xiaolan Town, Zhongshan City, Guangdong, China – 528400",https://wsrv.nl/?url=https%3A%2F%2Fi.ibb.co%2F1JLzqRVg%2Falmach-6-04-champeing-gold.png&output=webp&q=78
Almach 6,ATAS0711,48V DC,NA,2700K, CRI>97,L131*W21.5*H99mm,30°,6W,AJ/CG,ATAS0711/27/RG,R-41231258,IS 10322 (PART 5/SEC 1) : 2012,14649,"Guangdong Sat Technology Co. Ltd., No. 11 Lianbao Rd, Shengfeng District, Xiaolan Town, Zhongshan City, Guangdong, China – 528400",https://wsrv.nl/?url=https%3A%2F%2Fi.ibb.co%2FXx2qY4cx%2Falmach-6-08-rose-gold.png&output=webp&q=78
Almach 6,ATAS0711,48V DC,NA,3000K, CRI>97,L131*W21.5*H99mm,30°,6W,AJ/CG,ATAS0711/30/RG,R-41231258,IS 10322 (PART 5/SEC 1) : 2012,14649,"Guangdong Sat Technology Co. Ltd., No. 11 Lianbao Rd, Shengfeng District, Xiaolan Town, Zhongshan City, Guangdong, China – 528400",https://wsrv.nl/?url=https%3A%2F%2Fi.ibb.co%2FXx2qY4cx%2Falmach-6-08-rose-gold.png&output=webp&q=78
Almach 6,ATAS0711,48V DC,NA,3500K, CRI>97,L131*W21.5*H99mm,30°,6W,AJ/CG,ATAS0711/35/RG,R-41231258,IS 10322 (PART 5/SEC 1) : 2012,14649,"Guangdong Sat Technology Co. Ltd., No. 11 Lianbao Rd, Shengfeng District, Xiaolan Town, Zhongshan City, Guangdong, China – 528400",https://wsrv.nl/?url=https%3A%2F%2Fi.ibb.co%2FXx2qY4cx%2Falmach-6-08-rose-gold.png&output=webp&q=78
Almach 6,ATAS0711,48V DC,NA,40000K, CRI>97,L131*W21.5*H99mm,30°,6W,AJ/CG,ATAS0711/40/RG,R-41231258,IS 10322 (PART 5/SEC 1) : 2012,14649,"Guangdong Sat Technology Co. Ltd., No. 11 Lianbao Rd, Shengfeng District, Xiaolan Town, Zhongshan City, Guangdong, China – 528400",https://wsrv.nl/?url=https%3A%2F%2Fi.ibb.co%2FXx2qY4cx%2Falmach-6-08-rose-gold.png&output=webp&q=78
Almach 6,ATAS0711,48V DC,NA,5000K, CRI>97,L131*W21.5*H99mm,30°,6W,AJ/CG,ATAS0711/50/RG,R-41231258,IS 10322 (PART 5/SEC 1) : 2012,14649,"Guangdong Sat Technology Co. Ltd., No. 11 Lianbao Rd, Shengfeng District, Xiaolan Town, Zhongshan City, Guangdong, China – 528400",https://wsrv.nl/?url=https%3A%2F%2Fi.ibb.co%2FXx2qY4cx%2Falmach-6-08-rose-gold.png&output=webp&q=78
Almach 6,ATAS0711,48V DC,NA,2700K, CRI>97,L131*W21.5*H99mm,30°,6W,AJ/CG,ATAS0711/27/BR,R-41231258,IS 10322 (PART 5/SEC 1) : 2012,14649,"Guangdong Sat Technology Co. Ltd., No. 11 Lianbao Rd, Shengfeng District, Xiaolan Town, Zhongshan City, Guangdong, China – 528400",https://wsrv.nl/?url=https%3A%2F%2Fi.ibb.co%2FFk7yLWzh%2Falmach-6-10-brown.png&output=webp&q=78
Almach 6,ATAS0711,48V DC,NA,3000K, CRI>97,L131*W21.5*H99mm,30°,6W,AJ/CG,ATAS0711/30/BR,R-41231258,IS 10322 (PART 5/SEC 1) : 2012,14649,"Guangdong Sat Technology Co. Ltd., No. 11 Lianbao Rd, Shengfeng District, Xiaolan Town, Zhongshan City, Guangdong, China – 528400",https://wsrv.nl/?url=https%3A%2F%2Fi.ibb.co%2FFk7yLWzh%2Falmach-6-10-brown.png&output=webp&q=78
Almach 6,ATAS0711,48V DC,NA,3500K, CRI>97,L131*W21.5*H99mm,30°,6W,AJ/CG,ATAS0711/35/BR,R-41231258,IS 10322 (PART 5/SEC 1) : 2012,14649,"Guangdong Sat Technology Co. Ltd., No. 11 Lianbao Rd, Shengfeng District, Xiaolan Town, Zhongshan City, Guangdong, China – 528400",https://wsrv.nl/?url=https%3A%2F%2Fi.ibb.co%2FFk7yLWzh%2Falmach-6-10-brown.png&output=webp&q=78
Almach 6,ATAS0711,48V DC,NA,40000K, CRI>97,L131*W21.5*H99mm,30°,6W,AJ/CG,ATAS0711/40/BR,R-41231258,IS 10322 (PART 5/SEC 1) : 2012,14649,"Guangdong Sat Technology Co. Ltd., No. 11 Lianbao Rd, Shengfeng District, Xiaolan Town, Zhongshan City, Guangdong, China – 528400",https://wsrv.nl/?url=https%3A%2F%2Fi.ibb.co%2FFk7yLWzh%2Falmach-6-10-brown.png&output=webp&q=78
Almach 6,ATAS0711,48V DC,NA,5000K, CRI>97,L131*W21.5*H99mm,30°,6W,AJ/CG,ATAS0711/50/BR,R-41231258,IS 10322 (PART 5/SEC 1) : 2012,14649,"Guangdong Sat Technology Co. Ltd., No. 11 Lianbao Rd, Shengfeng District, Xiaolan Town, Zhongshan City, Guangdong, China – 528400",https://wsrv.nl/?url=https%3A%2F%2Fi.ibb.co%2FFk7yLWzh%2Falmach-6-10-brown.png&output=webp&q=78
Almach 6,ATAS0711,48V DC,NA,2700K, CRI>97,L131*W21.5*H99mm,30°,6W,AJ/CG,ATAS0711/27/COF,R-41231258,IS 10322 (PART 5/SEC 1) : 2012,14649,"Guangdong Sat Technology Co. Ltd., No. 11 Lianbao Rd, Shengfeng District, Xiaolan Town, Zhongshan City, Guangdong, China – 528400",https://wsrv.nl/?url=https%3A%2F%2Fi.ibb.co%2FgFtFSkJg%2Falmach-6-07-coffee.png&output=webp&q=78
Almach 6,ATAS0711,48V DC,NA,3000K, CRI>97,L131*W21.5*H99mm,30°,6W,AJ/CG,ATAS0711/30/COF,R-41231258,IS 10322 (PART 5/SEC 1) : 2012,14649,"Guangdong Sat Technology Co. Ltd., No. 11 Lianbao Rd, Shengfeng District, Xiaolan Town, Zhongshan City, Guangdong, China – 528400",https://wsrv.nl/?url=https%3A%2F%2Fi.ibb.co%2FgFtFSkJg%2Falmach-6-07-coffee.png&output=webp&q=78
Almach 6,ATAS0711,48V DC,NA,3500K, CRI>97,L131*W21.5*H99mm,30°,6W,AJ/CG,ATAS0711/35/COF,R-41231258,IS 10322 (PART 5/SEC 1) : 2012,14649,"Guangdong Sat Technology Co. Ltd., No. 11 Lianbao Rd, Shengfeng District, Xiaolan Town, Zhongshan City, Guangdong, China – 528400",https://wsrv.nl/?url=https%3A%2F%2Fi.ibb.co%2FgFtFSkJg%2Falmach-6-07-coffee.png&output=webp&q=78
Almach 6,ATAS0711,48V DC,NA,40000K, CRI>97,L131*W21.5*H99mm,30°,6W,AJ/CG,ATAS0711/40/COF,R-41231258,IS 10322 (PART 5/SEC 1) : 2012,14649,"Guangdong Sat Technology Co. Ltd., No. 11 Lianbao Rd, Shengfeng District, Xiaolan Town, Zhongshan City, Guangdong, China – 528400",https://wsrv.nl/?url=https%3A%2F%2Fi.ibb.co%2FgFtFSkJg%2Falmach-6-07-coffee.png&output=webp&q=78
Almach 6,ATAS0711,48V DC,NA,5000K, CRI>97,L131*W21.5*H99mm,30°,6W,AJ/CG,ATAS0711/50/COF,R-41231258,IS 10322 (PART 5/SEC 1) : 2012,14649,"Guangdong Sat Technology Co. Ltd., No. 11 Lianbao Rd, Shengfeng District, Xiaolan Town, Zhongshan City, Guangdong, China – 528400",https://wsrv.nl/?url=https%3A%2F%2Fi.ibb.co%2FgFtFSkJg%2Falmach-6-07-coffee.png&output=webp&q=78
Almach 6,ATAS0711,48V DC,NA,2700K, CRI>97,L131*W21.5*H99mm,30°,6W,AJ/CG,ATAS0711/27/DGR,R-41231258,IS 10322 (PART 5/SEC 1) : 2012,14649,"Guangdong Sat Technology Co. Ltd., No. 11 Lianbao Rd, Shengfeng District, Xiaolan Town, Zhongshan City, Guangdong, China – 528400",https://wsrv.nl/?url=https%3A%2F%2Fi.ibb.co%2FKcnpLSwF%2Falmach-6-09-dark-gray-default.png&output=webp&q=78
Almach 6,ATAS0711,48V DC,NA,3000K, CRI>97,L131*W21.5*H99mm,30°,6W,AJ/CG,ATAS0711/30/DGR,R-41231258,IS 10322 (PART 5/SEC 1) : 2012,14649,"Guangdong Sat Technology Co. Ltd., No. 11 Lianbao Rd, Shengfeng District, Xiaolan Town, Zhongshan City, Guangdong, China – 528400",https://wsrv.nl/?url=https%3A%2F%2Fi.ibb.co%2FKcnpLSwF%2Falmach-6-09-dark-gray-default.png&output=webp&q=78
Almach 6,ATAS0711,48V DC,NA,3500K, CRI>97,L131*W21.5*H99mm,30°,6W,AJ/CG,ATAS0711/35/DGR,R-41231258,IS 10322 (PART 5/SEC 1) : 2012,14649,"Guangdong Sat Technology Co. Ltd., No. 11 Lianbao Rd, Shengfeng District, Xiaolan Town, Zhongshan City, Guangdong, China – 528400",https://wsrv.nl/?url=https%3A%2F%2Fi.ibb.co%2FKcnpLSwF%2Falmach-6-09-dark-gray-default.png&output=webp&q=78
Almach 6,ATAS0711,48V DC,NA,40000K, CRI>97,L131*W21.5*H99mm,30°,6W,AJ/CG,ATAS0711/40/DGR,R-41231258,IS 10322 (PART 5/SEC 1) : 2012,14649,"Guangdong Sat Technology Co. Ltd., No. 11 Lianbao Rd, Shengfeng District, Xiaolan Town, Zhongshan City, Guangdong, China – 528400",https://wsrv.nl/?url=https%3A%2F%2Fi.ibb.co%2FKcnpLSwF%2Falmach-6-09-dark-gray-default.png&output=webp&q=78
Almach 6,ATAS0711,48V DC,NA,5000K, CRI>97,L131*W21.5*H99mm,30°,6W,AJ/CG,ATAS0711/50/DGR,R-41231258,IS 10322 (PART 5/SEC 1) : 2012,14649,"Guangdong Sat Technology Co. Ltd., No. 11 Lianbao Rd, Shengfeng District, Xiaolan Town, Zhongshan City, Guangdong, China – 528400",https://wsrv.nl/?url=https%3A%2F%2Fi.ibb.co%2FKcnpLSwF%2Falmach-6-09-dark-gray-default.png&output=webp&q=78
Almach 6,ATAS0711,48V DC,NA,2700K, CRI>97,L131*W21.5*H99mm,30°,6W,AJ/CG,ATAS0711/27/BB,R-41231258,IS 10322 (PART 5/SEC 1) : 2012,14649,"Guangdong Sat Technology Co. Ltd., No. 11 Lianbao Rd, Shengfeng District, Xiaolan Town, Zhongshan City, Guangdong, China – 528400",https://wsrv.nl/?url=https%3A%2F%2Fi.ibb.co%2FF4whkhcP%2Falmach-6-06-ballet-blue.png&output=webp&q=78
Almach 6,ATAS0711,48V DC,NA,3000K, CRI>97,L131*W21.5*H99mm,30°,6W,AJ/CG,ATAS0711/30/BB,R-41231258,IS 10322 (PART 5/SEC 1) : 2012,14649,"Guangdong Sat Technology Co. Ltd., No. 11 Lianbao Rd, Shengfeng District, Xiaolan Town, Zhongshan City, Guangdong, China – 528400",https://wsrv.nl/?url=https%3A%2F%2Fi.ibb.co%2FF4whkhcP%2Falmach-6-06-ballet-blue.png&output=webp&q=78
Almach 6,ATAS0711,48V DC,NA,3500K, CRI>97,L131*W21.5*H99mm,30°,6W,AJ/CG,ATAS0711/35/BB,R-41231258,IS 10322 (PART 5/SEC 1) : 2012,14649,"Guangdong Sat Technology Co. Ltd., No. 11 Lianbao Rd, Shengfeng District, Xiaolan Town, Zhongshan City, Guangdong, China – 528400",https://wsrv.nl/?url=https%3A%2F%2Fi.ibb.co%2FF4whkhcP%2Falmach-6-06-ballet-blue.png&output=webp&q=78
Almach 6,ATAS0711,48V DC,NA,40000K, CRI>97,L131*W21.5*H99mm,30°,6W,AJ/CG,ATAS0711/40/BB,R-41231258,IS 10322 (PART 5/SEC 1) : 2012,14649,"Guangdong Sat Technology Co. Ltd., No. 11 Lianbao Rd, Shengfeng District, Xiaolan Town, Zhongshan City, Guangdong, China – 528400",https://wsrv.nl/?url=https%3A%2F%2Fi.ibb.co%2FF4whkhcP%2Falmach-6-06-ballet-blue.png&output=webp&q=78
Almach 6,ATAS0711,48V DC,NA,5000K, CRI>97,L131*W21.5*H99mm,30°,6W,AJ/CG,ATAS0711/50/BB,R-41231258,IS 10322 (PART 5/SEC 1) : 2012,14649,"Guangdong Sat Technology Co. Ltd., No. 11 Lianbao Rd, Shengfeng District, Xiaolan Town, Zhongshan City, Guangdong, China – 528400",https://wsrv.nl/?url=https%3A%2F%2Fi.ibb.co%2FF4whkhcP%2Falmach-6-06-ballet-blue.png&output=webp&q=78
Almach 6,ATAS0711,48V DC,NA,2700K, CRI>97,L131*W21.5*H99mm,30°,6W,AJ/CG,ATAS0711/27/CH,R-41231258,IS 10322 (PART 5/SEC 1) : 2012,14649,"Guangdong Sat Technology Co. Ltd., No. 11 Lianbao Rd, Shengfeng District, Xiaolan Town, Zhongshan City, Guangdong, China – 528400",https://wsrv.nl/?url=https%3A%2F%2Fi.ibb.co%2FsvD3dNw7%2Falmach-6-01-chrome.png&output=webp&q=78
Almach 6,ATAS0711,48V DC,NA,3000K, CRI>97,L131*W21.5*H99mm,30°,6W,AJ/CG,ATAS0711/30/CH,R-41231258,IS 10322 (PART 5/SEC 1) : 2012,14649,"Guangdong Sat Technology Co. Ltd., No. 11 Lianbao Rd, Shengfeng District, Xiaolan Town, Zhongshan City, Guangdong, China – 528400",https://wsrv.nl/?url=https%3A%2F%2Fi.ibb.co%2FsvD3dNw7%2Falmach-6-01-chrome.png&output=webp&q=78
Almach 6,ATAS0711,48V DC,NA,3500K, CRI>97,L131*W21.5*H99mm,30°,6W,AJ/CG,ATAS0711/35/CH,R-41231258,IS 10322 (PART 5/SEC 1) : 2012,14649,"Guangdong Sat Technology Co. Ltd., No. 11 Lianbao Rd, Shengfeng District, Xiaolan Town, Zhongshan City, Guangdong, China – 528400",https://wsrv.nl/?url=https%3A%2F%2Fi.ibb.co%2FsvD3dNw7%2Falmach-6-01-chrome.png&output=webp&q=78
Almach 6,ATAS0711,48V DC,NA,40000K, CRI>97,L131*W21.5*H99mm,30°,6W,AJ/CG,ATAS0711/40/CH,R-41231258,IS 10322 (PART 5/SEC 1) : 2012,14649,"Guangdong Sat Technology Co. Ltd., No. 11 Lianbao Rd, Shengfeng District, Xiaolan Town, Zhongshan City, Guangdong, China – 528400",https://wsrv.nl/?url=https%3A%2F%2Fi.ibb.co%2FsvD3dNw7%2Falmach-6-01-chrome.png&output=webp&q=78
Almach 6,ATAS0711,48V DC,NA,5000K, CRI>97,L131*W21.5*H99mm,30°,6W,AJ/CG,ATAS0711/50/CH,R-41231258,IS 10322 (PART 5/SEC 1) : 2012,14649,"Guangdong Sat Technology Co. Ltd., No. 11 Lianbao Rd, Shengfeng District, Xiaolan Town, Zhongshan City, Guangdong, China – 528400",https://wsrv.nl/?url=https%3A%2F%2Fi.ibb.co%2FsvD3dNw7%2Falmach-6-01-chrome.png&output=webp&q=78
Almach 6,ATAS0711,48V DC,NA,2700K, CRI>97,L131*W21.5*H99mm,30°,6W,AJ/CG,ATAS0711/27/CHB,R-41231258,IS 10322 (PART 5/SEC 1) : 2012,14649,"Guangdong Sat Technology Co. Ltd., No. 11 Lianbao Rd, Shengfeng District, Xiaolan Town, Zhongshan City, Guangdong, China – 528400",https://wsrv.nl/?url=https%3A%2F%2Fi.ibb.co%2FHpdmRFKv%2Falmach-6-02-chrome-black.png&output=webp&q=78
Almach 6,ATAS0711,48V DC,NA,3000K, CRI>97,L131*W21.5*H99mm,30°,6W,AJ/CG,ATAS0711/30/CHB,R-41231258,IS 10322 (PART 5/SEC 1) : 2012,14649,"Guangdong Sat Technology Co. Ltd., No. 11 Lianbao Rd, Shengfeng District, Xiaolan Town, Zhongshan City, Guangdong, China – 528400",https://wsrv.nl/?url=https%3A%2F%2Fi.ibb.co%2FHpdmRFKv%2Falmach-6-02-chrome-black.png&output=webp&q=78
Almach 6,ATAS0711,48V DC,NA,3500K, CRI>97,L131*W21.5*H99mm,30°,6W,AJ/CG,ATAS0711/35/CHB,R-41231258,IS 10322 (PART 5/SEC 1) : 2012,14649,"Guangdong Sat Technology Co. Ltd., No. 11 Lianbao Rd, Shengfeng District, Xiaolan Town, Zhongshan City, Guangdong, China – 528400",https://wsrv.nl/?url=https%3A%2F%2Fi.ibb.co%2FHpdmRFKv%2Falmach-6-02-chrome-black.png&output=webp&q=78
Almach 6,ATAS0711,48V DC,NA,40000K, CRI>97,L131*W21.5*H99mm,30°,6W,AJ/CG,ATAS0711/40/CHB,R-41231258,IS 10322 (PART 5/SEC 1) : 2012,14649,"Guangdong Sat Technology Co. Ltd., No. 11 Lianbao Rd, Shengfeng District, Xiaolan Town, Zhongshan City, Guangdong, China – 528400",https://wsrv.nl/?url=https%3A%2F%2Fi.ibb.co%2FHpdmRFKv%2Falmach-6-02-chrome-black.png&output=webp&q=78
Almach 6,ATAS0711,48V DC,NA,5000K, CRI>97,L131*W21.5*H99mm,30°,6W,AJ/CG,ATAS0711/50/CHB,R-41231258,IS 10322 (PART 5/SEC 1) : 2012,14649,"Guangdong Sat Technology Co. Ltd., No. 11 Lianbao Rd, Shengfeng District, Xiaolan Town, Zhongshan City, Guangdong, China – 528400",https://wsrv.nl/?url=https%3A%2F%2Fi.ibb.co%2FHpdmRFKv%2Falmach-6-02-chrome-black.png&output=webp&q=78
Almach 6 Tunable,ATAS0711,48V DC,NA,2700K~6500K, CRI>97,L131*W21.5*H99mm,30°,6W,AJ/CG,ATAS0711/CT,R-41231258,IS 10322 (PART 5/SEC 1) : 2012,14849,"Guangdong Sat Technology Co. Ltd., No. 11 Lianbao Rd, Shengfeng District, Xiaolan Town, Zhongshan City, Guangdong, China – 528400",https://wsrv.nl/?url=https%3A%2F%2Fi.ibb.co%2FPvHQyfKv%2Falmach-6-03-mat-black-default.png&output=webp&q=78
Almach 6 Tunable,ATAS0711,48V DC,NA,2700K~6500K, CRI>97,L131*W21.5*H99mm,30°,6W,AJ/CG,ATAS0711/CT/W,R-41231258,IS 10322 (PART 5/SEC 1) : 2012,14849,"Guangdong Sat Technology Co. Ltd., No. 11 Lianbao Rd, Shengfeng District, Xiaolan Town, Zhongshan City, Guangdong, China – 528400",https://wsrv.nl/?url=https%3A%2F%2Fi.ibb.co%2FpvVvKvg9%2Falmach-6-06-white.png&output=webp&q=78
Almach 6 Tunable,ATAS0711,48V DC,NA,2700K~6500K, CRI>97,L131*W21.5*H99mm,30°,6W,AJ/CG,ATAS0711/CT/CG,R-41231258,IS 10322 (PART 5/SEC 1) : 2012,15849,"Guangdong Sat Technology Co. Ltd., No. 11 Lianbao Rd, Shengfeng District, Xiaolan Town, Zhongshan City, Guangdong, China – 528400",https://wsrv.nl/?url=https%3A%2F%2Fi.ibb.co%2F1JLzqRVg%2Falmach-6-04-champeing-gold.png&output=webp&q=78
Almach 6 Tunable,ATAS0711,48V DC,NA,2700K~6500K, CRI>97,L131*W21.5*H99mm,30°,6W,AJ/CG,ATAS0711/CT/RG,R-41231258,IS 10322 (PART 5/SEC 1) : 2012,15849,"Guangdong Sat Technology Co. Ltd., No. 11 Lianbao Rd, Shengfeng District, Xiaolan Town, Zhongshan City, Guangdong, China – 528400",https://wsrv.nl/?url=https%3A%2F%2Fi.ibb.co%2FXx2qY4cx%2Falmach-6-08-rose-gold.png&output=webp&q=78
Almach 6 Tunable,ATAS0711,48V DC,NA,2700K~6500K, CRI>97,L131*W21.5*H99mm,30°,6W,AJ/CG,ATAS0711/CT/BR,R-41231258,IS 10322 (PART 5/SEC 1) : 2012,15849,"Guangdong Sat Technology Co. Ltd., No. 11 Lianbao Rd, Shengfeng District, Xiaolan Town, Zhongshan City, Guangdong, China – 528400",https://wsrv.nl/?url=https%3A%2F%2Fi.ibb.co%2FFk7yLWzh%2Falmach-6-10-brown.png&output=webp&q=78
Almach 6 Tunable,ATAS0711,48V DC,NA,2700K~6500K, CRI>97,L131*W21.5*H99mm,30°,6W,AJ/CG,ATAS0711/CT/COF,R-41231258,IS 10322 (PART 5/SEC 1) : 2012,15849,"Guangdong Sat Technology Co. Ltd., No. 11 Lianbao Rd, Shengfeng District, Xiaolan Town, Zhongshan City, Guangdong, China – 528400",https://wsrv.nl/?url=https%3A%2F%2Fi.ibb.co%2FgFtFSkJg%2Falmach-6-07-coffee.png&output=webp&q=78
Almach 6 Tunable,ATAS0711,48V DC,NA,2700K~6500K, CRI>97,L131*W21.5*H99mm,30°,6W,AJ/CG,ATAS0711/CT/DGR,R-41231258,IS 10322 (PART 5/SEC 1) : 2012,15849,"Guangdong Sat Technology Co. Ltd., No. 11 Lianbao Rd, Shengfeng District, Xiaolan Town, Zhongshan City, Guangdong, China – 528400",https://wsrv.nl/?url=https%3A%2F%2Fi.ibb.co%2FKcnpLSwF%2Falmach-6-09-dark-gray-default.png&output=webp&q=78
Almach 6 Tunable,ATAS0711,48V DC,NA,2700K~6500K, CRI>97,L131*W21.5*H99mm,30°,6W,AJ/CG,ATAS0711/CT/BB,R-41231258,IS 10322 (PART 5/SEC 1) : 2012,15849,"Guangdong Sat Technology Co. Ltd., No. 11 Lianbao Rd, Shengfeng District, Xiaolan Town, Zhongshan City, Guangdong, China – 528400",https://wsrv.nl/?url=https%3A%2F%2Fi.ibb.co%2FF4whkhcP%2Falmach-6-06-ballet-blue.png&output=webp&q=78
Almach 6 Tunable,ATAS0711,48V DC,NA,2700K~6500K, CRI>97,L131*W21.5*H99mm,30°,6W,AJ/CG,ATAS0711/CT/CH,R-41231258,IS 10322 (PART 5/SEC 1) : 2012,15849,"Guangdong Sat Technology Co. Ltd., No. 11 Lianbao Rd, Shengfeng District, Xiaolan Town, Zhongshan City, Guangdong, China – 528400",https://wsrv.nl/?url=https%3A%2F%2Fi.ibb.co%2FsvD3dNw7%2Falmach-6-01-chrome.png&output=webp&q=78
Almach 6 Tunable,ATAS0711,48V DC,NA,2700K~6500K, CRI>97,L131*W21.5*H99mm,30°,6W,AJ/CG,ATAS0711/CT/CHB,R-41231258,IS 10322 (PART 5/SEC 1) : 2012,15849,"Guangdong Sat Technology Co. Ltd., No. 11 Lianbao Rd, Shengfeng District, Xiaolan Town, Zhongshan City, Guangdong, China – 528400",https://wsrv.nl/?url=https%3A%2F%2Fi.ibb.co%2FHpdmRFKv%2Falmach-6-02-chrome-black.png&output=webp&q=78
Almach 12,ATAS1523,48V DC,NA,2700K, CRI>97,L219*W21.5*H99mm,30°,12W,AJ/CG,ATAS1523/27,R-41231258,IS 10322 (PART 5/SEC 1) : 2012,14799,"Guangdong Sat Technology Co. Ltd., No. 11 Lianbao Rd, Shengfeng District, Xiaolan Town, Zhongshan City, Guangdong, China – 528400",https://wsrv.nl/?url=https%3A%2F%2Fi.ibb.co%2Ft6Bfx3v%2Falmach-12-03-mat-black-default.png&output=webp&q=78
Almach 12,ATAS1523,48V DC,NA,3000K, CRI>97,L219*W21.5*H99mm,30°,12W,AJ/CG,ATAS1523/30,R-41231258,IS 10322 (PART 5/SEC 1) : 2012,14799,"Guangdong Sat Technology Co. Ltd., No. 11 Lianbao Rd, Shengfeng District, Xiaolan Town, Zhongshan City, Guangdong, China – 528400",https://wsrv.nl/?url=https%3A%2F%2Fi.ibb.co%2Ft6Bfx3v%2Falmach-12-03-mat-black-default.png&output=webp&q=78
Almach 12,ATAS1523,48V DC,NA,3500K, CRI>97,L219*W21.5*H99mm,30°,12W,AJ/CG,ATAS1523/35,R-41231258,IS 10322 (PART 5/SEC 1) : 2012,14799,"Guangdong Sat Technology Co. Ltd., No. 11 Lianbao Rd, Shengfeng District, Xiaolan Town, Zhongshan City, Guangdong, China – 528400",https://wsrv.nl/?url=https%3A%2F%2Fi.ibb.co%2Ft6Bfx3v%2Falmach-12-03-mat-black-default.png&output=webp&q=78
Almach 12,ATAS1523,48V DC,NA,40000K, CRI>97,L219*W21.5*H99mm,30°,12W,AJ/CG,ATAS1523/40,R-41231258,IS 10322 (PART 5/SEC 1) : 2012,14799,"Guangdong Sat Technology Co. Ltd., No. 11 Lianbao Rd, Shengfeng District, Xiaolan Town, Zhongshan City, Guangdong, China – 528400",https://wsrv.nl/?url=https%3A%2F%2Fi.ibb.co%2Ft6Bfx3v%2Falmach-12-03-mat-black-default.png&output=webp&q=78
Almach 12,ATAS1523,48V DC,NA,5000K, CRI>97,L219*W21.5*H99mm,30°,12W,AJ/CG,ATAS1523/50,R-41231258,IS 10322 (PART 5/SEC 1) : 2012,14799,"Guangdong Sat Technology Co. Ltd., No. 11 Lianbao Rd, Shengfeng District, Xiaolan Town, Zhongshan City, Guangdong, China – 528400",https://wsrv.nl/?url=https%3A%2F%2Fi.ibb.co%2Ft6Bfx3v%2Falmach-12-03-mat-black-default.png&output=webp&q=78
Almach 12,ATAS1523,48V DC,NA,2700K, CRI>97,L219*W21.5*H99mm,30°,12W,AJ/CG,ATAS1523/27/W,R-41231258,IS 10322 (PART 5/SEC 1) : 2012,14799,"Guangdong Sat Technology Co. Ltd., No. 11 Lianbao Rd, Shengfeng District, Xiaolan Town, Zhongshan City, Guangdong, China – 528400",https://wsrv.nl/?url=https%3A%2F%2Fi.ibb.co%2F965qW7T%2FAlmach-12-05-white-2nd.png&output=webp&q=78
Almach 12,ATAS1523,48V DC,NA,3000K, CRI>97,L219*W21.5*H99mm,30°,12W,AJ/CG,ATAS1523/30/W,R-41231258,IS 10322 (PART 5/SEC 1) : 2012,14799,"Guangdong Sat Technology Co. Ltd., No. 11 Lianbao Rd, Shengfeng District, Xiaolan Town, Zhongshan City, Guangdong, China – 528400",https://wsrv.nl/?url=https%3A%2F%2Fi.ibb.co%2F965qW7T%2FAlmach-12-05-white-2nd.png&output=webp&q=78
Almach 12,ATAS1523,48V DC,NA,3500K, CRI>97,L219*W21.5*H99mm,30°,12W,AJ/CG,ATAS1523/35/W,R-41231258,IS 10322 (PART 5/SEC 1) : 2012,14799,"Guangdong Sat Technology Co. Ltd., No. 11 Lianbao Rd, Shengfeng District, Xiaolan Town, Zhongshan City, Guangdong, China – 528400",https://wsrv.nl/?url=https%3A%2F%2Fi.ibb.co%2F965qW7T%2FAlmach-12-05-white-2nd.png&output=webp&q=78
Almach 12,ATAS1523,48V DC,NA,40000K, CRI>97,L219*W21.5*H99mm,30°,12W,AJ/CG,ATAS1523/40/W,R-41231258,IS 10322 (PART 5/SEC 1) : 2012,14799,"Guangdong Sat Technology Co. Ltd., No. 11 Lianbao Rd, Shengfeng District, Xiaolan Town, Zhongshan City, Guangdong, China – 528400",https://wsrv.nl/?url=https%3A%2F%2Fi.ibb.co%2F965qW7T%2FAlmach-12-05-white-2nd.png&output=webp&q=78
Almach 12,ATAS1523,48V DC,NA,5000K, CRI>97,L219*W21.5*H99mm,30°,12W,AJ/CG,ATAS1523/50/W,R-41231258,IS 10322 (PART 5/SEC 1) : 2012,14799,"Guangdong Sat Technology Co. Ltd., No. 11 Lianbao Rd, Shengfeng District, Xiaolan Town, Zhongshan City, Guangdong, China – 528400",https://wsrv.nl/?url=https%3A%2F%2Fi.ibb.co%2F965qW7T%2FAlmach-12-05-white-2nd.png&output=webp&q=78
Almach 12,ATAS1523,48V DC,NA,2700K, CRI>97,L219*W21.5*H99mm,30°,12W,AJ/CG,ATAS1523/27/CG,R-41231258,IS 10322 (PART 5/SEC 1) : 2012,15799,"Guangdong Sat Technology Co. Ltd., No. 11 Lianbao Rd, Shengfeng District, Xiaolan Town, Zhongshan City, Guangdong, China – 528400",https://wsrv.nl/?url=https%3A%2F%2Fi.ibb.co%2FDPQNdcs4%2Falmach-12-04-champeing-gold.png&output=webp&q=78
Almach 12,ATAS1523,48V DC,NA,3000K, CRI>97,L219*W21.5*H99mm,30°,12W,AJ/CG,ATAS1523/30/CG,R-41231258,IS 10322 (PART 5/SEC 1) : 2012,15799,"Guangdong Sat Technology Co. Ltd., No. 11 Lianbao Rd, Shengfeng District, Xiaolan Town, Zhongshan City, Guangdong, China – 528400",https://wsrv.nl/?url=https%3A%2F%2Fi.ibb.co%2FDPQNdcs4%2Falmach-12-04-champeing-gold.png&output=webp&q=78
Almach 12,ATAS1523,48V DC,NA,3500K, CRI>97,L219*W21.5*H99mm,30°,12W,AJ/CG,ATAS1523/35/CG,R-41231258,IS 10322 (PART 5/SEC 1) : 2012,15799,"Guangdong Sat Technology Co. Ltd., No. 11 Lianbao Rd, Shengfeng District, Xiaolan Town, Zhongshan City, Guangdong, China – 528400",https://wsrv.nl/?url=https%3A%2F%2Fi.ibb.co%2FDPQNdcs4%2Falmach-12-04-champeing-gold.png&output=webp&q=78
Almach 12,ATAS1523,48V DC,NA,40000K, CRI>97,L219*W21.5*H99mm,30°,12W,AJ/CG,ATAS1523/40/CG,R-41231258,IS 10322 (PART 5/SEC 1) : 2012,15799,"Guangdong Sat Technology Co. Ltd., No. 11 Lianbao Rd, Shengfeng District, Xiaolan Town, Zhongshan City, Guangdong, China – 528400",https://wsrv.nl/?url=https%3A%2F%2Fi.ibb.co%2FDPQNdcs4%2Falmach-12-04-champeing-gold.png&output=webp&q=78
Almach 12,ATAS1523,48V DC,NA,5000K, CRI>97,L219*W21.5*H99mm,30°,12W,AJ/CG,ATAS1523/50/CG,R-41231258,IS 10322 (PART 5/SEC 1) : 2012,15799,"Guangdong Sat Technology Co. Ltd., No. 11 Lianbao Rd, Shengfeng District, Xiaolan Town, Zhongshan City, Guangdong, China – 528400",https://wsrv.nl/?url=https%3A%2F%2Fi.ibb.co%2FDPQNdcs4%2Falmach-12-04-champeing-gold.png&output=webp&q=78
Almach 12,ATAS1523,48V DC,NA,2700K, CRI>97,L219*W21.5*H99mm,30°,12W,AJ/CG,ATAS1523/27/RG,R-41231258,IS 10322 (PART 5/SEC 1) : 2012,15799,"Guangdong Sat Technology Co. Ltd., No. 11 Lianbao Rd, Shengfeng District, Xiaolan Town, Zhongshan City, Guangdong, China – 528400",https://wsrv.nl/?url=https%3A%2F%2Fi.ibb.co%2FkVZQXKKf%2Falmach-12-08-rose-gold.png&output=webp&q=78
Almach 12,ATAS1523,48V DC,NA,3000K, CRI>97,L219*W21.5*H99mm,30°,12W,AJ/CG,ATAS1523/30/RG,R-41231258,IS 10322 (PART 5/SEC 1) : 2012,15799,"Guangdong Sat Technology Co. Ltd., No. 11 Lianbao Rd, Shengfeng District, Xiaolan Town, Zhongshan City, Guangdong, China – 528400",https://wsrv.nl/?url=https%3A%2F%2Fi.ibb.co%2FkVZQXKKf%2Falmach-12-08-rose-gold.png&output=webp&q=78
Almach 12,ATAS1523,48V DC,NA,3500K, CRI>97,L219*W21.5*H99mm,30°,12W,AJ/CG,ATAS1523/35/RG,R-41231258,IS 10322 (PART 5/SEC 1) : 2012,15799,"Guangdong Sat Technology Co. Ltd., No. 11 Lianbao Rd, Shengfeng District, Xiaolan Town, Zhongshan City, Guangdong, China – 528400",https://wsrv.nl/?url=https%3A%2F%2Fi.ibb.co%2FkVZQXKKf%2Falmach-12-08-rose-gold.png&output=webp&q=78
Almach 12,ATAS1523,48V DC,NA,40000K, CRI>97,L219*W21.5*H99mm,30°,12W,AJ/CG,ATAS1523/40/RG,R-41231258,IS 10322 (PART 5/SEC 1) : 2012,15799,"Guangdong Sat Technology Co. Ltd., No. 11 Lianbao Rd, Shengfeng District, Xiaolan Town, Zhongshan City, Guangdong, China – 528400",https://wsrv.nl/?url=https%3A%2F%2Fi.ibb.co%2FkVZQXKKf%2Falmach-12-08-rose-gold.png&output=webp&q=78
Almach 12,ATAS1523,48V DC,NA,5000K, CRI>97,L219*W21.5*H99mm,30°,12W,AJ/CG,ATAS1523/50/RG,R-41231258,IS 10322 (PART 5/SEC 1) : 2012,15799,"Guangdong Sat Technology Co. Ltd., No. 11 Lianbao Rd, Shengfeng District, Xiaolan Town, Zhongshan City, Guangdong, China – 528400",https://wsrv.nl/?url=https%3A%2F%2Fi.ibb.co%2FkVZQXKKf%2Falmach-12-08-rose-gold.png&output=webp&q=78
Almach 12,ATAS1523,48V DC,NA,2700K, CRI>97,L219*W21.5*H99mm,30°,12W,AJ/CG,ATAS1523/27/BR,R-41231258,IS 10322 (PART 5/SEC 1) : 2012,15799,"Guangdong Sat Technology Co. Ltd., No. 11 Lianbao Rd, Shengfeng District, Xiaolan Town, Zhongshan City, Guangdong, China – 528400",https://wsrv.nl/?url=https%3A%2F%2Fi.ibb.co%2FbR7VcsjX%2FAlmach-12-10-brown.png&output=webp&q=78
Almach 12,ATAS1523,48V DC,NA,3000K, CRI>97,L219*W21.5*H99mm,30°,12W,AJ/CG,ATAS1523/30/BR,R-41231258,IS 10322 (PART 5/SEC 1) : 2012,15799,"Guangdong Sat Technology Co. Ltd., No. 11 Lianbao Rd, Shengfeng District, Xiaolan Town, Zhongshan City, Guangdong, China – 528400",https://wsrv.nl/?url=https%3A%2F%2Fi.ibb.co%2FbR7VcsjX%2FAlmach-12-10-brown.png&output=webp&q=78
Almach 12,ATAS1523,48V DC,NA,3500K, CRI>97,L219*W21.5*H99mm,30°,12W,AJ/CG,ATAS1523/35/BR,R-41231258,IS 10322 (PART 5/SEC 1) : 2012,15799,"Guangdong Sat Technology Co. Ltd., No. 11 Lianbao Rd, Shengfeng District, Xiaolan Town, Zhongshan City, Guangdong, China – 528400",https://wsrv.nl/?url=https%3A%2F%2Fi.ibb.co%2FbR7VcsjX%2FAlmach-12-10-brown.png&output=webp&q=78
Almach 12,ATAS1523,48V DC,NA,40000K, CRI>97,L219*W21.5*H99mm,30°,12W,AJ/CG,ATAS1523/40/BR,R-41231258,IS 10322 (PART 5/SEC 1) : 2012,15799,"Guangdong Sat Technology Co. Ltd., No. 11 Lianbao Rd, Shengfeng District, Xiaolan Town, Zhongshan City, Guangdong, China – 528400",https://wsrv.nl/?url=https%3A%2F%2Fi.ibb.co%2FbR7VcsjX%2FAlmach-12-10-brown.png&output=webp&q=78
Almach 12,ATAS1523,48V DC,NA,5000K, CRI>97,L219*W21.5*H99mm,30°,12W,AJ/CG,ATAS1523/50/BR,R-41231258,IS 10322 (PART 5/SEC 1) : 2012,15799,"Guangdong Sat Technology Co. Ltd., No. 11 Lianbao Rd, Shengfeng District, Xiaolan Town, Zhongshan City, Guangdong, China – 528400",https://wsrv.nl/?url=https%3A%2F%2Fi.ibb.co%2FbR7VcsjX%2FAlmach-12-10-brown.png&output=webp&q=78
Almach 12,ATAS1523,48V DC,NA,2700K, CRI>97,L219*W21.5*H99mm,30°,12W,AJ/CG,ATAS1523/27/COF,R-41231258,IS 10322 (PART 5/SEC 1) : 2012,15799,"Guangdong Sat Technology Co. Ltd., No. 11 Lianbao Rd, Shengfeng District, Xiaolan Town, Zhongshan City, Guangdong, China – 528400",https://wsrv.nl/?url=https%3A%2F%2Fi.ibb.co%2FN6y0Qstc%2Falmach-12-07-coffee.png&output=webp&q=78
Almach 12,ATAS1523,48V DC,NA,3000K, CRI>97,L219*W21.5*H99mm,30°,12W,AJ/CG,ATAS1523/30/COF,R-41231258,IS 10322 (PART 5/SEC 1) : 2012,15799,"Guangdong Sat Technology Co. Ltd., No. 11 Lianbao Rd, Shengfeng District, Xiaolan Town, Zhongshan City, Guangdong, China – 528400",https://wsrv.nl/?url=https%3A%2F%2Fi.ibb.co%2FN6y0Qstc%2Falmach-12-07-coffee.png&output=webp&q=78
Almach 12,ATAS1523,48V DC,NA,3500K, CRI>97,L219*W21.5*H99mm,30°,12W,AJ/CG,ATAS1523/35/COF,R-41231258,IS 10322 (PART 5/SEC 1) : 2012,15799,"Guangdong Sat Technology Co. Ltd., No. 11 Lianbao Rd, Shengfeng District, Xiaolan Town, Zhongshan City, Guangdong, China – 528400",https://wsrv.nl/?url=https%3A%2F%2Fi.ibb.co%2FN6y0Qstc%2Falmach-12-07-coffee.png&output=webp&q=78
Almach 12,ATAS1523,48V DC,NA,40000K, CRI>97,L219*W21.5*H99mm,30°,12W,AJ/CG,ATAS1523/40/COF,R-41231258,IS 10322 (PART 5/SEC 1) : 2012,15799,"Guangdong Sat Technology Co. Ltd., No. 11 Lianbao Rd, Shengfeng District, Xiaolan Town, Zhongshan City, Guangdong, China – 528400",https://wsrv.nl/?url=https%3A%2F%2Fi.ibb.co%2FN6y0Qstc%2Falmach-12-07-coffee.png&output=webp&q=78
Almach 12,ATAS1523,48V DC,NA,5000K, CRI>97,L219*W21.5*H99mm,30°,12W,AJ/CG,ATAS1523/50/COF,R-41231258,IS 10322 (PART 5/SEC 1) : 2012,15799,"Guangdong Sat Technology Co. Ltd., No. 11 Lianbao Rd, Shengfeng District, Xiaolan Town, Zhongshan City, Guangdong, China – 528400",https://wsrv.nl/?url=https%3A%2F%2Fi.ibb.co%2FN6y0Qstc%2Falmach-12-07-coffee.png&output=webp&q=78
Almach 12,ATAS1523,48V DC,NA,2700K, CRI>97,L219*W21.5*H99mm,30°,12W,AJ/CG,ATAS1523/27/DGR,R-41231258,IS 10322 (PART 5/SEC 1) : 2012,15799,"Guangdong Sat Technology Co. Ltd., No. 11 Lianbao Rd, Shengfeng District, Xiaolan Town, Zhongshan City, Guangdong, China – 528400",https://wsrv.nl/?url=https%3A%2F%2Fi.ibb.co%2FB2kXD1Vp%2Falmach-12-09-dark-gray-default.png&output=webp&q=78
Almach 12,ATAS1523,48V DC,NA,3000K, CRI>97,L219*W21.5*H99mm,30°,12W,AJ/CG,ATAS1523/30/DGR,R-41231258,IS 10322 (PART 5/SEC 1) : 2012,15799,"Guangdong Sat Technology Co. Ltd., No. 11 Lianbao Rd, Shengfeng District, Xiaolan Town, Zhongshan City, Guangdong, China – 528400",https://wsrv.nl/?url=https%3A%2F%2Fi.ibb.co%2FB2kXD1Vp%2Falmach-12-09-dark-gray-default.png&output=webp&q=78
Almach 12,ATAS1523,48V DC,NA,3500K, CRI>97,L219*W21.5*H99mm,30°,12W,AJ/CG,ATAS1523/35/DGR,R-41231258,IS 10322 (PART 5/SEC 1) : 2012,15799,"Guangdong Sat Technology Co. Ltd., No. 11 Lianbao Rd, Shengfeng District, Xiaolan Town, Zhongshan City, Guangdong, China – 528400",https://wsrv.nl/?url=https%3A%2F%2Fi.ibb.co%2FB2kXD1Vp%2Falmach-12-09-dark-gray-default.png&output=webp&q=78
Almach 12,ATAS1523,48V DC,NA,40000K, CRI>97,L219*W21.5*H99mm,30°,12W,AJ/CG,ATAS1523/40/DGR,R-41231258,IS 10322 (PART 5/SEC 1) : 2012,15799,"Guangdong Sat Technology Co. Ltd., No. 11 Lianbao Rd, Shengfeng District, Xiaolan Town, Zhongshan City, Guangdong, China – 528400",https://wsrv.nl/?url=https%3A%2F%2Fi.ibb.co%2FB2kXD1Vp%2Falmach-12-09-dark-gray-default.png&output=webp&q=78
Almach 12,ATAS1523,48V DC,NA,5000K, CRI>97,L219*W21.5*H99mm,30°,12W,AJ/CG,ATAS1523/50/DGR,R-41231258,IS 10322 (PART 5/SEC 1) : 2012,15799,"Guangdong Sat Technology Co. Ltd., No. 11 Lianbao Rd, Shengfeng District, Xiaolan Town, Zhongshan City, Guangdong, China – 528400",https://wsrv.nl/?url=https%3A%2F%2Fi.ibb.co%2FB2kXD1Vp%2Falmach-12-09-dark-gray-default.png&output=webp&q=78
Almach 12,ATAS1523,48V DC,NA,2700K, CRI>97,L219*W21.5*H99mm,30°,12W,AJ/CG,ATAS1523/27/BB,R-41231258,IS 10322 (PART 5/SEC 1) : 2012,15799,"Guangdong Sat Technology Co. Ltd., No. 11 Lianbao Rd, Shengfeng District, Xiaolan Town, Zhongshan City, Guangdong, China – 528400",https://wsrv.nl/?url=https%3A%2F%2Fi.ibb.co%2F5qypR6j%2Falmach-12-06-ballet-blue.png&output=webp&q=78
Almach 12,ATAS1523,48V DC,NA,3000K, CRI>97,L219*W21.5*H99mm,30°,12W,AJ/CG,ATAS1523/30/BB,R-41231258,IS 10322 (PART 5/SEC 1) : 2012,15799,"Guangdong Sat Technology Co. Ltd., No. 11 Lianbao Rd, Shengfeng District, Xiaolan Town, Zhongshan City, Guangdong, China – 528400",https://wsrv.nl/?url=https%3A%2F%2Fi.ibb.co%2F5qypR6j%2Falmach-12-06-ballet-blue.png&output=webp&q=78
Almach 12,ATAS1523,48V DC,NA,3500K, CRI>97,L219*W21.5*H99mm,30°,12W,AJ/CG,ATAS1523/35/BB,R-41231258,IS 10322 (PART 5/SEC 1) : 2012,15799,"Guangdong Sat Technology Co. Ltd., No. 11 Lianbao Rd, Shengfeng District, Xiaolan Town, Zhongshan City, Guangdong, China – 528400",https://wsrv.nl/?url=https%3A%2F%2Fi.ibb.co%2F5qypR6j%2Falmach-12-06-ballet-blue.png&output=webp&q=78
Almach 12,ATAS1523,48V DC,NA,40000K, CRI>97,L219*W21.5*H99mm,30°,12W,AJ/CG,ATAS1523/40/BB,R-41231258,IS 10322 (PART 5/SEC 1) : 2012,15799,"Guangdong Sat Technology Co. Ltd., No. 11 Lianbao Rd, Shengfeng District, Xiaolan Town, Zhongshan City, Guangdong, China – 528400",https://wsrv.nl/?url=https%3A%2F%2Fi.ibb.co%2F5qypR6j%2Falmach-12-06-ballet-blue.png&output=webp&q=78
Almach 12,ATAS1523,48V DC,NA,5000K, CRI>97,L219*W21.5*H99mm,30°,12W,AJ/CG,ATAS1523/50/BB,R-41231258,IS 10322 (PART 5/SEC 1) : 2012,15799,"Guangdong Sat Technology Co. Ltd., No. 11 Lianbao Rd, Shengfeng District, Xiaolan Town, Zhongshan City, Guangdong, China – 528400",https://wsrv.nl/?url=https%3A%2F%2Fi.ibb.co%2F5qypR6j%2Falmach-12-06-ballet-blue.png&output=webp&q=78
Almach 12,ATAS1523,48V DC,NA,2700K, CRI>97,L219*W21.5*H99mm,30°,12W,AJ/CG,ATAS1523/27/CH,R-41231258,IS 10322 (PART 5/SEC 1) : 2012,15799,"Guangdong Sat Technology Co. Ltd., No. 11 Lianbao Rd, Shengfeng District, Xiaolan Town, Zhongshan City, Guangdong, China – 528400",https://wsrv.nl/?url=https%3A%2F%2Fi.ibb.co%2Fbjxn21BR%2Falmach-12-01-chrome.png&output=webp&q=78
Almach 12,ATAS1523,48V DC,NA,3000K, CRI>97,L219*W21.5*H99mm,30°,12W,AJ/CG,ATAS1523/30/CH,R-41231258,IS 10322 (PART 5/SEC 1) : 2012,15799,"Guangdong Sat Technology Co. Ltd., No. 11 Lianbao Rd, Shengfeng District, Xiaolan Town, Zhongshan City, Guangdong, China – 528400",https://wsrv.nl/?url=https%3A%2F%2Fi.ibb.co%2Fbjxn21BR%2Falmach-12-01-chrome.png&output=webp&q=78
Almach 12,ATAS1523,48V DC,NA,3500K, CRI>97,L219*W21.5*H99mm,30°,12W,AJ/CG,ATAS1523/35/CH,R-41231258,IS 10322 (PART 5/SEC 1) : 2012,15799,"Guangdong Sat Technology Co. Ltd., No. 11 Lianbao Rd, Shengfeng District, Xiaolan Town, Zhongshan City, Guangdong, China – 528400",https://wsrv.nl/?url=https%3A%2F%2Fi.ibb.co%2Fbjxn21BR%2Falmach-12-01-chrome.png&output=webp&q=78
Almach 12,ATAS1523,48V DC,NA,40000K, CRI>97,L219*W21.5*H99mm,30°,12W,AJ/CG,ATAS1523/40/CH,R-41231258,IS 10322 (PART 5/SEC 1) : 2012,15799,"Guangdong Sat Technology Co. Ltd., No. 11 Lianbao Rd, Shengfeng District, Xiaolan Town, Zhongshan City, Guangdong, China – 528400",https://wsrv.nl/?url=https%3A%2F%2Fi.ibb.co%2Fbjxn21BR%2Falmach-12-01-chrome.png&output=webp&q=78
Almach 12,ATAS1523,48V DC,NA,5000K, CRI>97,L219*W21.5*H99mm,30°,12W,AJ/CG,ATAS1523/50/CH,R-41231258,IS 10322 (PART 5/SEC 1) : 2012,15799,"Guangdong Sat Technology Co. Ltd., No. 11 Lianbao Rd, Shengfeng District, Xiaolan Town, Zhongshan City, Guangdong, China – 528400",https://wsrv.nl/?url=https%3A%2F%2Fi.ibb.co%2Fbjxn21BR%2Falmach-12-01-chrome.png&output=webp&q=78
Almach 12,ATAS1523,48V DC,NA,2700K, CRI>97,L219*W21.5*H99mm,30°,12W,AJ/CG,ATAS1523/27/CHB,R-41231258,IS 10322 (PART 5/SEC 1) : 2012,15799,"Guangdong Sat Technology Co. Ltd., No. 11 Lianbao Rd, Shengfeng District, Xiaolan Town, Zhongshan City, Guangdong, China – 528400",https://wsrv.nl/?url=https%3A%2F%2Fi.ibb.co%2FFkrL0QGW%2Falmach-12-02-chrome-black.png&output=webp&q=78
Almach 12,ATAS1523,48V DC,NA,3000K, CRI>97,L219*W21.5*H99mm,30°,12W,AJ/CG,ATAS1523/30/CHB,R-41231258,IS 10322 (PART 5/SEC 1) : 2012,15799,"Guangdong Sat Technology Co. Ltd., No. 11 Lianbao Rd, Shengfeng District, Xiaolan Town, Zhongshan City, Guangdong, China – 528400",https://wsrv.nl/?url=https%3A%2F%2Fi.ibb.co%2FFkrL0QGW%2Falmach-12-02-chrome-black.png&output=webp&q=78
Almach 12,ATAS1523,48V DC,NA,3500K, CRI>97,L219*W21.5*H99mm,30°,12W,AJ/CG,ATAS1523/35/CHB,R-41231258,IS 10322 (PART 5/SEC 1) : 2012,15799,"Guangdong Sat Technology Co. Ltd., No. 11 Lianbao Rd, Shengfeng District, Xiaolan Town, Zhongshan City, Guangdong, China – 528400",https://wsrv.nl/?url=https%3A%2F%2Fi.ibb.co%2FFkrL0QGW%2Falmach-12-02-chrome-black.png&output=webp&q=78
Almach 12,ATAS1523,48V DC,NA,40000K, CRI>97,L219*W21.5*H99mm,30°,12W,AJ/CG,ATAS1523/40/CHB,R-41231258,IS 10322 (PART 5/SEC 1) : 2012,15799,"Guangdong Sat Technology Co. Ltd., No. 11 Lianbao Rd, Shengfeng District, Xiaolan Town, Zhongshan City, Guangdong, China – 528400",https://wsrv.nl/?url=https%3A%2F%2Fi.ibb.co%2FFkrL0QGW%2Falmach-12-02-chrome-black.png&output=webp&q=78
Almach 12,ATAS1523,48V DC,NA,5000K, CRI>97,L219*W21.5*H99mm,30°,12W,AJ/CG,ATAS1523/50/CHB,R-41231258,IS 10322 (PART 5/SEC 1) : 2012,15799,"Guangdong Sat Technology Co. Ltd., No. 11 Lianbao Rd, Shengfeng District, Xiaolan Town, Zhongshan City, Guangdong, China – 528400",https://wsrv.nl/?url=https%3A%2F%2Fi.ibb.co%2FFkrL0QGW%2Falmach-12-02-chrome-black.png&output=webp&q=78
Almach 12 Tunable,ATAS1523,48V DC,NA,2700K~6500K, CRI>97,L219*W21.5*H99mm,30°,12W,AJ/CG,ATAS1523/CT,R-41231258,IS 10322 (PART 5/SEC 1) : 2012,15999,"Guangdong Sat Technology Co. Ltd., No. 11 Lianbao Rd, Shengfeng District, Xiaolan Town, Zhongshan City, Guangdong, China – 528400",https://wsrv.nl/?url=https%3A%2F%2Fi.ibb.co%2Ft6Bfx3v%2Falmach-12-03-mat-black-default.png&output=webp&q=78
Almach 12 Tunable,ATAS1523,48V DC,NA,2700K~6500K, CRI>97,L219*W21.5*H99mm,30°,12W,AJ/CG,ATAS1523/CT/W,R-41231258,IS 10322 (PART 5/SEC 1) : 2012,15999,"Guangdong Sat Technology Co. Ltd., No. 11 Lianbao Rd, Shengfeng District, Xiaolan Town, Zhongshan City, Guangdong, China – 528400",https://wsrv.nl/?url=https%3A%2F%2Fi.ibb.co%2F965qW7T%2FAlmach-12-05-white-2nd.png&output=webp&q=78
Almach 12 Tunable,ATAS1523,48V DC,NA,2700K~6500K, CRI>97,L219*W21.5*H99mm,30°,12W,AJ/CG,ATAS1523/CT/CG,R-41231258,IS 10322 (PART 5/SEC 1) : 2012,16999,"Guangdong Sat Technology Co. Ltd., No. 11 Lianbao Rd, Shengfeng District, Xiaolan Town, Zhongshan City, Guangdong, China – 528400",https://wsrv.nl/?url=https%3A%2F%2Fi.ibb.co%2FDPQNdcs4%2Falmach-12-04-champeing-gold.png&output=webp&q=78
Almach 12 Tunable,ATAS1523,48V DC,NA,2700K~6500K, CRI>97,L219*W21.5*H99mm,30°,12W,AJ/CG,ATAS1523/CT/RG,R-41231258,IS 10322 (PART 5/SEC 1) : 2012,16999,"Guangdong Sat Technology Co. Ltd., No. 11 Lianbao Rd, Shengfeng District, Xiaolan Town, Zhongshan City, Guangdong, China – 528400",https://wsrv.nl/?url=https%3A%2F%2Fi.ibb.co%2FkVZQXKKf%2Falmach-12-08-rose-gold.png&output=webp&q=78
Almach 12 Tunable,ATAS1523,48V DC,NA,2700K~6500K, CRI>97,L219*W21.5*H99mm,30°,12W,AJ/CG,ATAS1523/CT/BR,R-41231258,IS 10322 (PART 5/SEC 1) : 2012,16999,"Guangdong Sat Technology Co. Ltd., No. 11 Lianbao Rd, Shengfeng District, Xiaolan Town, Zhongshan City, Guangdong, China – 528400",https://wsrv.nl/?url=https%3A%2F%2Fi.ibb.co%2FbR7VcsjX%2FAlmach-12-10-brown.png&output=webp&q=78
Almach 12 Tunable,ATAS1523,48V DC,NA,2700K~6500K, CRI>97,L219*W21.5*H99mm,30°,12W,AJ/CG,ATAS1523/CT/COF,R-41231258,IS 10322 (PART 5/SEC 1) : 2012,16999,"Guangdong Sat Technology Co. Ltd., No. 11 Lianbao Rd, Shengfeng District, Xiaolan Town, Zhongshan City, Guangdong, China – 528400",https://wsrv.nl/?url=https%3A%2F%2Fi.ibb.co%2FN6y0Qstc%2Falmach-12-07-coffee.png&output=webp&q=78
Almach 12 Tunable,ATAS1523,48V DC,NA,2700K~6500K, CRI>97,L219*W21.5*H99mm,30°,12W,AJ/CG,ATAS1523/CT/DGR,R-41231258,IS 10322 (PART 5/SEC 1) : 2012,16999,"Guangdong Sat Technology Co. Ltd., No. 11 Lianbao Rd, Shengfeng District, Xiaolan Town, Zhongshan City, Guangdong, China – 528400",https://wsrv.nl/?url=https%3A%2F%2Fi.ibb.co%2FB2kXD1Vp%2Falmach-12-09-dark-gray-default.png&output=webp&q=78
Almach 12 Tunable,ATAS1523,48V DC,NA,2700K~6500K, CRI>97,L219*W21.5*H99mm,30°,12W,AJ/CG,ATAS1523/CT/BB,R-41231258,IS 10322 (PART 5/SEC 1) : 2012,16999,"Guangdong Sat Technology Co. Ltd., No. 11 Lianbao Rd, Shengfeng District, Xiaolan Town, Zhongshan City, Guangdong, China – 528400",https://wsrv.nl/?url=https%3A%2F%2Fi.ibb.co%2F5qypR6j%2Falmach-12-06-ballet-blue.png&output=webp&q=78
Almach 12 Tunable,ATAS1523,48V DC,NA,2700K~6500K, CRI>97,L219*W21.5*H99mm,30°,12W,AJ/CG,ATAS1523/CT/CH,R-41231258,IS 10322 (PART 5/SEC 1) : 2012,16999,"Guangdong Sat Technology Co. Ltd., No. 11 Lianbao Rd, Shengfeng District, Xiaolan Town, Zhongshan City, Guangdong, China – 528400",https://wsrv.nl/?url=https%3A%2F%2Fi.ibb.co%2Fbjxn21BR%2Falmach-12-01-chrome.png&output=webp&q=78
Almach 12 Tunable,ATAS1523,48V DC,NA,2700K~6500K, CRI>97,L219*W21.5*H99mm,30°,12W,AJ/CG,ATAS1523/CT/CHB,R-41231258,IS 10322 (PART 5/SEC 1) : 2012,16999,"Guangdong Sat Technology Co. Ltd., No. 11 Lianbao Rd, Shengfeng District, Xiaolan Town, Zhongshan City, Guangdong, China – 528400",https://wsrv.nl/?url=https%3A%2F%2Fi.ibb.co%2FFkrL0QGW%2Falmach-12-02-chrome-black.png&output=webp&q=78
Adhil 5,ATAS0535,48V DC,NA,2700K, CRI>97, φ36*75mm,15°,5W,AJ/CG,ATAS0535/27/15,R-41231258,IS 10322 (PART 5/SEC 1) : 2012,12299,"Guangdong Sat Technology Co. Ltd., No. 11 Lianbao Rd, Shengfeng District, Xiaolan Town, Zhongshan City, Guangdong, China – 528400",https://wsrv.nl/?url=https%3A%2F%2Fi.ibb.co%2FpvmMN0rc%2Fadhil-5-03-mat-black-default.png&output=webp&q=78
Adhil 5,ATAS0535,48V DC,NA,3000K, CRI>97, φ36*75mm,15°,5W,AJ/CG,ATAS0535/30/15,R-41231258,IS 10322 (PART 5/SEC 1) : 2012,12299,"Guangdong Sat Technology Co. Ltd., No. 11 Lianbao Rd, Shengfeng District, Xiaolan Town, Zhongshan City, Guangdong, China – 528400",https://wsrv.nl/?url=https%3A%2F%2Fi.ibb.co%2FpvmMN0rc%2Fadhil-5-03-mat-black-default.png&output=webp&q=78
Adhil 5,ATAS0535,48V DC,NA,3500K, CRI>97, φ36*75mm,15°,5W,AJ/CG,ATAS0535/35/15,R-41231258,IS 10322 (PART 5/SEC 1) : 2012,12299,"Guangdong Sat Technology Co. Ltd., No. 11 Lianbao Rd, Shengfeng District, Xiaolan Town, Zhongshan City, Guangdong, China – 528400",https://wsrv.nl/?url=https%3A%2F%2Fi.ibb.co%2FpvmMN0rc%2Fadhil-5-03-mat-black-default.png&output=webp&q=78
Adhil 5,ATAS0535,48V DC,NA,40000K, CRI>97, φ36*75mm,15°,5W,AJ/CG,ATAS0535/40/15,R-41231258,IS 10322 (PART 5/SEC 1) : 2012,12299,"Guangdong Sat Technology Co. Ltd., No. 11 Lianbao Rd, Shengfeng District, Xiaolan Town, Zhongshan City, Guangdong, China – 528400",https://wsrv.nl/?url=https%3A%2F%2Fi.ibb.co%2FpvmMN0rc%2Fadhil-5-03-mat-black-default.png&output=webp&q=78
Adhil 5,ATAS0535,48V DC,NA,5000K, CRI>97, φ36*75mm,15°,5W,AJ/CG,ATAS0535/50/15,R-41231258,IS 10322 (PART 5/SEC 1) : 2012,12299,"Guangdong Sat Technology Co. Ltd., No. 11 Lianbao Rd, Shengfeng District, Xiaolan Town, Zhongshan City, Guangdong, China – 528400",https://wsrv.nl/?url=https%3A%2F%2Fi.ibb.co%2FpvmMN0rc%2Fadhil-5-03-mat-black-default.png&output=webp&q=78
Adhil 5,ATAS0535,48V DC,NA,2700K, CRI>97, φ36*75mm,24°,5W,AJ/CG,ATAS0535/27/24,R-41231258,IS 10322 (PART 5/SEC 1) : 2012,12299,"Guangdong Sat Technology Co. Ltd., No. 11 Lianbao Rd, Shengfeng District, Xiaolan Town, Zhongshan City, Guangdong, China – 528400",https://wsrv.nl/?url=https%3A%2F%2Fi.ibb.co%2FpvmMN0rc%2Fadhil-5-03-mat-black-default.png&output=webp&q=78
Adhil 5,ATAS0535,48V DC,NA,3000K, CRI>97, φ36*75mm,24°,5W,AJ/CG,ATAS0535/30/24,R-41231258,IS 10322 (PART 5/SEC 1) : 2012,12299,"Guangdong Sat Technology Co. Ltd., No. 11 Lianbao Rd, Shengfeng District, Xiaolan Town, Zhongshan City, Guangdong, China – 528400",https://wsrv.nl/?url=https%3A%2F%2Fi.ibb.co%2FpvmMN0rc%2Fadhil-5-03-mat-black-default.png&output=webp&q=78
Adhil 5,ATAS0535,48V DC,NA,3500K, CRI>97, φ36*75mm,24°,5W,AJ/CG,ATAS0535/35/24,R-41231258,IS 10322 (PART 5/SEC 1) : 2012,12299,"Guangdong Sat Technology Co. Ltd., No. 11 Lianbao Rd, Shengfeng District, Xiaolan Town, Zhongshan City, Guangdong, China – 528400",https://wsrv.nl/?url=https%3A%2F%2Fi.ibb.co%2FpvmMN0rc%2Fadhil-5-03-mat-black-default.png&output=webp&q=78
Adhil 5,ATAS0535,48V DC,NA,40000K, CRI>97, φ36*75mm,24°,5W,AJ/CG,ATAS0535/40/24,R-41231258,IS 10322 (PART 5/SEC 1) : 2012,12299,"Guangdong Sat Technology Co. Ltd., No. 11 Lianbao Rd, Shengfeng District, Xiaolan Town, Zhongshan City, Guangdong, China – 528400",https://wsrv.nl/?url=https%3A%2F%2Fi.ibb.co%2FpvmMN0rc%2Fadhil-5-03-mat-black-default.png&output=webp&q=78
Adhil 5,ATAS0535,48V DC,NA,5000K, CRI>97, φ36*75mm,24°,5W,AJ/CG,ATAS0535/50/24,R-41231258,IS 10322 (PART 5/SEC 1) : 2012,12299,"Guangdong Sat Technology Co. Ltd., No. 11 Lianbao Rd, Shengfeng District, Xiaolan Town, Zhongshan City, Guangdong, China – 528400",https://wsrv.nl/?url=https%3A%2F%2Fi.ibb.co%2FpvmMN0rc%2Fadhil-5-03-mat-black-default.png&output=webp&q=78
Adhil 5,ATAS0535,48V DC,NA,2700K, CRI>97, φ36*75mm,36°,5W,AJ/CG,ATAS0535/27/36,R-41231258,IS 10322 (PART 5/SEC 1) : 2012,12299,"Guangdong Sat Technology Co. Ltd., No. 11 Lianbao Rd, Shengfeng District, Xiaolan Town, Zhongshan City, Guangdong, China – 528400",https://wsrv.nl/?url=https%3A%2F%2Fi.ibb.co%2FpvmMN0rc%2Fadhil-5-03-mat-black-default.png&output=webp&q=78
Adhil 5,ATAS0535,48V DC,NA,, CRI>97, φ36*75mm,36°,5W,AJ/CG,ATAS0535/30/36,R-41231258,IS 10322 (PART 5/SEC 1) : 2012,12299,"Guangdong Sat Technology Co. Ltd., No. 11 Lianbao Rd, Shengfeng District, Xiaolan Town, Zhongshan City, Guangdong, China – 528400",https://wsrv.nl/?url=https%3A%2F%2Fi.ibb.co%2FpvmMN0rc%2Fadhil-5-03-mat-black-default.png&output=webp&q=78
Adhil 5,ATAS0535,48V DC,NA,3500K, CRI>97, φ36*75mm,36°,5W,AJ/CG,ATAS0535/35/36,R-41231258,IS 10322 (PART 5/SEC 1) : 2012,12299,"Guangdong Sat Technology Co. Ltd., No. 11 Lianbao Rd, Shengfeng District, Xiaolan Town, Zhongshan City, Guangdong, China – 528400",https://wsrv.nl/?url=https%3A%2F%2Fi.ibb.co%2FpvmMN0rc%2Fadhil-5-03-mat-black-default.png&output=webp&q=78
Adhil 5,ATAS0535,48V DC,NA,40000K, CRI>97, φ36*75mm,36°,5W,AJ/CG,ATAS0535/40/36,R-41231258,IS 10322 (PART 5/SEC 1) : 2012,12299,"Guangdong Sat Technology Co. Ltd., No. 11 Lianbao Rd, Shengfeng District, Xiaolan Town, Zhongshan City, Guangdong, China – 528400",https://wsrv.nl/?url=https%3A%2F%2Fi.ibb.co%2FpvmMN0rc%2Fadhil-5-03-mat-black-default.png&output=webp&q=78
Adhil 5,ATAS0535,48V DC,NA,5000K, CRI>97, φ36*75mm,36°,5W,AJ/CG,ATAS0535/50/36,R-41231258,IS 10322 (PART 5/SEC 1) : 2012,12299,"Guangdong Sat Technology Co. Ltd., No. 11 Lianbao Rd, Shengfeng District, Xiaolan Town, Zhongshan City, Guangdong, China – 528400",https://wsrv.nl/?url=https%3A%2F%2Fi.ibb.co%2FpvmMN0rc%2Fadhil-5-03-mat-black-default.png&output=webp&q=78
Adhil 5,ATAS0535,48V DC,NA,2700K, CRI>97, φ36*75mm,15°,5W,AJ/CG,ATAS0535/27/15/W,R-41231258,IS 10322 (PART 5/SEC 1) : 2012,12299,"Guangdong Sat Technology Co. Ltd., No. 11 Lianbao Rd, Shengfeng District, Xiaolan Town, Zhongshan City, Guangdong, China – 528400",https://wsrv.nl/?url=https%3A%2F%2Fi.ibb.co%2FY4Cnwdvp%2Fadhil-5-05-white-2.png&output=webp&q=78
Adhil 5,ATAS0535,48V DC,NA,3000K, CRI>97, φ36*75mm,15°,5W,AJ/CG,ATAS0535/30/15/W,R-41231258,IS 10322 (PART 5/SEC 1) : 2012,12299,"Guangdong Sat Technology Co. Ltd., No. 11 Lianbao Rd, Shengfeng District, Xiaolan Town, Zhongshan City, Guangdong, China – 528400",https://wsrv.nl/?url=https%3A%2F%2Fi.ibb.co%2FY4Cnwdvp%2Fadhil-5-05-white-2.png&output=webp&q=78
Adhil 5,ATAS0535,48V DC,NA,3500K, CRI>97, φ36*75mm,15°,5W,AJ/CG,ATAS0535/35/15/W,R-41231258,IS 10322 (PART 5/SEC 1) : 2012,12299,"Guangdong Sat Technology Co. Ltd., No. 11 Lianbao Rd, Shengfeng District, Xiaolan Town, Zhongshan City, Guangdong, China – 528400",https://wsrv.nl/?url=https%3A%2F%2Fi.ibb.co%2FY4Cnwdvp%2Fadhil-5-05-white-2.png&output=webp&q=78
Adhil 5,ATAS0535,48V DC,NA,40000K, CRI>97, φ36*75mm,15°,5W,AJ/CG,ATAS0535/40/15/W,R-41231258,IS 10322 (PART 5/SEC 1) : 2012,12299,"Guangdong Sat Technology Co. Ltd., No. 11 Lianbao Rd, Shengfeng District, Xiaolan Town, Zhongshan City, Guangdong, China – 528400",https://wsrv.nl/?url=https%3A%2F%2Fi.ibb.co%2FY4Cnwdvp%2Fadhil-5-05-white-2.png&output=webp&q=78
Adhil 5,ATAS0535,48V DC,NA,5000K, CRI>97, φ36*75mm,15°,5W,AJ/CG,ATAS0535/50/15/W,R-41231258,IS 10322 (PART 5/SEC 1) : 2012,12299,"Guangdong Sat Technology Co. Ltd., No. 11 Lianbao Rd, Shengfeng District, Xiaolan Town, Zhongshan City, Guangdong, China – 528400",https://wsrv.nl/?url=https%3A%2F%2Fi.ibb.co%2FY4Cnwdvp%2Fadhil-5-05-white-2.png&output=webp&q=78
Adhil 5,ATAS0535,48V DC,NA,2700K, CRI>97, φ36*75mm,24°,5W,AJ/CG,ATAS0535/27/24/W,R-41231258,IS 10322 (PART 5/SEC 1) : 2012,12299,"Guangdong Sat Technology Co. Ltd., No. 11 Lianbao Rd, Shengfeng District, Xiaolan Town, Zhongshan City, Guangdong, China – 528400",https://wsrv.nl/?url=https%3A%2F%2Fi.ibb.co%2FY4Cnwdvp%2Fadhil-5-05-white-2.png&output=webp&q=78
Adhil 5,ATAS0535,48V DC,NA,3000K, CRI>97, φ36*75mm,24°,5W,AJ/CG,ATAS0535/30/24/W,R-41231258,IS 10322 (PART 5/SEC 1) : 2012,12299,"Guangdong Sat Technology Co. Ltd., No. 11 Lianbao Rd, Shengfeng District, Xiaolan Town, Zhongshan City, Guangdong, China – 528400",https://wsrv.nl/?url=https%3A%2F%2Fi.ibb.co%2FY4Cnwdvp%2Fadhil-5-05-white-2.png&output=webp&q=78
Adhil 5,ATAS0535,48V DC,NA,3500K, CRI>97, φ36*75mm,24°,5W,AJ/CG,ATAS0535/35/24/W,R-41231258,IS 10322 (PART 5/SEC 1) : 2012,12299,"Guangdong Sat Technology Co. Ltd., No. 11 Lianbao Rd, Shengfeng District, Xiaolan Town, Zhongshan City, Guangdong, China – 528400",https://wsrv.nl/?url=https%3A%2F%2Fi.ibb.co%2FY4Cnwdvp%2Fadhil-5-05-white-2.png&output=webp&q=78
Adhil 5,ATAS0535,48V DC,NA,40000K, CRI>97, φ36*75mm,24°,5W,AJ/CG,ATAS0535/40/24/W,R-41231258,IS 10322 (PART 5/SEC 1) : 2012,12299,"Guangdong Sat Technology Co. Ltd., No. 11 Lianbao Rd, Shengfeng District, Xiaolan Town, Zhongshan City, Guangdong, China – 528400",https://wsrv.nl/?url=https%3A%2F%2Fi.ibb.co%2FY4Cnwdvp%2Fadhil-5-05-white-2.png&output=webp&q=78
Adhil 5,ATAS0535,48V DC,NA,5000K, CRI>97, φ36*75mm,24°,5W,AJ/CG,ATAS0535/50/24/W,R-41231258,IS 10322 (PART 5/SEC 1) : 2012,12299,"Guangdong Sat Technology Co. Ltd., No. 11 Lianbao Rd, Shengfeng District, Xiaolan Town, Zhongshan City, Guangdong, China – 528400",https://wsrv.nl/?url=https%3A%2F%2Fi.ibb.co%2FY4Cnwdvp%2Fadhil-5-05-white-2.png&output=webp&q=78
Adhil 5,ATAS0535,48V DC,NA,2700K, CRI>97, φ36*75mm,36°,5W,AJ/CG,ATAS0535/27/36/W,R-41231258,IS 10322 (PART 5/SEC 1) : 2012,12299,"Guangdong Sat Technology Co. Ltd., No. 11 Lianbao Rd, Shengfeng District, Xiaolan Town, Zhongshan City, Guangdong, China – 528400",https://wsrv.nl/?url=https%3A%2F%2Fi.ibb.co%2FY4Cnwdvp%2Fadhil-5-05-white-2.png&output=webp&q=78
Adhil 5,ATAS0535,48V DC,NA,3000K, CRI>97, φ36*75mm,36°,5W,AJ/CG,ATAS0535/30/36/W,R-41231258,IS 10322 (PART 5/SEC 1) : 2012,12299,"Guangdong Sat Technology Co. Ltd., No. 11 Lianbao Rd, Shengfeng District, Xiaolan Town, Zhongshan City, Guangdong, China – 528400",https://wsrv.nl/?url=https%3A%2F%2Fi.ibb.co%2FY4Cnwdvp%2Fadhil-5-05-white-2.png&output=webp&q=78
Adhil 5,ATAS0535,48V DC,NA,3500K, CRI>97, φ36*75mm,36°,5W,AJ/CG,ATAS0535/35/36/W,R-41231258,IS 10322 (PART 5/SEC 1) : 2012,12299,"Guangdong Sat Technology Co. Ltd., No. 11 Lianbao Rd, Shengfeng District, Xiaolan Town, Zhongshan City, Guangdong, China – 528400",https://wsrv.nl/?url=https%3A%2F%2Fi.ibb.co%2FY4Cnwdvp%2Fadhil-5-05-white-2.png&output=webp&q=78
Adhil 5,ATAS0535,48V DC,NA,40000K, CRI>97, φ36*75mm,36°,5W,AJ/CG,ATAS0535/40/36/W,R-41231258,IS 10322 (PART 5/SEC 1) : 2012,12299,"Guangdong Sat Technology Co. Ltd., No. 11 Lianbao Rd, Shengfeng District, Xiaolan Town, Zhongshan City, Guangdong, China – 528400",https://wsrv.nl/?url=https%3A%2F%2Fi.ibb.co%2FY4Cnwdvp%2Fadhil-5-05-white-2.png&output=webp&q=78
Adhil 5,ATAS0535,48V DC,NA,5000K, CRI>97, φ36*75mm,36°,5W,AJ/CG,ATAS0535/50/36/W,R-41231258,IS 10322 (PART 5/SEC 1) : 2012,12299,"Guangdong Sat Technology Co. Ltd., No. 11 Lianbao Rd, Shengfeng District, Xiaolan Town, Zhongshan City, Guangdong, China – 528400",https://wsrv.nl/?url=https%3A%2F%2Fi.ibb.co%2FY4Cnwdvp%2Fadhil-5-05-white-2.png&output=webp&q=78
Adhil 5,ATAS0535,48V DC,NA,2700K, CRI>97, φ36*75mm,15°,5W,AJ/CG,ATAS0535/27/15/CG,R-41231258,IS 10322 (PART 5/SEC 1) : 2012,13299,"Guangdong Sat Technology Co. Ltd., No. 11 Lianbao Rd, Shengfeng District, Xiaolan Town, Zhongshan City, Guangdong, China – 528400",https://wsrv.nl/?url=https%3A%2F%2Fi.ibb.co%2FWWzZCFh9%2Fadhil-5-04-champeing-gold.png&output=webp&q=78
Adhil 5,ATAS0535,48V DC,NA,3000K, CRI>97, φ36*75mm,15°,5W,AJ/CG,ATAS0535/30/15/CG,R-41231258,IS 10322 (PART 5/SEC 1) : 2012,13299,"Guangdong Sat Technology Co. Ltd., No. 11 Lianbao Rd, Shengfeng District, Xiaolan Town, Zhongshan City, Guangdong, China – 528400",https://wsrv.nl/?url=https%3A%2F%2Fi.ibb.co%2FWWzZCFh9%2Fadhil-5-04-champeing-gold.png&output=webp&q=78
Adhil 5,ATAS0535,48V DC,NA,3500K, CRI>97, φ36*75mm,15°,5W,AJ/CG,ATAS0535/35/15/CG,R-41231258,IS 10322 (PART 5/SEC 1) : 2012,13299,"Guangdong Sat Technology Co. Ltd., No. 11 Lianbao Rd, Shengfeng District, Xiaolan Town, Zhongshan City, Guangdong, China – 528400",https://wsrv.nl/?url=https%3A%2F%2Fi.ibb.co%2FWWzZCFh9%2Fadhil-5-04-champeing-gold.png&output=webp&q=78
Adhil 5,ATAS0535,48V DC,NA,40000K, CRI>97, φ36*75mm,15°,5W,AJ/CG,ATAS0535/40/15/CG,R-41231258,IS 10322 (PART 5/SEC 1) : 2012,13299,"Guangdong Sat Technology Co. Ltd., No. 11 Lianbao Rd, Shengfeng District, Xiaolan Town, Zhongshan City, Guangdong, China – 528400",https://wsrv.nl/?url=https%3A%2F%2Fi.ibb.co%2FWWzZCFh9%2Fadhil-5-04-champeing-gold.png&output=webp&q=78
Adhil 5,ATAS0535,48V DC,NA,5000K, CRI>97, φ36*75mm,15°,5W,AJ/CG,ATAS0535/50/15/CG,R-41231258,IS 10322 (PART 5/SEC 1) : 2012,13299,"Guangdong Sat Technology Co. Ltd., No. 11 Lianbao Rd, Shengfeng District, Xiaolan Town, Zhongshan City, Guangdong, China – 528400",https://wsrv.nl/?url=https%3A%2F%2Fi.ibb.co%2FWWzZCFh9%2Fadhil-5-04-champeing-gold.png&output=webp&q=78
Adhil 5,ATAS0535,48V DC,NA,2700K, CRI>97, φ36*75mm,24°,5W,AJ/CG,ATAS0535/27/24/CG,R-41231258,IS 10322 (PART 5/SEC 1) : 2012,13299,"Guangdong Sat Technology Co. Ltd., No. 11 Lianbao Rd, Shengfeng District, Xiaolan Town, Zhongshan City, Guangdong, China – 528400",https://wsrv.nl/?url=https%3A%2F%2Fi.ibb.co%2FWWzZCFh9%2Fadhil-5-04-champeing-gold.png&output=webp&q=78
Adhil 5,ATAS0535,48V DC,NA,3000K, CRI>97, φ36*75mm,24°,5W,AJ/CG,ATAS0535/30/24/CG,R-41231258,IS 10322 (PART 5/SEC 1) : 2012,13299,"Guangdong Sat Technology Co. Ltd., No. 11 Lianbao Rd, Shengfeng District, Xiaolan Town, Zhongshan City, Guangdong, China – 528400",https://wsrv.nl/?url=https%3A%2F%2Fi.ibb.co%2FWWzZCFh9%2Fadhil-5-04-champeing-gold.png&output=webp&q=78
Adhil 5,ATAS0535,48V DC,NA,3500K, CRI>97, φ36*75mm,24°,5W,AJ/CG,ATAS0535/35/24/CG,R-41231258,IS 10322 (PART 5/SEC 1) : 2012,13299,"Guangdong Sat Technology Co. Ltd., No. 11 Lianbao Rd, Shengfeng District, Xiaolan Town, Zhongshan City, Guangdong, China – 528400",https://wsrv.nl/?url=https%3A%2F%2Fi.ibb.co%2FWWzZCFh9%2Fadhil-5-04-champeing-gold.png&output=webp&q=78
Adhil 5,ATAS0535,48V DC,NA,40000K, CRI>97, φ36*75mm,24°,5W,AJ/CG,ATAS0535/40/24/CG,R-41231258,IS 10322 (PART 5/SEC 1) : 2012,13299,"Guangdong Sat Technology Co. Ltd., No. 11 Lianbao Rd, Shengfeng District, Xiaolan Town, Zhongshan City, Guangdong, China – 528400",https://wsrv.nl/?url=https%3A%2F%2Fi.ibb.co%2FWWzZCFh9%2Fadhil-5-04-champeing-gold.png&output=webp&q=78
Adhil 5,ATAS0535,48V DC,NA,5000K, CRI>97, φ36*75mm,24°,5W,AJ/CG,ATAS0535/50/24/CG,R-41231258,IS 10322 (PART 5/SEC 1) : 2012,13299,"Guangdong Sat Technology Co. Ltd., No. 11 Lianbao Rd, Shengfeng District, Xiaolan Town, Zhongshan City, Guangdong, China – 528400",https://wsrv.nl/?url=https%3A%2F%2Fi.ibb.co%2FWWzZCFh9%2Fadhil-5-04-champeing-gold.png&output=webp&q=78
Adhil 5,ATAS0535,48V DC,NA,2700K, CRI>97, φ36*75mm,36°,5W,AJ/CG,ATAS0535/27/36/CG,R-41231258,IS 10322 (PART 5/SEC 1) : 2012,13299,"Guangdong Sat Technology Co. Ltd., No. 11 Lianbao Rd, Shengfeng District, Xiaolan Town, Zhongshan City, Guangdong, China – 528400",https://wsrv.nl/?url=https%3A%2F%2Fi.ibb.co%2FWWzZCFh9%2Fadhil-5-04-champeing-gold.png&output=webp&q=78
Adhil 5,ATAS0535,48V DC,NA,3000K, CRI>97, φ36*75mm,36°,5W,AJ/CG,ATAS0535/30/36/CG,R-41231258,IS 10322 (PART 5/SEC 1) : 2012,13299,"Guangdong Sat Technology Co. Ltd., No. 11 Lianbao Rd, Shengfeng District, Xiaolan Town, Zhongshan City, Guangdong, China – 528400",https://wsrv.nl/?url=https%3A%2F%2Fi.ibb.co%2FWWzZCFh9%2Fadhil-5-04-champeing-gold.png&output=webp&q=78
Adhil 5,ATAS0535,48V DC,NA,3500K, CRI>97, φ36*75mm,36°,5W,AJ/CG,ATAS0535/35/36/CG,R-41231258,IS 10322 (PART 5/SEC 1) : 2012,13299,"Guangdong Sat Technology Co. Ltd., No. 11 Lianbao Rd, Shengfeng District, Xiaolan Town, Zhongshan City, Guangdong, China – 528400",https://wsrv.nl/?url=https%3A%2F%2Fi.ibb.co%2FWWzZCFh9%2Fadhil-5-04-champeing-gold.png&output=webp&q=78
Adhil 5,ATAS0535,48V DC,NA,40000K, CRI>97, φ36*75mm,36°,5W,AJ/CG,ATAS0535/40/36/CG,R-41231258,IS 10322 (PART 5/SEC 1) : 2012,13299,"Guangdong Sat Technology Co. Ltd., No. 11 Lianbao Rd, Shengfeng District, Xiaolan Town, Zhongshan City, Guangdong, China – 528400",https://wsrv.nl/?url=https%3A%2F%2Fi.ibb.co%2FWWzZCFh9%2Fadhil-5-04-champeing-gold.png&output=webp&q=78
Adhil 5,ATAS0535,48V DC,NA,5000K, CRI>97, φ36*75mm,36°,5W,AJ/CG,ATAS0535/50/36/CG,R-41231258,IS 10322 (PART 5/SEC 1) : 2012,13299,"Guangdong Sat Technology Co. Ltd., No. 11 Lianbao Rd, Shengfeng District, Xiaolan Town, Zhongshan City, Guangdong, China – 528400",https://wsrv.nl/?url=https%3A%2F%2Fi.ibb.co%2FWWzZCFh9%2Fadhil-5-04-champeing-gold.png&output=webp&q=78
Adhil 5,ATAS0535,48V DC,NA,2700K, CRI>97, φ36*75mm,15°,5W,AJ/CG,ATAS0535/27/15/RG,R-41231258,IS 10322 (PART 5/SEC 1) : 2012,13299,"Guangdong Sat Technology Co. Ltd., No. 11 Lianbao Rd, Shengfeng District, Xiaolan Town, Zhongshan City, Guangdong, China – 528400",https://wsrv.nl/?url=https%3A%2F%2Fi.ibb.co%2FmVsczGCv%2Fadhil-5-08-rose-gold.png&output=webp&q=78
Adhil 5,ATAS0535,48V DC,NA,3000K, CRI>97, φ36*75mm,15°,5W,AJ/CG,ATAS0535/30/15/RG,R-41231258,IS 10322 (PART 5/SEC 1) : 2012,13299,"Guangdong Sat Technology Co. Ltd., No. 11 Lianbao Rd, Shengfeng District, Xiaolan Town, Zhongshan City, Guangdong, China – 528400",https://wsrv.nl/?url=https%3A%2F%2Fi.ibb.co%2FmVsczGCv%2Fadhil-5-08-rose-gold.png&output=webp&q=78
Adhil 5,ATAS0535,48V DC,NA,3500K, CRI>97, φ36*75mm,15°,5W,AJ/CG,ATAS0535/35/15/RG,R-41231258,IS 10322 (PART 5/SEC 1) : 2012,13299,"Guangdong Sat Technology Co. Ltd., No. 11 Lianbao Rd, Shengfeng District, Xiaolan Town, Zhongshan City, Guangdong, China – 528400",https://wsrv.nl/?url=https%3A%2F%2Fi.ibb.co%2FmVsczGCv%2Fadhil-5-08-rose-gold.png&output=webp&q=78
Adhil 5,ATAS0535,48V DC,NA,40000K, CRI>97, φ36*75mm,15°,5W,AJ/CG,ATAS0535/40/15/RG,R-41231258,IS 10322 (PART 5/SEC 1) : 2012,13299,"Guangdong Sat Technology Co. Ltd., No. 11 Lianbao Rd, Shengfeng District, Xiaolan Town, Zhongshan City, Guangdong, China – 528400",https://wsrv.nl/?url=https%3A%2F%2Fi.ibb.co%2FmVsczGCv%2Fadhil-5-08-rose-gold.png&output=webp&q=78
Adhil 5,ATAS0535,48V DC,NA,5000K, CRI>97, φ36*75mm,15°,5W,AJ/CG,ATAS0535/50/15/RG,R-41231258,IS 10322 (PART 5/SEC 1) : 2012,13299,"Guangdong Sat Technology Co. Ltd., No. 11 Lianbao Rd, Shengfeng District, Xiaolan Town, Zhongshan City, Guangdong, China – 528400",https://wsrv.nl/?url=https%3A%2F%2Fi.ibb.co%2FmVsczGCv%2Fadhil-5-08-rose-gold.png&output=webp&q=78
Adhil 5,ATAS0535,48V DC,NA,2700K, CRI>97, φ36*75mm,24°,5W,AJ/CG,ATAS0535/27/24/RG,R-41231258,IS 10322 (PART 5/SEC 1) : 2012,13299,"Guangdong Sat Technology Co. Ltd., No. 11 Lianbao Rd, Shengfeng District, Xiaolan Town, Zhongshan City, Guangdong, China – 528400",https://wsrv.nl/?url=https%3A%2F%2Fi.ibb.co%2FmVsczGCv%2Fadhil-5-08-rose-gold.png&output=webp&q=78
Adhil 5,ATAS0535,48V DC,NA,3000K, CRI>97, φ36*75mm,24°,5W,AJ/CG,ATAS0535/30/24/RG,R-41231258,IS 10322 (PART 5/SEC 1) : 2012,13299,"Guangdong Sat Technology Co. Ltd., No. 11 Lianbao Rd, Shengfeng District, Xiaolan Town, Zhongshan City, Guangdong, China – 528400",https://wsrv.nl/?url=https%3A%2F%2Fi.ibb.co%2FmVsczGCv%2Fadhil-5-08-rose-gold.png&output=webp&q=78
Adhil 5,ATAS0535,48V DC,NA,3500K, CRI>97, φ36*75mm,24°,5W,AJ/CG,ATAS0535/35/24/RG,R-41231258,IS 10322 (PART 5/SEC 1) : 2012,13299,"Guangdong Sat Technology Co. Ltd., No. 11 Lianbao Rd, Shengfeng District, Xiaolan Town, Zhongshan City, Guangdong, China – 528400",https://wsrv.nl/?url=https%3A%2F%2Fi.ibb.co%2FmVsczGCv%2Fadhil-5-08-rose-gold.png&output=webp&q=78
Adhil 5,ATAS0535,48V DC,NA,40000K, CRI>97, φ36*75mm,24°,5W,AJ/CG,ATAS0535/40/24/RG,R-41231258,IS 10322 (PART 5/SEC 1) : 2012,13299,"Guangdong Sat Technology Co. Ltd., No. 11 Lianbao Rd, Shengfeng District, Xiaolan Town, Zhongshan City, Guangdong, China – 528400",https://wsrv.nl/?url=https%3A%2F%2Fi.ibb.co%2FmVsczGCv%2Fadhil-5-08-rose-gold.png&output=webp&q=78
Adhil 5,ATAS0535,48V DC,NA,5000K, CRI>97, φ36*75mm,24°,5W,AJ/CG,ATAS0535/50/24/RG,R-41231258,IS 10322 (PART 5/SEC 1) : 2012,13299,"Guangdong Sat Technology Co. Ltd., No. 11 Lianbao Rd, Shengfeng District, Xiaolan Town, Zhongshan City, Guangdong, China – 528400",https://wsrv.nl/?url=https%3A%2F%2Fi.ibb.co%2FmVsczGCv%2Fadhil-5-08-rose-gold.png&output=webp&q=78
Adhil 5,ATAS0535,48V DC,NA,2700K, CRI>97, φ36*75mm,36°,5W,AJ/CG,ATAS0535/27/36/RG,R-41231258,IS 10322 (PART 5/SEC 1) : 2012,13299,"Guangdong Sat Technology Co. Ltd., No. 11 Lianbao Rd, Shengfeng District, Xiaolan Town, Zhongshan City, Guangdong, China – 528400",https://wsrv.nl/?url=https%3A%2F%2Fi.ibb.co%2FmVsczGCv%2Fadhil-5-08-rose-gold.png&output=webp&q=78
Adhil 5,ATAS0535,48V DC,NA,3000K, CRI>97, φ36*75mm,36°,5W,AJ/CG,ATAS0535/30/36/RG,R-41231258,IS 10322 (PART 5/SEC 1) : 2012,13299,"Guangdong Sat Technology Co. Ltd., No. 11 Lianbao Rd, Shengfeng District, Xiaolan Town, Zhongshan City, Guangdong, China – 528400",https://wsrv.nl/?url=https%3A%2F%2Fi.ibb.co%2FmVsczGCv%2Fadhil-5-08-rose-gold.png&output=webp&q=78
Adhil 5,ATAS0535,48V DC,NA,3500K, CRI>97, φ36*75mm,36°,5W,AJ/CG,ATAS0535/35/36/RG,R-41231258,IS 10322 (PART 5/SEC 1) : 2012,13299,"Guangdong Sat Technology Co. Ltd., No. 11 Lianbao Rd, Shengfeng District, Xiaolan Town, Zhongshan City, Guangdong, China – 528400",https://wsrv.nl/?url=https%3A%2F%2Fi.ibb.co%2FmVsczGCv%2Fadhil-5-08-rose-gold.png&output=webp&q=78
Adhil 5,ATAS0535,48V DC,NA,40000K, CRI>97, φ36*75mm,36°,5W,AJ/CG,ATAS0535/40/36/RG,R-41231258,IS 10322 (PART 5/SEC 1) : 2012,13299,"Guangdong Sat Technology Co. Ltd., No. 11 Lianbao Rd, Shengfeng District, Xiaolan Town, Zhongshan City, Guangdong, China – 528400",https://wsrv.nl/?url=https%3A%2F%2Fi.ibb.co%2FmVsczGCv%2Fadhil-5-08-rose-gold.png&output=webp&q=78
Adhil 5,ATAS0535,48V DC,NA,5000K, CRI>97, φ36*75mm,36°,5W,AJ/CG,ATAS0535/50/36/RG,R-41231258,IS 10322 (PART 5/SEC 1) : 2012,13299,"Guangdong Sat Technology Co. Ltd., No. 11 Lianbao Rd, Shengfeng District, Xiaolan Town, Zhongshan City, Guangdong, China – 528400",https://wsrv.nl/?url=https%3A%2F%2Fi.ibb.co%2FmVsczGCv%2Fadhil-5-08-rose-gold.png&output=webp&q=78
Adhil 5,ATAS0535,48V DC,NA,2700K, CRI>97, φ36*75mm,15°,5W,AJ/CG,ATAS0535/27/15/BR,R-41231258,IS 10322 (PART 5/SEC 1) : 2012,13299,"Guangdong Sat Technology Co. Ltd., No. 11 Lianbao Rd, Shengfeng District, Xiaolan Town, Zhongshan City, Guangdong, China – 528400",https://wsrv.nl/?url=https%3A%2F%2Fi.ibb.co%2FNdkMhRQY%2Fadhil-5-10-brown.png&output=webp&q=78
Adhil 5,ATAS0535,48V DC,NA,3000K, CRI>97, φ36*75mm,15°,5W,AJ/CG,ATAS0535/30/15/BR,R-41231258,IS 10322 (PART 5/SEC 1) : 2012,13299,"Guangdong Sat Technology Co. Ltd., No. 11 Lianbao Rd, Shengfeng District, Xiaolan Town, Zhongshan City, Guangdong, China – 528400",https://wsrv.nl/?url=https%3A%2F%2Fi.ibb.co%2FNdkMhRQY%2Fadhil-5-10-brown.png&output=webp&q=78
Adhil 5,ATAS0535,48V DC,NA,3500K, CRI>97, φ36*75mm,15°,5W,AJ/CG,ATAS0535/35/15/BR,R-41231258,IS 10322 (PART 5/SEC 1) : 2012,13299,"Guangdong Sat Technology Co. Ltd., No. 11 Lianbao Rd, Shengfeng District, Xiaolan Town, Zhongshan City, Guangdong, China – 528400",https://wsrv.nl/?url=https%3A%2F%2Fi.ibb.co%2FNdkMhRQY%2Fadhil-5-10-brown.png&output=webp&q=78
Adhil 5,ATAS0535,48V DC,NA,40000K, CRI>97, φ36*75mm,15°,5W,AJ/CG,ATAS0535/40/15/BR,R-41231258,IS 10322 (PART 5/SEC 1) : 2012,13299,"Guangdong Sat Technology Co. Ltd., No. 11 Lianbao Rd, Shengfeng District, Xiaolan Town, Zhongshan City, Guangdong, China – 528400",https://wsrv.nl/?url=https%3A%2F%2Fi.ibb.co%2FNdkMhRQY%2Fadhil-5-10-brown.png&output=webp&q=78
Adhil 5,ATAS0535,48V DC,NA,5000K, CRI>97, φ36*75mm,15°,5W,AJ/CG,ATAS0535/50/15/BR,R-41231258,IS 10322 (PART 5/SEC 1) : 2012,13299,"Guangdong Sat Technology Co. Ltd., No. 11 Lianbao Rd, Shengfeng District, Xiaolan Town, Zhongshan City, Guangdong, China – 528400",https://wsrv.nl/?url=https%3A%2F%2Fi.ibb.co%2FNdkMhRQY%2Fadhil-5-10-brown.png&output=webp&q=78
Adhil 5,ATAS0535,48V DC,NA,2700K, CRI>97, φ36*75mm,24°,5W,AJ/CG,ATAS0535/27/24/BR,R-41231258,IS 10322 (PART 5/SEC 1) : 2012,13299,"Guangdong Sat Technology Co. Ltd., No. 11 Lianbao Rd, Shengfeng District, Xiaolan Town, Zhongshan City, Guangdong, China – 528400",https://wsrv.nl/?url=https%3A%2F%2Fi.ibb.co%2FNdkMhRQY%2Fadhil-5-10-brown.png&output=webp&q=78
Adhil 5,ATAS0535,48V DC,NA,3000K, CRI>97, φ36*75mm,24°,5W,AJ/CG,ATAS0535/30/24/BR,R-41231258,IS 10322 (PART 5/SEC 1) : 2012,13299,"Guangdong Sat Technology Co. Ltd., No. 11 Lianbao Rd, Shengfeng District, Xiaolan Town, Zhongshan City, Guangdong, China – 528400",https://wsrv.nl/?url=https%3A%2F%2Fi.ibb.co%2FNdkMhRQY%2Fadhil-5-10-brown.png&output=webp&q=78
Adhil 5,ATAS0535,48V DC,NA,3500K, CRI>97, φ36*75mm,24°,5W,AJ/CG,ATAS0535/35/24/BR,R-41231258,IS 10322 (PART 5/SEC 1) : 2012,13299,"Guangdong Sat Technology Co. Ltd., No. 11 Lianbao Rd, Shengfeng District, Xiaolan Town, Zhongshan City, Guangdong, China – 528400",https://wsrv.nl/?url=https%3A%2F%2Fi.ibb.co%2FNdkMhRQY%2Fadhil-5-10-brown.png&output=webp&q=78
Adhil 5,ATAS0535,48V DC,NA,40000K, CRI>97, φ36*75mm,24°,5W,AJ/CG,ATAS0535/40/24/BR,R-41231258,IS 10322 (PART 5/SEC 1) : 2012,13299,"Guangdong Sat Technology Co. Ltd., No. 11 Lianbao Rd, Shengfeng District, Xiaolan Town, Zhongshan City, Guangdong, China – 528400",https://wsrv.nl/?url=https%3A%2F%2Fi.ibb.co%2FNdkMhRQY%2Fadhil-5-10-brown.png&output=webp&q=78
Adhil 5,ATAS0535,48V DC,NA,5000K, CRI>97, φ36*75mm,24°,5W,AJ/CG,ATAS0535/50/24/BR,R-41231258,IS 10322 (PART 5/SEC 1) : 2012,13299,"Guangdong Sat Technology Co. Ltd., No. 11 Lianbao Rd, Shengfeng District, Xiaolan Town, Zhongshan City, Guangdong, China – 528400",https://wsrv.nl/?url=https%3A%2F%2Fi.ibb.co%2FNdkMhRQY%2Fadhil-5-10-brown.png&output=webp&q=78
Adhil 5,ATAS0535,48V DC,NA,2700K, CRI>97, φ36*75mm,36°,5W,AJ/CG,ATAS0535/27/36/BR,R-41231258,IS 10322 (PART 5/SEC 1) : 2012,13299,"Guangdong Sat Technology Co. Ltd., No. 11 Lianbao Rd, Shengfeng District, Xiaolan Town, Zhongshan City, Guangdong, China – 528400",https://wsrv.nl/?url=https%3A%2F%2Fi.ibb.co%2FNdkMhRQY%2Fadhil-5-10-brown.png&output=webp&q=78
Adhil 5,ATAS0535,48V DC,NA,3000K, CRI>97, φ36*75mm,36°,5W,AJ/CG,ATAS0535/30/36/BR,R-41231258,IS 10322 (PART 5/SEC 1) : 2012,13299,"Guangdong Sat Technology Co. Ltd., No. 11 Lianbao Rd, Shengfeng District, Xiaolan Town, Zhongshan City, Guangdong, China – 528400",https://wsrv.nl/?url=https%3A%2F%2Fi.ibb.co%2FNdkMhRQY%2Fadhil-5-10-brown.png&output=webp&q=78
Adhil 5,ATAS0535,48V DC,NA,3500K, CRI>97, φ36*75mm,36°,5W,AJ/CG,ATAS0535/35/36/BR,R-41231258,IS 10322 (PART 5/SEC 1) : 2012,13299,"Guangdong Sat Technology Co. Ltd., No. 11 Lianbao Rd, Shengfeng District, Xiaolan Town, Zhongshan City, Guangdong, China – 528400",https://wsrv.nl/?url=https%3A%2F%2Fi.ibb.co%2FNdkMhRQY%2Fadhil-5-10-brown.png&output=webp&q=78
Adhil 5,ATAS0535,48V DC,NA,40000K, CRI>97, φ36*75mm,36°,5W,AJ/CG,ATAS0535/40/36/BR,R-41231258,IS 10322 (PART 5/SEC 1) : 2012,13299,"Guangdong Sat Technology Co. Ltd., No. 11 Lianbao Rd, Shengfeng District, Xiaolan Town, Zhongshan City, Guangdong, China – 528400",https://wsrv.nl/?url=https%3A%2F%2Fi.ibb.co%2FNdkMhRQY%2Fadhil-5-10-brown.png&output=webp&q=78
Adhil 5,ATAS0535,48V DC,NA,5000K, CRI>97, φ36*75mm,36°,5W,AJ/CG,ATAS0535/50/36/BR,R-41231258,IS 10322 (PART 5/SEC 1) : 2012,13299,"Guangdong Sat Technology Co. Ltd., No. 11 Lianbao Rd, Shengfeng District, Xiaolan Town, Zhongshan City, Guangdong, China – 528400",https://wsrv.nl/?url=https%3A%2F%2Fi.ibb.co%2FNdkMhRQY%2Fadhil-5-10-brown.png&output=webp&q=78
Adhil 5,ATAS0535,48V DC,NA,2700K, CRI>97, φ36*75mm,15°,5W,AJ/CG,ATAS0535/27/15/COF,R-41231258,IS 10322 (PART 5/SEC 1) : 2012,13299,"Guangdong Sat Technology Co. Ltd., No. 11 Lianbao Rd, Shengfeng District, Xiaolan Town, Zhongshan City, Guangdong, China – 528400",https://wsrv.nl/?url=https%3A%2F%2Fi.ibb.co%2FMDhycX1Y%2Fadhil-5-07-coffee.png&output=webp&q=78
Adhil 5,ATAS0535,48V DC,NA,3000K, CRI>97, φ36*75mm,15°,5W,AJ/CG,ATAS0535/30/15/COF,R-41231258,IS 10322 (PART 5/SEC 1) : 2012,13299,"Guangdong Sat Technology Co. Ltd., No. 11 Lianbao Rd, Shengfeng District, Xiaolan Town, Zhongshan City, Guangdong, China – 528400",https://wsrv.nl/?url=https%3A%2F%2Fi.ibb.co%2FMDhycX1Y%2Fadhil-5-07-coffee.png&output=webp&q=78
Adhil 5,ATAS0535,48V DC,NA,3500K, CRI>97, φ36*75mm,15°,5W,AJ/CG,ATAS0535/35/15/COF,R-41231258,IS 10322 (PART 5/SEC 1) : 2012,13299,"Guangdong Sat Technology Co. Ltd., No. 11 Lianbao Rd, Shengfeng District, Xiaolan Town, Zhongshan City, Guangdong, China – 528400",https://wsrv.nl/?url=https%3A%2F%2Fi.ibb.co%2FMDhycX1Y%2Fadhil-5-07-coffee.png&output=webp&q=78
Adhil 5,ATAS0535,48V DC,NA,40000K, CRI>97, φ36*75mm,15°,5W,AJ/CG,ATAS0535/40/15/COF,R-41231258,IS 10322 (PART 5/SEC 1) : 2012,13299,"Guangdong Sat Technology Co. Ltd., No. 11 Lianbao Rd, Shengfeng District, Xiaolan Town, Zhongshan City, Guangdong, China – 528400",https://wsrv.nl/?url=https%3A%2F%2Fi.ibb.co%2FMDhycX1Y%2Fadhil-5-07-coffee.png&output=webp&q=78
Adhil 5,ATAS0535,48V DC,NA,5000K, CRI>97, φ36*75mm,15°,5W,AJ/CG,ATAS0535/50/15/COF,R-41231258,IS 10322 (PART 5/SEC 1) : 2012,13299,"Guangdong Sat Technology Co. Ltd., No. 11 Lianbao Rd, Shengfeng District, Xiaolan Town, Zhongshan City, Guangdong, China – 528400",https://wsrv.nl/?url=https%3A%2F%2Fi.ibb.co%2FMDhycX1Y%2Fadhil-5-07-coffee.png&output=webp&q=78
Adhil 5,ATAS0535,48V DC,NA,2700K, CRI>97, φ36*75mm,24°,5W,AJ/CG,ATAS0535/27/24/COF,R-41231258,IS 10322 (PART 5/SEC 1) : 2012,13299,"Guangdong Sat Technology Co. Ltd., No. 11 Lianbao Rd, Shengfeng District, Xiaolan Town, Zhongshan City, Guangdong, China – 528400",https://wsrv.nl/?url=https%3A%2F%2Fi.ibb.co%2FMDhycX1Y%2Fadhil-5-07-coffee.png&output=webp&q=78
Adhil 5,ATAS0535,48V DC,NA,3000K, CRI>97, φ36*75mm,24°,5W,AJ/CG,ATAS0535/30/24/COF,R-41231258,IS 10322 (PART 5/SEC 1) : 2012,13299,"Guangdong Sat Technology Co. Ltd., No. 11 Lianbao Rd, Shengfeng District, Xiaolan Town, Zhongshan City, Guangdong, China – 528400",https://wsrv.nl/?url=https%3A%2F%2Fi.ibb.co%2FMDhycX1Y%2Fadhil-5-07-coffee.png&output=webp&q=78
Adhil 5,ATAS0535,48V DC,NA,3500K, CRI>97, φ36*75mm,24°,5W,AJ/CG,ATAS0535/35/24/COF,R-41231258,IS 10322 (PART 5/SEC 1) : 2012,13299,"Guangdong Sat Technology Co. Ltd., No. 11 Lianbao Rd, Shengfeng District, Xiaolan Town, Zhongshan City, Guangdong, China – 528400",https://wsrv.nl/?url=https%3A%2F%2Fi.ibb.co%2FMDhycX1Y%2Fadhil-5-07-coffee.png&output=webp&q=78
Adhil 5,ATAS0535,48V DC,NA,40000K, CRI>97, φ36*75mm,24°,5W,AJ/CG,ATAS0535/40/24/COF,R-41231258,IS 10322 (PART 5/SEC 1) : 2012,13299,"Guangdong Sat Technology Co. Ltd., No. 11 Lianbao Rd, Shengfeng District, Xiaolan Town, Zhongshan City, Guangdong, China – 528400",https://wsrv.nl/?url=https%3A%2F%2Fi.ibb.co%2FMDhycX1Y%2Fadhil-5-07-coffee.png&output=webp&q=78
Adhil 5,ATAS0535,48V DC,NA,5000K, CRI>97, φ36*75mm,24°,5W,AJ/CG,ATAS0535/50/24/COF,R-41231258,IS 10322 (PART 5/SEC 1) : 2012,13299,"Guangdong Sat Technology Co. Ltd., No. 11 Lianbao Rd, Shengfeng District, Xiaolan Town, Zhongshan City, Guangdong, China – 528400",https://wsrv.nl/?url=https%3A%2F%2Fi.ibb.co%2FMDhycX1Y%2Fadhil-5-07-coffee.png&output=webp&q=78
Adhil 5,ATAS0535,48V DC,NA,2700K, CRI>97, φ36*75mm,36°,5W,AJ/CG,ATAS0535/27/36/COF,R-41231258,IS 10322 (PART 5/SEC 1) : 2012,13299,"Guangdong Sat Technology Co. Ltd., No. 11 Lianbao Rd, Shengfeng District, Xiaolan Town, Zhongshan City, Guangdong, China – 528400",https://wsrv.nl/?url=https%3A%2F%2Fi.ibb.co%2FMDhycX1Y%2Fadhil-5-07-coffee.png&output=webp&q=78
Adhil 5,ATAS0535,48V DC,NA,3000K, CRI>97, φ36*75mm,36°,5W,AJ/CG,ATAS0535/30/36/COF,R-41231258,IS 10322 (PART 5/SEC 1) : 2012,13299,"Guangdong Sat Technology Co. Ltd., No. 11 Lianbao Rd, Shengfeng District, Xiaolan Town, Zhongshan City, Guangdong, China – 528400",https://wsrv.nl/?url=https%3A%2F%2Fi.ibb.co%2FMDhycX1Y%2Fadhil-5-07-coffee.png&output=webp&q=78
Adhil 5,ATAS0535,48V DC,NA,3500K, CRI>97, φ36*75mm,36°,5W,AJ/CG,ATAS0535/35/36/COF,R-41231258,IS 10322 (PART 5/SEC 1) : 2012,13299,"Guangdong Sat Technology Co. Ltd., No. 11 Lianbao Rd, Shengfeng District, Xiaolan Town, Zhongshan City, Guangdong, China – 528400",https://wsrv.nl/?url=https%3A%2F%2Fi.ibb.co%2FMDhycX1Y%2Fadhil-5-07-coffee.png&output=webp&q=78
Adhil 5,ATAS0535,48V DC,NA,40000K, CRI>97, φ36*75mm,36°,5W,AJ/CG,ATAS0535/40/36/COF,R-41231258,IS 10322 (PART 5/SEC 1) : 2012,13299,"Guangdong Sat Technology Co. Ltd., No. 11 Lianbao Rd, Shengfeng District, Xiaolan Town, Zhongshan City, Guangdong, China – 528400",https://wsrv.nl/?url=https%3A%2F%2Fi.ibb.co%2FMDhycX1Y%2Fadhil-5-07-coffee.png&output=webp&q=78
Adhil 5,ATAS0535,48V DC,NA,5000K, CRI>97, φ36*75mm,36°,5W,AJ/CG,ATAS0535/50/36/COF,R-41231258,IS 10322 (PART 5/SEC 1) : 2012,13299,"Guangdong Sat Technology Co. Ltd., No. 11 Lianbao Rd, Shengfeng District, Xiaolan Town, Zhongshan City, Guangdong, China – 528400",https://wsrv.nl/?url=https%3A%2F%2Fi.ibb.co%2FMDhycX1Y%2Fadhil-5-07-coffee.png&output=webp&q=78
Adhil 5,ATAS0535,48V DC,NA,2700K, CRI>97, φ36*75mm,15°,5W,AJ/CG,ATAS0535/27/15/DGR,R-41231258,IS 10322 (PART 5/SEC 1) : 2012,13299,"Guangdong Sat Technology Co. Ltd., No. 11 Lianbao Rd, Shengfeng District, Xiaolan Town, Zhongshan City, Guangdong, China – 528400",https://wsrv.nl/?url=https%3A%2F%2Fi.ibb.co%2F2bMnFvR%2Fadhil-5-09-dark-gray-default.png&output=webp&q=78
Adhil 5,ATAS0535,48V DC,NA,3000K, CRI>97, φ36*75mm,15°,5W,AJ/CG,ATAS0535/30/15/DGR,R-41231258,IS 10322 (PART 5/SEC 1) : 2012,13299,"Guangdong Sat Technology Co. Ltd., No. 11 Lianbao Rd, Shengfeng District, Xiaolan Town, Zhongshan City, Guangdong, China – 528400",https://wsrv.nl/?url=https%3A%2F%2Fi.ibb.co%2F2bMnFvR%2Fadhil-5-09-dark-gray-default.png&output=webp&q=78
Adhil 5,ATAS0535,48V DC,NA,3500K, CRI>97, φ36*75mm,15°,5W,AJ/CG,ATAS0535/35/15/DGR,R-41231258,IS 10322 (PART 5/SEC 1) : 2012,13299,"Guangdong Sat Technology Co. Ltd., No. 11 Lianbao Rd, Shengfeng District, Xiaolan Town, Zhongshan City, Guangdong, China – 528400",https://wsrv.nl/?url=https%3A%2F%2Fi.ibb.co%2F2bMnFvR%2Fadhil-5-09-dark-gray-default.png&output=webp&q=78
Adhil 5,ATAS0535,48V DC,NA,40000K, CRI>97, φ36*75mm,15°,5W,AJ/CG,ATAS0535/40/15/DGR,R-41231258,IS 10322 (PART 5/SEC 1) : 2012,13299,"Guangdong Sat Technology Co. Ltd., No. 11 Lianbao Rd, Shengfeng District, Xiaolan Town, Zhongshan City, Guangdong, China – 528400",https://wsrv.nl/?url=https%3A%2F%2Fi.ibb.co%2F2bMnFvR%2Fadhil-5-09-dark-gray-default.png&output=webp&q=78
Adhil 5,ATAS0535,48V DC,NA,5000K, CRI>97, φ36*75mm,15°,5W,AJ/CG,ATAS0535/50/15/DGR,R-41231258,IS 10322 (PART 5/SEC 1) : 2012,13299,"Guangdong Sat Technology Co. Ltd., No. 11 Lianbao Rd, Shengfeng District, Xiaolan Town, Zhongshan City, Guangdong, China – 528400",https://wsrv.nl/?url=https%3A%2F%2Fi.ibb.co%2F2bMnFvR%2Fadhil-5-09-dark-gray-default.png&output=webp&q=78
Adhil 5,ATAS0535,48V DC,NA,2700K, CRI>97, φ36*75mm,24°,5W,AJ/CG,ATAS0535/27/24/DGR,R-41231258,IS 10322 (PART 5/SEC 1) : 2012,13299,"Guangdong Sat Technology Co. Ltd., No. 11 Lianbao Rd, Shengfeng District, Xiaolan Town, Zhongshan City, Guangdong, China – 528400",https://wsrv.nl/?url=https%3A%2F%2Fi.ibb.co%2F2bMnFvR%2Fadhil-5-09-dark-gray-default.png&output=webp&q=78
Adhil 5,ATAS0535,48V DC,NA,3000K, CRI>97, φ36*75mm,24°,5W,AJ/CG,ATAS0535/30/24/DGR,R-41231258,IS 10322 (PART 5/SEC 1) : 2012,13299,"Guangdong Sat Technology Co. Ltd., No. 11 Lianbao Rd, Shengfeng District, Xiaolan Town, Zhongshan City, Guangdong, China – 528400",https://wsrv.nl/?url=https%3A%2F%2Fi.ibb.co%2F2bMnFvR%2Fadhil-5-09-dark-gray-default.png&output=webp&q=78
Adhil 5,ATAS0535,48V DC,NA,3500K, CRI>97, φ36*75mm,24°,5W,AJ/CG,ATAS0535/35/24/DGR,R-41231258,IS 10322 (PART 5/SEC 1) : 2012,13299,"Guangdong Sat Technology Co. Ltd., No. 11 Lianbao Rd, Shengfeng District, Xiaolan Town, Zhongshan City, Guangdong, China – 528400",https://wsrv.nl/?url=https%3A%2F%2Fi.ibb.co%2F2bMnFvR%2Fadhil-5-09-dark-gray-default.png&output=webp&q=78
Adhil 5,ATAS0535,48V DC,NA,40000K, CRI>97, φ36*75mm,24°,5W,AJ/CG,ATAS0535/40/24/DGR,R-41231258,IS 10322 (PART 5/SEC 1) : 2012,13299,"Guangdong Sat Technology Co. Ltd., No. 11 Lianbao Rd, Shengfeng District, Xiaolan Town, Zhongshan City, Guangdong, China – 528400",https://wsrv.nl/?url=https%3A%2F%2Fi.ibb.co%2F2bMnFvR%2Fadhil-5-09-dark-gray-default.png&output=webp&q=78
Adhil 5,ATAS0535,48V DC,NA,5000K, CRI>97, φ36*75mm,24°,5W,AJ/CG,ATAS0535/50/24/DGR,R-41231258,IS 10322 (PART 5/SEC 1) : 2012,13299,"Guangdong Sat Technology Co. Ltd., No. 11 Lianbao Rd, Shengfeng District, Xiaolan Town, Zhongshan City, Guangdong, China – 528400",https://wsrv.nl/?url=https%3A%2F%2Fi.ibb.co%2F2bMnFvR%2Fadhil-5-09-dark-gray-default.png&output=webp&q=78
Adhil 5,ATAS0535,48V DC,NA,2700K, CRI>97, φ36*75mm,36°,5W,AJ/CG,ATAS0535/27/36/DGR,R-41231258,IS 10322 (PART 5/SEC 1) : 2012,13299,"Guangdong Sat Technology Co. Ltd., No. 11 Lianbao Rd, Shengfeng District, Xiaolan Town, Zhongshan City, Guangdong, China – 528400",https://wsrv.nl/?url=https%3A%2F%2Fi.ibb.co%2F2bMnFvR%2Fadhil-5-09-dark-gray-default.png&output=webp&q=78
Adhil 5,ATAS0535,48V DC,NA,3000K, CRI>97, φ36*75mm,36°,5W,AJ/CG,ATAS0535/30/36/DGR,R-41231258,IS 10322 (PART 5/SEC 1) : 2012,13299,"Guangdong Sat Technology Co. Ltd., No. 11 Lianbao Rd, Shengfeng District, Xiaolan Town, Zhongshan City, Guangdong, China – 528400",https://wsrv.nl/?url=https%3A%2F%2Fi.ibb.co%2F2bMnFvR%2Fadhil-5-09-dark-gray-default.png&output=webp&q=78
Adhil 5,ATAS0535,48V DC,NA,3500K, CRI>97, φ36*75mm,36°,5W,AJ/CG,ATAS0535/35/36/DGR,R-41231258,IS 10322 (PART 5/SEC 1) : 2012,13299,"Guangdong Sat Technology Co. Ltd., No. 11 Lianbao Rd, Shengfeng District, Xiaolan Town, Zhongshan City, Guangdong, China – 528400",https://wsrv.nl/?url=https%3A%2F%2Fi.ibb.co%2F2bMnFvR%2Fadhil-5-09-dark-gray-default.png&output=webp&q=78
Adhil 5,ATAS0535,48V DC,NA,40000K, CRI>97, φ36*75mm,36°,5W,AJ/CG,ATAS0535/40/36/DGR,R-41231258,IS 10322 (PART 5/SEC 1) : 2012,13299,"Guangdong Sat Technology Co. Ltd., No. 11 Lianbao Rd, Shengfeng District, Xiaolan Town, Zhongshan City, Guangdong, China – 528400",https://wsrv.nl/?url=https%3A%2F%2Fi.ibb.co%2F2bMnFvR%2Fadhil-5-09-dark-gray-default.png&output=webp&q=78
Adhil 5,ATAS0535,48V DC,NA,5000K, CRI>97, φ36*75mm,36°,5W,AJ/CG,ATAS0535/50/36/DGR,R-41231258,IS 10322 (PART 5/SEC 1) : 2012,13299,"Guangdong Sat Technology Co. Ltd., No. 11 Lianbao Rd, Shengfeng District, Xiaolan Town, Zhongshan City, Guangdong, China – 528400",https://wsrv.nl/?url=https%3A%2F%2Fi.ibb.co%2F2bMnFvR%2Fadhil-5-09-dark-gray-default.png&output=webp&q=78
Adhil 5,ATAS0535,48V DC,NA,2700K, CRI>97, φ36*75mm,15°,5W,AJ/CG,ATAS0535/27/15/BB,R-41231258,IS 10322 (PART 5/SEC 1) : 2012,13299,"Guangdong Sat Technology Co. Ltd., No. 11 Lianbao Rd, Shengfeng District, Xiaolan Town, Zhongshan City, Guangdong, China – 528400",https://wsrv.nl/?url=https%3A%2F%2Fi.ibb.co%2FVcj1Rf2R%2Fadhil-5-06-ballet-blue.png&output=webp&q=78
Adhil 5,ATAS0535,48V DC,NA,3000K, CRI>97, φ36*75mm,15°,5W,AJ/CG,ATAS0535/30/15/BB,R-41231258,IS 10322 (PART 5/SEC 1) : 2012,13299,"Guangdong Sat Technology Co. Ltd., No. 11 Lianbao Rd, Shengfeng District, Xiaolan Town, Zhongshan City, Guangdong, China – 528400",https://wsrv.nl/?url=https%3A%2F%2Fi.ibb.co%2FVcj1Rf2R%2Fadhil-5-06-ballet-blue.png&output=webp&q=78
Adhil 5,ATAS0535,48V DC,NA,3500K, CRI>97, φ36*75mm,15°,5W,AJ/CG,ATAS0535/35/15/BB,R-41231258,IS 10322 (PART 5/SEC 1) : 2012,13299,"Guangdong Sat Technology Co. Ltd., No. 11 Lianbao Rd, Shengfeng District, Xiaolan Town, Zhongshan City, Guangdong, China – 528400",https://wsrv.nl/?url=https%3A%2F%2Fi.ibb.co%2FVcj1Rf2R%2Fadhil-5-06-ballet-blue.png&output=webp&q=78
Adhil 5,ATAS0535,48V DC,NA,40000K, CRI>97, φ36*75mm,15°,5W,AJ/CG,ATAS0535/40/15/BB,R-41231258,IS 10322 (PART 5/SEC 1) : 2012,13299,"Guangdong Sat Technology Co. Ltd., No. 11 Lianbao Rd, Shengfeng District, Xiaolan Town, Zhongshan City, Guangdong, China – 528400",https://wsrv.nl/?url=https%3A%2F%2Fi.ibb.co%2FVcj1Rf2R%2Fadhil-5-06-ballet-blue.png&output=webp&q=78
Adhil 5,ATAS0535,48V DC,NA,5000K, CRI>97, φ36*75mm,15°,5W,AJ/CG,ATAS0535/50/15/BB,R-41231258,IS 10322 (PART 5/SEC 1) : 2012,13299,"Guangdong Sat Technology Co. Ltd., No. 11 Lianbao Rd, Shengfeng District, Xiaolan Town, Zhongshan City, Guangdong, China – 528400",https://wsrv.nl/?url=https%3A%2F%2Fi.ibb.co%2FVcj1Rf2R%2Fadhil-5-06-ballet-blue.png&output=webp&q=78
Adhil 5,ATAS0535,48V DC,NA,2700K, CRI>97, φ36*75mm,24°,5W,AJ/CG,ATAS0535/27/24/BB,R-41231258,IS 10322 (PART 5/SEC 1) : 2012,13299,"Guangdong Sat Technology Co. Ltd., No. 11 Lianbao Rd, Shengfeng District, Xiaolan Town, Zhongshan City, Guangdong, China – 528400",https://wsrv.nl/?url=https%3A%2F%2Fi.ibb.co%2FVcj1Rf2R%2Fadhil-5-06-ballet-blue.png&output=webp&q=78
Adhil 5,ATAS0535,48V DC,NA,3000K, CRI>97, φ36*75mm,24°,5W,AJ/CG,ATAS0535/30/24/BB,R-41231258,IS 10322 (PART 5/SEC 1) : 2012,13299,"Guangdong Sat Technology Co. Ltd., No. 11 Lianbao Rd, Shengfeng District, Xiaolan Town, Zhongshan City, Guangdong, China – 528400",https://wsrv.nl/?url=https%3A%2F%2Fi.ibb.co%2FVcj1Rf2R%2Fadhil-5-06-ballet-blue.png&output=webp&q=78
Adhil 5,ATAS0535,48V DC,NA,3500K, CRI>97, φ36*75mm,24°,5W,AJ/CG,ATAS0535/35/24/BB,R-41231258,IS 10322 (PART 5/SEC 1) : 2012,13299,"Guangdong Sat Technology Co. Ltd., No. 11 Lianbao Rd, Shengfeng District, Xiaolan Town, Zhongshan City, Guangdong, China – 528400",https://wsrv.nl/?url=https%3A%2F%2Fi.ibb.co%2FVcj1Rf2R%2Fadhil-5-06-ballet-blue.png&output=webp&q=78
Adhil 5,ATAS0535,48V DC,NA,40000K, CRI>97, φ36*75mm,24°,5W,AJ/CG,ATAS0535/40/24/BB,R-41231258,IS 10322 (PART 5/SEC 1) : 2012,13299,"Guangdong Sat Technology Co. Ltd., No. 11 Lianbao Rd, Shengfeng District, Xiaolan Town, Zhongshan City, Guangdong, China – 528400",https://wsrv.nl/?url=https%3A%2F%2Fi.ibb.co%2FVcj1Rf2R%2Fadhil-5-06-ballet-blue.png&output=webp&q=78
Adhil 5,ATAS0535,48V DC,NA,5000K, CRI>97, φ36*75mm,24°,5W,AJ/CG,ATAS0535/50/24/BB,R-41231258,IS 10322 (PART 5/SEC 1) : 2012,13299,"Guangdong Sat Technology Co. Ltd., No. 11 Lianbao Rd, Shengfeng District, Xiaolan Town, Zhongshan City, Guangdong, China – 528400",https://wsrv.nl/?url=https%3A%2F%2Fi.ibb.co%2FVcj1Rf2R%2Fadhil-5-06-ballet-blue.png&output=webp&q=78
Adhil 5,ATAS0535,48V DC,NA,2700K, CRI>97, φ36*75mm,36°,5W,AJ/CG,ATAS0535/27/36/BB,R-41231258,IS 10322 (PART 5/SEC 1) : 2012,13299,"Guangdong Sat Technology Co. Ltd., No. 11 Lianbao Rd, Shengfeng District, Xiaolan Town, Zhongshan City, Guangdong, China – 528400",https://wsrv.nl/?url=https%3A%2F%2Fi.ibb.co%2FVcj1Rf2R%2Fadhil-5-06-ballet-blue.png&output=webp&q=78
Adhil 5,ATAS0535,48V DC,NA,3000K, CRI>97, φ36*75mm,36°,5W,AJ/CG,ATAS0535/30/36/BB,R-41231258,IS 10322 (PART 5/SEC 1) : 2012,13299,"Guangdong Sat Technology Co. Ltd., No. 11 Lianbao Rd, Shengfeng District, Xiaolan Town, Zhongshan City, Guangdong, China – 528400",https://wsrv.nl/?url=https%3A%2F%2Fi.ibb.co%2FVcj1Rf2R%2Fadhil-5-06-ballet-blue.png&output=webp&q=78
Adhil 5,ATAS0535,48V DC,NA,3500K, CRI>97, φ36*75mm,36°,5W,AJ/CG,ATAS0535/35/36/BB,R-41231258,IS 10322 (PART 5/SEC 1) : 2012,13299,"Guangdong Sat Technology Co. Ltd., No. 11 Lianbao Rd, Shengfeng District, Xiaolan Town, Zhongshan City, Guangdong, China – 528400",https://wsrv.nl/?url=https%3A%2F%2Fi.ibb.co%2FVcj1Rf2R%2Fadhil-5-06-ballet-blue.png&output=webp&q=78
Adhil 5,ATAS0535,48V DC,NA,40000K, CRI>97, φ36*75mm,36°,5W,AJ/CG,ATAS0535/40/36/BB,R-41231258,IS 10322 (PART 5/SEC 1) : 2012,13299,"Guangdong Sat Technology Co. Ltd., No. 11 Lianbao Rd, Shengfeng District, Xiaolan Town, Zhongshan City, Guangdong, China – 528400",https://wsrv.nl/?url=https%3A%2F%2Fi.ibb.co%2FVcj1Rf2R%2Fadhil-5-06-ballet-blue.png&output=webp&q=78
Adhil 5,ATAS0535,48V DC,NA,5000K, CRI>97, φ36*75mm,36°,5W,AJ/CG,ATAS0535/50/36/BB,R-41231258,IS 10322 (PART 5/SEC 1) : 2012,13299,"Guangdong Sat Technology Co. Ltd., No. 11 Lianbao Rd, Shengfeng District, Xiaolan Town, Zhongshan City, Guangdong, China – 528400",https://wsrv.nl/?url=https%3A%2F%2Fi.ibb.co%2FVcj1Rf2R%2Fadhil-5-06-ballet-blue.png&output=webp&q=78
Adhil 5,ATAS0535,48V DC,NA,2700K, CRI>97, φ36*75mm,15°,5W,AJ/CG,ATAS0535/27/15/CH,R-41231258,IS 10322 (PART 5/SEC 1) : 2012,13299,"Guangdong Sat Technology Co. Ltd., No. 11 Lianbao Rd, Shengfeng District, Xiaolan Town, Zhongshan City, Guangdong, China – 528400",https://wsrv.nl/?url=https%3A%2F%2Fi.ibb.co%2FgMzFSpSf%2Fadhil-5-01-chrome.png&output=webp&q=78
Adhil 5,ATAS0535,48V DC,NA,3000K, CRI>97, φ36*75mm,15°,5W,AJ/CG,ATAS0535/30/15/CH,R-41231258,IS 10322 (PART 5/SEC 1) : 2012,13299,"Guangdong Sat Technology Co. Ltd., No. 11 Lianbao Rd, Shengfeng District, Xiaolan Town, Zhongshan City, Guangdong, China – 528400",https://wsrv.nl/?url=https%3A%2F%2Fi.ibb.co%2FgMzFSpSf%2Fadhil-5-01-chrome.png&output=webp&q=78
Adhil 5,ATAS0535,48V DC,NA,3500K, CRI>97, φ36*75mm,15°,5W,AJ/CG,ATAS0535/35/15/CH,R-41231258,IS 10322 (PART 5/SEC 1) : 2012,13299,"Guangdong Sat Technology Co. Ltd., No. 11 Lianbao Rd, Shengfeng District, Xiaolan Town, Zhongshan City, Guangdong, China – 528400",https://wsrv.nl/?url=https%3A%2F%2Fi.ibb.co%2FgMzFSpSf%2Fadhil-5-01-chrome.png&output=webp&q=78
Adhil 5,ATAS0535,48V DC,NA,40000K, CRI>97, φ36*75mm,15°,5W,AJ/CG,ATAS0535/40/15/CH,R-41231258,IS 10322 (PART 5/SEC 1) : 2012,13299,"Guangdong Sat Technology Co. Ltd., No. 11 Lianbao Rd, Shengfeng District, Xiaolan Town, Zhongshan City, Guangdong, China – 528400",https://wsrv.nl/?url=https%3A%2F%2Fi.ibb.co%2FgMzFSpSf%2Fadhil-5-01-chrome.png&output=webp&q=78
Adhil 5,ATAS0535,48V DC,NA,5000K, CRI>97, φ36*75mm,15°,5W,AJ/CG,ATAS0535/50/15/CH,R-41231258,IS 10322 (PART 5/SEC 1) : 2012,13299,"Guangdong Sat Technology Co. Ltd., No. 11 Lianbao Rd, Shengfeng District, Xiaolan Town, Zhongshan City, Guangdong, China – 528400",https://wsrv.nl/?url=https%3A%2F%2Fi.ibb.co%2FgMzFSpSf%2Fadhil-5-01-chrome.png&output=webp&q=78
Adhil 5,ATAS0535,48V DC,NA,2700K, CRI>97, φ36*75mm,24°,5W,AJ/CG,ATAS0535/27/24/CH,R-41231258,IS 10322 (PART 5/SEC 1) : 2012,13299,"Guangdong Sat Technology Co. Ltd., No. 11 Lianbao Rd, Shengfeng District, Xiaolan Town, Zhongshan City, Guangdong, China – 528400",https://wsrv.nl/?url=https%3A%2F%2Fi.ibb.co%2FgMzFSpSf%2Fadhil-5-01-chrome.png&output=webp&q=78
Adhil 5,ATAS0535,48V DC,NA,3000K, CRI>97, φ36*75mm,24°,5W,AJ/CG,ATAS0535/30/24/CH,R-41231258,IS 10322 (PART 5/SEC 1) : 2012,13299,"Guangdong Sat Technology Co. Ltd., No. 11 Lianbao Rd, Shengfeng District, Xiaolan Town, Zhongshan City, Guangdong, China – 528400",https://wsrv.nl/?url=https%3A%2F%2Fi.ibb.co%2FgMzFSpSf%2Fadhil-5-01-chrome.png&output=webp&q=78
Adhil 5,ATAS0535,48V DC,NA,3500K, CRI>97, φ36*75mm,24°,5W,AJ/CG,ATAS0535/35/24/CH,R-41231258,IS 10322 (PART 5/SEC 1) : 2012,13299,"Guangdong Sat Technology Co. Ltd., No. 11 Lianbao Rd, Shengfeng District, Xiaolan Town, Zhongshan City, Guangdong, China – 528400",https://wsrv.nl/?url=https%3A%2F%2Fi.ibb.co%2FgMzFSpSf%2Fadhil-5-01-chrome.png&output=webp&q=78
Adhil 5,ATAS0535,48V DC,NA,40000K, CRI>97, φ36*75mm,24°,5W,AJ/CG,ATAS0535/40/24/CH,R-41231258,IS 10322 (PART 5/SEC 1) : 2012,13299,"Guangdong Sat Technology Co. Ltd., No. 11 Lianbao Rd, Shengfeng District, Xiaolan Town, Zhongshan City, Guangdong, China – 528400",https://wsrv.nl/?url=https%3A%2F%2Fi.ibb.co%2FgMzFSpSf%2Fadhil-5-01-chrome.png&output=webp&q=78
Adhil 5,ATAS0535,48V DC,NA,5000K, CRI>97, φ36*75mm,24°,5W,AJ/CG,ATAS0535/50/24/CH,R-41231258,IS 10322 (PART 5/SEC 1) : 2012,13299,"Guangdong Sat Technology Co. Ltd., No. 11 Lianbao Rd, Shengfeng District, Xiaolan Town, Zhongshan City, Guangdong, China – 528400",https://wsrv.nl/?url=https%3A%2F%2Fi.ibb.co%2FgMzFSpSf%2Fadhil-5-01-chrome.png&output=webp&q=78
Adhil 5,ATAS0535,48V DC,NA,2700K, CRI>97, φ36*75mm,36°,5W,AJ/CG,ATAS0535/27/36/CH,R-41231258,IS 10322 (PART 5/SEC 1) : 2012,13299,"Guangdong Sat Technology Co. Ltd., No. 11 Lianbao Rd, Shengfeng District, Xiaolan Town, Zhongshan City, Guangdong, China – 528400",https://wsrv.nl/?url=https%3A%2F%2Fi.ibb.co%2FgMzFSpSf%2Fadhil-5-01-chrome.png&output=webp&q=78
Adhil 5,ATAS0535,48V DC,NA,3000K, CRI>97, φ36*75mm,36°,5W,AJ/CG,ATAS0535/30/36/CH,R-41231258,IS 10322 (PART 5/SEC 1) : 2012,13299,"Guangdong Sat Technology Co. Ltd., No. 11 Lianbao Rd, Shengfeng District, Xiaolan Town, Zhongshan City, Guangdong, China – 528400",https://wsrv.nl/?url=https%3A%2F%2Fi.ibb.co%2FgMzFSpSf%2Fadhil-5-01-chrome.png&output=webp&q=78
Adhil 5,ATAS0535,48V DC,NA,3500K, CRI>97, φ36*75mm,36°,5W,AJ/CG,ATAS0535/35/36/CH,R-41231258,IS 10322 (PART 5/SEC 1) : 2012,13299,"Guangdong Sat Technology Co. Ltd., No. 11 Lianbao Rd, Shengfeng District, Xiaolan Town, Zhongshan City, Guangdong, China – 528400",https://wsrv.nl/?url=https%3A%2F%2Fi.ibb.co%2FgMzFSpSf%2Fadhil-5-01-chrome.png&output=webp&q=78
Adhil 5,ATAS0535,48V DC,NA,40000K, CRI>97, φ36*75mm,36°,5W,AJ/CG,ATAS0535/40/36/CH,R-41231258,IS 10322 (PART 5/SEC 1) : 2012,13299,"Guangdong Sat Technology Co. Ltd., No. 11 Lianbao Rd, Shengfeng District, Xiaolan Town, Zhongshan City, Guangdong, China – 528400",https://wsrv.nl/?url=https%3A%2F%2Fi.ibb.co%2FgMzFSpSf%2Fadhil-5-01-chrome.png&output=webp&q=78
Adhil 5,ATAS0535,48V DC,NA,5000K, CRI>97, φ36*75mm,36°,5W,AJ/CG,ATAS0535/50/36/CH,R-41231258,IS 10322 (PART 5/SEC 1) : 2012,13299,"Guangdong Sat Technology Co. Ltd., No. 11 Lianbao Rd, Shengfeng District, Xiaolan Town, Zhongshan City, Guangdong, China – 528400",https://wsrv.nl/?url=https%3A%2F%2Fi.ibb.co%2FgMzFSpSf%2Fadhil-5-01-chrome.png&output=webp&q=78
Adhil 5,ATAS0535,48V DC,NA,2700K, CRI>97, φ36*75mm,15°,5W,AJ/CG,ATAS0535/27/15/CHB,R-41231258,IS 10322 (PART 5/SEC 1) : 2012,13299,"Guangdong Sat Technology Co. Ltd., No. 11 Lianbao Rd, Shengfeng District, Xiaolan Town, Zhongshan City, Guangdong, China – 528400",https://wsrv.nl/?url=https%3A%2F%2Fi.ibb.co%2F5hDSF7zt%2Fadhil-5-02-chrome-black.png&output=webp&q=78
Adhil 5,ATAS0535,48V DC,NA,3000K, CRI>97, φ36*75mm,15°,5W,AJ/CG,ATAS0535/30/15/CHB,R-41231258,IS 10322 (PART 5/SEC 1) : 2012,13299,"Guangdong Sat Technology Co. Ltd., No. 11 Lianbao Rd, Shengfeng District, Xiaolan Town, Zhongshan City, Guangdong, China – 528400",https://wsrv.nl/?url=https%3A%2F%2Fi.ibb.co%2F5hDSF7zt%2Fadhil-5-02-chrome-black.png&output=webp&q=78
Adhil 5,ATAS0535,48V DC,NA,3500K, CRI>97, φ36*75mm,15°,5W,AJ/CG,ATAS0535/35/15/CHB,R-41231258,IS 10322 (PART 5/SEC 1) : 2012,13299,"Guangdong Sat Technology Co. Ltd., No. 11 Lianbao Rd, Shengfeng District, Xiaolan Town, Zhongshan City, Guangdong, China – 528400",https://wsrv.nl/?url=https%3A%2F%2Fi.ibb.co%2F5hDSF7zt%2Fadhil-5-02-chrome-black.png&output=webp&q=78
Adhil 5,ATAS0535,48V DC,NA,40000K, CRI>97, φ36*75mm,15°,5W,AJ/CG,ATAS0535/40/15/CHB,R-41231258,IS 10322 (PART 5/SEC 1) : 2012,13299,"Guangdong Sat Technology Co. Ltd., No. 11 Lianbao Rd, Shengfeng District, Xiaolan Town, Zhongshan City, Guangdong, China – 528400",https://wsrv.nl/?url=https%3A%2F%2Fi.ibb.co%2F5hDSF7zt%2Fadhil-5-02-chrome-black.png&output=webp&q=78
Adhil 5,ATAS0535,48V DC,NA,5000K, CRI>97, φ36*75mm,15°,5W,AJ/CG,ATAS0535/50/15/CHB,R-41231258,IS 10322 (PART 5/SEC 1) : 2012,13299,"Guangdong Sat Technology Co. Ltd., No. 11 Lianbao Rd, Shengfeng District, Xiaolan Town, Zhongshan City, Guangdong, China – 528400",https://wsrv.nl/?url=https%3A%2F%2Fi.ibb.co%2F5hDSF7zt%2Fadhil-5-02-chrome-black.png&output=webp&q=78
Adhil 5,ATAS0535,48V DC,NA,2700K, CRI>97, φ36*75mm,24°,5W,AJ/CG,ATAS0535/27/24/CHB,R-41231258,IS 10322 (PART 5/SEC 1) : 2012,13299,"Guangdong Sat Technology Co. Ltd., No. 11 Lianbao Rd, Shengfeng District, Xiaolan Town, Zhongshan City, Guangdong, China – 528400",https://wsrv.nl/?url=https%3A%2F%2Fi.ibb.co%2F5hDSF7zt%2Fadhil-5-02-chrome-black.png&output=webp&q=78
Adhil 5,ATAS0535,48V DC,NA,3000K, CRI>97, φ36*75mm,24°,5W,AJ/CG,ATAS0535/30/24/CHB,R-41231258,IS 10322 (PART 5/SEC 1) : 2012,13299,"Guangdong Sat Technology Co. Ltd., No. 11 Lianbao Rd, Shengfeng District, Xiaolan Town, Zhongshan City, Guangdong, China – 528400",https://wsrv.nl/?url=https%3A%2F%2Fi.ibb.co%2F5hDSF7zt%2Fadhil-5-02-chrome-black.png&output=webp&q=78
Adhil 5,ATAS0535,48V DC,NA,3500K, CRI>97, φ36*75mm,24°,5W,AJ/CG,ATAS0535/35/24/CHB,R-41231258,IS 10322 (PART 5/SEC 1) : 2012,13299,"Guangdong Sat Technology Co. Ltd., No. 11 Lianbao Rd, Shengfeng District, Xiaolan Town, Zhongshan City, Guangdong, China – 528400",https://wsrv.nl/?url=https%3A%2F%2Fi.ibb.co%2F5hDSF7zt%2Fadhil-5-02-chrome-black.png&output=webp&q=78
Adhil 5,ATAS0535,48V DC,NA,40000K, CRI>97, φ36*75mm,24°,5W,AJ/CG,ATAS0535/40/24/CHB,R-41231258,IS 10322 (PART 5/SEC 1) : 2012,13299,"Guangdong Sat Technology Co. Ltd., No. 11 Lianbao Rd, Shengfeng District, Xiaolan Town, Zhongshan City, Guangdong, China – 528400",https://wsrv.nl/?url=https%3A%2F%2Fi.ibb.co%2F5hDSF7zt%2Fadhil-5-02-chrome-black.png&output=webp&q=78
Adhil 5,ATAS0535,48V DC,NA,5000K, CRI>97, φ36*75mm,24°,5W,AJ/CG,ATAS0535/50/24/CHB,R-41231258,IS 10322 (PART 5/SEC 1) : 2012,13299,"Guangdong Sat Technology Co. Ltd., No. 11 Lianbao Rd, Shengfeng District, Xiaolan Town, Zhongshan City, Guangdong, China – 528400",https://wsrv.nl/?url=https%3A%2F%2Fi.ibb.co%2F5hDSF7zt%2Fadhil-5-02-chrome-black.png&output=webp&q=78
Adhil 5,ATAS0535,48V DC,NA,2700K, CRI>97, φ36*75mm,36°,5W,AJ/CG,ATAS0535/27/36/CHB,R-41231258,IS 10322 (PART 5/SEC 1) : 2012,13299,"Guangdong Sat Technology Co. Ltd., No. 11 Lianbao Rd, Shengfeng District, Xiaolan Town, Zhongshan City, Guangdong, China – 528400",https://wsrv.nl/?url=https%3A%2F%2Fi.ibb.co%2F5hDSF7zt%2Fadhil-5-02-chrome-black.png&output=webp&q=78
Adhil 5,ATAS0535,48V DC,NA,3000K, CRI>97, φ36*75mm,36°,5W,AJ/CG,ATAS0535/30/36/CHB,R-41231258,IS 10322 (PART 5/SEC 1) : 2012,13299,"Guangdong Sat Technology Co. Ltd., No. 11 Lianbao Rd, Shengfeng District, Xiaolan Town, Zhongshan City, Guangdong, China – 528400",https://wsrv.nl/?url=https%3A%2F%2Fi.ibb.co%2F5hDSF7zt%2Fadhil-5-02-chrome-black.png&output=webp&q=78
Adhil 5,ATAS0535,48V DC,NA,3500K, CRI>97, φ36*75mm,36°,5W,AJ/CG,ATAS0535/35/36/CHB,R-41231258,IS 10322 (PART 5/SEC 1) : 2012,13299,"Guangdong Sat Technology Co. Ltd., No. 11 Lianbao Rd, Shengfeng District, Xiaolan Town, Zhongshan City, Guangdong, China – 528400",https://wsrv.nl/?url=https%3A%2F%2Fi.ibb.co%2F5hDSF7zt%2Fadhil-5-02-chrome-black.png&output=webp&q=78
Adhil 5,ATAS0535,48V DC,NA,40000K, CRI>97, φ36*75mm,36°,5W,AJ/CG,ATAS0535/40/36/CHB,R-41231258,IS 10322 (PART 5/SEC 1) : 2012,13299,"Guangdong Sat Technology Co. Ltd., No. 11 Lianbao Rd, Shengfeng District, Xiaolan Town, Zhongshan City, Guangdong, China – 528400",https://wsrv.nl/?url=https%3A%2F%2Fi.ibb.co%2F5hDSF7zt%2Fadhil-5-02-chrome-black.png&output=webp&q=78
Adhil 5,ATAS0535,48V DC,NA,5000K, CRI>97, φ36*75mm,36°,5W,AJ/CG,ATAS0535/50/36/CHB,R-41231258,IS 10322 (PART 5/SEC 1) : 2012,13299,"Guangdong Sat Technology Co. Ltd., No. 11 Lianbao Rd, Shengfeng District, Xiaolan Town, Zhongshan City, Guangdong, China – 528400",https://wsrv.nl/?url=https%3A%2F%2Fi.ibb.co%2F5hDSF7zt%2Fadhil-5-02-chrome-black.png&output=webp&q=78
Adhil 5 Tunable,ATAS0535,48V DC,NA,2700K~6500K, CRI>97, φ36*75mm,15°,5W,AJ/CG,ATAS0535/CT/15,R-41231258,IS 10322 (PART 5/SEC 1) : 2012,13499,"Guangdong Sat Technology Co. Ltd., No. 11 Lianbao Rd, Shengfeng District, Xiaolan Town, Zhongshan City, Guangdong, China – 528400",https://wsrv.nl/?url=https%3A%2F%2Fi.ibb.co%2FpvmMN0rc%2Fadhil-5-03-mat-black-default.png&output=webp&q=78
Adhil 5 Tunable,ATAS0535,48V DC,NA,2700K~6500K, CRI>97, φ36*75mm,15°,5W,AJ/CG,ATAS0535/CT/15/W,R-41231258,IS 10322 (PART 5/SEC 1) : 2012,13499,"Guangdong Sat Technology Co. Ltd., No. 11 Lianbao Rd, Shengfeng District, Xiaolan Town, Zhongshan City, Guangdong, China – 528400",https://wsrv.nl/?url=https%3A%2F%2Fi.ibb.co%2FY4Cnwdvp%2Fadhil-5-05-white-2.png&output=webp&q=78
Adhil 5 Tunable,ATAS0535,48V DC,NA,2700K~6500K, CRI>97, φ36*75mm,24°,5W,AJ/CG,ATAS0535/CT/24,R-41231258,IS 10322 (PART 5/SEC 1) : 2012,13499,"Guangdong Sat Technology Co. Ltd., No. 11 Lianbao Rd, Shengfeng District, Xiaolan Town, Zhongshan City, Guangdong, China – 528400",https://wsrv.nl/?url=https%3A%2F%2Fi.ibb.co%2FpvmMN0rc%2Fadhil-5-03-mat-black-default.png&output=webp&q=78
Adhil 5 Tunable,ATAS0535,48V DC,NA,2700K~6500K, CRI>97, φ36*75mm,24°,5W,AJ/CG,ATAS0535/CT/24/W,R-41231258,IS 10322 (PART 5/SEC 1) : 2012,13499,"Guangdong Sat Technology Co. Ltd., No. 11 Lianbao Rd, Shengfeng District, Xiaolan Town, Zhongshan City, Guangdong, China – 528400",https://wsrv.nl/?url=https%3A%2F%2Fi.ibb.co%2FY4Cnwdvp%2Fadhil-5-05-white-2.png&output=webp&q=78
Adhil 5 Tunable,ATAS0535,48V DC,NA,2700K~6500K, CRI>97, φ36*75mm,36°,5W,AJ/CG,ATAS0535/CT/36,R-41231258,IS 10322 (PART 5/SEC 1) : 2012,13499,"Guangdong Sat Technology Co. Ltd., No. 11 Lianbao Rd, Shengfeng District, Xiaolan Town, Zhongshan City, Guangdong, China – 528400",https://wsrv.nl/?url=https%3A%2F%2Fi.ibb.co%2FpvmMN0rc%2Fadhil-5-03-mat-black-default.png&output=webp&q=78
Adhil 5 Tunable,ATAS0535,48V DC,NA,2700K~6500K, CRI>97, φ36*75mm,36°,5W,AJ/CG,ATAS0535/CT/36/W,R-41231258,IS 10322 (PART 5/SEC 1) : 2012,13499,"Guangdong Sat Technology Co. Ltd., No. 11 Lianbao Rd, Shengfeng District, Xiaolan Town, Zhongshan City, Guangdong, China – 528400",https://wsrv.nl/?url=https%3A%2F%2Fi.ibb.co%2FY4Cnwdvp%2Fadhil-5-05-white-2.png&output=webp&q=78
Adhil 5 Tunable,ATAS0535,48V DC,NA,2700K~6500K, CRI>97, φ36*75mm,15°,5W,AJ/CG,ATAS0535/CT/15/CG,R-41231258,IS 10322 (PART 5/SEC 1) : 2012,14499,"Guangdong Sat Technology Co. Ltd., No. 11 Lianbao Rd, Shengfeng District, Xiaolan Town, Zhongshan City, Guangdong, China – 528400",https://wsrv.nl/?url=https%3A%2F%2Fi.ibb.co%2FWWzZCFh9%2Fadhil-5-04-champeing-gold.png&output=webp&q=78
Adhil 5 Tunable,ATAS0535,48V DC,NA,2700K~6500K, CRI>97, φ36*75mm,24°,5W,AJ/CG,ATAS0535/CT/24/CG,R-41231258,IS 10322 (PART 5/SEC 1) : 2012,14499,"Guangdong Sat Technology Co. Ltd., No. 11 Lianbao Rd, Shengfeng District, Xiaolan Town, Zhongshan City, Guangdong, China – 528400",https://wsrv.nl/?url=https%3A%2F%2Fi.ibb.co%2FWWzZCFh9%2Fadhil-5-04-champeing-gold.png&output=webp&q=78
Adhil 5 Tunable,ATAS0535,48V DC,NA,2700K~6500K, CRI>97, φ36*75mm,36°,5W,AJ/CG,ATAS0535/CT/36/CG,R-41231258,IS 10322 (PART 5/SEC 1) : 2012,14499,"Guangdong Sat Technology Co. Ltd., No. 11 Lianbao Rd, Shengfeng District, Xiaolan Town, Zhongshan City, Guangdong, China – 528400",https://wsrv.nl/?url=https%3A%2F%2Fi.ibb.co%2FWWzZCFh9%2Fadhil-5-04-champeing-gold.png&output=webp&q=78
Adhil 5 Tunable,ATAS0535,48V DC,NA,2700K~6500K, CRI>97, φ36*75mm,15°,5W,AJ/CG,ATAS0535/CT/15/RG,R-41231258,IS 10322 (PART 5/SEC 1) : 2012,14499,"Guangdong Sat Technology Co. Ltd., No. 11 Lianbao Rd, Shengfeng District, Xiaolan Town, Zhongshan City, Guangdong, China – 528400",https://wsrv.nl/?url=https%3A%2F%2Fi.ibb.co%2FmVsczGCv%2Fadhil-5-08-rose-gold.png&output=webp&q=78
Adhil 5 Tunable,ATAS0535,48V DC,NA,2700K~6500K, CRI>97, φ36*75mm,24°,5W,AJ/CG,ATAS0535/CT/24/RG,R-41231258,IS 10322 (PART 5/SEC 1) : 2012,14499,"Guangdong Sat Technology Co. Ltd., No. 11 Lianbao Rd, Shengfeng District, Xiaolan Town, Zhongshan City, Guangdong, China – 528400",https://wsrv.nl/?url=https%3A%2F%2Fi.ibb.co%2FmVsczGCv%2Fadhil-5-08-rose-gold.png&output=webp&q=78
Adhil 5 Tunable,ATAS0535,48V DC,NA,2700K~6500K, CRI>97, φ36*75mm,36°,5W,AJ/CG,ATAS0535/CT/36/RG,R-41231258,IS 10322 (PART 5/SEC 1) : 2012,14499,"Guangdong Sat Technology Co. Ltd., No. 11 Lianbao Rd, Shengfeng District, Xiaolan Town, Zhongshan City, Guangdong, China – 528400",https://wsrv.nl/?url=https%3A%2F%2Fi.ibb.co%2FmVsczGCv%2Fadhil-5-08-rose-gold.png&output=webp&q=78
Adhil 5 Tunable,ATAS0535,48V DC,NA,2700K~6500K, CRI>97, φ36*75mm,15°,5W,AJ/CG,ATAS0535/CT/15/BR,R-41231258,IS 10322 (PART 5/SEC 1) : 2012,14499,"Guangdong Sat Technology Co. Ltd., No. 11 Lianbao Rd, Shengfeng District, Xiaolan Town, Zhongshan City, Guangdong, China – 528400",https://wsrv.nl/?url=https%3A%2F%2Fi.ibb.co%2FNdkMhRQY%2Fadhil-5-10-brown.png&output=webp&q=78
Adhil 5 Tunable,ATAS0535,48V DC,NA,2700K~6500K, CRI>97, φ36*75mm,24°,5W,AJ/CG,ATAS0535/CT/24/BR,R-41231258,IS 10322 (PART 5/SEC 1) : 2012,14499,"Guangdong Sat Technology Co. Ltd., No. 11 Lianbao Rd, Shengfeng District, Xiaolan Town, Zhongshan City, Guangdong, China – 528400",https://wsrv.nl/?url=https%3A%2F%2Fi.ibb.co%2FNdkMhRQY%2Fadhil-5-10-brown.png&output=webp&q=78
Adhil 5 Tunable,ATAS0535,48V DC,NA,2700K~6500K, CRI>97, φ36*75mm,36°,5W,AJ/CG,ATAS0535/CT/36/BR,R-41231258,IS 10322 (PART 5/SEC 1) : 2012,14499,"Guangdong Sat Technology Co. Ltd., No. 11 Lianbao Rd, Shengfeng District, Xiaolan Town, Zhongshan City, Guangdong, China – 528400",https://wsrv.nl/?url=https%3A%2F%2Fi.ibb.co%2FNdkMhRQY%2Fadhil-5-10-brown.png&output=webp&q=78
Adhil 5 Tunable,ATAS0535,48V DC,NA,2700K~6500K, CRI>97, φ36*75mm,15°,5W,AJ/CG,ATAS0535/CT/15/COF,R-41231258,IS 10322 (PART 5/SEC 1) : 2012,14499,"Guangdong Sat Technology Co. Ltd., No. 11 Lianbao Rd, Shengfeng District, Xiaolan Town, Zhongshan City, Guangdong, China – 528400",https://wsrv.nl/?url=https%3A%2F%2Fi.ibb.co%2FMDhycX1Y%2Fadhil-5-07-coffee.png&output=webp&q=78
Adhil 5 Tunable,ATAS0535,48V DC,NA,2700K~6500K, CRI>97, φ36*75mm,24°,5W,AJ/CG,ATAS0535/CT/24/COF,R-41231258,IS 10322 (PART 5/SEC 1) : 2012,14499,"Guangdong Sat Technology Co. Ltd., No. 11 Lianbao Rd, Shengfeng District, Xiaolan Town, Zhongshan City, Guangdong, China – 528400",https://wsrv.nl/?url=https%3A%2F%2Fi.ibb.co%2FMDhycX1Y%2Fadhil-5-07-coffee.png&output=webp&q=78
Adhil 5 Tunable,ATAS0535,48V DC,NA,2700K~6500K, CRI>97, φ36*75mm,36°,5W,AJ/CG,ATAS0535/CT/36/COF,R-41231258,IS 10322 (PART 5/SEC 1) : 2012,14499,"Guangdong Sat Technology Co. Ltd., No. 11 Lianbao Rd, Shengfeng District, Xiaolan Town, Zhongshan City, Guangdong, China – 528400",https://wsrv.nl/?url=https%3A%2F%2Fi.ibb.co%2FMDhycX1Y%2Fadhil-5-07-coffee.png&output=webp&q=78
Adhil 5 Tunable,ATAS0535,48V DC,NA,2700K~6500K, CRI>97, φ36*75mm,15°,5W,AJ/CG,ATAS0535/CT/15/DGR,R-41231258,IS 10322 (PART 5/SEC 1) : 2012,14499,"Guangdong Sat Technology Co. Ltd., No. 11 Lianbao Rd, Shengfeng District, Xiaolan Town, Zhongshan City, Guangdong, China – 528400",https://wsrv.nl/?url=https%3A%2F%2Fi.ibb.co%2F2bMnFvR%2Fadhil-5-09-dark-gray-default.png&output=webp&q=78
Adhil 5 Tunable,ATAS0535,48V DC,NA,2700K~6500K, CRI>97, φ36*75mm,24°,5W,AJ/CG,ATAS0535/CT/24/DGR,R-41231258,IS 10322 (PART 5/SEC 1) : 2012,14499,"Guangdong Sat Technology Co. Ltd., No. 11 Lianbao Rd, Shengfeng District, Xiaolan Town, Zhongshan City, Guangdong, China – 528400",https://wsrv.nl/?url=https%3A%2F%2Fi.ibb.co%2F2bMnFvR%2Fadhil-5-09-dark-gray-default.png&output=webp&q=78
Adhil 5 Tunable,ATAS0535,48V DC,NA,2700K~6500K, CRI>97, φ36*75mm,36°,5W,AJ/CG,ATAS0535/CT/36/DGR,R-41231258,IS 10322 (PART 5/SEC 1) : 2012,14499,"Guangdong Sat Technology Co. Ltd., No. 11 Lianbao Rd, Shengfeng District, Xiaolan Town, Zhongshan City, Guangdong, China – 528400",https://wsrv.nl/?url=https%3A%2F%2Fi.ibb.co%2F2bMnFvR%2Fadhil-5-09-dark-gray-default.png&output=webp&q=78
Adhil 5 Tunable,ATAS0535,48V DC,NA,2700K~6500K, CRI>97, φ36*75mm,15°,5W,AJ/CG,ATAS0535/CT/15/BB,R-41231258,IS 10322 (PART 5/SEC 1) : 2012,14499,"Guangdong Sat Technology Co. Ltd., No. 11 Lianbao Rd, Shengfeng District, Xiaolan Town, Zhongshan City, Guangdong, China – 528400",https://wsrv.nl/?url=https%3A%2F%2Fi.ibb.co%2FVcj1Rf2R%2Fadhil-5-06-ballet-blue.png&output=webp&q=78
Adhil 5 Tunable,ATAS0535,48V DC,NA,2700K~6500K, CRI>97, φ36*75mm,24°,5W,AJ/CG,ATAS0535/CT/24/BB,R-41231258,IS 10322 (PART 5/SEC 1) : 2012,14499,"Guangdong Sat Technology Co. Ltd., No. 11 Lianbao Rd, Shengfeng District, Xiaolan Town, Zhongshan City, Guangdong, China – 528400",https://wsrv.nl/?url=https%3A%2F%2Fi.ibb.co%2FVcj1Rf2R%2Fadhil-5-06-ballet-blue.png&output=webp&q=78
Adhil 5 Tunable,ATAS0535,48V DC,NA,2700K~6500K, CRI>97, φ36*75mm,36°,5W,AJ/CG,ATAS0535/CT/36/BB,R-41231258,IS 10322 (PART 5/SEC 1) : 2012,14499,"Guangdong Sat Technology Co. Ltd., No. 11 Lianbao Rd, Shengfeng District, Xiaolan Town, Zhongshan City, Guangdong, China – 528400",https://wsrv.nl/?url=https%3A%2F%2Fi.ibb.co%2FVcj1Rf2R%2Fadhil-5-06-ballet-blue.png&output=webp&q=78
Adhil 5 Tunable,ATAS0535,48V DC,NA,2700K~6500K, CRI>97, φ36*75mm,15°,5W,AJ/CG,ATAS0535/CT/15/CH,R-41231258,IS 10322 (PART 5/SEC 1) : 2012,14499,"Guangdong Sat Technology Co. Ltd., No. 11 Lianbao Rd, Shengfeng District, Xiaolan Town, Zhongshan City, Guangdong, China – 528400",https://wsrv.nl/?url=https%3A%2F%2Fi.ibb.co%2FgMzFSpSf%2Fadhil-5-01-chrome.png&output=webp&q=78
Adhil 5 Tunable,ATAS0535,48V DC,NA,2700K~6500K, CRI>97, φ36*75mm,24°,5W,AJ/CG,ATAS0535/CT/24/CH,R-41231258,IS 10322 (PART 5/SEC 1) : 2012,14499,"Guangdong Sat Technology Co. Ltd., No. 11 Lianbao Rd, Shengfeng District, Xiaolan Town, Zhongshan City, Guangdong, China – 528400",https://wsrv.nl/?url=https%3A%2F%2Fi.ibb.co%2FgMzFSpSf%2Fadhil-5-01-chrome.png&output=webp&q=78
Adhil 5 Tunable,ATAS0535,48V DC,NA,2700K~6500K, CRI>97, φ36*75mm,36°,5W,AJ/CG,ATAS0535/CT/36/CH,R-41231258,IS 10322 (PART 5/SEC 1) : 2012,14499,"Guangdong Sat Technology Co. Ltd., No. 11 Lianbao Rd, Shengfeng District, Xiaolan Town, Zhongshan City, Guangdong, China – 528400",https://wsrv.nl/?url=https%3A%2F%2Fi.ibb.co%2FgMzFSpSf%2Fadhil-5-01-chrome.png&output=webp&q=78
Adhil 5 Tunable,ATAS0535,48V DC,NA,2700K~6500K, CRI>97, φ36*75mm,15°,5W,AJ/CG,ATAS0535/CT/15/CHB,R-41231258,IS 10322 (PART 5/SEC 1) : 2012,14499,"Guangdong Sat Technology Co. Ltd., No. 11 Lianbao Rd, Shengfeng District, Xiaolan Town, Zhongshan City, Guangdong, China – 528400",https://wsrv.nl/?url=https%3A%2F%2Fi.ibb.co%2F5hDSF7zt%2Fadhil-5-02-chrome-black.png&output=webp&q=78
Adhil 5 Tunable,ATAS0535,48V DC,NA,2700K~6500K, CRI>97, φ36*75mm,24°,5W,AJ/CG,ATAS0535/CT/24/CHB,R-41231258,IS 10322 (PART 5/SEC 1) : 2012,14499,"Guangdong Sat Technology Co. Ltd., No. 11 Lianbao Rd, Shengfeng District, Xiaolan Town, Zhongshan City, Guangdong, China – 528400",https://wsrv.nl/?url=https%3A%2F%2Fi.ibb.co%2F5hDSF7zt%2Fadhil-5-02-chrome-black.png&output=webp&q=78
Adhil 5 Tunable,ATAS0535,48V DC,NA,2700K~6500K, CRI>97, φ36*75mm,36°,5W,AJ/CG,ATAS0535/CT/36/CHB,R-41231258,IS 10322 (PART 5/SEC 1) : 2012,14499,"Guangdong Sat Technology Co. Ltd., No. 11 Lianbao Rd, Shengfeng District, Xiaolan Town, Zhongshan City, Guangdong, China – 528400",https://wsrv.nl/?url=https%3A%2F%2Fi.ibb.co%2F5hDSF7zt%2Fadhil-5-02-chrome-black.png&output=webp&q=78
Adhil 15,ATAS1250,48V DC,NA,2700K, CRI>97,φ45*90mm,15°,15W,AJ/CG,ATAS1250/27/15,R-41231258,IS 10322 (PART 5/SEC 1) : 2012,13499,"Guangdong Sat Technology Co. Ltd., No. 11 Lianbao Rd, Shengfeng District, Xiaolan Town, Zhongshan City, Guangdong, China – 528400",https://wsrv.nl/?url=https%3A%2F%2Fi.ibb.co%2FpvmMN0rc%2Fadhil-15-03-mat-black-default.png&output=webp&q=78
Adhil 15,ATAS1250,48V DC,NA,3000K, CRI>97,φ45*90mm,15°,15W,AJ/CG,ATAS1250/30/15,R-41231258,IS 10322 (PART 5/SEC 1) : 2012,13499,"Guangdong Sat Technology Co. Ltd., No. 11 Lianbao Rd, Shengfeng District, Xiaolan Town, Zhongshan City, Guangdong, China – 528400",https://wsrv.nl/?url=https%3A%2F%2Fi.ibb.co%2FpvmMN0rc%2Fadhil-15-03-mat-black-default.png&output=webp&q=78
Adhil 15,ATAS1250,48V DC,NA,3500K, CRI>97,φ45*90mm,15°,15W,AJ/CG,ATAS1250/35/15,R-41231258,IS 10322 (PART 5/SEC 1) : 2012,13499,"Guangdong Sat Technology Co. Ltd., No. 11 Lianbao Rd, Shengfeng District, Xiaolan Town, Zhongshan City, Guangdong, China – 528400",https://wsrv.nl/?url=https%3A%2F%2Fi.ibb.co%2FpvmMN0rc%2Fadhil-15-03-mat-black-default.png&output=webp&q=78
Adhil 15,ATAS1250,48V DC,NA,40000K, CRI>97,φ45*90mm,15°,15W,AJ/CG,ATAS1250/40/15,R-41231258,IS 10322 (PART 5/SEC 1) : 2012,13499,"Guangdong Sat Technology Co. Ltd., No. 11 Lianbao Rd, Shengfeng District, Xiaolan Town, Zhongshan City, Guangdong, China – 528400",https://wsrv.nl/?url=https%3A%2F%2Fi.ibb.co%2FpvmMN0rc%2Fadhil-15-03-mat-black-default.png&output=webp&q=78
Adhil 15,ATAS1250,48V DC,NA,5000K, CRI>97,φ45*90mm,15°,15W,AJ/CG,ATAS1250/50/15,R-41231258,IS 10322 (PART 5/SEC 1) : 2012,13499,"Guangdong Sat Technology Co. Ltd., No. 11 Lianbao Rd, Shengfeng District, Xiaolan Town, Zhongshan City, Guangdong, China – 528400",https://wsrv.nl/?url=https%3A%2F%2Fi.ibb.co%2FpvmMN0rc%2Fadhil-15-03-mat-black-default.png&output=webp&q=78
Adhil 15,ATAS1250,48V DC,NA,2700K, CRI>97,φ45*90mm,24°,15W,AJ/CG,ATAS1250/27/24,R-41231258,IS 10322 (PART 5/SEC 1) : 2012,13499,"Guangdong Sat Technology Co. Ltd., No. 11 Lianbao Rd, Shengfeng District, Xiaolan Town, Zhongshan City, Guangdong, China – 528400",https://wsrv.nl/?url=https%3A%2F%2Fi.ibb.co%2FpvmMN0rc%2Fadhil-15-03-mat-black-default.png&output=webp&q=78
Adhil 15,ATAS1250,48V DC,NA,3000K, CRI>97,φ45*90mm,24°,15W,AJ/CG,ATAS1250/30/24,R-41231258,IS 10322 (PART 5/SEC 1) : 2012,13499,"Guangdong Sat Technology Co. Ltd., No. 11 Lianbao Rd, Shengfeng District, Xiaolan Town, Zhongshan City, Guangdong, China – 528400",https://wsrv.nl/?url=https%3A%2F%2Fi.ibb.co%2FpvmMN0rc%2Fadhil-15-03-mat-black-default.png&output=webp&q=78
Adhil 15,ATAS1250,48V DC,NA,3500K, CRI>97,φ45*90mm,24°,15W,AJ/CG,ATAS1250/35/24,R-41231258,IS 10322 (PART 5/SEC 1) : 2012,13499,"Guangdong Sat Technology Co. Ltd., No. 11 Lianbao Rd, Shengfeng District, Xiaolan Town, Zhongshan City, Guangdong, China – 528400",https://wsrv.nl/?url=https%3A%2F%2Fi.ibb.co%2FpvmMN0rc%2Fadhil-15-03-mat-black-default.png&output=webp&q=78
Adhil 15,ATAS1250,48V DC,NA,40000K, CRI>97,φ45*90mm,24°,15W,AJ/CG,ATAS1250/40/24,R-41231258,IS 10322 (PART 5/SEC 1) : 2012,13499,"Guangdong Sat Technology Co. Ltd., No. 11 Lianbao Rd, Shengfeng District, Xiaolan Town, Zhongshan City, Guangdong, China – 528400",https://wsrv.nl/?url=https%3A%2F%2Fi.ibb.co%2FpvmMN0rc%2Fadhil-15-03-mat-black-default.png&output=webp&q=78
Adhil 15,ATAS1250,48V DC,NA,5000K, CRI>97,φ45*90mm,24°,15W,AJ/CG,ATAS1250/50/24,R-41231258,IS 10322 (PART 5/SEC 1) : 2012,13499,"Guangdong Sat Technology Co. Ltd., No. 11 Lianbao Rd, Shengfeng District, Xiaolan Town, Zhongshan City, Guangdong, China – 528400",https://wsrv.nl/?url=https%3A%2F%2Fi.ibb.co%2FpvmMN0rc%2Fadhil-15-03-mat-black-default.png&output=webp&q=78
Adhil 15,ATAS1250,48V DC,NA,2700K, CRI>97,φ45*90mm,36°,15W,AJ/CG,ATAS1250/27/36,R-41231258,IS 10322 (PART 5/SEC 1) : 2012,13499,"Guangdong Sat Technology Co. Ltd., No. 11 Lianbao Rd, Shengfeng District, Xiaolan Town, Zhongshan City, Guangdong, China – 528400",https://wsrv.nl/?url=https%3A%2F%2Fi.ibb.co%2FpvmMN0rc%2Fadhil-15-03-mat-black-default.png&output=webp&q=78
Adhil 15,ATAS1250,48V DC,NA,3000K, CRI>97,φ45*90mm,36°,15W,AJ/CG,ATAS1250/30/36,R-41231258,IS 10322 (PART 5/SEC 1) : 2012,13499,"Guangdong Sat Technology Co. Ltd., No. 11 Lianbao Rd, Shengfeng District, Xiaolan Town, Zhongshan City, Guangdong, China – 528400",https://wsrv.nl/?url=https%3A%2F%2Fi.ibb.co%2FpvmMN0rc%2Fadhil-15-03-mat-black-default.png&output=webp&q=78
Adhil 15,ATAS1250,48V DC,NA,3500K, CRI>97,φ45*90mm,36°,15W,AJ/CG,ATAS1250/35/36,R-41231258,IS 10322 (PART 5/SEC 1) : 2012,13499,"Guangdong Sat Technology Co. Ltd., No. 11 Lianbao Rd, Shengfeng District, Xiaolan Town, Zhongshan City, Guangdong, China – 528400",https://wsrv.nl/?url=https%3A%2F%2Fi.ibb.co%2FpvmMN0rc%2Fadhil-15-03-mat-black-default.png&output=webp&q=78
Adhil 15,ATAS1250,48V DC,NA,40000K, CRI>97,φ45*90mm,36°,15W,AJ/CG,ATAS1250/40/36,R-41231258,IS 10322 (PART 5/SEC 1) : 2012,13499,"Guangdong Sat Technology Co. Ltd., No. 11 Lianbao Rd, Shengfeng District, Xiaolan Town, Zhongshan City, Guangdong, China – 528400",https://wsrv.nl/?url=https%3A%2F%2Fi.ibb.co%2FpvmMN0rc%2Fadhil-15-03-mat-black-default.png&output=webp&q=78
Adhil 15,ATAS1250,48V DC,NA,5000K, CRI>97,φ45*90mm,36°,15W,AJ/CG,ATAS1250/50/36,R-41231258,IS 10322 (PART 5/SEC 1) : 2012,13499,"Guangdong Sat Technology Co. Ltd., No. 11 Lianbao Rd, Shengfeng District, Xiaolan Town, Zhongshan City, Guangdong, China – 528400",https://wsrv.nl/?url=https%3A%2F%2Fi.ibb.co%2FpvmMN0rc%2Fadhil-15-03-mat-black-default.png&output=webp&q=78
Adhil 15,ATAS1250,48V DC,NA,2700K, CRI>97,φ45*90mm,15°,15W,AJ/CG,ATAS1250/27/15/W,R-41231258,IS 10322 (PART 5/SEC 1) : 2012,13499,"Guangdong Sat Technology Co. Ltd., No. 11 Lianbao Rd, Shengfeng District, Xiaolan Town, Zhongshan City, Guangdong, China – 528400",https://wsrv.nl/?url=https%3A%2F%2Fi.ibb.co%2FY4Cnwdvp%2Fadhil-15-05-white-2.png&output=webp&q=78
Adhil 15,ATAS1250,48V DC,NA,3000K, CRI>97,φ45*90mm,15°,15W,AJ/CG,ATAS1250/30/15/W,R-41231258,IS 10322 (PART 5/SEC 1) : 2012,13499,"Guangdong Sat Technology Co. Ltd., No. 11 Lianbao Rd, Shengfeng District, Xiaolan Town, Zhongshan City, Guangdong, China – 528400",https://wsrv.nl/?url=https%3A%2F%2Fi.ibb.co%2FY4Cnwdvp%2Fadhil-15-05-white-2.png&output=webp&q=78
Adhil 15,ATAS1250,48V DC,NA,3500K, CRI>97,φ45*90mm,15°,15W,AJ/CG,ATAS1250/35/15/W,R-41231258,IS 10322 (PART 5/SEC 1) : 2012,13499,"Guangdong Sat Technology Co. Ltd., No. 11 Lianbao Rd, Shengfeng District, Xiaolan Town, Zhongshan City, Guangdong, China – 528400",https://wsrv.nl/?url=https%3A%2F%2Fi.ibb.co%2FY4Cnwdvp%2Fadhil-15-05-white-2.png&output=webp&q=78
Adhil 15,ATAS1250,48V DC,NA,40000K, CRI>97,φ45*90mm,15°,15W,AJ/CG,ATAS1250/40/15/W,R-41231258,IS 10322 (PART 5/SEC 1) : 2012,13499,"Guangdong Sat Technology Co. Ltd., No. 11 Lianbao Rd, Shengfeng District, Xiaolan Town, Zhongshan City, Guangdong, China – 528400",https://wsrv.nl/?url=https%3A%2F%2Fi.ibb.co%2FY4Cnwdvp%2Fadhil-15-05-white-2.png&output=webp&q=78
Adhil 15,ATAS1250,48V DC,NA,5000K, CRI>97,φ45*90mm,15°,15W,AJ/CG,ATAS1250/50/15/W,R-41231258,IS 10322 (PART 5/SEC 1) : 2012,13499,"Guangdong Sat Technology Co. Ltd., No. 11 Lianbao Rd, Shengfeng District, Xiaolan Town, Zhongshan City, Guangdong, China – 528400",https://wsrv.nl/?url=https%3A%2F%2Fi.ibb.co%2FY4Cnwdvp%2Fadhil-15-05-white-2.png&output=webp&q=78
Adhil 15,ATAS1250,48V DC,NA,2700K, CRI>97,φ45*90mm,24°,15W,AJ/CG,ATAS1250/27/24/W,R-41231258,IS 10322 (PART 5/SEC 1) : 2012,13499,"Guangdong Sat Technology Co. Ltd., No. 11 Lianbao Rd, Shengfeng District, Xiaolan Town, Zhongshan City, Guangdong, China – 528400",https://wsrv.nl/?url=https%3A%2F%2Fi.ibb.co%2FY4Cnwdvp%2Fadhil-15-05-white-2.png&output=webp&q=78
Adhil 15,ATAS1250,48V DC,NA,3000K, CRI>97,φ45*90mm,24°,15W,AJ/CG,ATAS1250/30/24/W,R-41231258,IS 10322 (PART 5/SEC 1) : 2012,13499,"Guangdong Sat Technology Co. Ltd., No. 11 Lianbao Rd, Shengfeng District, Xiaolan Town, Zhongshan City, Guangdong, China – 528400",https://wsrv.nl/?url=https%3A%2F%2Fi.ibb.co%2FY4Cnwdvp%2Fadhil-15-05-white-2.png&output=webp&q=78
Adhil 15,ATAS1250,48V DC,NA,3500K, CRI>97,φ45*90mm,24°,15W,AJ/CG,ATAS1250/35/24/W,R-41231258,IS 10322 (PART 5/SEC 1) : 2012,13499,"Guangdong Sat Technology Co. Ltd., No. 11 Lianbao Rd, Shengfeng District, Xiaolan Town, Zhongshan City, Guangdong, China – 528400",https://wsrv.nl/?url=https%3A%2F%2Fi.ibb.co%2FY4Cnwdvp%2Fadhil-15-05-white-2.png&output=webp&q=78
Adhil 15,ATAS1250,48V DC,NA,40000K, CRI>97,φ45*90mm,24°,15W,AJ/CG,ATAS1250/40/24/W,R-41231258,IS 10322 (PART 5/SEC 1) : 2012,13499,"Guangdong Sat Technology Co. Ltd., No. 11 Lianbao Rd, Shengfeng District, Xiaolan Town, Zhongshan City, Guangdong, China – 528400",https://wsrv.nl/?url=https%3A%2F%2Fi.ibb.co%2FY4Cnwdvp%2Fadhil-15-05-white-2.png&output=webp&q=78
Adhil 15,ATAS1250,48V DC,NA,5000K, CRI>97,φ45*90mm,24°,15W,AJ/CG,ATAS1250/50/24/W,R-41231258,IS 10322 (PART 5/SEC 1) : 2012,13499,"Guangdong Sat Technology Co. Ltd., No. 11 Lianbao Rd, Shengfeng District, Xiaolan Town, Zhongshan City, Guangdong, China – 528400",https://wsrv.nl/?url=https%3A%2F%2Fi.ibb.co%2FY4Cnwdvp%2Fadhil-15-05-white-2.png&output=webp&q=78
Adhil 15,ATAS1250,48V DC,NA,2700K, CRI>97,φ45*90mm,36°,15W,AJ/CG,ATAS1250/27/36/W,R-41231258,IS 10322 (PART 5/SEC 1) : 2012,13499,"Guangdong Sat Technology Co. Ltd., No. 11 Lianbao Rd, Shengfeng District, Xiaolan Town, Zhongshan City, Guangdong, China – 528400",https://wsrv.nl/?url=https%3A%2F%2Fi.ibb.co%2FY4Cnwdvp%2Fadhil-15-05-white-2.png&output=webp&q=78
Adhil 15,ATAS1250,48V DC,NA,3000K, CRI>97,φ45*90mm,36°,15W,AJ/CG,ATAS1250/30/36/W,R-41231258,IS 10322 (PART 5/SEC 1) : 2012,13499,"Guangdong Sat Technology Co. Ltd., No. 11 Lianbao Rd, Shengfeng District, Xiaolan Town, Zhongshan City, Guangdong, China – 528400",https://wsrv.nl/?url=https%3A%2F%2Fi.ibb.co%2FY4Cnwdvp%2Fadhil-15-05-white-2.png&output=webp&q=78
Adhil 15,ATAS1250,48V DC,NA,3500K, CRI>97,φ45*90mm,36°,15W,AJ/CG,ATAS1250/35/36/W,R-41231258,IS 10322 (PART 5/SEC 1) : 2012,13499,"Guangdong Sat Technology Co. Ltd., No. 11 Lianbao Rd, Shengfeng District, Xiaolan Town, Zhongshan City, Guangdong, China – 528400",https://wsrv.nl/?url=https%3A%2F%2Fi.ibb.co%2FY4Cnwdvp%2Fadhil-15-05-white-2.png&output=webp&q=78
Adhil 15,ATAS1250,48V DC,NA,40000K, CRI>97,φ45*90mm,36°,15W,AJ/CG,ATAS1250/40/36/W,R-41231258,IS 10322 (PART 5/SEC 1) : 2012,13499,"Guangdong Sat Technology Co. Ltd., No. 11 Lianbao Rd, Shengfeng District, Xiaolan Town, Zhongshan City, Guangdong, China – 528400",https://wsrv.nl/?url=https%3A%2F%2Fi.ibb.co%2FY4Cnwdvp%2Fadhil-15-05-white-2.png&output=webp&q=78
Adhil 15,ATAS1250,48V DC,NA,5000K, CRI>97,φ45*90mm,36°,15W,AJ/CG,ATAS1250/50/36/W,R-41231258,IS 10322 (PART 5/SEC 1) : 2012,13499,"Guangdong Sat Technology Co. Ltd., No. 11 Lianbao Rd, Shengfeng District, Xiaolan Town, Zhongshan City, Guangdong, China – 528400",https://wsrv.nl/?url=https%3A%2F%2Fi.ibb.co%2FY4Cnwdvp%2Fadhil-15-05-white-2.png&output=webp&q=78
Adhil 15,ATAS1250,48V DC,NA,2700K, CRI>97,φ45*90mm,15°,15W,AJ/CG,ATAS1250/27/15/CG,R-41231258,IS 10322 (PART 5/SEC 1) : 2012,14499,"Guangdong Sat Technology Co. Ltd., No. 11 Lianbao Rd, Shengfeng District, Xiaolan Town, Zhongshan City, Guangdong, China – 528400",https://wsrv.nl/?url=https%3A%2F%2Fi.ibb.co%2FWWzZCFh9%2Fadhil-15-04-champeing-gold.png&output=webp&q=78
Adhil 15,ATAS1250,48V DC,NA,3000K, CRI>97,φ45*90mm,15°,15W,AJ/CG,ATAS1250/30/15/CG,R-41231258,IS 10322 (PART 5/SEC 1) : 2012,14499,"Guangdong Sat Technology Co. Ltd., No. 11 Lianbao Rd, Shengfeng District, Xiaolan Town, Zhongshan City, Guangdong, China – 528400",https://wsrv.nl/?url=https%3A%2F%2Fi.ibb.co%2FWWzZCFh9%2Fadhil-15-04-champeing-gold.png&output=webp&q=78
Adhil 15,ATAS1250,48V DC,NA,3500K, CRI>97,φ45*90mm,15°,15W,AJ/CG,ATAS1250/35/15/CG,R-41231258,IS 10322 (PART 5/SEC 1) : 2012,14499,"Guangdong Sat Technology Co. Ltd., No. 11 Lianbao Rd, Shengfeng District, Xiaolan Town, Zhongshan City, Guangdong, China – 528400",https://wsrv.nl/?url=https%3A%2F%2Fi.ibb.co%2FWWzZCFh9%2Fadhil-15-04-champeing-gold.png&output=webp&q=78
Adhil 15,ATAS1250,48V DC,NA,40000K, CRI>97,φ45*90mm,15°,15W,AJ/CG,ATAS1250/40/15/CG,R-41231258,IS 10322 (PART 5/SEC 1) : 2012,14499,"Guangdong Sat Technology Co. Ltd., No. 11 Lianbao Rd, Shengfeng District, Xiaolan Town, Zhongshan City, Guangdong, China – 528400",https://wsrv.nl/?url=https%3A%2F%2Fi.ibb.co%2FWWzZCFh9%2Fadhil-15-04-champeing-gold.png&output=webp&q=78
Adhil 15,ATAS1250,48V DC,NA,5000K, CRI>97,φ45*90mm,15°,15W,AJ/CG,ATAS1250/50/15/CG,R-41231258,IS 10322 (PART 5/SEC 1) : 2012,14499,"Guangdong Sat Technology Co. Ltd., No. 11 Lianbao Rd, Shengfeng District, Xiaolan Town, Zhongshan City, Guangdong, China – 528400",https://wsrv.nl/?url=https%3A%2F%2Fi.ibb.co%2FWWzZCFh9%2Fadhil-15-04-champeing-gold.png&output=webp&q=78
Adhil 15,ATAS1250,48V DC,NA,2700K, CRI>97,φ45*90mm,24°,15W,AJ/CG,ATAS1250/27/24/CG,R-41231258,IS 10322 (PART 5/SEC 1) : 2012,14499,"Guangdong Sat Technology Co. Ltd., No. 11 Lianbao Rd, Shengfeng District, Xiaolan Town, Zhongshan City, Guangdong, China – 528400",https://wsrv.nl/?url=https%3A%2F%2Fi.ibb.co%2FWWzZCFh9%2Fadhil-15-04-champeing-gold.png&output=webp&q=78
Adhil 15,ATAS1250,48V DC,NA,3000K, CRI>97,φ45*90mm,24°,15W,AJ/CG,ATAS1250/30/24/CG,R-41231258,IS 10322 (PART 5/SEC 1) : 2012,14499,"Guangdong Sat Technology Co. Ltd., No. 11 Lianbao Rd, Shengfeng District, Xiaolan Town, Zhongshan City, Guangdong, China – 528400",https://wsrv.nl/?url=https%3A%2F%2Fi.ibb.co%2FWWzZCFh9%2Fadhil-15-04-champeing-gold.png&output=webp&q=78
Adhil 15,ATAS1250,48V DC,NA,3500K, CRI>97,φ45*90mm,24°,15W,AJ/CG,ATAS1250/35/24/CG,R-41231258,IS 10322 (PART 5/SEC 1) : 2012,14499,"Guangdong Sat Technology Co. Ltd., No. 11 Lianbao Rd, Shengfeng District, Xiaolan Town, Zhongshan City, Guangdong, China – 528400",https://wsrv.nl/?url=https%3A%2F%2Fi.ibb.co%2FWWzZCFh9%2Fadhil-15-04-champeing-gold.png&output=webp&q=78
Adhil 15,ATAS1250,48V DC,NA,40000K, CRI>97,φ45*90mm,24°,15W,AJ/CG,ATAS1250/40/24/CG,R-41231258,IS 10322 (PART 5/SEC 1) : 2012,14499,"Guangdong Sat Technology Co. Ltd., No. 11 Lianbao Rd, Shengfeng District, Xiaolan Town, Zhongshan City, Guangdong, China – 528400",https://wsrv.nl/?url=https%3A%2F%2Fi.ibb.co%2FWWzZCFh9%2Fadhil-15-04-champeing-gold.png&output=webp&q=78
Adhil 15,ATAS1250,48V DC,NA,5000K, CRI>97,φ45*90mm,24°,15W,AJ/CG,ATAS1250/50/24/CG,R-41231258,IS 10322 (PART 5/SEC 1) : 2012,14499,"Guangdong Sat Technology Co. Ltd., No. 11 Lianbao Rd, Shengfeng District, Xiaolan Town, Zhongshan City, Guangdong, China – 528400",https://wsrv.nl/?url=https%3A%2F%2Fi.ibb.co%2FWWzZCFh9%2Fadhil-15-04-champeing-gold.png&output=webp&q=78
Adhil 15,ATAS1250,48V DC,NA,2700K, CRI>97,φ45*90mm,36°,15W,AJ/CG,ATAS1250/27/36/CG,R-41231258,IS 10322 (PART 5/SEC 1) : 2012,14499,"Guangdong Sat Technology Co. Ltd., No. 11 Lianbao Rd, Shengfeng District, Xiaolan Town, Zhongshan City, Guangdong, China – 528400",https://wsrv.nl/?url=https%3A%2F%2Fi.ibb.co%2FWWzZCFh9%2Fadhil-15-04-champeing-gold.png&output=webp&q=78
Adhil 15,ATAS1250,48V DC,NA,3000K, CRI>97,φ45*90mm,36°,15W,AJ/CG,ATAS1250/30/36/CG,R-41231258,IS 10322 (PART 5/SEC 1) : 2012,14499,"Guangdong Sat Technology Co. Ltd., No. 11 Lianbao Rd, Shengfeng District, Xiaolan Town, Zhongshan City, Guangdong, China – 528400",https://wsrv.nl/?url=https%3A%2F%2Fi.ibb.co%2FWWzZCFh9%2Fadhil-15-04-champeing-gold.png&output=webp&q=78
Adhil 15,ATAS1250,48V DC,NA,3500K, CRI>97,φ45*90mm,36°,15W,AJ/CG,ATAS1250/35/36/CG,R-41231258,IS 10322 (PART 5/SEC 1) : 2012,14499,"Guangdong Sat Technology Co. Ltd., No. 11 Lianbao Rd, Shengfeng District, Xiaolan Town, Zhongshan City, Guangdong, China – 528400",https://wsrv.nl/?url=https%3A%2F%2Fi.ibb.co%2FWWzZCFh9%2Fadhil-15-04-champeing-gold.png&output=webp&q=78
Adhil 15,ATAS1250,48V DC,NA,40000K, CRI>97,φ45*90mm,36°,15W,AJ/CG,ATAS1250/40/36/CG,R-41231258,IS 10322 (PART 5/SEC 1) : 2012,14499,"Guangdong Sat Technology Co. Ltd., No. 11 Lianbao Rd, Shengfeng District, Xiaolan Town, Zhongshan City, Guangdong, China – 528400",https://wsrv.nl/?url=https%3A%2F%2Fi.ibb.co%2FWWzZCFh9%2Fadhil-15-04-champeing-gold.png&output=webp&q=78
Adhil 15,ATAS1250,48V DC,NA,5000K, CRI>97,φ45*90mm,36°,15W,AJ/CG,ATAS1250/50/36/CG,R-41231258,IS 10322 (PART 5/SEC 1) : 2012,14499,"Guangdong Sat Technology Co. Ltd., No. 11 Lianbao Rd, Shengfeng District, Xiaolan Town, Zhongshan City, Guangdong, China – 528400",https://wsrv.nl/?url=https%3A%2F%2Fi.ibb.co%2FWWzZCFh9%2Fadhil-15-04-champeing-gold.png&output=webp&q=78
Adhil 15,ATAS1250,48V DC,NA,2700K, CRI>97,φ45*90mm,15°,15W,AJ/CG,ATAS1250/27/15/RG,R-41231258,IS 10322 (PART 5/SEC 1) : 2012,14499,"Guangdong Sat Technology Co. Ltd., No. 11 Lianbao Rd, Shengfeng District, Xiaolan Town, Zhongshan City, Guangdong, China – 528400",https://wsrv.nl/?url=https%3A%2F%2Fi.ibb.co%2FmVsczGCv%2Fadhil-15-08-rose-gold.png&output=webp&q=78
Adhil 15,ATAS1250,48V DC,NA,3000K, CRI>97,φ45*90mm,15°,15W,AJ/CG,ATAS1250/30/15/RG,R-41231258,IS 10322 (PART 5/SEC 1) : 2012,14499,"Guangdong Sat Technology Co. Ltd., No. 11 Lianbao Rd, Shengfeng District, Xiaolan Town, Zhongshan City, Guangdong, China – 528400",https://wsrv.nl/?url=https%3A%2F%2Fi.ibb.co%2FmVsczGCv%2Fadhil-15-08-rose-gold.png&output=webp&q=78
Adhil 15,ATAS1250,48V DC,NA,3500K, CRI>97,φ45*90mm,15°,15W,AJ/CG,ATAS1250/35/15/RG,R-41231258,IS 10322 (PART 5/SEC 1) : 2012,14499,"Guangdong Sat Technology Co. Ltd., No. 11 Lianbao Rd, Shengfeng District, Xiaolan Town, Zhongshan City, Guangdong, China – 528400",https://wsrv.nl/?url=https%3A%2F%2Fi.ibb.co%2FmVsczGCv%2Fadhil-15-08-rose-gold.png&output=webp&q=78
Adhil 15,ATAS1250,48V DC,NA,40000K, CRI>97,φ45*90mm,15°,15W,AJ/CG,ATAS1250/40/15/RG,R-41231258,IS 10322 (PART 5/SEC 1) : 2012,14499,"Guangdong Sat Technology Co. Ltd., No. 11 Lianbao Rd, Shengfeng District, Xiaolan Town, Zhongshan City, Guangdong, China – 528400",https://wsrv.nl/?url=https%3A%2F%2Fi.ibb.co%2FmVsczGCv%2Fadhil-15-08-rose-gold.png&output=webp&q=78
Adhil 15,ATAS1250,48V DC,NA,5000K, CRI>97,φ45*90mm,15°,15W,AJ/CG,ATAS1250/50/15/RG,R-41231258,IS 10322 (PART 5/SEC 1) : 2012,14499,"Guangdong Sat Technology Co. Ltd., No. 11 Lianbao Rd, Shengfeng District, Xiaolan Town, Zhongshan City, Guangdong, China – 528400",https://wsrv.nl/?url=https%3A%2F%2Fi.ibb.co%2FmVsczGCv%2Fadhil-15-08-rose-gold.png&output=webp&q=78
Adhil 15,ATAS1250,48V DC,NA,2700K, CRI>97,φ45*90mm,24°,15W,AJ/CG,ATAS1250/27/24/RG,R-41231258,IS 10322 (PART 5/SEC 1) : 2012,14499,"Guangdong Sat Technology Co. Ltd., No. 11 Lianbao Rd, Shengfeng District, Xiaolan Town, Zhongshan City, Guangdong, China – 528400",https://wsrv.nl/?url=https%3A%2F%2Fi.ibb.co%2FmVsczGCv%2Fadhil-15-08-rose-gold.png&output=webp&q=78
Adhil 15,ATAS1250,48V DC,NA,3000K, CRI>97,φ45*90mm,24°,15W,AJ/CG,ATAS1250/30/24/RG,R-41231258,IS 10322 (PART 5/SEC 1) : 2012,14499,"Guangdong Sat Technology Co. Ltd., No. 11 Lianbao Rd, Shengfeng District, Xiaolan Town, Zhongshan City, Guangdong, China – 528400",https://wsrv.nl/?url=https%3A%2F%2Fi.ibb.co%2FmVsczGCv%2Fadhil-15-08-rose-gold.png&output=webp&q=78
Adhil 15,ATAS1250,48V DC,NA,3500K, CRI>97,φ45*90mm,24°,15W,AJ/CG,ATAS1250/35/24/RG,R-41231258,IS 10322 (PART 5/SEC 1) : 2012,14499,"Guangdong Sat Technology Co. Ltd., No. 11 Lianbao Rd, Shengfeng District, Xiaolan Town, Zhongshan City, Guangdong, China – 528400",https://wsrv.nl/?url=https%3A%2F%2Fi.ibb.co%2FmVsczGCv%2Fadhil-15-08-rose-gold.png&output=webp&q=78
Adhil 15,ATAS1250,48V DC,NA,40000K, CRI>97,φ45*90mm,24°,15W,AJ/CG,ATAS1250/40/24/RG,R-41231258,IS 10322 (PART 5/SEC 1) : 2012,14499,"Guangdong Sat Technology Co. Ltd., No. 11 Lianbao Rd, Shengfeng District, Xiaolan Town, Zhongshan City, Guangdong, China – 528400",https://wsrv.nl/?url=https%3A%2F%2Fi.ibb.co%2FmVsczGCv%2Fadhil-15-08-rose-gold.png&output=webp&q=78
Adhil 15,ATAS1250,48V DC,NA,5000K, CRI>97,φ45*90mm,24°,15W,AJ/CG,ATAS1250/50/24/RG,R-41231258,IS 10322 (PART 5/SEC 1) : 2012,14499,"Guangdong Sat Technology Co. Ltd., No. 11 Lianbao Rd, Shengfeng District, Xiaolan Town, Zhongshan City, Guangdong, China – 528400",https://wsrv.nl/?url=https%3A%2F%2Fi.ibb.co%2FmVsczGCv%2Fadhil-15-08-rose-gold.png&output=webp&q=78
Adhil 15,ATAS1250,48V DC,NA,2700K, CRI>97,φ45*90mm,36°,15W,AJ/CG,ATAS1250/27/36/RG,R-41231258,IS 10322 (PART 5/SEC 1) : 2012,14499,"Guangdong Sat Technology Co. Ltd., No. 11 Lianbao Rd, Shengfeng District, Xiaolan Town, Zhongshan City, Guangdong, China – 528400",https://wsrv.nl/?url=https%3A%2F%2Fi.ibb.co%2FmVsczGCv%2Fadhil-15-08-rose-gold.png&output=webp&q=78
Adhil 15,ATAS1250,48V DC,NA,3000K, CRI>97,φ45*90mm,36°,15W,AJ/CG,ATAS1250/30/36/RG,R-41231258,IS 10322 (PART 5/SEC 1) : 2012,14499,"Guangdong Sat Technology Co. Ltd., No. 11 Lianbao Rd, Shengfeng District, Xiaolan Town, Zhongshan City, Guangdong, China – 528400",https://wsrv.nl/?url=https%3A%2F%2Fi.ibb.co%2FmVsczGCv%2Fadhil-15-08-rose-gold.png&output=webp&q=78
Adhil 15,ATAS1250,48V DC,NA,3500K, CRI>97,φ45*90mm,36°,15W,AJ/CG,ATAS1250/35/36/RG,R-41231258,IS 10322 (PART 5/SEC 1) : 2012,14499,"Guangdong Sat Technology Co. Ltd., No. 11 Lianbao Rd, Shengfeng District, Xiaolan Town, Zhongshan City, Guangdong, China – 528400",https://wsrv.nl/?url=https%3A%2F%2Fi.ibb.co%2FmVsczGCv%2Fadhil-15-08-rose-gold.png&output=webp&q=78
Adhil 15,ATAS1250,48V DC,NA,40000K, CRI>97,φ45*90mm,36°,15W,AJ/CG,ATAS1250/40/36/RG,R-41231258,IS 10322 (PART 5/SEC 1) : 2012,14499,"Guangdong Sat Technology Co. Ltd., No. 11 Lianbao Rd, Shengfeng District, Xiaolan Town, Zhongshan City, Guangdong, China – 528400",https://wsrv.nl/?url=https%3A%2F%2Fi.ibb.co%2FmVsczGCv%2Fadhil-15-08-rose-gold.png&output=webp&q=78
Adhil 15,ATAS1250,48V DC,NA,5000K, CRI>97,φ45*90mm,36°,15W,AJ/CG,ATAS1250/50/36/RG,R-41231258,IS 10322 (PART 5/SEC 1) : 2012,14499,"Guangdong Sat Technology Co. Ltd., No. 11 Lianbao Rd, Shengfeng District, Xiaolan Town, Zhongshan City, Guangdong, China – 528400",https://wsrv.nl/?url=https%3A%2F%2Fi.ibb.co%2FmVsczGCv%2Fadhil-15-08-rose-gold.png&output=webp&q=78
Adhil 15,ATAS1250,48V DC,NA,2700K, CRI>97,φ45*90mm,15°,15W,AJ/CG,ATAS1250/27/15/BR,R-41231258,IS 10322 (PART 5/SEC 1) : 2012,14499,"Guangdong Sat Technology Co. Ltd., No. 11 Lianbao Rd, Shengfeng District, Xiaolan Town, Zhongshan City, Guangdong, China – 528400",https://wsrv.nl/?url=https%3A%2F%2Fi.ibb.co%2FNdkMhRQY%2Fadhil-15-10-brown.png&output=webp&q=78
Adhil 15,ATAS1250,48V DC,NA,3000K, CRI>97,φ45*90mm,15°,15W,AJ/CG,ATAS1250/30/15/BR,R-41231258,IS 10322 (PART 5/SEC 1) : 2012,14499,"Guangdong Sat Technology Co. Ltd., No. 11 Lianbao Rd, Shengfeng District, Xiaolan Town, Zhongshan City, Guangdong, China – 528400",https://wsrv.nl/?url=https%3A%2F%2Fi.ibb.co%2FNdkMhRQY%2Fadhil-15-10-brown.png&output=webp&q=78
Adhil 15,ATAS1250,48V DC,NA,3500K, CRI>97,φ45*90mm,15°,15W,AJ/CG,ATAS1250/35/15/BR,R-41231258,IS 10322 (PART 5/SEC 1) : 2012,14499,"Guangdong Sat Technology Co. Ltd., No. 11 Lianbao Rd, Shengfeng District, Xiaolan Town, Zhongshan City, Guangdong, China – 528400",https://wsrv.nl/?url=https%3A%2F%2Fi.ibb.co%2FNdkMhRQY%2Fadhil-15-10-brown.png&output=webp&q=78
Adhil 15,ATAS1250,48V DC,NA,40000K, CRI>97,φ45*90mm,15°,15W,AJ/CG,ATAS1250/40/15/BR,R-41231258,IS 10322 (PART 5/SEC 1) : 2012,14499,"Guangdong Sat Technology Co. Ltd., No. 11 Lianbao Rd, Shengfeng District, Xiaolan Town, Zhongshan City, Guangdong, China – 528400",https://wsrv.nl/?url=https%3A%2F%2Fi.ibb.co%2FNdkMhRQY%2Fadhil-15-10-brown.png&output=webp&q=78
Adhil 15,ATAS1250,48V DC,NA,5000K, CRI>97,φ45*90mm,15°,15W,AJ/CG,ATAS1250/50/15/BR,R-41231258,IS 10322 (PART 5/SEC 1) : 2012,14499,"Guangdong Sat Technology Co. Ltd., No. 11 Lianbao Rd, Shengfeng District, Xiaolan Town, Zhongshan City, Guangdong, China – 528400",https://wsrv.nl/?url=https%3A%2F%2Fi.ibb.co%2FNdkMhRQY%2Fadhil-15-10-brown.png&output=webp&q=78
Adhil 15,ATAS1250,48V DC,NA,2700K, CRI>97,φ45*90mm,24°,15W,AJ/CG,ATAS1250/27/24/BR,R-41231258,IS 10322 (PART 5/SEC 1) : 2012,14499,"Guangdong Sat Technology Co. Ltd., No. 11 Lianbao Rd, Shengfeng District, Xiaolan Town, Zhongshan City, Guangdong, China – 528400",https://wsrv.nl/?url=https%3A%2F%2Fi.ibb.co%2FNdkMhRQY%2Fadhil-15-10-brown.png&output=webp&q=78
Adhil 15,ATAS1250,48V DC,NA,3000K, CRI>97,φ45*90mm,24°,15W,AJ/CG,ATAS1250/30/24/BR,R-41231258,IS 10322 (PART 5/SEC 1) : 2012,14499,"Guangdong Sat Technology Co. Ltd., No. 11 Lianbao Rd, Shengfeng District, Xiaolan Town, Zhongshan City, Guangdong, China – 528400",https://wsrv.nl/?url=https%3A%2F%2Fi.ibb.co%2FNdkMhRQY%2Fadhil-15-10-brown.png&output=webp&q=78
Adhil 15,ATAS1250,48V DC,NA,3500K, CRI>97,φ45*90mm,24°,15W,AJ/CG,ATAS1250/35/24/BR,R-41231258,IS 10322 (PART 5/SEC 1) : 2012,14499,"Guangdong Sat Technology Co. Ltd., No. 11 Lianbao Rd, Shengfeng District, Xiaolan Town, Zhongshan City, Guangdong, China – 528400",https://wsrv.nl/?url=https%3A%2F%2Fi.ibb.co%2FNdkMhRQY%2Fadhil-15-10-brown.png&output=webp&q=78
Adhil 15,ATAS1250,48V DC,NA,40000K, CRI>97,φ45*90mm,24°,15W,AJ/CG,ATAS1250/40/24/BR,R-41231258,IS 10322 (PART 5/SEC 1) : 2012,14499,"Guangdong Sat Technology Co. Ltd., No. 11 Lianbao Rd, Shengfeng District, Xiaolan Town, Zhongshan City, Guangdong, China – 528400",https://wsrv.nl/?url=https%3A%2F%2Fi.ibb.co%2FNdkMhRQY%2Fadhil-15-10-brown.png&output=webp&q=78
Adhil 15,ATAS1250,48V DC,NA,5000K, CRI>97,φ45*90mm,24°,15W,AJ/CG,ATAS1250/50/24/BR,R-41231258,IS 10322 (PART 5/SEC 1) : 2012,14499,"Guangdong Sat Technology Co. Ltd., No. 11 Lianbao Rd, Shengfeng District, Xiaolan Town, Zhongshan City, Guangdong, China – 528400",https://wsrv.nl/?url=https%3A%2F%2Fi.ibb.co%2FNdkMhRQY%2Fadhil-15-10-brown.png&output=webp&q=78
Adhil 15,ATAS1250,48V DC,NA,2700K, CRI>97,φ45*90mm,36°,15W,AJ/CG,ATAS1250/27/36/BR,R-41231258,IS 10322 (PART 5/SEC 1) : 2012,14499,"Guangdong Sat Technology Co. Ltd., No. 11 Lianbao Rd, Shengfeng District, Xiaolan Town, Zhongshan City, Guangdong, China – 528400",https://wsrv.nl/?url=https%3A%2F%2Fi.ibb.co%2FNdkMhRQY%2Fadhil-15-10-brown.png&output=webp&q=78
Adhil 15,ATAS1250,48V DC,NA,3000K, CRI>97,φ45*90mm,36°,15W,AJ/CG,ATAS1250/30/36/BR,R-41231258,IS 10322 (PART 5/SEC 1) : 2012,14499,"Guangdong Sat Technology Co. Ltd., No. 11 Lianbao Rd, Shengfeng District, Xiaolan Town, Zhongshan City, Guangdong, China – 528400",https://wsrv.nl/?url=https%3A%2F%2Fi.ibb.co%2FNdkMhRQY%2Fadhil-15-10-brown.png&output=webp&q=78
Adhil 15,ATAS1250,48V DC,NA,3500K, CRI>97,φ45*90mm,36°,15W,AJ/CG,ATAS1250/35/36/BR,R-41231258,IS 10322 (PART 5/SEC 1) : 2012,14499,"Guangdong Sat Technology Co. Ltd., No. 11 Lianbao Rd, Shengfeng District, Xiaolan Town, Zhongshan City, Guangdong, China – 528400",https://wsrv.nl/?url=https%3A%2F%2Fi.ibb.co%2FNdkMhRQY%2Fadhil-15-10-brown.png&output=webp&q=78
Adhil 15,ATAS1250,48V DC,NA,40000K, CRI>97,φ45*90mm,36°,15W,AJ/CG,ATAS1250/40/36/BR,R-41231258,IS 10322 (PART 5/SEC 1) : 2012,14499,"Guangdong Sat Technology Co. Ltd., No. 11 Lianbao Rd, Shengfeng District, Xiaolan Town, Zhongshan City, Guangdong, China – 528400",https://wsrv.nl/?url=https%3A%2F%2Fi.ibb.co%2FNdkMhRQY%2Fadhil-15-10-brown.png&output=webp&q=78
Adhil 15,ATAS1250,48V DC,NA,5000K, CRI>97,φ45*90mm,36°,15W,AJ/CG,ATAS1250/50/36/BR,R-41231258,IS 10322 (PART 5/SEC 1) : 2012,14499,"Guangdong Sat Technology Co. Ltd., No. 11 Lianbao Rd, Shengfeng District, Xiaolan Town, Zhongshan City, Guangdong, China – 528400",https://wsrv.nl/?url=https%3A%2F%2Fi.ibb.co%2FNdkMhRQY%2Fadhil-15-10-brown.png&output=webp&q=78
Adhil 15,ATAS1250,48V DC,NA,2700K, CRI>97,φ45*90mm,15°,15W,AJ/CG,ATAS1250/27/15/COF,R-41231258,IS 10322 (PART 5/SEC 1) : 2012,14499,"Guangdong Sat Technology Co. Ltd., No. 11 Lianbao Rd, Shengfeng District, Xiaolan Town, Zhongshan City, Guangdong, China – 528400",https://wsrv.nl/?url=https%3A%2F%2Fi.ibb.co%2FMDhycX1Y%2Fadhil-15-07-coffee.png&output=webp&q=78
Adhil 15,ATAS1250,48V DC,NA,3000K, CRI>97,φ45*90mm,15°,15W,AJ/CG,ATAS1250/30/15/COF,R-41231258,IS 10322 (PART 5/SEC 1) : 2012,14499,"Guangdong Sat Technology Co. Ltd., No. 11 Lianbao Rd, Shengfeng District, Xiaolan Town, Zhongshan City, Guangdong, China – 528400",https://wsrv.nl/?url=https%3A%2F%2Fi.ibb.co%2FMDhycX1Y%2Fadhil-15-07-coffee.png&output=webp&q=78
Adhil 15,ATAS1250,48V DC,NA,3500K, CRI>97,φ45*90mm,15°,15W,AJ/CG,ATAS1250/35/15/COF,R-41231258,IS 10322 (PART 5/SEC 1) : 2012,14499,"Guangdong Sat Technology Co. Ltd., No. 11 Lianbao Rd, Shengfeng District, Xiaolan Town, Zhongshan City, Guangdong, China – 528400",https://wsrv.nl/?url=https%3A%2F%2Fi.ibb.co%2FMDhycX1Y%2Fadhil-15-07-coffee.png&output=webp&q=78
Adhil 15,ATAS1250,48V DC,NA,40000K, CRI>97,φ45*90mm,15°,15W,AJ/CG,ATAS1250/40/15/COF,R-41231258,IS 10322 (PART 5/SEC 1) : 2012,14499,"Guangdong Sat Technology Co. Ltd., No. 11 Lianbao Rd, Shengfeng District, Xiaolan Town, Zhongshan City, Guangdong, China – 528400",https://wsrv.nl/?url=https%3A%2F%2Fi.ibb.co%2FMDhycX1Y%2Fadhil-15-07-coffee.png&output=webp&q=78
Adhil 15,ATAS1250,48V DC,NA,5000K, CRI>97,φ45*90mm,15°,15W,AJ/CG,ATAS1250/50/15/COF,R-41231258,IS 10322 (PART 5/SEC 1) : 2012,14499,"Guangdong Sat Technology Co. Ltd., No. 11 Lianbao Rd, Shengfeng District, Xiaolan Town, Zhongshan City, Guangdong, China – 528400",https://wsrv.nl/?url=https%3A%2F%2Fi.ibb.co%2FMDhycX1Y%2Fadhil-15-07-coffee.png&output=webp&q=78
Adhil 15,ATAS1250,48V DC,NA,2700K, CRI>97,φ45*90mm,24°,15W,AJ/CG,ATAS1250/27/24/COF,R-41231258,IS 10322 (PART 5/SEC 1) : 2012,14499,"Guangdong Sat Technology Co. Ltd., No. 11 Lianbao Rd, Shengfeng District, Xiaolan Town, Zhongshan City, Guangdong, China – 528400",https://wsrv.nl/?url=https%3A%2F%2Fi.ibb.co%2FMDhycX1Y%2Fadhil-15-07-coffee.png&output=webp&q=78
Adhil 15,ATAS1250,48V DC,NA,3000K, CRI>97,φ45*90mm,24°,15W,AJ/CG,ATAS1250/30/24/COF,R-41231258,IS 10322 (PART 5/SEC 1) : 2012,14499,"Guangdong Sat Technology Co. Ltd., No. 11 Lianbao Rd, Shengfeng District, Xiaolan Town, Zhongshan City, Guangdong, China – 528400",https://wsrv.nl/?url=https%3A%2F%2Fi.ibb.co%2FMDhycX1Y%2Fadhil-15-07-coffee.png&output=webp&q=78
Adhil 15,ATAS1250,48V DC,NA,3500K, CRI>97,φ45*90mm,24°,15W,AJ/CG,ATAS1250/35/24/COF,R-41231258,IS 10322 (PART 5/SEC 1) : 2012,14499,"Guangdong Sat Technology Co. Ltd., No. 11 Lianbao Rd, Shengfeng District, Xiaolan Town, Zhongshan City, Guangdong, China – 528400",https://wsrv.nl/?url=https%3A%2F%2Fi.ibb.co%2FMDhycX1Y%2Fadhil-15-07-coffee.png&output=webp&q=78
Adhil 15,ATAS1250,48V DC,NA,40000K, CRI>97,φ45*90mm,24°,15W,AJ/CG,ATAS1250/40/24/COF,R-41231258,IS 10322 (PART 5/SEC 1) : 2012,14499,"Guangdong Sat Technology Co. Ltd., No. 11 Lianbao Rd, Shengfeng District, Xiaolan Town, Zhongshan City, Guangdong, China – 528400",https://wsrv.nl/?url=https%3A%2F%2Fi.ibb.co%2FMDhycX1Y%2Fadhil-15-07-coffee.png&output=webp&q=78
Adhil 15,ATAS1250,48V DC,NA,5000K, CRI>97,φ45*90mm,24°,15W,AJ/CG,ATAS1250/50/24/COF,R-41231258,IS 10322 (PART 5/SEC 1) : 2012,14499,"Guangdong Sat Technology Co. Ltd., No. 11 Lianbao Rd, Shengfeng District, Xiaolan Town, Zhongshan City, Guangdong, China – 528400",https://wsrv.nl/?url=https%3A%2F%2Fi.ibb.co%2FMDhycX1Y%2Fadhil-15-07-coffee.png&output=webp&q=78
Adhil 15,ATAS1250,48V DC,NA,2700K, CRI>97,φ45*90mm,36°,15W,AJ/CG,ATAS1250/27/36/COF,R-41231258,IS 10322 (PART 5/SEC 1) : 2012,14499,"Guangdong Sat Technology Co. Ltd., No. 11 Lianbao Rd, Shengfeng District, Xiaolan Town, Zhongshan City, Guangdong, China – 528400",https://wsrv.nl/?url=https%3A%2F%2Fi.ibb.co%2FMDhycX1Y%2Fadhil-15-07-coffee.png&output=webp&q=78
Adhil 15,ATAS1250,48V DC,NA,3000K, CRI>97,φ45*90mm,36°,15W,AJ/CG,ATAS1250/30/36/COF,R-41231258,IS 10322 (PART 5/SEC 1) : 2012,14499,"Guangdong Sat Technology Co. Ltd., No. 11 Lianbao Rd, Shengfeng District, Xiaolan Town, Zhongshan City, Guangdong, China – 528400",https://wsrv.nl/?url=https%3A%2F%2Fi.ibb.co%2FMDhycX1Y%2Fadhil-15-07-coffee.png&output=webp&q=78
Adhil 15,ATAS1250,48V DC,NA,3500K, CRI>97,φ45*90mm,36°,15W,AJ/CG,ATAS1250/35/36/COF,R-41231258,IS 10322 (PART 5/SEC 1) : 2012,14499,"Guangdong Sat Technology Co. Ltd., No. 11 Lianbao Rd, Shengfeng District, Xiaolan Town, Zhongshan City, Guangdong, China – 528400",https://wsrv.nl/?url=https%3A%2F%2Fi.ibb.co%2FMDhycX1Y%2Fadhil-15-07-coffee.png&output=webp&q=78
Adhil 15,ATAS1250,48V DC,NA,40000K, CRI>97,φ45*90mm,36°,15W,AJ/CG,ATAS1250/40/36/COF,R-41231258,IS 10322 (PART 5/SEC 1) : 2012,14499,"Guangdong Sat Technology Co. Ltd., No. 11 Lianbao Rd, Shengfeng District, Xiaolan Town, Zhongshan City, Guangdong, China – 528400",https://wsrv.nl/?url=https%3A%2F%2Fi.ibb.co%2FMDhycX1Y%2Fadhil-15-07-coffee.png&output=webp&q=78
Adhil 15,ATAS1250,48V DC,NA,5000K, CRI>97,φ45*90mm,36°,15W,AJ/CG,ATAS1250/50/36/COF,R-41231258,IS 10322 (PART 5/SEC 1) : 2012,14499,"Guangdong Sat Technology Co. Ltd., No. 11 Lianbao Rd, Shengfeng District, Xiaolan Town, Zhongshan City, Guangdong, China – 528400",https://wsrv.nl/?url=https%3A%2F%2Fi.ibb.co%2FMDhycX1Y%2Fadhil-15-07-coffee.png&output=webp&q=78
Adhil 15,ATAS1250,48V DC,NA,2700K, CRI>97,φ45*90mm,15°,15W,AJ/CG,ATAS1250/27/15/DGR,R-41231258,IS 10322 (PART 5/SEC 1) : 2012,14499,"Guangdong Sat Technology Co. Ltd., No. 11 Lianbao Rd, Shengfeng District, Xiaolan Town, Zhongshan City, Guangdong, China – 528400",https://wsrv.nl/?url=https%3A%2F%2Fi.ibb.co%2F2bMnFvR%2Fadhil-15-09-dark-gray-default.png&output=webp&q=78
Adhil 15,ATAS1250,48V DC,NA,3000K, CRI>97,φ45*90mm,15°,15W,AJ/CG,ATAS1250/30/15/DGR,R-41231258,IS 10322 (PART 5/SEC 1) : 2012,14499,"Guangdong Sat Technology Co. Ltd., No. 11 Lianbao Rd, Shengfeng District, Xiaolan Town, Zhongshan City, Guangdong, China – 528400",https://wsrv.nl/?url=https%3A%2F%2Fi.ibb.co%2F2bMnFvR%2Fadhil-15-09-dark-gray-default.png&output=webp&q=78
Adhil 15,ATAS1250,48V DC,NA,3500K, CRI>97,φ45*90mm,15°,15W,AJ/CG,ATAS1250/35/15/DGR,R-41231258,IS 10322 (PART 5/SEC 1) : 2012,14499,"Guangdong Sat Technology Co. Ltd., No. 11 Lianbao Rd, Shengfeng District, Xiaolan Town, Zhongshan City, Guangdong, China – 528400",https://wsrv.nl/?url=https%3A%2F%2Fi.ibb.co%2F2bMnFvR%2Fadhil-15-09-dark-gray-default.png&output=webp&q=78
Adhil 15,ATAS1250,48V DC,NA,40000K, CRI>97,φ45*90mm,15°,15W,AJ/CG,ATAS1250/40/15/DGR,R-41231258,IS 10322 (PART 5/SEC 1) : 2012,14499,"Guangdong Sat Technology Co. Ltd., No. 11 Lianbao Rd, Shengfeng District, Xiaolan Town, Zhongshan City, Guangdong, China – 528400",https://wsrv.nl/?url=https%3A%2F%2Fi.ibb.co%2F2bMnFvR%2Fadhil-15-09-dark-gray-default.png&output=webp&q=78
Adhil 15,ATAS1250,48V DC,NA,5000K, CRI>97,φ45*90mm,15°,15W,AJ/CG,ATAS1250/50/15/DGR,R-41231258,IS 10322 (PART 5/SEC 1) : 2012,14499,"Guangdong Sat Technology Co. Ltd., No. 11 Lianbao Rd, Shengfeng District, Xiaolan Town, Zhongshan City, Guangdong, China – 528400",https://wsrv.nl/?url=https%3A%2F%2Fi.ibb.co%2F2bMnFvR%2Fadhil-15-09-dark-gray-default.png&output=webp&q=78
Adhil 15,ATAS1250,48V DC,NA,2700K, CRI>97,φ45*90mm,24°,15W,AJ/CG,ATAS1250/27/24/DGR,R-41231258,IS 10322 (PART 5/SEC 1) : 2012,14499,"Guangdong Sat Technology Co. Ltd., No. 11 Lianbao Rd, Shengfeng District, Xiaolan Town, Zhongshan City, Guangdong, China – 528400",https://wsrv.nl/?url=https%3A%2F%2Fi.ibb.co%2F2bMnFvR%2Fadhil-15-09-dark-gray-default.png&output=webp&q=78
Adhil 15,ATAS1250,48V DC,NA,3000K, CRI>97,φ45*90mm,24°,15W,AJ/CG,ATAS1250/30/24/DGR,R-41231258,IS 10322 (PART 5/SEC 1) : 2012,14499,"Guangdong Sat Technology Co. Ltd., No. 11 Lianbao Rd, Shengfeng District, Xiaolan Town, Zhongshan City, Guangdong, China – 528400",https://wsrv.nl/?url=https%3A%2F%2Fi.ibb.co%2F2bMnFvR%2Fadhil-15-09-dark-gray-default.png&output=webp&q=78
Adhil 15,ATAS1250,48V DC,NA,3500K, CRI>97,φ45*90mm,24°,15W,AJ/CG,ATAS1250/35/24/DGR,R-41231258,IS 10322 (PART 5/SEC 1) : 2012,14499,"Guangdong Sat Technology Co. Ltd., No. 11 Lianbao Rd, Shengfeng District, Xiaolan Town, Zhongshan City, Guangdong, China – 528400",https://wsrv.nl/?url=https%3A%2F%2Fi.ibb.co%2F2bMnFvR%2Fadhil-15-09-dark-gray-default.png&output=webp&q=78
Adhil 15,ATAS1250,48V DC,NA,40000K, CRI>97,φ45*90mm,24°,15W,AJ/CG,ATAS1250/40/24/DGR,R-41231258,IS 10322 (PART 5/SEC 1) : 2012,14499,"Guangdong Sat Technology Co. Ltd., No. 11 Lianbao Rd, Shengfeng District, Xiaolan Town, Zhongshan City, Guangdong, China – 528400",https://wsrv.nl/?url=https%3A%2F%2Fi.ibb.co%2F2bMnFvR%2Fadhil-15-09-dark-gray-default.png&output=webp&q=78
Adhil 15,ATAS1250,48V DC,NA,5000K, CRI>97,φ45*90mm,24°,15W,AJ/CG,ATAS1250/50/24/DGR,R-41231258,IS 10322 (PART 5/SEC 1) : 2012,14499,"Guangdong Sat Technology Co. Ltd., No. 11 Lianbao Rd, Shengfeng District, Xiaolan Town, Zhongshan City, Guangdong, China – 528400",https://wsrv.nl/?url=https%3A%2F%2Fi.ibb.co%2F2bMnFvR%2Fadhil-15-09-dark-gray-default.png&output=webp&q=78
Adhil 15,ATAS1250,48V DC,NA,2700K, CRI>97,φ45*90mm,36°,15W,AJ/CG,ATAS1250/27/36/DGR,R-41231258,IS 10322 (PART 5/SEC 1) : 2012,14499,"Guangdong Sat Technology Co. Ltd., No. 11 Lianbao Rd, Shengfeng District, Xiaolan Town, Zhongshan City, Guangdong, China – 528400",https://wsrv.nl/?url=https%3A%2F%2Fi.ibb.co%2F2bMnFvR%2Fadhil-15-09-dark-gray-default.png&output=webp&q=78
Adhil 15,ATAS1250,48V DC,NA,3000K, CRI>97,φ45*90mm,36°,15W,AJ/CG,ATAS1250/30/36/DGR,R-41231258,IS 10322 (PART 5/SEC 1) : 2012,14499,"Guangdong Sat Technology Co. Ltd., No. 11 Lianbao Rd, Shengfeng District, Xiaolan Town, Zhongshan City, Guangdong, China – 528400",https://wsrv.nl/?url=https%3A%2F%2Fi.ibb.co%2F2bMnFvR%2Fadhil-15-09-dark-gray-default.png&output=webp&q=78
Adhil 15,ATAS1250,48V DC,NA,3500K, CRI>97,φ45*90mm,36°,15W,AJ/CG,ATAS1250/35/36/DGR,R-41231258,IS 10322 (PART 5/SEC 1) : 2012,14499,"Guangdong Sat Technology Co. Ltd., No. 11 Lianbao Rd, Shengfeng District, Xiaolan Town, Zhongshan City, Guangdong, China – 528400",https://wsrv.nl/?url=https%3A%2F%2Fi.ibb.co%2F2bMnFvR%2Fadhil-15-09-dark-gray-default.png&output=webp&q=78
Adhil 15,ATAS1250,48V DC,NA,40000K, CRI>97,φ45*90mm,36°,15W,AJ/CG,ATAS1250/40/36/DGR,R-41231258,IS 10322 (PART 5/SEC 1) : 2012,14499,"Guangdong Sat Technology Co. Ltd., No. 11 Lianbao Rd, Shengfeng District, Xiaolan Town, Zhongshan City, Guangdong, China – 528400",https://wsrv.nl/?url=https%3A%2F%2Fi.ibb.co%2F2bMnFvR%2Fadhil-15-09-dark-gray-default.png&output=webp&q=78
Adhil 15,ATAS1250,48V DC,NA,5000K, CRI>97,φ45*90mm,36°,15W,AJ/CG,ATAS1250/50/36/DGR,R-41231258,IS 10322 (PART 5/SEC 1) : 2012,14499,"Guangdong Sat Technology Co. Ltd., No. 11 Lianbao Rd, Shengfeng District, Xiaolan Town, Zhongshan City, Guangdong, China – 528400",https://wsrv.nl/?url=https%3A%2F%2Fi.ibb.co%2F2bMnFvR%2Fadhil-15-09-dark-gray-default.png&output=webp&q=78
Adhil 15,ATAS1250,48V DC,NA,2700K, CRI>97,φ45*90mm,15°,15W,AJ/CG,ATAS1250/27/15/BB,R-41231258,IS 10322 (PART 5/SEC 1) : 2012,14499,"Guangdong Sat Technology Co. Ltd., No. 11 Lianbao Rd, Shengfeng District, Xiaolan Town, Zhongshan City, Guangdong, China – 528400",https://wsrv.nl/?url=https%3A%2F%2Fi.ibb.co%2FVcj1Rf2R%2Fadhil-15-06-ballet-blue.png&output=webp&q=78
Adhil 15,ATAS1250,48V DC,NA,3000K, CRI>97,φ45*90mm,15°,15W,AJ/CG,ATAS1250/30/15/BB,R-41231258,IS 10322 (PART 5/SEC 1) : 2012,14499,"Guangdong Sat Technology Co. Ltd., No. 11 Lianbao Rd, Shengfeng District, Xiaolan Town, Zhongshan City, Guangdong, China – 528400",https://wsrv.nl/?url=https%3A%2F%2Fi.ibb.co%2FVcj1Rf2R%2Fadhil-15-06-ballet-blue.png&output=webp&q=78
Adhil 15,ATAS1250,48V DC,NA,3500K, CRI>97,φ45*90mm,15°,15W,AJ/CG,ATAS1250/35/15/BB,R-41231258,IS 10322 (PART 5/SEC 1) : 2012,14499,"Guangdong Sat Technology Co. Ltd., No. 11 Lianbao Rd, Shengfeng District, Xiaolan Town, Zhongshan City, Guangdong, China – 528400",https://wsrv.nl/?url=https%3A%2F%2Fi.ibb.co%2FVcj1Rf2R%2Fadhil-15-06-ballet-blue.png&output=webp&q=78
Adhil 15,ATAS1250,48V DC,NA,40000K, CRI>97,φ45*90mm,15°,15W,AJ/CG,ATAS1250/40/15/BB,R-41231258,IS 10322 (PART 5/SEC 1) : 2012,14499,"Guangdong Sat Technology Co. Ltd., No. 11 Lianbao Rd, Shengfeng District, Xiaolan Town, Zhongshan City, Guangdong, China – 528400",https://wsrv.nl/?url=https%3A%2F%2Fi.ibb.co%2FVcj1Rf2R%2Fadhil-15-06-ballet-blue.png&output=webp&q=78
Adhil 15,ATAS1250,48V DC,NA,5000K, CRI>97,φ45*90mm,15°,15W,AJ/CG,ATAS1250/50/15/BB,R-41231258,IS 10322 (PART 5/SEC 1) : 2012,14499,"Guangdong Sat Technology Co. Ltd., No. 11 Lianbao Rd, Shengfeng District, Xiaolan Town, Zhongshan City, Guangdong, China – 528400",https://wsrv.nl/?url=https%3A%2F%2Fi.ibb.co%2FVcj1Rf2R%2Fadhil-15-06-ballet-blue.png&output=webp&q=78
Adhil 15,ATAS1250,48V DC,NA,2700K, CRI>97,φ45*90mm,24°,15W,AJ/CG,ATAS1250/27/24/BB,R-41231258,IS 10322 (PART 5/SEC 1) : 2012,14499,"Guangdong Sat Technology Co. Ltd., No. 11 Lianbao Rd, Shengfeng District, Xiaolan Town, Zhongshan City, Guangdong, China – 528400",https://wsrv.nl/?url=https%3A%2F%2Fi.ibb.co%2FVcj1Rf2R%2Fadhil-15-06-ballet-blue.png&output=webp&q=78
Adhil 15,ATAS1250,48V DC,NA,3000K, CRI>97,φ45*90mm,24°,15W,AJ/CG,ATAS1250/30/24/BB,R-41231258,IS 10322 (PART 5/SEC 1) : 2012,14499,"Guangdong Sat Technology Co. Ltd., No. 11 Lianbao Rd, Shengfeng District, Xiaolan Town, Zhongshan City, Guangdong, China – 528400",https://wsrv.nl/?url=https%3A%2F%2Fi.ibb.co%2FVcj1Rf2R%2Fadhil-15-06-ballet-blue.png&output=webp&q=78
Adhil 15,ATAS1250,48V DC,NA,3500K, CRI>97,φ45*90mm,24°,15W,AJ/CG,ATAS1250/35/24/BB,R-41231258,IS 10322 (PART 5/SEC 1) : 2012,14499,"Guangdong Sat Technology Co. Ltd., No. 11 Lianbao Rd, Shengfeng District, Xiaolan Town, Zhongshan City, Guangdong, China – 528400",https://wsrv.nl/?url=https%3A%2F%2Fi.ibb.co%2FVcj1Rf2R%2Fadhil-15-06-ballet-blue.png&output=webp&q=78
Adhil 15,ATAS1250,48V DC,NA,40000K, CRI>97,φ45*90mm,24°,15W,AJ/CG,ATAS1250/40/24/BB,R-41231258,IS 10322 (PART 5/SEC 1) : 2012,14499,"Guangdong Sat Technology Co. Ltd., No. 11 Lianbao Rd, Shengfeng District, Xiaolan Town, Zhongshan City, Guangdong, China – 528400",https://wsrv.nl/?url=https%3A%2F%2Fi.ibb.co%2FVcj1Rf2R%2Fadhil-15-06-ballet-blue.png&output=webp&q=78
Adhil 15,ATAS1250,48V DC,NA,5000K, CRI>97,φ45*90mm,24°,15W,AJ/CG,ATAS1250/50/24/BB,R-41231258,IS 10322 (PART 5/SEC 1) : 2012,14499,"Guangdong Sat Technology Co. Ltd., No. 11 Lianbao Rd, Shengfeng District, Xiaolan Town, Zhongshan City, Guangdong, China – 528400",https://wsrv.nl/?url=https%3A%2F%2Fi.ibb.co%2FVcj1Rf2R%2Fadhil-15-06-ballet-blue.png&output=webp&q=78
Adhil 15,ATAS1250,48V DC,NA,2700K, CRI>97,φ45*90mm,36°,15W,AJ/CG,ATAS1250/27/36/BB,R-41231258,IS 10322 (PART 5/SEC 1) : 2012,14499,"Guangdong Sat Technology Co. Ltd., No. 11 Lianbao Rd, Shengfeng District, Xiaolan Town, Zhongshan City, Guangdong, China – 528400",https://wsrv.nl/?url=https%3A%2F%2Fi.ibb.co%2FVcj1Rf2R%2Fadhil-15-06-ballet-blue.png&output=webp&q=78
Adhil 15,ATAS1250,48V DC,NA,3000K, CRI>97,φ45*90mm,36°,15W,AJ/CG,ATAS1250/30/36/BB,R-41231258,IS 10322 (PART 5/SEC 1) : 2012,14499,"Guangdong Sat Technology Co. Ltd., No. 11 Lianbao Rd, Shengfeng District, Xiaolan Town, Zhongshan City, Guangdong, China – 528400",https://wsrv.nl/?url=https%3A%2F%2Fi.ibb.co%2FVcj1Rf2R%2Fadhil-15-06-ballet-blue.png&output=webp&q=78
Adhil 15,ATAS1250,48V DC,NA,3500K, CRI>97,φ45*90mm,36°,15W,AJ/CG,ATAS1250/35/36/BB,R-41231258,IS 10322 (PART 5/SEC 1) : 2012,14499,"Guangdong Sat Technology Co. Ltd., No. 11 Lianbao Rd, Shengfeng District, Xiaolan Town, Zhongshan City, Guangdong, China – 528400",https://wsrv.nl/?url=https%3A%2F%2Fi.ibb.co%2FVcj1Rf2R%2Fadhil-15-06-ballet-blue.png&output=webp&q=78
Adhil 15,ATAS1250,48V DC,NA,40000K, CRI>97,φ45*90mm,36°,15W,AJ/CG,ATAS1250/40/36/BB,R-41231258,IS 10322 (PART 5/SEC 1) : 2012,14499,"Guangdong Sat Technology Co. Ltd., No. 11 Lianbao Rd, Shengfeng District, Xiaolan Town, Zhongshan City, Guangdong, China – 528400",https://wsrv.nl/?url=https%3A%2F%2Fi.ibb.co%2FVcj1Rf2R%2Fadhil-15-06-ballet-blue.png&output=webp&q=78
Adhil 15,ATAS1250,48V DC,NA,5000K, CRI>97,φ45*90mm,36°,15W,AJ/CG,ATAS1250/50/36/BB,R-41231258,IS 10322 (PART 5/SEC 1) : 2012,14499,"Guangdong Sat Technology Co. Ltd., No. 11 Lianbao Rd, Shengfeng District, Xiaolan Town, Zhongshan City, Guangdong, China – 528400",https://wsrv.nl/?url=https%3A%2F%2Fi.ibb.co%2FVcj1Rf2R%2Fadhil-15-06-ballet-blue.png&output=webp&q=78
Adhil 15,ATAS1250,48V DC,NA,2700K, CRI>97,φ45*90mm,15°,15W,AJ/CG,ATAS1250/27/15/CH,R-41231258,IS 10322 (PART 5/SEC 1) : 2012,14499,"Guangdong Sat Technology Co. Ltd., No. 11 Lianbao Rd, Shengfeng District, Xiaolan Town, Zhongshan City, Guangdong, China – 528400",https://wsrv.nl/?url=https%3A%2F%2Fi.ibb.co%2FgMzFSpSf%2Fadhil-15-01-chrome.png&output=webp&q=78
Adhil 15,ATAS1250,48V DC,NA,3000K, CRI>97,φ45*90mm,15°,15W,AJ/CG,ATAS1250/30/15/CH,R-41231258,IS 10322 (PART 5/SEC 1) : 2012,14499,"Guangdong Sat Technology Co. Ltd., No. 11 Lianbao Rd, Shengfeng District, Xiaolan Town, Zhongshan City, Guangdong, China – 528400",https://wsrv.nl/?url=https%3A%2F%2Fi.ibb.co%2FgMzFSpSf%2Fadhil-15-01-chrome.png&output=webp&q=78
Adhil 15,ATAS1250,48V DC,NA,3500K, CRI>97,φ45*90mm,15°,15W,AJ/CG,ATAS1250/35/15/CH,R-41231258,IS 10322 (PART 5/SEC 1) : 2012,14499,"Guangdong Sat Technology Co. Ltd., No. 11 Lianbao Rd, Shengfeng District, Xiaolan Town, Zhongshan City, Guangdong, China – 528400",https://wsrv.nl/?url=https%3A%2F%2Fi.ibb.co%2FgMzFSpSf%2Fadhil-15-01-chrome.png&output=webp&q=78
Adhil 15,ATAS1250,48V DC,NA,40000K, CRI>97,φ45*90mm,15°,15W,AJ/CG,ATAS1250/40/15/CH,R-41231258,IS 10322 (PART 5/SEC 1) : 2012,14499,"Guangdong Sat Technology Co. Ltd., No. 11 Lianbao Rd, Shengfeng District, Xiaolan Town, Zhongshan City, Guangdong, China – 528400",https://wsrv.nl/?url=https%3A%2F%2Fi.ibb.co%2FgMzFSpSf%2Fadhil-15-01-chrome.png&output=webp&q=78
Adhil 15,ATAS1250,48V DC,NA,5000K, CRI>97,φ45*90mm,15°,15W,AJ/CG,ATAS1250/50/15/CH,R-41231258,IS 10322 (PART 5/SEC 1) : 2012,14499,"Guangdong Sat Technology Co. Ltd., No. 11 Lianbao Rd, Shengfeng District, Xiaolan Town, Zhongshan City, Guangdong, China – 528400",https://wsrv.nl/?url=https%3A%2F%2Fi.ibb.co%2FgMzFSpSf%2Fadhil-15-01-chrome.png&output=webp&q=78
Adhil 15,ATAS1250,48V DC,NA,2700K, CRI>97,φ45*90mm,24°,15W,AJ/CG,ATAS1250/27/24/CH,R-41231258,IS 10322 (PART 5/SEC 1) : 2012,14499,"Guangdong Sat Technology Co. Ltd., No. 11 Lianbao Rd, Shengfeng District, Xiaolan Town, Zhongshan City, Guangdong, China – 528400",https://wsrv.nl/?url=https%3A%2F%2Fi.ibb.co%2FgMzFSpSf%2Fadhil-15-01-chrome.png&output=webp&q=78
Adhil 15,ATAS1250,48V DC,NA,3000K, CRI>97,φ45*90mm,24°,15W,AJ/CG,ATAS1250/30/24/CH,R-41231258,IS 10322 (PART 5/SEC 1) : 2012,14499,"Guangdong Sat Technology Co. Ltd., No. 11 Lianbao Rd, Shengfeng District, Xiaolan Town, Zhongshan City, Guangdong, China – 528400",https://wsrv.nl/?url=https%3A%2F%2Fi.ibb.co%2FgMzFSpSf%2Fadhil-15-01-chrome.png&output=webp&q=78
Adhil 15,ATAS1250,48V DC,NA,3500K, CRI>97,φ45*90mm,24°,15W,AJ/CG,ATAS1250/35/24/CH,R-41231258,IS 10322 (PART 5/SEC 1) : 2012,14499,"Guangdong Sat Technology Co. Ltd., No. 11 Lianbao Rd, Shengfeng District, Xiaolan Town, Zhongshan City, Guangdong, China – 528400",https://wsrv.nl/?url=https%3A%2F%2Fi.ibb.co%2FgMzFSpSf%2Fadhil-15-01-chrome.png&output=webp&q=78
Adhil 15,ATAS1250,48V DC,NA,40000K, CRI>97,φ45*90mm,24°,15W,AJ/CG,ATAS1250/40/24/CH,R-41231258,IS 10322 (PART 5/SEC 1) : 2012,14499,"Guangdong Sat Technology Co. Ltd., No. 11 Lianbao Rd, Shengfeng District, Xiaolan Town, Zhongshan City, Guangdong, China – 528400",https://wsrv.nl/?url=https%3A%2F%2Fi.ibb.co%2FgMzFSpSf%2Fadhil-15-01-chrome.png&output=webp&q=78
Adhil 15,ATAS1250,48V DC,NA,5000K, CRI>97,φ45*90mm,24°,15W,AJ/CG,ATAS1250/50/24/CH,R-41231258,IS 10322 (PART 5/SEC 1) : 2012,14499,"Guangdong Sat Technology Co. Ltd., No. 11 Lianbao Rd, Shengfeng District, Xiaolan Town, Zhongshan City, Guangdong, China – 528400",https://wsrv.nl/?url=https%3A%2F%2Fi.ibb.co%2FgMzFSpSf%2Fadhil-15-01-chrome.png&output=webp&q=78
Adhil 15,ATAS1250,48V DC,NA,2700K, CRI>97,φ45*90mm,36°,15W,AJ/CG,ATAS1250/27/36/CH,R-41231258,IS 10322 (PART 5/SEC 1) : 2012,14499,"Guangdong Sat Technology Co. Ltd., No. 11 Lianbao Rd, Shengfeng District, Xiaolan Town, Zhongshan City, Guangdong, China – 528400",https://wsrv.nl/?url=https%3A%2F%2Fi.ibb.co%2FgMzFSpSf%2Fadhil-15-01-chrome.png&output=webp&q=78
Adhil 15,ATAS1250,48V DC,NA,3000K, CRI>97,φ45*90mm,36°,15W,AJ/CG,ATAS1250/30/36/CH,R-41231258,IS 10322 (PART 5/SEC 1) : 2012,14499,"Guangdong Sat Technology Co. Ltd., No. 11 Lianbao Rd, Shengfeng District, Xiaolan Town, Zhongshan City, Guangdong, China – 528400",https://wsrv.nl/?url=https%3A%2F%2Fi.ibb.co%2FgMzFSpSf%2Fadhil-15-01-chrome.png&output=webp&q=78
Adhil 15,ATAS1250,48V DC,NA,3500K, CRI>97,φ45*90mm,36°,15W,AJ/CG,ATAS1250/35/36/CH,R-41231258,IS 10322 (PART 5/SEC 1) : 2012,14499,"Guangdong Sat Technology Co. Ltd., No. 11 Lianbao Rd, Shengfeng District, Xiaolan Town, Zhongshan City, Guangdong, China – 528400",https://wsrv.nl/?url=https%3A%2F%2Fi.ibb.co%2FgMzFSpSf%2Fadhil-15-01-chrome.png&output=webp&q=78
Adhil 15,ATAS1250,48V DC,NA,40000K, CRI>97,φ45*90mm,36°,15W,AJ/CG,ATAS1250/40/36/CH,R-41231258,IS 10322 (PART 5/SEC 1) : 2012,14499,"Guangdong Sat Technology Co. Ltd., No. 11 Lianbao Rd, Shengfeng District, Xiaolan Town, Zhongshan City, Guangdong, China – 528400",https://wsrv.nl/?url=https%3A%2F%2Fi.ibb.co%2FgMzFSpSf%2Fadhil-15-01-chrome.png&output=webp&q=78
Adhil 15,ATAS1250,48V DC,NA,5000K, CRI>97,φ45*90mm,36°,15W,AJ/CG,ATAS1250/50/36/CH,R-41231258,IS 10322 (PART 5/SEC 1) : 2012,14499,"Guangdong Sat Technology Co. Ltd., No. 11 Lianbao Rd, Shengfeng District, Xiaolan Town, Zhongshan City, Guangdong, China – 528400",https://wsrv.nl/?url=https%3A%2F%2Fi.ibb.co%2FgMzFSpSf%2Fadhil-15-01-chrome.png&output=webp&q=78
Adhil 15,ATAS1250,48V DC,NA,2700K, CRI>97,φ45*90mm,15°,15W,AJ/CG,ATAS1250/27/15/CHB,R-41231258,IS 10322 (PART 5/SEC 1) : 2012,14499,"Guangdong Sat Technology Co. Ltd., No. 11 Lianbao Rd, Shengfeng District, Xiaolan Town, Zhongshan City, Guangdong, China – 528400",https://wsrv.nl/?url=https%3A%2F%2Fi.ibb.co%2F5hDSF7zt%2Fadhil-15-02-chrome-black.png&output=webp&q=78
Adhil 15,ATAS1250,48V DC,NA,3000K, CRI>97,φ45*90mm,15°,15W,AJ/CG,ATAS1250/30/15/CHB,R-41231258,IS 10322 (PART 5/SEC 1) : 2012,14499,"Guangdong Sat Technology Co. Ltd., No. 11 Lianbao Rd, Shengfeng District, Xiaolan Town, Zhongshan City, Guangdong, China – 528400",https://wsrv.nl/?url=https%3A%2F%2Fi.ibb.co%2F5hDSF7zt%2Fadhil-15-02-chrome-black.png&output=webp&q=78
Adhil 15,ATAS1250,48V DC,NA,3500K, CRI>97,φ45*90mm,15°,15W,AJ/CG,ATAS1250/35/15/CHB,R-41231258,IS 10322 (PART 5/SEC 1) : 2012,14499,"Guangdong Sat Technology Co. Ltd., No. 11 Lianbao Rd, Shengfeng District, Xiaolan Town, Zhongshan City, Guangdong, China – 528400",https://wsrv.nl/?url=https%3A%2F%2Fi.ibb.co%2F5hDSF7zt%2Fadhil-15-02-chrome-black.png&output=webp&q=78
Adhil 15,ATAS1250,48V DC,NA,40000K, CRI>97,φ45*90mm,15°,15W,AJ/CG,ATAS1250/40/15/CHB,R-41231258,IS 10322 (PART 5/SEC 1) : 2012,14499,"Guangdong Sat Technology Co. Ltd., No. 11 Lianbao Rd, Shengfeng District, Xiaolan Town, Zhongshan City, Guangdong, China – 528400",https://wsrv.nl/?url=https%3A%2F%2Fi.ibb.co%2F5hDSF7zt%2Fadhil-15-02-chrome-black.png&output=webp&q=78
Adhil 15,ATAS1250,48V DC,NA,5000K, CRI>97,φ45*90mm,15°,15W,AJ/CG,ATAS1250/50/15/CHB,R-41231258,IS 10322 (PART 5/SEC 1) : 2012,14499,"Guangdong Sat Technology Co. Ltd., No. 11 Lianbao Rd, Shengfeng District, Xiaolan Town, Zhongshan City, Guangdong, China – 528400",https://wsrv.nl/?url=https%3A%2F%2Fi.ibb.co%2F5hDSF7zt%2Fadhil-15-02-chrome-black.png&output=webp&q=78
Adhil 15,ATAS1250,48V DC,NA,2700K, CRI>97,φ45*90mm,24°,15W,AJ/CG,ATAS1250/27/24/CHB,R-41231258,IS 10322 (PART 5/SEC 1) : 2012,14499,"Guangdong Sat Technology Co. Ltd., No. 11 Lianbao Rd, Shengfeng District, Xiaolan Town, Zhongshan City, Guangdong, China – 528400",https://wsrv.nl/?url=https%3A%2F%2Fi.ibb.co%2F5hDSF7zt%2Fadhil-15-02-chrome-black.png&output=webp&q=78
Adhil 15,ATAS1250,48V DC,NA,3000K, CRI>97,φ45*90mm,24°,15W,AJ/CG,ATAS1250/30/24/CHB,R-41231258,IS 10322 (PART 5/SEC 1) : 2012,14499,"Guangdong Sat Technology Co. Ltd., No. 11 Lianbao Rd, Shengfeng District, Xiaolan Town, Zhongshan City, Guangdong, China – 528400",https://wsrv.nl/?url=https%3A%2F%2Fi.ibb.co%2F5hDSF7zt%2Fadhil-15-02-chrome-black.png&output=webp&q=78
Adhil 15,ATAS1250,48V DC,NA,3500K, CRI>97,φ45*90mm,24°,15W,AJ/CG,ATAS1250/35/24/CHB,R-41231258,IS 10322 (PART 5/SEC 1) : 2012,14499,"Guangdong Sat Technology Co. Ltd., No. 11 Lianbao Rd, Shengfeng District, Xiaolan Town, Zhongshan City, Guangdong, China – 528400",https://wsrv.nl/?url=https%3A%2F%2Fi.ibb.co%2F5hDSF7zt%2Fadhil-15-02-chrome-black.png&output=webp&q=78
Adhil 15,ATAS1250,48V DC,NA,40000K, CRI>97,φ45*90mm,24°,15W,AJ/CG,ATAS1250/40/24/CHB,R-41231258,IS 10322 (PART 5/SEC 1) : 2012,14499,"Guangdong Sat Technology Co. Ltd., No. 11 Lianbao Rd, Shengfeng District, Xiaolan Town, Zhongshan City, Guangdong, China – 528400",https://wsrv.nl/?url=https%3A%2F%2Fi.ibb.co%2F5hDSF7zt%2Fadhil-15-02-chrome-black.png&output=webp&q=78
Adhil 15,ATAS1250,48V DC,NA,5000K, CRI>97,φ45*90mm,24°,15W,AJ/CG,ATAS1250/50/24/CHB,R-41231258,IS 10322 (PART 5/SEC 1) : 2012,14499,"Guangdong Sat Technology Co. Ltd., No. 11 Lianbao Rd, Shengfeng District, Xiaolan Town, Zhongshan City, Guangdong, China – 528400",https://wsrv.nl/?url=https%3A%2F%2Fi.ibb.co%2F5hDSF7zt%2Fadhil-15-02-chrome-black.png&output=webp&q=78
Adhil 15,ATAS1250,48V DC,NA,2700K, CRI>97,φ45*90mm,36°,15W,AJ/CG,ATAS1250/27/36/CHB,R-41231258,IS 10322 (PART 5/SEC 1) : 2012,14499,"Guangdong Sat Technology Co. Ltd., No. 11 Lianbao Rd, Shengfeng District, Xiaolan Town, Zhongshan City, Guangdong, China – 528400",https://wsrv.nl/?url=https%3A%2F%2Fi.ibb.co%2F5hDSF7zt%2Fadhil-15-02-chrome-black.png&output=webp&q=78
Adhil 15,ATAS1250,48V DC,NA,3000K, CRI>97,φ45*90mm,36°,15W,AJ/CG,ATAS1250/30/36/CHB,R-41231258,IS 10322 (PART 5/SEC 1) : 2012,14499,"Guangdong Sat Technology Co. Ltd., No. 11 Lianbao Rd, Shengfeng District, Xiaolan Town, Zhongshan City, Guangdong, China – 528400",https://wsrv.nl/?url=https%3A%2F%2Fi.ibb.co%2F5hDSF7zt%2Fadhil-15-02-chrome-black.png&output=webp&q=78
Adhil 15,ATAS1250,48V DC,NA,3500K, CRI>97,φ45*90mm,36°,15W,AJ/CG,ATAS1250/35/36/CHB,R-41231258,IS 10322 (PART 5/SEC 1) : 2012,14499,"Guangdong Sat Technology Co. Ltd., No. 11 Lianbao Rd, Shengfeng District, Xiaolan Town, Zhongshan City, Guangdong, China – 528400",https://wsrv.nl/?url=https%3A%2F%2Fi.ibb.co%2F5hDSF7zt%2Fadhil-15-02-chrome-black.png&output=webp&q=78
Adhil 15,ATAS1250,48V DC,NA,40000K, CRI>97,φ45*90mm,36°,15W,AJ/CG,ATAS1250/40/36/CHB,R-41231258,IS 10322 (PART 5/SEC 1) : 2012,14499,"Guangdong Sat Technology Co. Ltd., No. 11 Lianbao Rd, Shengfeng District, Xiaolan Town, Zhongshan City, Guangdong, China – 528400",https://wsrv.nl/?url=https%3A%2F%2Fi.ibb.co%2F5hDSF7zt%2Fadhil-15-02-chrome-black.png&output=webp&q=78
Adhil 15,ATAS1250,48V DC,NA,5000K, CRI>97,φ45*90mm,36°,15W,AJ/CG,ATAS1250/50/36/CHB,R-41231258,IS 10322 (PART 5/SEC 1) : 2012,14499,"Guangdong Sat Technology Co. Ltd., No. 11 Lianbao Rd, Shengfeng District, Xiaolan Town, Zhongshan City, Guangdong, China – 528400",https://wsrv.nl/?url=https%3A%2F%2Fi.ibb.co%2F5hDSF7zt%2Fadhil-15-02-chrome-black.png&output=webp&q=78
Adhil 15 Tunable,ATAS1250,48V DC,NA,2700K~6500K, CRI>97,φ45*90mm,15°,15W,AJ/CG,ATAS1250/CT/15,R-41231258,IS 10322 (PART 5/SEC 1) : 2012,14699,"Guangdong Sat Technology Co. Ltd., No. 11 Lianbao Rd, Shengfeng District, Xiaolan Town, Zhongshan City, Guangdong, China – 528400",https://wsrv.nl/?url=https%3A%2F%2Fi.ibb.co%2FpvmMN0rc%2Fadhil-15-03-mat-black-default.png&output=webp&q=78
Adhil 15 Tunable,ATAS1250,48V DC,NA,2700K~6500K, CRI>97,φ45*90mm,15°,15W,AJ/CG,ATAS1250/CT/15/W,R-41231258,IS 10322 (PART 5/SEC 1) : 2012,14699,"Guangdong Sat Technology Co. Ltd., No. 11 Lianbao Rd, Shengfeng District, Xiaolan Town, Zhongshan City, Guangdong, China – 528400",https://wsrv.nl/?url=https%3A%2F%2Fi.ibb.co%2FY4Cnwdvp%2Fadhil-15-05-white-2.png&output=webp&q=78
Adhil 15 Tunable,ATAS1250,48V DC,NA,2700K~6500K, CRI>97,φ45*90mm,24°,15W,AJ/CG,ATAS1250/CT/24,R-41231258,IS 10322 (PART 5/SEC 1) : 2012,14699,"Guangdong Sat Technology Co. Ltd., No. 11 Lianbao Rd, Shengfeng District, Xiaolan Town, Zhongshan City, Guangdong, China – 528400",https://wsrv.nl/?url=https%3A%2F%2Fi.ibb.co%2FpvmMN0rc%2Fadhil-15-03-mat-black-default.png&output=webp&q=78
Adhil 15 Tunable,ATAS1250,48V DC,NA,2700K~6500K, CRI>97,φ45*90mm,24°,15W,AJ/CG,ATAS1250/CT/24/W,R-41231258,IS 10322 (PART 5/SEC 1) : 2012,14699,"Guangdong Sat Technology Co. Ltd., No. 11 Lianbao Rd, Shengfeng District, Xiaolan Town, Zhongshan City, Guangdong, China – 528400",https://wsrv.nl/?url=https%3A%2F%2Fi.ibb.co%2FY4Cnwdvp%2Fadhil-15-05-white-2.png&output=webp&q=78
Adhil 15 Tunable,ATAS1250,48V DC,NA,2700K~6500K, CRI>97,φ45*90mm,36°,15W,AJ/CG,ATAS1250/CT/36,R-41231258,IS 10322 (PART 5/SEC 1) : 2012,14699,"Guangdong Sat Technology Co. Ltd., No. 11 Lianbao Rd, Shengfeng District, Xiaolan Town, Zhongshan City, Guangdong, China – 528400",https://wsrv.nl/?url=https%3A%2F%2Fi.ibb.co%2FpvmMN0rc%2Fadhil-15-03-mat-black-default.png&output=webp&q=78
Adhil 15 Tunable,ATAS1250,48V DC,NA,2700K~6500K, CRI>97,φ45*90mm,36°,15W,AJ/CG,ATAS1250/CT/36/W,R-41231258,IS 10322 (PART 5/SEC 1) : 2012,14699,"Guangdong Sat Technology Co. Ltd., No. 11 Lianbao Rd, Shengfeng District, Xiaolan Town, Zhongshan City, Guangdong, China – 528400",https://wsrv.nl/?url=https%3A%2F%2Fi.ibb.co%2FY4Cnwdvp%2Fadhil-15-05-white-2.png&output=webp&q=78
Adhil 15 Tunable,ATAS1250,48V DC,NA,2700K~6500K, CRI>97,φ45*90mm,15°,15W,AJ/CG,ATAS1250/CT/15/CG,R-41231258,IS 10322 (PART 5/SEC 1) : 2012,15699,"Guangdong Sat Technology Co. Ltd., No. 11 Lianbao Rd, Shengfeng District, Xiaolan Town, Zhongshan City, Guangdong, China – 528400",https://wsrv.nl/?url=https%3A%2F%2Fi.ibb.co%2FWWzZCFh9%2Fadhil-15-04-champeing-gold.png&output=webp&q=78
Adhil 15 Tunable,ATAS1250,48V DC,NA,2700K~6500K, CRI>97,φ45*90mm,24°,15W,AJ/CG,ATAS1250/CT/24/CG,R-41231258,IS 10322 (PART 5/SEC 1) : 2012,15699,"Guangdong Sat Technology Co. Ltd., No. 11 Lianbao Rd, Shengfeng District, Xiaolan Town, Zhongshan City, Guangdong, China – 528400",https://wsrv.nl/?url=https%3A%2F%2Fi.ibb.co%2FWWzZCFh9%2Fadhil-15-04-champeing-gold.png&output=webp&q=78
Adhil 15 Tunable,ATAS1250,48V DC,NA,2700K~6500K, CRI>97,φ45*90mm,36°,15W,AJ/CG,ATAS1250/CT/36/CG,R-41231258,IS 10322 (PART 5/SEC 1) : 2012,15699,"Guangdong Sat Technology Co. Ltd., No. 11 Lianbao Rd, Shengfeng District, Xiaolan Town, Zhongshan City, Guangdong, China – 528400",https://wsrv.nl/?url=https%3A%2F%2Fi.ibb.co%2FWWzZCFh9%2Fadhil-15-04-champeing-gold.png&output=webp&q=78
Adhil 15 Tunable,ATAS1250,48V DC,NA,2700K~6500K, CRI>97,φ45*90mm,15°,15W,AJ/CG,ATAS1250/CT/15/RG,R-41231258,IS 10322 (PART 5/SEC 1) : 2012,15699,"Guangdong Sat Technology Co. Ltd., No. 11 Lianbao Rd, Shengfeng District, Xiaolan Town, Zhongshan City, Guangdong, China – 528400",https://wsrv.nl/?url=https%3A%2F%2Fi.ibb.co%2FmVsczGCv%2Fadhil-15-08-rose-gold.png&output=webp&q=78
Adhil 15 Tunable,ATAS1250,48V DC,NA,2700K~6500K, CRI>97,φ45*90mm,24°,15W,AJ/CG,ATAS1250/CT/24/RG,R-41231258,IS 10322 (PART 5/SEC 1) : 2012,15699,"Guangdong Sat Technology Co. Ltd., No. 11 Lianbao Rd, Shengfeng District, Xiaolan Town, Zhongshan City, Guangdong, China – 528400",https://wsrv.nl/?url=https%3A%2F%2Fi.ibb.co%2FmVsczGCv%2Fadhil-15-08-rose-gold.png&output=webp&q=78
Adhil 15 Tunable,ATAS1250,48V DC,NA,2700K~6500K, CRI>97,φ45*90mm,36°,15W,AJ/CG,ATAS1250/CT/36/RG,R-41231258,IS 10322 (PART 5/SEC 1) : 2012,15699,"Guangdong Sat Technology Co. Ltd., No. 11 Lianbao Rd, Shengfeng District, Xiaolan Town, Zhongshan City, Guangdong, China – 528400",https://wsrv.nl/?url=https%3A%2F%2Fi.ibb.co%2FmVsczGCv%2Fadhil-15-08-rose-gold.png&output=webp&q=78
Adhil 15 Tunable,ATAS1250,48V DC,NA,2700K~6500K, CRI>97,φ45*90mm,15°,15W,AJ/CG,ATAS1250/CT/15/BR,R-41231258,IS 10322 (PART 5/SEC 1) : 2012,15699,"Guangdong Sat Technology Co. Ltd., No. 11 Lianbao Rd, Shengfeng District, Xiaolan Town, Zhongshan City, Guangdong, China – 528400",https://wsrv.nl/?url=https%3A%2F%2Fi.ibb.co%2FNdkMhRQY%2Fadhil-15-10-brown.png&output=webp&q=78
Adhil 15 Tunable,ATAS1250,48V DC,NA,2700K~6500K, CRI>97,φ45*90mm,24°,15W,AJ/CG,ATAS1250/CT/24/BR,R-41231258,IS 10322 (PART 5/SEC 1) : 2012,15699,"Guangdong Sat Technology Co. Ltd., No. 11 Lianbao Rd, Shengfeng District, Xiaolan Town, Zhongshan City, Guangdong, China – 528400",https://wsrv.nl/?url=https%3A%2F%2Fi.ibb.co%2FNdkMhRQY%2Fadhil-15-10-brown.png&output=webp&q=78
Adhil 15 Tunable,ATAS1250,48V DC,NA,2700K~6500K, CRI>97,φ45*90mm,36°,15W,AJ/CG,ATAS1250/CT/36/BR,R-41231258,IS 10322 (PART 5/SEC 1) : 2012,15699,"Guangdong Sat Technology Co. Ltd., No. 11 Lianbao Rd, Shengfeng District, Xiaolan Town, Zhongshan City, Guangdong, China – 528400",https://wsrv.nl/?url=https%3A%2F%2Fi.ibb.co%2FNdkMhRQY%2Fadhil-15-10-brown.png&output=webp&q=78
Adhil 15 Tunable,ATAS1250,48V DC,NA,2700K~6500K, CRI>97,φ45*90mm,15°,15W,AJ/CG,ATAS1250/CT/15/COF,R-41231258,IS 10322 (PART 5/SEC 1) : 2012,15699,"Guangdong Sat Technology Co. Ltd., No. 11 Lianbao Rd, Shengfeng District, Xiaolan Town, Zhongshan City, Guangdong, China – 528400",https://wsrv.nl/?url=https%3A%2F%2Fi.ibb.co%2FMDhycX1Y%2Fadhil-15-07-coffee.png&output=webp&q=78
Adhil 15 Tunable,ATAS1250,48V DC,NA,2700K~6500K, CRI>97,φ45*90mm,24°,15W,AJ/CG,ATAS1250/CT/24/COF,R-41231258,IS 10322 (PART 5/SEC 1) : 2012,15699,"Guangdong Sat Technology Co. Ltd., No. 11 Lianbao Rd, Shengfeng District, Xiaolan Town, Zhongshan City, Guangdong, China – 528400",https://wsrv.nl/?url=https%3A%2F%2Fi.ibb.co%2FMDhycX1Y%2Fadhil-15-07-coffee.png&output=webp&q=78
Adhil 15 Tunable,ATAS1250,48V DC,NA,2700K~6500K, CRI>97,φ45*90mm,36°,15W,AJ/CG,ATAS1250/CT/36/COF,R-41231258,IS 10322 (PART 5/SEC 1) : 2012,15699,"Guangdong Sat Technology Co. Ltd., No. 11 Lianbao Rd, Shengfeng District, Xiaolan Town, Zhongshan City, Guangdong, China – 528400",https://wsrv.nl/?url=https%3A%2F%2Fi.ibb.co%2FMDhycX1Y%2Fadhil-15-07-coffee.png&output=webp&q=78
Adhil 15 Tunable,ATAS1250,48V DC,NA,2700K~6500K, CRI>97,φ45*90mm,15°,15W,AJ/CG,ATAS1250/CT/15/DGR,R-41231258,IS 10322 (PART 5/SEC 1) : 2012,15699,"Guangdong Sat Technology Co. Ltd., No. 11 Lianbao Rd, Shengfeng District, Xiaolan Town, Zhongshan City, Guangdong, China – 528400",https://wsrv.nl/?url=https%3A%2F%2Fi.ibb.co%2F2bMnFvR%2Fadhil-15-09-dark-gray-default.png&output=webp&q=78
Adhil 15 Tunable,ATAS1250,48V DC,NA,2700K~6500K, CRI>97,φ45*90mm,24°,15W,AJ/CG,ATAS1250/CT/24/DGR,R-41231258,IS 10322 (PART 5/SEC 1) : 2012,15699,"Guangdong Sat Technology Co. Ltd., No. 11 Lianbao Rd, Shengfeng District, Xiaolan Town, Zhongshan City, Guangdong, China – 528400",https://wsrv.nl/?url=https%3A%2F%2Fi.ibb.co%2F2bMnFvR%2Fadhil-15-09-dark-gray-default.png&output=webp&q=78
Adhil 15 Tunable,ATAS1250,48V DC,NA,2700K~6500K, CRI>97,φ45*90mm,36°,15W,AJ/CG,ATAS1250/CT/36/DGR,R-41231258,IS 10322 (PART 5/SEC 1) : 2012,15699,"Guangdong Sat Technology Co. Ltd., No. 11 Lianbao Rd, Shengfeng District, Xiaolan Town, Zhongshan City, Guangdong, China – 528400",https://wsrv.nl/?url=https%3A%2F%2Fi.ibb.co%2F2bMnFvR%2Fadhil-15-09-dark-gray-default.png&output=webp&q=78
Adhil 15 Tunable,ATAS1250,48V DC,NA,2700K~6500K, CRI>97,φ45*90mm,15°,15W,AJ/CG,ATAS1250/CT/15/BB,R-41231258,IS 10322 (PART 5/SEC 1) : 2012,15699,"Guangdong Sat Technology Co. Ltd., No. 11 Lianbao Rd, Shengfeng District, Xiaolan Town, Zhongshan City, Guangdong, China – 528400",https://wsrv.nl/?url=https%3A%2F%2Fi.ibb.co%2FVcj1Rf2R%2Fadhil-15-06-ballet-blue.png&output=webp&q=78
Adhil 15 Tunable,ATAS1250,48V DC,NA,2700K~6500K, CRI>97,φ45*90mm,24°,15W,AJ/CG,ATAS1250/CT/24/BB,R-41231258,IS 10322 (PART 5/SEC 1) : 2012,15699,"Guangdong Sat Technology Co. Ltd., No. 11 Lianbao Rd, Shengfeng District, Xiaolan Town, Zhongshan City, Guangdong, China – 528400",https://wsrv.nl/?url=https%3A%2F%2Fi.ibb.co%2FVcj1Rf2R%2Fadhil-15-06-ballet-blue.png&output=webp&q=78
Adhil 15 Tunable,ATAS1250,48V DC,NA,2700K~6500K, CRI>97,φ45*90mm,36°,15W,AJ/CG,ATAS1250/CT/36/BB,R-41231258,IS 10322 (PART 5/SEC 1) : 2012,15699,"Guangdong Sat Technology Co. Ltd., No. 11 Lianbao Rd, Shengfeng District, Xiaolan Town, Zhongshan City, Guangdong, China – 528400",https://wsrv.nl/?url=https%3A%2F%2Fi.ibb.co%2FVcj1Rf2R%2Fadhil-15-06-ballet-blue.png&output=webp&q=78
Adhil 15 Tunable,ATAS1250,48V DC,NA,2700K~6500K, CRI>97,φ45*90mm,15°,15W,AJ/CG,ATAS1250/CT/15/CH,R-41231258,IS 10322 (PART 5/SEC 1) : 2012,15699,"Guangdong Sat Technology Co. Ltd., No. 11 Lianbao Rd, Shengfeng District, Xiaolan Town, Zhongshan City, Guangdong, China – 528400",https://wsrv.nl/?url=https%3A%2F%2Fi.ibb.co%2FgMzFSpSf%2Fadhil-15-01-chrome.png&output=webp&q=78
Adhil 15 Tunable,ATAS1250,48V DC,NA,2700K~6500K, CRI>97,φ45*90mm,24°,15W,AJ/CG,ATAS1250/CT/24/CH,R-41231258,IS 10322 (PART 5/SEC 1) : 2012,15699,"Guangdong Sat Technology Co. Ltd., No. 11 Lianbao Rd, Shengfeng District, Xiaolan Town, Zhongshan City, Guangdong, China – 528400",https://wsrv.nl/?url=https%3A%2F%2Fi.ibb.co%2FgMzFSpSf%2Fadhil-15-01-chrome.png&output=webp&q=78
Adhil 15 Tunable,ATAS1250,48V DC,NA,2700K~6500K, CRI>97,φ45*90mm,36°,15W,AJ/CG,ATAS1250/CT/36/CH,R-41231258,IS 10322 (PART 5/SEC 1) : 2012,15699,"Guangdong Sat Technology Co. Ltd., No. 11 Lianbao Rd, Shengfeng District, Xiaolan Town, Zhongshan City, Guangdong, China – 528400",https://wsrv.nl/?url=https%3A%2F%2Fi.ibb.co%2FgMzFSpSf%2Fadhil-15-01-chrome.png&output=webp&q=78
Adhil 15 Tunable,ATAS1250,48V DC,NA,2700K~6500K, CRI>97,φ45*90mm,15°,15W,AJ/CG,ATAS1250/CT/15/CHB,R-41231258,IS 10322 (PART 5/SEC 1) : 2012,15699,"Guangdong Sat Technology Co. Ltd., No. 11 Lianbao Rd, Shengfeng District, Xiaolan Town, Zhongshan City, Guangdong, China – 528400",https://wsrv.nl/?url=https%3A%2F%2Fi.ibb.co%2F5hDSF7zt%2Fadhil-15-02-chrome-black.png&output=webp&q=78
Adhil 15 Tunable,ATAS1250,48V DC,NA,2700K~6500K, CRI>97,φ45*90mm,24°,15W,AJ/CG,ATAS1250/CT/24/CHB,R-41231258,IS 10322 (PART 5/SEC 1) : 2012,15699,"Guangdong Sat Technology Co. Ltd., No. 11 Lianbao Rd, Shengfeng District, Xiaolan Town, Zhongshan City, Guangdong, China – 528400",https://wsrv.nl/?url=https%3A%2F%2Fi.ibb.co%2F5hDSF7zt%2Fadhil-15-02-chrome-black.png&output=webp&q=78
Adhil 15 Tunable,ATAS1250,48V DC,NA,2700K~6500K, CRI>97,φ45*90mm,36°,15W,AJ/CG,ATAS1250/CT/36/CHB,R-41231258,IS 10322 (PART 5/SEC 1) : 2012,15699,"Guangdong Sat Technology Co. Ltd., No. 11 Lianbao Rd, Shengfeng District, Xiaolan Town, Zhongshan City, Guangdong, China – 528400",https://wsrv.nl/?url=https%3A%2F%2Fi.ibb.co%2F5hDSF7zt%2Fadhil-15-02-chrome-black.png&output=webp&q=78
Adhil Zoom,ATAZ0960,48V DC,NA,2700K, CRI>97,D45*H90mm,15°~45° Zoom,15W,AJ/CG,ATAZ0960/27,R-41231258,IS 10322 (PART 5/SEC 1) : 2012,14699,"Guangdong Sat Technology Co. Ltd., No. 11 Lianbao Rd, Shengfeng District, Xiaolan Town, Zhongshan City, Guangdong, China – 528400",https://wsrv.nl/?url=https%3A%2F%2Fi.ibb.co%2FDHRKLBN0%2Fadhil-zoom-03-mat-black-default.png&output=webp&q=78
Adhil Zoom,ATAZ0960,48V DC,NA,3000K, CRI>97,D45*H90mm,15°~45° Zoom,15W,AJ/CG,ATAZ0960/30,R-41231258,IS 10322 (PART 5/SEC 1) : 2012,14699,"Guangdong Sat Technology Co. Ltd., No. 11 Lianbao Rd, Shengfeng District, Xiaolan Town, Zhongshan City, Guangdong, China – 528400",https://wsrv.nl/?url=https%3A%2F%2Fi.ibb.co%2FDHRKLBN0%2Fadhil-zoom-03-mat-black-default.png&output=webp&q=78
Adhil Zoom,ATAZ0960,48V DC,NA,3500K, CRI>97,D45*H90mm,15°~45° Zoom,15W,AJ/CG,ATAZ0960/35,R-41231258,IS 10322 (PART 5/SEC 1) : 2012,14699,"Guangdong Sat Technology Co. Ltd., No. 11 Lianbao Rd, Shengfeng District, Xiaolan Town, Zhongshan City, Guangdong, China – 528400",https://wsrv.nl/?url=https%3A%2F%2Fi.ibb.co%2FDHRKLBN0%2Fadhil-zoom-03-mat-black-default.png&output=webp&q=78
Adhil Zoom,ATAZ0960,48V DC,NA,40000K, CRI>97,D45*H90mm,15°~45° Zoom,15W,AJ/CG,ATAZ0960/40,R-41231258,IS 10322 (PART 5/SEC 1) : 2012,14699,"Guangdong Sat Technology Co. Ltd., No. 11 Lianbao Rd, Shengfeng District, Xiaolan Town, Zhongshan City, Guangdong, China – 528400",https://wsrv.nl/?url=https%3A%2F%2Fi.ibb.co%2FDHRKLBN0%2Fadhil-zoom-03-mat-black-default.png&output=webp&q=78
Adhil Zoom,ATAZ0960,48V DC,NA,5000K, CRI>97,D45*H90mm,15°~45° Zoom,15W,AJ/CG,ATAZ0960/50,R-41231258,IS 10322 (PART 5/SEC 1) : 2012,14699,"Guangdong Sat Technology Co. Ltd., No. 11 Lianbao Rd, Shengfeng District, Xiaolan Town, Zhongshan City, Guangdong, China – 528400",https://wsrv.nl/?url=https%3A%2F%2Fi.ibb.co%2FDHRKLBN0%2Fadhil-zoom-03-mat-black-default.png&output=webp&q=78
Adhil Zoom,ATAZ0960,48V DC,NA,2700K, CRI>97,D45*H90mm,15°~45° Zoom,15W,AJ/CG,ATAZ0960/27/W,R-41231258,IS 10322 (PART 5/SEC 1) : 2012,14699,"Guangdong Sat Technology Co. Ltd., No. 11 Lianbao Rd, Shengfeng District, Xiaolan Town, Zhongshan City, Guangdong, China – 528400",https://wsrv.nl/?url=https%3A%2F%2Fi.ibb.co%2FqMB5s7PK%2Fadhil-zoom-05-white-2.png&output=webp&q=78
Adhil Zoom,ATAZ0960,48V DC,NA,3000K, CRI>97,D45*H90mm,15°~45° Zoom,15W,AJ/CG,ATAZ0960/30/W,R-41231258,IS 10322 (PART 5/SEC 1) : 2012,14699,"Guangdong Sat Technology Co. Ltd., No. 11 Lianbao Rd, Shengfeng District, Xiaolan Town, Zhongshan City, Guangdong, China – 528400",https://wsrv.nl/?url=https%3A%2F%2Fi.ibb.co%2FqMB5s7PK%2Fadhil-zoom-05-white-2.png&output=webp&q=78
Adhil Zoom,ATAZ0960,48V DC,NA,3500K, CRI>97,D45*H90mm,15°~45° Zoom,15W,AJ/CG,ATAZ0960/35/W,R-41231258,IS 10322 (PART 5/SEC 1) : 2012,14699,"Guangdong Sat Technology Co. Ltd., No. 11 Lianbao Rd, Shengfeng District, Xiaolan Town, Zhongshan City, Guangdong, China – 528400",https://wsrv.nl/?url=https%3A%2F%2Fi.ibb.co%2FqMB5s7PK%2Fadhil-zoom-05-white-2.png&output=webp&q=78
Adhil Zoom,ATAZ0960,48V DC,NA,40000K, CRI>97,D45*H90mm,15°~45° Zoom,15W,AJ/CG,ATAZ0960/40/W,R-41231258,IS 10322 (PART 5/SEC 1) : 2012,14699,"Guangdong Sat Technology Co. Ltd., No. 11 Lianbao Rd, Shengfeng District, Xiaolan Town, Zhongshan City, Guangdong, China – 528400",https://wsrv.nl/?url=https%3A%2F%2Fi.ibb.co%2FqMB5s7PK%2Fadhil-zoom-05-white-2.png&output=webp&q=78
Adhil Zoom,ATAZ0960,48V DC,NA,5000K, CRI>97,D45*H90mm,15°~45° Zoom,15W,AJ/CG,ATAZ0960/50/W,R-41231258,IS 10322 (PART 5/SEC 1) : 2012,14699,"Guangdong Sat Technology Co. Ltd., No. 11 Lianbao Rd, Shengfeng District, Xiaolan Town, Zhongshan City, Guangdong, China – 528400",https://wsrv.nl/?url=https%3A%2F%2Fi.ibb.co%2FqMB5s7PK%2Fadhil-zoom-05-white-2.png&output=webp&q=78
Adhil Zoom,ATAZ0960,48V DC,NA,2700K, CRI>97,D45*H90mm,15°~45° Zoom,15W,AJ/CG,ATAZ0960/27/CG,R-41231258,IS 10322 (PART 5/SEC 1) : 2012,15699,"Guangdong Sat Technology Co. Ltd., No. 11 Lianbao Rd, Shengfeng District, Xiaolan Town, Zhongshan City, Guangdong, China – 528400",https://wsrv.nl/?url=https%3A%2F%2Fi.ibb.co%2FY7TjwLJh%2Fadhil-zoom-04-champeing-gold.png&output=webp&q=78
Adhil Zoom,ATAZ0960,48V DC,NA,3000K, CRI>97,D45*H90mm,15°~45° Zoom,15W,AJ/CG,ATAZ0960/30/CG,R-41231258,IS 10322 (PART 5/SEC 1) : 2012,15699,"Guangdong Sat Technology Co. Ltd., No. 11 Lianbao Rd, Shengfeng District, Xiaolan Town, Zhongshan City, Guangdong, China – 528400",https://wsrv.nl/?url=https%3A%2F%2Fi.ibb.co%2FY7TjwLJh%2Fadhil-zoom-04-champeing-gold.png&output=webp&q=78
Adhil Zoom,ATAZ0960,48V DC,NA,3500K, CRI>97,D45*H90mm,15°~45° Zoom,15W,AJ/CG,ATAZ0960/35/CG,R-41231258,IS 10322 (PART 5/SEC 1) : 2012,15699,"Guangdong Sat Technology Co. Ltd., No. 11 Lianbao Rd, Shengfeng District, Xiaolan Town, Zhongshan City, Guangdong, China – 528400",https://wsrv.nl/?url=https%3A%2F%2Fi.ibb.co%2FY7TjwLJh%2Fadhil-zoom-04-champeing-gold.png&output=webp&q=78
Adhil Zoom,ATAZ0960,48V DC,NA,40000K, CRI>97,D45*H90mm,15°~45° Zoom,15W,AJ/CG,ATAZ0960/40/CG,R-41231258,IS 10322 (PART 5/SEC 1) : 2012,15699,"Guangdong Sat Technology Co. Ltd., No. 11 Lianbao Rd, Shengfeng District, Xiaolan Town, Zhongshan City, Guangdong, China – 528400",https://wsrv.nl/?url=https%3A%2F%2Fi.ibb.co%2FY7TjwLJh%2Fadhil-zoom-04-champeing-gold.png&output=webp&q=78
Adhil Zoom,ATAZ0960,48V DC,NA,5000K, CRI>97,D45*H90mm,15°~45° Zoom,15W,AJ/CG,ATAZ0960/50/CG,R-41231258,IS 10322 (PART 5/SEC 1) : 2012,15699,"Guangdong Sat Technology Co. Ltd., No. 11 Lianbao Rd, Shengfeng District, Xiaolan Town, Zhongshan City, Guangdong, China – 528400",https://wsrv.nl/?url=https%3A%2F%2Fi.ibb.co%2FY7TjwLJh%2Fadhil-zoom-04-champeing-gold.png&output=webp&q=78
Adhil Zoom,ATAZ0960,48V DC,NA,2700K, CRI>97,D45*H90mm,15°~45° Zoom,15W,AJ/CG,ATAZ0960/27/RG,R-41231258,IS 10322 (PART 5/SEC 1) : 2012,15699,"Guangdong Sat Technology Co. Ltd., No. 11 Lianbao Rd, Shengfeng District, Xiaolan Town, Zhongshan City, Guangdong, China – 528400",https://wsrv.nl/?url=https%3A%2F%2Fi.ibb.co%2Fdsfg6jD1%2Fadhil-zoom-08-rose-gold.png&output=webp&q=78
Adhil Zoom,ATAZ0960,48V DC,NA,3000K, CRI>97,D45*H90mm,15°~45° Zoom,15W,AJ/CG,ATAZ0960/30/RG,R-41231258,IS 10322 (PART 5/SEC 1) : 2012,15699,"Guangdong Sat Technology Co. Ltd., No. 11 Lianbao Rd, Shengfeng District, Xiaolan Town, Zhongshan City, Guangdong, China – 528400",https://wsrv.nl/?url=https%3A%2F%2Fi.ibb.co%2Fdsfg6jD1%2Fadhil-zoom-08-rose-gold.png&output=webp&q=78
Adhil Zoom,ATAZ0960,48V DC,NA,3500K, CRI>97,D45*H90mm,15°~45° Zoom,15W,AJ/CG,ATAZ0960/35/RG,R-41231258,IS 10322 (PART 5/SEC 1) : 2012,15699,"Guangdong Sat Technology Co. Ltd., No. 11 Lianbao Rd, Shengfeng District, Xiaolan Town, Zhongshan City, Guangdong, China – 528400",https://wsrv.nl/?url=https%3A%2F%2Fi.ibb.co%2Fdsfg6jD1%2Fadhil-zoom-08-rose-gold.png&output=webp&q=78
Adhil Zoom,ATAZ0960,48V DC,NA,40000K, CRI>97,D45*H90mm,15°~45° Zoom,15W,AJ/CG,ATAZ0960/40/RG,R-41231258,IS 10322 (PART 5/SEC 1) : 2012,15699,"Guangdong Sat Technology Co. Ltd., No. 11 Lianbao Rd, Shengfeng District, Xiaolan Town, Zhongshan City, Guangdong, China – 528400",https://wsrv.nl/?url=https%3A%2F%2Fi.ibb.co%2Fdsfg6jD1%2Fadhil-zoom-08-rose-gold.png&output=webp&q=78
Adhil Zoom,ATAZ0960,48V DC,NA,5000K, CRI>97,D45*H90mm,15°~45° Zoom,15W,AJ/CG,ATAZ0960/50/RG,R-41231258,IS 10322 (PART 5/SEC 1) : 2012,15699,"Guangdong Sat Technology Co. Ltd., No. 11 Lianbao Rd, Shengfeng District, Xiaolan Town, Zhongshan City, Guangdong, China – 528400",https://wsrv.nl/?url=https%3A%2F%2Fi.ibb.co%2Fdsfg6jD1%2Fadhil-zoom-08-rose-gold.png&output=webp&q=78
Adhil Zoom,ATAZ0960,48V DC,NA,2700K, CRI>97,D45*H90mm,15°~45° Zoom,15W,AJ/CG,ATAZ0960/27/BR,R-41231258,IS 10322 (PART 5/SEC 1) : 2012,15699,"Guangdong Sat Technology Co. Ltd., No. 11 Lianbao Rd, Shengfeng District, Xiaolan Town, Zhongshan City, Guangdong, China – 528400",https://wsrv.nl/?url=https%3A%2F%2Fi.ibb.co%2FZ6MjcjsP%2Fadhil-zoom-10-brown.png&output=webp&q=78
Adhil Zoom,ATAZ0960,48V DC,NA,3000K, CRI>97,D45*H90mm,15°~45° Zoom,15W,AJ/CG,ATAZ0960/30/BR,R-41231258,IS 10322 (PART 5/SEC 1) : 2012,15699,"Guangdong Sat Technology Co. Ltd., No. 11 Lianbao Rd, Shengfeng District, Xiaolan Town, Zhongshan City, Guangdong, China – 528400",https://wsrv.nl/?url=https%3A%2F%2Fi.ibb.co%2FZ6MjcjsP%2Fadhil-zoom-10-brown.png&output=webp&q=78
Adhil Zoom,ATAZ0960,48V DC,NA,3500K, CRI>97,D45*H90mm,15°~45° Zoom,15W,AJ/CG,ATAZ0960/35/BR,R-41231258,IS 10322 (PART 5/SEC 1) : 2012,15699,"Guangdong Sat Technology Co. Ltd., No. 11 Lianbao Rd, Shengfeng District, Xiaolan Town, Zhongshan City, Guangdong, China – 528400",https://wsrv.nl/?url=https%3A%2F%2Fi.ibb.co%2FZ6MjcjsP%2Fadhil-zoom-10-brown.png&output=webp&q=78
Adhil Zoom,ATAZ0960,48V DC,NA,40000K, CRI>97,D45*H90mm,15°~45° Zoom,15W,AJ/CG,ATAZ0960/40/BR,R-41231258,IS 10322 (PART 5/SEC 1) : 2012,15699,"Guangdong Sat Technology Co. Ltd., No. 11 Lianbao Rd, Shengfeng District, Xiaolan Town, Zhongshan City, Guangdong, China – 528400",https://wsrv.nl/?url=https%3A%2F%2Fi.ibb.co%2FZ6MjcjsP%2Fadhil-zoom-10-brown.png&output=webp&q=78
Adhil Zoom,ATAZ0960,48V DC,NA,5000K, CRI>97,D45*H90mm,15°~45° Zoom,15W,AJ/CG,ATAZ0960/50/BR,R-41231258,IS 10322 (PART 5/SEC 1) : 2012,15699,"Guangdong Sat Technology Co. Ltd., No. 11 Lianbao Rd, Shengfeng District, Xiaolan Town, Zhongshan City, Guangdong, China – 528400",https://wsrv.nl/?url=https%3A%2F%2Fi.ibb.co%2FZ6MjcjsP%2Fadhil-zoom-10-brown.png&output=webp&q=78
Adhil Zoom,ATAZ0960,48V DC,NA,2700K, CRI>97,D45*H90mm,15°~45° Zoom,15W,AJ/CG,ATAZ0960/27/COF,R-41231258,IS 10322 (PART 5/SEC 1) : 2012,15699,"Guangdong Sat Technology Co. Ltd., No. 11 Lianbao Rd, Shengfeng District, Xiaolan Town, Zhongshan City, Guangdong, China – 528400",https://wsrv.nl/?url=https%3A%2F%2Fi.ibb.co%2FKjqtt7TT%2Fadhil-zoom-07-coffee.png&output=webp&q=78
Adhil Zoom,ATAZ0960,48V DC,NA,3000K, CRI>97,D45*H90mm,15°~45° Zoom,15W,AJ/CG,ATAZ0960/30/COF,R-41231258,IS 10322 (PART 5/SEC 1) : 2012,15699,"Guangdong Sat Technology Co. Ltd., No. 11 Lianbao Rd, Shengfeng District, Xiaolan Town, Zhongshan City, Guangdong, China – 528400",https://wsrv.nl/?url=https%3A%2F%2Fi.ibb.co%2FKjqtt7TT%2Fadhil-zoom-07-coffee.png&output=webp&q=78
Adhil Zoom,ATAZ0960,48V DC,NA,3500K, CRI>97,D45*H90mm,15°~45° Zoom,15W,AJ/CG,ATAZ0960/35/COF,R-41231258,IS 10322 (PART 5/SEC 1) : 2012,15699,"Guangdong Sat Technology Co. Ltd., No. 11 Lianbao Rd, Shengfeng District, Xiaolan Town, Zhongshan City, Guangdong, China – 528400",https://wsrv.nl/?url=https%3A%2F%2Fi.ibb.co%2FKjqtt7TT%2Fadhil-zoom-07-coffee.png&output=webp&q=78
Adhil Zoom,ATAZ0960,48V DC,NA,40000K, CRI>97,D45*H90mm,15°~45° Zoom,15W,AJ/CG,ATAZ0960/40/COF,R-41231258,IS 10322 (PART 5/SEC 1) : 2012,15699,"Guangdong Sat Technology Co. Ltd., No. 11 Lianbao Rd, Shengfeng District, Xiaolan Town, Zhongshan City, Guangdong, China – 528400",https://wsrv.nl/?url=https%3A%2F%2Fi.ibb.co%2FKjqtt7TT%2Fadhil-zoom-07-coffee.png&output=webp&q=78
Adhil Zoom,ATAZ0960,48V DC,NA,5000K, CRI>97,D45*H90mm,15°~45° Zoom,15W,AJ/CG,ATAZ0960/50/COF,R-41231258,IS 10322 (PART 5/SEC 1) : 2012,15699,"Guangdong Sat Technology Co. Ltd., No. 11 Lianbao Rd, Shengfeng District, Xiaolan Town, Zhongshan City, Guangdong, China – 528400",https://wsrv.nl/?url=https%3A%2F%2Fi.ibb.co%2FKjqtt7TT%2Fadhil-zoom-07-coffee.png&output=webp&q=78
Adhil Zoom,ATAZ0960,48V DC,NA,2700K, CRI>97,D45*H90mm,15°~45° Zoom,15W,AJ/CG,ATAZ0960/27/DGR,R-41231258,IS 10322 (PART 5/SEC 1) : 2012,15699,"Guangdong Sat Technology Co. Ltd., No. 11 Lianbao Rd, Shengfeng District, Xiaolan Town, Zhongshan City, Guangdong, China – 528400",https://wsrv.nl/?url=https%3A%2F%2Fi.ibb.co%2FjP4Df71c%2Fadhil-zoom-09-dark-gray-default-001.png&output=webp&q=78
Adhil Zoom,ATAZ0960,48V DC,NA,3000K, CRI>97,D45*H90mm,15°~45° Zoom,15W,AJ/CG,ATAZ0960/30/DGR,R-41231258,IS 10322 (PART 5/SEC 1) : 2012,15699,"Guangdong Sat Technology Co. Ltd., No. 11 Lianbao Rd, Shengfeng District, Xiaolan Town, Zhongshan City, Guangdong, China – 528400",https://wsrv.nl/?url=https%3A%2F%2Fi.ibb.co%2FjP4Df71c%2Fadhil-zoom-09-dark-gray-default-001.png&output=webp&q=78
Adhil Zoom,ATAZ0960,48V DC,NA,3500K, CRI>97,D45*H90mm,15°~45° Zoom,15W,AJ/CG,ATAZ0960/35/DGR,R-41231258,IS 10322 (PART 5/SEC 1) : 2012,15699,"Guangdong Sat Technology Co. Ltd., No. 11 Lianbao Rd, Shengfeng District, Xiaolan Town, Zhongshan City, Guangdong, China – 528400",https://wsrv.nl/?url=https%3A%2F%2Fi.ibb.co%2FjP4Df71c%2Fadhil-zoom-09-dark-gray-default-001.png&output=webp&q=78
Adhil Zoom,ATAZ0960,48V DC,NA,40000K, CRI>97,D45*H90mm,15°~45° Zoom,15W,AJ/CG,ATAZ0960/40/DGR,R-41231258,IS 10322 (PART 5/SEC 1) : 2012,15699,"Guangdong Sat Technology Co. Ltd., No. 11 Lianbao Rd, Shengfeng District, Xiaolan Town, Zhongshan City, Guangdong, China – 528400",https://wsrv.nl/?url=https%3A%2F%2Fi.ibb.co%2FjP4Df71c%2Fadhil-zoom-09-dark-gray-default-001.png&output=webp&q=78
Adhil Zoom,ATAZ0960,48V DC,NA,5000K, CRI>97,D45*H90mm,15°~45° Zoom,15W,AJ/CG,ATAZ0960/50/DGR,R-41231258,IS 10322 (PART 5/SEC 1) : 2012,15699,"Guangdong Sat Technology Co. Ltd., No. 11 Lianbao Rd, Shengfeng District, Xiaolan Town, Zhongshan City, Guangdong, China – 528400",https://wsrv.nl/?url=https%3A%2F%2Fi.ibb.co%2FjP4Df71c%2Fadhil-zoom-09-dark-gray-default-001.png&output=webp&q=78
Adhil Zoom,ATAZ0960,48V DC,NA,2700K, CRI>97,D45*H90mm,15°~45° Zoom,15W,AJ/CG,ATAZ0960/27/BB,R-41231258,IS 10322 (PART 5/SEC 1) : 2012,15699,"Guangdong Sat Technology Co. Ltd., No. 11 Lianbao Rd, Shengfeng District, Xiaolan Town, Zhongshan City, Guangdong, China – 528400",https://wsrv.nl/?url=https%3A%2F%2Fi.ibb.co%2FPsSDVmCw%2Fadhil-zoom-06-ballet-blue.png&output=webp&q=78
Adhil Zoom,ATAZ0960,48V DC,NA,3000K, CRI>97,D45*H90mm,15°~45° Zoom,15W,AJ/CG,ATAZ0960/30/BB,R-41231258,IS 10322 (PART 5/SEC 1) : 2012,15699,"Guangdong Sat Technology Co. Ltd., No. 11 Lianbao Rd, Shengfeng District, Xiaolan Town, Zhongshan City, Guangdong, China – 528400",https://wsrv.nl/?url=https%3A%2F%2Fi.ibb.co%2FPsSDVmCw%2Fadhil-zoom-06-ballet-blue.png&output=webp&q=78
Adhil Zoom,ATAZ0960,48V DC,NA,3500K, CRI>97,D45*H90mm,15°~45° Zoom,15W,AJ/CG,ATAZ0960/35/BB,R-41231258,IS 10322 (PART 5/SEC 1) : 2012,15699,"Guangdong Sat Technology Co. Ltd., No. 11 Lianbao Rd, Shengfeng District, Xiaolan Town, Zhongshan City, Guangdong, China – 528400",https://wsrv.nl/?url=https%3A%2F%2Fi.ibb.co%2FPsSDVmCw%2Fadhil-zoom-06-ballet-blue.png&output=webp&q=78
Adhil Zoom,ATAZ0960,48V DC,NA,40000K, CRI>97,D45*H90mm,15°~45° Zoom,15W,AJ/CG,ATAZ0960/40/BB,R-41231258,IS 10322 (PART 5/SEC 1) : 2012,15699,"Guangdong Sat Technology Co. Ltd., No. 11 Lianbao Rd, Shengfeng District, Xiaolan Town, Zhongshan City, Guangdong, China – 528400",https://wsrv.nl/?url=https%3A%2F%2Fi.ibb.co%2FPsSDVmCw%2Fadhil-zoom-06-ballet-blue.png&output=webp&q=78
Adhil Zoom,ATAZ0960,48V DC,NA,5000K, CRI>97,D45*H90mm,15°~45° Zoom,15W,AJ/CG,ATAZ0960/50/BB,R-41231258,IS 10322 (PART 5/SEC 1) : 2012,15699,"Guangdong Sat Technology Co. Ltd., No. 11 Lianbao Rd, Shengfeng District, Xiaolan Town, Zhongshan City, Guangdong, China – 528400",https://wsrv.nl/?url=https%3A%2F%2Fi.ibb.co%2FPsSDVmCw%2Fadhil-zoom-06-ballet-blue.png&output=webp&q=78
Adhil Zoom,ATAZ0960,48V DC,NA,2700K, CRI>97,D45*H90mm,15°~45° Zoom,15W,AJ/CG,ATAZ0960/27/CH,R-41231258,IS 10322 (PART 5/SEC 1) : 2012,15699,"Guangdong Sat Technology Co. Ltd., No. 11 Lianbao Rd, Shengfeng District, Xiaolan Town, Zhongshan City, Guangdong, China – 528400",https://wsrv.nl/?url=https%3A%2F%2Fi.ibb.co%2FDHkc0c8b%2Fadhil-zoom-01-chrome.png&output=webp&q=78
Adhil Zoom,ATAZ0960,48V DC,NA,3000K, CRI>97,D45*H90mm,15°~45° Zoom,15W,AJ/CG,ATAZ0960/30/CH,R-41231258,IS 10322 (PART 5/SEC 1) : 2012,15699,"Guangdong Sat Technology Co. Ltd., No. 11 Lianbao Rd, Shengfeng District, Xiaolan Town, Zhongshan City, Guangdong, China – 528400",https://wsrv.nl/?url=https%3A%2F%2Fi.ibb.co%2FDHkc0c8b%2Fadhil-zoom-01-chrome.png&output=webp&q=78
Adhil Zoom,ATAZ0960,48V DC,NA,3500K, CRI>97,D45*H90mm,15°~45° Zoom,15W,AJ/CG,ATAZ0960/35/CH,R-41231258,IS 10322 (PART 5/SEC 1) : 2012,15699,"Guangdong Sat Technology Co. Ltd., No. 11 Lianbao Rd, Shengfeng District, Xiaolan Town, Zhongshan City, Guangdong, China – 528400",https://wsrv.nl/?url=https%3A%2F%2Fi.ibb.co%2FDHkc0c8b%2Fadhil-zoom-01-chrome.png&output=webp&q=78
Adhil Zoom,ATAZ0960,48V DC,NA,40000K, CRI>97,D45*H90mm,15°~45° Zoom,15W,AJ/CG,ATAZ0960/40/CH,R-41231258,IS 10322 (PART 5/SEC 1) : 2012,15699,"Guangdong Sat Technology Co. Ltd., No. 11 Lianbao Rd, Shengfeng District, Xiaolan Town, Zhongshan City, Guangdong, China – 528400",https://wsrv.nl/?url=https%3A%2F%2Fi.ibb.co%2FDHkc0c8b%2Fadhil-zoom-01-chrome.png&output=webp&q=78
Adhil Zoom,ATAZ0960,48V DC,NA,5000K, CRI>97,D45*H90mm,15°~45° Zoom,15W,AJ/CG,ATAZ0960/50/CH,R-41231258,IS 10322 (PART 5/SEC 1) : 2012,15699,"Guangdong Sat Technology Co. Ltd., No. 11 Lianbao Rd, Shengfeng District, Xiaolan Town, Zhongshan City, Guangdong, China – 528400",https://wsrv.nl/?url=https%3A%2F%2Fi.ibb.co%2FDHkc0c8b%2Fadhil-zoom-01-chrome.png&output=webp&q=78
Adhil Zoom,ATAZ0960,48V DC,NA,2700K, CRI>97,D45*H90mm,15°~45° Zoom,15W,AJ/CG,ATAZ0960/27/CHB,R-41231258,IS 10322 (PART 5/SEC 1) : 2012,15699,"Guangdong Sat Technology Co. Ltd., No. 11 Lianbao Rd, Shengfeng District, Xiaolan Town, Zhongshan City, Guangdong, China – 528400",https://wsrv.nl/?url=https%3A%2F%2Fi.ibb.co%2Fmr0P7Cgb%2Fadhil-zoom-02-chrome-black.png&output=webp&q=78
Adhil Zoom,ATAZ0960,48V DC,NA,3000K, CRI>97,D45*H90mm,15°~45° Zoom,15W,AJ/CG,ATAZ0960/30/CHB,R-41231258,IS 10322 (PART 5/SEC 1) : 2012,15699,"Guangdong Sat Technology Co. Ltd., No. 11 Lianbao Rd, Shengfeng District, Xiaolan Town, Zhongshan City, Guangdong, China – 528400",https://wsrv.nl/?url=https%3A%2F%2Fi.ibb.co%2Fmr0P7Cgb%2Fadhil-zoom-02-chrome-black.png&output=webp&q=78
Adhil Zoom,ATAZ0960,48V DC,NA,3500K, CRI>97,D45*H90mm,15°~45° Zoom,15W,AJ/CG,ATAZ0960/35/CHB,R-41231258,IS 10322 (PART 5/SEC 1) : 2012,15699,"Guangdong Sat Technology Co. Ltd., No. 11 Lianbao Rd, Shengfeng District, Xiaolan Town, Zhongshan City, Guangdong, China – 528400",https://wsrv.nl/?url=https%3A%2F%2Fi.ibb.co%2Fmr0P7Cgb%2Fadhil-zoom-02-chrome-black.png&output=webp&q=78
Adhil Zoom,ATAZ0960,48V DC,NA,40000K, CRI>97,D45*H90mm,15°~45° Zoom,15W,AJ/CG,ATAZ0960/40/CHB,R-41231258,IS 10322 (PART 5/SEC 1) : 2012,15699,"Guangdong Sat Technology Co. Ltd., No. 11 Lianbao Rd, Shengfeng District, Xiaolan Town, Zhongshan City, Guangdong, China – 528400",https://wsrv.nl/?url=https%3A%2F%2Fi.ibb.co%2Fmr0P7Cgb%2Fadhil-zoom-02-chrome-black.png&output=webp&q=78
Adhil Zoom,ATAZ0960,48V DC,NA,5000K, CRI>97,D45*H90mm,15°~45° Zoom,15W,AJ/CG,ATAZ0960/50/CHB,R-41231258,IS 10322 (PART 5/SEC 1) : 2012,15699,"Guangdong Sat Technology Co. Ltd., No. 11 Lianbao Rd, Shengfeng District, Xiaolan Town, Zhongshan City, Guangdong, China – 528400",https://wsrv.nl/?url=https%3A%2F%2Fi.ibb.co%2Fmr0P7Cgb%2Fadhil-zoom-02-chrome-black.png&output=webp&q=78
Adhil Zoom Tunable,ATAZ0960,48V DC,NA,2700K~6500K, CRI>97,D45*H90mm,15°~45° Zoom,15W,AJ/CG,ATAZ0960/CT,R-41231258,IS 10322 (PART 5/SEC 1) : 2012,15899,"Guangdong Sat Technology Co. Ltd., No. 11 Lianbao Rd, Shengfeng District, Xiaolan Town, Zhongshan City, Guangdong, China – 528400",https://wsrv.nl/?url=https%3A%2F%2Fi.ibb.co%2FDHRKLBN0%2Fadhil-zoom-03-mat-black-default.png&output=webp&q=78
Adhil Zoom Tunable,ATAZ0960,48V DC,NA,2700K~6500K, CRI>97,D45*H90mm,15°~45° Zoom,15W,AJ/CG,ATAZ0960/CT/W,R-41231258,IS 10322 (PART 5/SEC 1) : 2012,15899,"Guangdong Sat Technology Co. Ltd., No. 11 Lianbao Rd, Shengfeng District, Xiaolan Town, Zhongshan City, Guangdong, China – 528400",https://wsrv.nl/?url=https%3A%2F%2Fi.ibb.co%2FqMB5s7PK%2Fadhil-zoom-05-white-2.png&output=webp&q=78
Adhil Zoom Tunable,ATAZ0960,48V DC,NA,2700K~6500K, CRI>97,D45*H90mm,15°~45° Zoom,15W,AJ/CG,ATAZ0960/CT/CG,R-41231258,IS 10322 (PART 5/SEC 1) : 2012,16899,"Guangdong Sat Technology Co. Ltd., No. 11 Lianbao Rd, Shengfeng District, Xiaolan Town, Zhongshan City, Guangdong, China – 528400",https://wsrv.nl/?url=https%3A%2F%2Fi.ibb.co%2FY7TjwLJh%2Fadhil-zoom-04-champeing-gold.png&output=webp&q=78
Adhil Zoom Tunable,ATAZ0960,48V DC,NA,2700K~6500K, CRI>97,D45*H90mm,15°~45° Zoom,15W,AJ/CG,ATAZ0960/CT/RG,R-41231258,IS 10322 (PART 5/SEC 1) : 2012,16899,"Guangdong Sat Technology Co. Ltd., No. 11 Lianbao Rd, Shengfeng District, Xiaolan Town, Zhongshan City, Guangdong, China – 528400",https://wsrv.nl/?url=https%3A%2F%2Fi.ibb.co%2Fdsfg6jD1%2Fadhil-zoom-08-rose-gold.png&output=webp&q=78
Adhil Zoom Tunable,ATAZ0960,48V DC,NA,2700K~6500K, CRI>97,D45*H90mm,15°~45° Zoom,15W,AJ/CG,ATAZ0960/CT/BR,R-41231258,IS 10322 (PART 5/SEC 1) : 2012,16899,"Guangdong Sat Technology Co. Ltd., No. 11 Lianbao Rd, Shengfeng District, Xiaolan Town, Zhongshan City, Guangdong, China – 528400",https://wsrv.nl/?url=https%3A%2F%2Fi.ibb.co%2FZ6MjcjsP%2Fadhil-zoom-10-brown.png&output=webp&q=78
Adhil Zoom Tunable,ATAZ0960,48V DC,NA,2700K~6500K, CRI>97,D45*H90mm,15°~45° Zoom,15W,AJ/CG,ATAZ0960/CT/COF,R-41231258,IS 10322 (PART 5/SEC 1) : 2012,16899,"Guangdong Sat Technology Co. Ltd., No. 11 Lianbao Rd, Shengfeng District, Xiaolan Town, Zhongshan City, Guangdong, China – 528400",https://wsrv.nl/?url=https%3A%2F%2Fi.ibb.co%2FKjqtt7TT%2Fadhil-zoom-07-coffee.png&output=webp&q=78
Adhil Zoom Tunable,ATAZ0960,48V DC,NA,2700K~6500K, CRI>97,D45*H90mm,15°~45° Zoom,15W,AJ/CG,ATAZ0960/CT/DGR,R-41231258,IS 10322 (PART 5/SEC 1) : 2012,16899,"Guangdong Sat Technology Co. Ltd., No. 11 Lianbao Rd, Shengfeng District, Xiaolan Town, Zhongshan City, Guangdong, China – 528400",https://wsrv.nl/?url=https%3A%2F%2Fi.ibb.co%2FjP4Df71c%2Fadhil-zoom-09-dark-gray-default-001.png&output=webp&q=78
Adhil Zoom Tunable,ATAZ0960,48V DC,NA,2700K~6500K, CRI>97,D45*H90mm,15°~45° Zoom,15W,AJ/CG,ATAZ0960/CT/BB,R-41231258,IS 10322 (PART 5/SEC 1) : 2012,16899,"Guangdong Sat Technology Co. Ltd., No. 11 Lianbao Rd, Shengfeng District, Xiaolan Town, Zhongshan City, Guangdong, China – 528400",https://wsrv.nl/?url=https%3A%2F%2Fi.ibb.co%2FPsSDVmCw%2Fadhil-zoom-06-ballet-blue.png&output=webp&q=78
Adhil Zoom Tunable,ATAZ0960,48V DC,NA,2700K~6500K, CRI>97,D45*H90mm,15°~45° Zoom,15W,AJ/CG,ATAZ0960/CT/CH,R-41231258,IS 10322 (PART 5/SEC 1) : 2012,16899,"Guangdong Sat Technology Co. Ltd., No. 11 Lianbao Rd, Shengfeng District, Xiaolan Town, Zhongshan City, Guangdong, China – 528400",https://wsrv.nl/?url=https%3A%2F%2Fi.ibb.co%2FDHkc0c8b%2Fadhil-zoom-01-chrome.png&output=webp&q=78
Adhil Zoom Tunable,ATAZ0960,48V DC,NA,2700K~6500K, CRI>97,D45*H90mm,15°~45° Zoom,15W,AJ/CG,ATAZ0960/CT/CHB,R-41231258,IS 10322 (PART 5/SEC 1) : 2012,16899,"Guangdong Sat Technology Co. Ltd., No. 11 Lianbao Rd, Shengfeng District, Xiaolan Town, Zhongshan City, Guangdong, China – 528400",https://wsrv.nl/?url=https%3A%2F%2Fi.ibb.co%2Fmr0P7Cgb%2Fadhil-zoom-02-chrome-black.png&output=webp&q=78
Adhil Focus,TSL080B,48V DC,NA,2700K, CRI>97,Φ55*H160mm,NA,15W,AJ/CG,ATAF1545/27/B,R-41231258,IS 10322 (PART 5/SEC 1) : 2012,34999,"Guangdong Sat Technology Co. Ltd., No. 11 Lianbao Rd, Shengfeng District, Xiaolan Town, Zhongshan City, Guangdong, China – 528400",https://wsrv.nl/?url=https%3A%2F%2Fi.ibb.co%2FxtNJ0sBj%2Fadhil-focus-03-mat-black-default.png&output=webp&q=78
Adhil Focus,TSL080B,48V DC,NA,2700K, CRI>97,Φ55*H160mm,NA,15W,AJ/CG,ATAF1545/27/W,R-41231258,IS 10322 (PART 5/SEC 1) : 2012,34999,"Guangdong Sat Technology Co. Ltd., No. 11 Lianbao Rd, Shengfeng District, Xiaolan Town, Zhongshan City, Guangdong, China – 528400",https://wsrv.nl/?url=https%3A%2F%2Fi.ibb.co%2FQ76cnBKs%2Fadhil-focus-05-white-2.png&output=webp&q=78
Adhil Focus,TSL080B,48V DC,NA,2700K, CRI>97,Φ55*H160mm,NA,15W,AJ/CG,ATAF1545/27/CG,R-41231258,IS 10322 (PART 5/SEC 1) : 2012,35999,"Guangdong Sat Technology Co. Ltd., No. 11 Lianbao Rd, Shengfeng District, Xiaolan Town, Zhongshan City, Guangdong, China – 528400",https://wsrv.nl/?url=https%3A%2F%2Fi.ibb.co%2Fp6h9VC9s%2Fadhil-focus-04-champeing-gold.png&output=webp&q=78
Adhil Focus,TSL080B,48V DC,NA,2700K, CRI>97,Φ55*H160mm,NA,15W,AJ/CG,ATAF1545/27/RG,R-41231258,IS 10322 (PART 5/SEC 1) : 2012,35999,"Guangdong Sat Technology Co. Ltd., No. 11 Lianbao Rd, Shengfeng District, Xiaolan Town, Zhongshan City, Guangdong, China – 528400",https://wsrv.nl/?url=https%3A%2F%2Fi.ibb.co%2FHL9zCZKb%2Fadhil-focus-08-rose-gold.png&output=webp&q=78
Adhil Focus,TSL080B,48V DC,NA,2700K, CRI>97,Φ55*H160mm,NA,15W,AJ/CG,ATAF1545/27/BR,R-41231258,IS 10322 (PART 5/SEC 1) : 2012,35999,"Guangdong Sat Technology Co. Ltd., No. 11 Lianbao Rd, Shengfeng District, Xiaolan Town, Zhongshan City, Guangdong, China – 528400",https://wsrv.nl/?url=https%3A%2F%2Fi.ibb.co%2FPGjZ3Qnk%2Fadhil-focus-10-brown.png&output=webp&q=78
Adhil Focus,TSL080B,48V DC,NA,2700K, CRI>97,Φ55*H160mm,NA,15W,AJ/CG,ATAF1545/27/COF,R-41231258,IS 10322 (PART 5/SEC 1) : 2012,35999,"Guangdong Sat Technology Co. Ltd., No. 11 Lianbao Rd, Shengfeng District, Xiaolan Town, Zhongshan City, Guangdong, China – 528400",https://wsrv.nl/?url=https%3A%2F%2Fi.ibb.co%2FM5VcjsYy%2Fadhil-focus-07-coffee.png&output=webp&q=78
Adhil Focus,TSL080B,48V DC,NA,2700K, CRI>97,Φ55*H160mm,NA,15W,AJ/CG,ATAF1545/27/DGR,R-41231258,IS 10322 (PART 5/SEC 1) : 2012,35999,"Guangdong Sat Technology Co. Ltd., No. 11 Lianbao Rd, Shengfeng District, Xiaolan Town, Zhongshan City, Guangdong, China – 528400",https://wsrv.nl/?url=https%3A%2F%2Fi.ibb.co%2Fr2jgV6MG%2Fadhil-focus-09-dark-gray-default.png&output=webp&q=78
Adhil Focus,TSL080B,48V DC,NA,2700K, CRI>97,Φ55*H160mm,NA,15W,AJ/CG,ATAF1545/27/BB,R-41231258,IS 10322 (PART 5/SEC 1) : 2012,35999,"Guangdong Sat Technology Co. Ltd., No. 11 Lianbao Rd, Shengfeng District, Xiaolan Town, Zhongshan City, Guangdong, China – 528400",https://wsrv.nl/?url=https%3A%2F%2Fi.ibb.co%2FPKX91QB%2Fadhil-focus-06-ballet-blue.png&output=webp&q=78
Adhil Focus,TSL080B,48V DC,NA,2700K, CRI>97,Φ55*H160mm,NA,15W,AJ/CG,ATAF1545/27/CH,R-41231258,IS 10322 (PART 5/SEC 1) : 2012,35999,"Guangdong Sat Technology Co. Ltd., No. 11 Lianbao Rd, Shengfeng District, Xiaolan Town, Zhongshan City, Guangdong, China – 528400",https://wsrv.nl/?url=https%3A%2F%2Fi.ibb.co%2Fmgphpxm%2Fadhil-focus-01-chrome.png&output=webp&q=78
Adhil Focus,TSL080B,48V DC,NA,2700K, CRI>97,Φ55*H160mm,NA,15W,AJ/CG,ATAF1545/27/CHB,R-41231258,IS 10322 (PART 5/SEC 1) : 2012,35999,"Guangdong Sat Technology Co. Ltd., No. 11 Lianbao Rd, Shengfeng District, Xiaolan Town, Zhongshan City, Guangdong, China – 528400",https://wsrv.nl/?url=https%3A%2F%2Fi.ibb.co%2FZzzBdKq5%2Fadhil-focus-02-chrome-black.png&output=webp&q=78
Adhil Focus,TSL080B,48V DC,NA,3000K, CRI>97,Φ55*H160mm,NA,15W,AJ/CG,ATAF1545/30/B,R-41231258,IS 10322 (PART 5/SEC 1) : 2012,34999,"Guangdong Sat Technology Co. Ltd., No. 11 Lianbao Rd, Shengfeng District, Xiaolan Town, Zhongshan City, Guangdong, China – 528400",https://wsrv.nl/?url=https%3A%2F%2Fi.ibb.co%2FxtNJ0sBj%2Fadhil-focus-03-mat-black-default.png&output=webp&q=78
Adhil Focus,TSL080B,48V DC,NA,3000K, CRI>97,Φ55*H160mm,NA,15W,AJ/CG,ATAF1545/30/W,R-41231258,IS 10322 (PART 5/SEC 1) : 2012,34999,"Guangdong Sat Technology Co. Ltd., No. 11 Lianbao Rd, Shengfeng District, Xiaolan Town, Zhongshan City, Guangdong, China – 528400",https://wsrv.nl/?url=https%3A%2F%2Fi.ibb.co%2FQ76cnBKs%2Fadhil-focus-05-white-2.png&output=webp&q=78
Adhil Focus,TSL080B,48V DC,NA,3000K, CRI>97,Φ55*H160mm,NA,15W,AJ/CG,ATAF1545/30/CG,R-41231258,IS 10322 (PART 5/SEC 1) : 2012,35999,"Guangdong Sat Technology Co. Ltd., No. 11 Lianbao Rd, Shengfeng District, Xiaolan Town, Zhongshan City, Guangdong, China – 528400",https://wsrv.nl/?url=https%3A%2F%2Fi.ibb.co%2Fp6h9VC9s%2Fadhil-focus-04-champeing-gold.png&output=webp&q=78
Adhil Focus,TSL080B,48V DC,NA,3000K, CRI>97,Φ55*H160mm,NA,15W,AJ/CG,ATAF1545/30/RG,R-41231258,IS 10322 (PART 5/SEC 1) : 2012,35999,"Guangdong Sat Technology Co. Ltd., No. 11 Lianbao Rd, Shengfeng District, Xiaolan Town, Zhongshan City, Guangdong, China – 528400",https://wsrv.nl/?url=https%3A%2F%2Fi.ibb.co%2FHL9zCZKb%2Fadhil-focus-08-rose-gold.png&output=webp&q=78
Adhil Focus,TSL080B,48V DC,NA,3000K, CRI>97,Φ55*H160mm,NA,15W,AJ/CG,ATAF1545/30/BR,R-41231258,IS 10322 (PART 5/SEC 1) : 2012,35999,"Guangdong Sat Technology Co. Ltd., No. 11 Lianbao Rd, Shengfeng District, Xiaolan Town, Zhongshan City, Guangdong, China – 528400",https://wsrv.nl/?url=https%3A%2F%2Fi.ibb.co%2FPGjZ3Qnk%2Fadhil-focus-10-brown.png&output=webp&q=78
Adhil Focus,TSL080B,48V DC,NA,3000K, CRI>97,Φ55*H160mm,NA,15W,AJ/CG,ATAF1545/30/COF,R-41231258,IS 10322 (PART 5/SEC 1) : 2012,35999,"Guangdong Sat Technology Co. Ltd., No. 11 Lianbao Rd, Shengfeng District, Xiaolan Town, Zhongshan City, Guangdong, China – 528400",https://wsrv.nl/?url=https%3A%2F%2Fi.ibb.co%2FM5VcjsYy%2Fadhil-focus-07-coffee.png&output=webp&q=78
Adhil Focus,TSL080B,48V DC,NA,3000K, CRI>97,Φ55*H160mm,NA,15W,AJ/CG,ATAF1545/30/DGR,R-41231258,IS 10322 (PART 5/SEC 1) : 2012,35999,"Guangdong Sat Technology Co. Ltd., No. 11 Lianbao Rd, Shengfeng District, Xiaolan Town, Zhongshan City, Guangdong, China – 528400",https://wsrv.nl/?url=https%3A%2F%2Fi.ibb.co%2Fr2jgV6MG%2Fadhil-focus-09-dark-gray-default.png&output=webp&q=78
Adhil Focus,TSL080B,48V DC,NA,3000K, CRI>97,Φ55*H160mm,NA,15W,AJ/CG,ATAF1545/30/BB,R-41231258,IS 10322 (PART 5/SEC 1) : 2012,35999,"Guangdong Sat Technology Co. Ltd., No. 11 Lianbao Rd, Shengfeng District, Xiaolan Town, Zhongshan City, Guangdong, China – 528400",https://wsrv.nl/?url=https%3A%2F%2Fi.ibb.co%2FPKX91QB%2Fadhil-focus-06-ballet-blue.png&output=webp&q=78
Adhil Focus,TSL080B,48V DC,NA,3000K, CRI>97,Φ55*H160mm,NA,15W,AJ/CG,ATAF1545/30/CH,R-41231258,IS 10322 (PART 5/SEC 1) : 2012,35999,"Guangdong Sat Technology Co. Ltd., No. 11 Lianbao Rd, Shengfeng District, Xiaolan Town, Zhongshan City, Guangdong, China – 528400",https://wsrv.nl/?url=https%3A%2F%2Fi.ibb.co%2Fmgphpxm%2Fadhil-focus-01-chrome.png&output=webp&q=78
Adhil Focus,TSL080B,48V DC,NA,3000K, CRI>97,Φ55*H160mm,NA,15W,AJ/CG,ATAF1545/30/CHB,R-41231258,IS 10322 (PART 5/SEC 1) : 2012,35999,"Guangdong Sat Technology Co. Ltd., No. 11 Lianbao Rd, Shengfeng District, Xiaolan Town, Zhongshan City, Guangdong, China – 528400",https://wsrv.nl/?url=https%3A%2F%2Fi.ibb.co%2FZzzBdKq5%2Fadhil-focus-02-chrome-black.png&output=webp&q=78
Adhil Focus,TSL080B,48V DC,NA,3500K, CRI>97,Φ55*H160mm,NA,15W,AJ/CG,ATAF1545/35/B,R-41231258,IS 10322 (PART 5/SEC 1) : 2012,34999,"Guangdong Sat Technology Co. Ltd., No. 11 Lianbao Rd, Shengfeng District, Xiaolan Town, Zhongshan City, Guangdong, China – 528400",https://wsrv.nl/?url=https%3A%2F%2Fi.ibb.co%2FxtNJ0sBj%2Fadhil-focus-03-mat-black-default.png&output=webp&q=78
Adhil Focus,TSL080B,48V DC,NA,3500K, CRI>97,Φ55*H160mm,NA,15W,AJ/CG,ATAF1545/35/W,R-41231258,IS 10322 (PART 5/SEC 1) : 2012,34999,"Guangdong Sat Technology Co. Ltd., No. 11 Lianbao Rd, Shengfeng District, Xiaolan Town, Zhongshan City, Guangdong, China – 528400",https://wsrv.nl/?url=https%3A%2F%2Fi.ibb.co%2FQ76cnBKs%2Fadhil-focus-05-white-2.png&output=webp&q=78
Adhil Focus,TSL080B,48V DC,NA,3500K, CRI>97,Φ55*H160mm,NA,15W,AJ/CG,ATAF1545/35/CG,R-41231258,IS 10322 (PART 5/SEC 1) : 2012,35999,"Guangdong Sat Technology Co. Ltd., No. 11 Lianbao Rd, Shengfeng District, Xiaolan Town, Zhongshan City, Guangdong, China – 528400",https://wsrv.nl/?url=https%3A%2F%2Fi.ibb.co%2Fp6h9VC9s%2Fadhil-focus-04-champeing-gold.png&output=webp&q=78
Adhil Focus,TSL080B,48V DC,NA,3500K, CRI>97,Φ55*H160mm,NA,15W,AJ/CG,ATAF1545/35/RG,R-41231258,IS 10322 (PART 5/SEC 1) : 2012,35999,"Guangdong Sat Technology Co. Ltd., No. 11 Lianbao Rd, Shengfeng District, Xiaolan Town, Zhongshan City, Guangdong, China – 528400",https://wsrv.nl/?url=https%3A%2F%2Fi.ibb.co%2FHL9zCZKb%2Fadhil-focus-08-rose-gold.png&output=webp&q=78
Adhil Focus,TSL080B,48V DC,NA,3500K, CRI>97,Φ55*H160mm,NA,15W,AJ/CG,ATAF1545/35/BR,R-41231258,IS 10322 (PART 5/SEC 1) : 2012,35999,"Guangdong Sat Technology Co. Ltd., No. 11 Lianbao Rd, Shengfeng District, Xiaolan Town, Zhongshan City, Guangdong, China – 528400",https://wsrv.nl/?url=https%3A%2F%2Fi.ibb.co%2FPGjZ3Qnk%2Fadhil-focus-10-brown.png&output=webp&q=78
Adhil Focus,TSL080B,48V DC,NA,3500K, CRI>97,Φ55*H160mm,NA,15W,AJ/CG,ATAF1545/35/COF,R-41231258,IS 10322 (PART 5/SEC 1) : 2012,35999,"Guangdong Sat Technology Co. Ltd., No. 11 Lianbao Rd, Shengfeng District, Xiaolan Town, Zhongshan City, Guangdong, China – 528400",https://wsrv.nl/?url=https%3A%2F%2Fi.ibb.co%2FM5VcjsYy%2Fadhil-focus-07-coffee.png&output=webp&q=78
Adhil Focus,TSL080B,48V DC,NA,3500K, CRI>97,Φ55*H160mm,NA,15W,AJ/CG,ATAF1545/35/DGR,R-41231258,IS 10322 (PART 5/SEC 1) : 2012,35999,"Guangdong Sat Technology Co. Ltd., No. 11 Lianbao Rd, Shengfeng District, Xiaolan Town, Zhongshan City, Guangdong, China – 528400",https://wsrv.nl/?url=https%3A%2F%2Fi.ibb.co%2Fr2jgV6MG%2Fadhil-focus-09-dark-gray-default.png&output=webp&q=78
Adhil Focus,TSL080B,48V DC,NA,3500K, CRI>97,Φ55*H160mm,NA,15W,AJ/CG,ATAF1545/35/BB,R-41231258,IS 10322 (PART 5/SEC 1) : 2012,35999,"Guangdong Sat Technology Co. Ltd., No. 11 Lianbao Rd, Shengfeng District, Xiaolan Town, Zhongshan City, Guangdong, China – 528400",https://wsrv.nl/?url=https%3A%2F%2Fi.ibb.co%2FPKX91QB%2Fadhil-focus-06-ballet-blue.png&output=webp&q=78
Adhil Focus,TSL080B,48V DC,NA,3500K, CRI>97,Φ55*H160mm,NA,15W,AJ/CG,ATAF1545/35/CH,R-41231258,IS 10322 (PART 5/SEC 1) : 2012,35999,"Guangdong Sat Technology Co. Ltd., No. 11 Lianbao Rd, Shengfeng District, Xiaolan Town, Zhongshan City, Guangdong, China – 528400",https://wsrv.nl/?url=https%3A%2F%2Fi.ibb.co%2Fmgphpxm%2Fadhil-focus-01-chrome.png&output=webp&q=78
Adhil Focus,TSL080B,48V DC,NA,3500K, CRI>97,Φ55*H160mm,NA,15W,AJ/CG,ATAF1545/35/CHB,R-41231258,IS 10322 (PART 5/SEC 1) : 2012,35999,"Guangdong Sat Technology Co. Ltd., No. 11 Lianbao Rd, Shengfeng District, Xiaolan Town, Zhongshan City, Guangdong, China – 528400",https://wsrv.nl/?url=https%3A%2F%2Fi.ibb.co%2FZzzBdKq5%2Fadhil-focus-02-chrome-black.png&output=webp&q=78
Adhil Focus,TSL080B,48V DC,NA,4000K, CRI>97,Φ55*H160mm,NA,15W,AJ/CG,ATAF1545/40/B,R-41231258,IS 10322 (PART 5/SEC 1) : 2012,34999,"Guangdong Sat Technology Co. Ltd., No. 11 Lianbao Rd, Shengfeng District, Xiaolan Town, Zhongshan City, Guangdong, China – 528400",https://wsrv.nl/?url=https%3A%2F%2Fi.ibb.co%2FxtNJ0sBj%2Fadhil-focus-03-mat-black-default.png&output=webp&q=78
Adhil Focus,TSL080B,48V DC,NA,4000K, CRI>97,Φ55*H160mm,NA,15W,AJ/CG,ATAF1545/40/W,R-41231258,IS 10322 (PART 5/SEC 1) : 2012,34999,"Guangdong Sat Technology Co. Ltd., No. 11 Lianbao Rd, Shengfeng District, Xiaolan Town, Zhongshan City, Guangdong, China – 528400",https://wsrv.nl/?url=https%3A%2F%2Fi.ibb.co%2FQ76cnBKs%2Fadhil-focus-05-white-2.png&output=webp&q=78
Adhil Focus,TSL080B,48V DC,NA,4000K, CRI>97,Φ55*H160mm,NA,15W,AJ/CG,ATAF1545/40/CG,R-41231258,IS 10322 (PART 5/SEC 1) : 2012,35999,"Guangdong Sat Technology Co. Ltd., No. 11 Lianbao Rd, Shengfeng District, Xiaolan Town, Zhongshan City, Guangdong, China – 528400",https://wsrv.nl/?url=https%3A%2F%2Fi.ibb.co%2Fp6h9VC9s%2Fadhil-focus-04-champeing-gold.png&output=webp&q=78
Adhil Focus,TSL080B,48V DC,NA,4000K, CRI>97,Φ55*H160mm,NA,15W,AJ/CG,ATAF1545/40/RG,R-41231258,IS 10322 (PART 5/SEC 1) : 2012,35999,"Guangdong Sat Technology Co. Ltd., No. 11 Lianbao Rd, Shengfeng District, Xiaolan Town, Zhongshan City, Guangdong, China – 528400",https://wsrv.nl/?url=https%3A%2F%2Fi.ibb.co%2FHL9zCZKb%2Fadhil-focus-08-rose-gold.png&output=webp&q=78
Adhil Focus,TSL080B,48V DC,NA,4000K, CRI>97,Φ55*H160mm,NA,15W,AJ/CG,ATAF1545/40/BR,R-41231258,IS 10322 (PART 5/SEC 1) : 2012,35999,"Guangdong Sat Technology Co. Ltd., No. 11 Lianbao Rd, Shengfeng District, Xiaolan Town, Zhongshan City, Guangdong, China – 528400",https://wsrv.nl/?url=https%3A%2F%2Fi.ibb.co%2FPGjZ3Qnk%2Fadhil-focus-10-brown.png&output=webp&q=78
Adhil Focus,TSL080B,48V DC,NA,4000K, CRI>97,Φ55*H160mm,NA,15W,AJ/CG,ATAF1545/40/COF,R-41231258,IS 10322 (PART 5/SEC 1) : 2012,35999,"Guangdong Sat Technology Co. Ltd., No. 11 Lianbao Rd, Shengfeng District, Xiaolan Town, Zhongshan City, Guangdong, China – 528400",https://wsrv.nl/?url=https%3A%2F%2Fi.ibb.co%2FM5VcjsYy%2Fadhil-focus-07-coffee.png&output=webp&q=78
Adhil Focus,TSL080B,48V DC,NA,4000K, CRI>97,Φ55*H160mm,NA,15W,AJ/CG,ATAF1545/40/DGR,R-41231258,IS 10322 (PART 5/SEC 1) : 2012,35999,"Guangdong Sat Technology Co. Ltd., No. 11 Lianbao Rd, Shengfeng District, Xiaolan Town, Zhongshan City, Guangdong, China – 528400",https://wsrv.nl/?url=https%3A%2F%2Fi.ibb.co%2Fr2jgV6MG%2Fadhil-focus-09-dark-gray-default.png&output=webp&q=78
Adhil Focus,TSL080B,48V DC,NA,4000K, CRI>97,Φ55*H160mm,NA,15W,AJ/CG,ATAF1545/40/BB,R-41231258,IS 10322 (PART 5/SEC 1) : 2012,35999,"Guangdong Sat Technology Co. Ltd., No. 11 Lianbao Rd, Shengfeng District, Xiaolan Town, Zhongshan City, Guangdong, China – 528400",https://wsrv.nl/?url=https%3A%2F%2Fi.ibb.co%2FPKX91QB%2Fadhil-focus-06-ballet-blue.png&output=webp&q=78
Adhil Focus,TSL080B,48V DC,NA,4000K, CRI>97,Φ55*H160mm,NA,15W,AJ/CG,ATAF1545/40/CH,R-41231258,IS 10322 (PART 5/SEC 1) : 2012,35999,"Guangdong Sat Technology Co. Ltd., No. 11 Lianbao Rd, Shengfeng District, Xiaolan Town, Zhongshan City, Guangdong, China – 528400",https://wsrv.nl/?url=https%3A%2F%2Fi.ibb.co%2Fmgphpxm%2Fadhil-focus-01-chrome.png&output=webp&q=78
Adhil Focus,TSL080B,48V DC,NA,4000K, CRI>97,Φ55*H160mm,NA,15W,AJ/CG,ATAF1545/40/CHB,R-41231258,IS 10322 (PART 5/SEC 1) : 2012,35999,"Guangdong Sat Technology Co. Ltd., No. 11 Lianbao Rd, Shengfeng District, Xiaolan Town, Zhongshan City, Guangdong, China – 528400",https://wsrv.nl/?url=https%3A%2F%2Fi.ibb.co%2FZzzBdKq5%2Fadhil-focus-02-chrome-black.png&output=webp&q=78
Adhil Focus,TSL080B,48V DC,NA,5000K, CRI>97,Φ55*H160mm,NA,15W,AJ/CG,ATAF1545/50/B,R-41231258,IS 10322 (PART 5/SEC 1) : 2012,34999,"Guangdong Sat Technology Co. Ltd., No. 11 Lianbao Rd, Shengfeng District, Xiaolan Town, Zhongshan City, Guangdong, China – 528400",https://wsrv.nl/?url=https%3A%2F%2Fi.ibb.co%2FxtNJ0sBj%2Fadhil-focus-03-mat-black-default.png&output=webp&q=78
Adhil Focus,TSL080B,48V DC,NA,5000K, CRI>97,Φ55*H160mm,NA,15W,AJ/CG,ATAF1545/50/W,R-41231258,IS 10322 (PART 5/SEC 1) : 2012,34999,"Guangdong Sat Technology Co. Ltd., No. 11 Lianbao Rd, Shengfeng District, Xiaolan Town, Zhongshan City, Guangdong, China – 528400",https://wsrv.nl/?url=https%3A%2F%2Fi.ibb.co%2FQ76cnBKs%2Fadhil-focus-05-white-2.png&output=webp&q=78
Adhil Focus,TSL080B,48V DC,NA,5000K, CRI>97,Φ55*H160mm,NA,15W,AJ/CG,ATAF1545/50/CG,R-41231258,IS 10322 (PART 5/SEC 1) : 2012,35999,"Guangdong Sat Technology Co. Ltd., No. 11 Lianbao Rd, Shengfeng District, Xiaolan Town, Zhongshan City, Guangdong, China – 528400",https://wsrv.nl/?url=https%3A%2F%2Fi.ibb.co%2Fp6h9VC9s%2Fadhil-focus-04-champeing-gold.png&output=webp&q=78
Adhil Focus,TSL080B,48V DC,NA,5000K, CRI>97,Φ55*H160mm,NA,15W,AJ/CG,ATAF1545/50/RG,R-41231258,IS 10322 (PART 5/SEC 1) : 2012,35999,"Guangdong Sat Technology Co. Ltd., No. 11 Lianbao Rd, Shengfeng District, Xiaolan Town, Zhongshan City, Guangdong, China – 528400",https://wsrv.nl/?url=https%3A%2F%2Fi.ibb.co%2FHL9zCZKb%2Fadhil-focus-08-rose-gold.png&output=webp&q=78
Adhil Focus,TSL080B,48V DC,NA,5000K, CRI>97,Φ55*H160mm,NA,15W,AJ/CG,ATAF1545/50/BR,R-41231258,IS 10322 (PART 5/SEC 1) : 2012,35999,"Guangdong Sat Technology Co. Ltd., No. 11 Lianbao Rd, Shengfeng District, Xiaolan Town, Zhongshan City, Guangdong, China – 528400",https://wsrv.nl/?url=https%3A%2F%2Fi.ibb.co%2FPGjZ3Qnk%2Fadhil-focus-10-brown.png&output=webp&q=78
Adhil Focus,TSL080B,48V DC,NA,5000K, CRI>97,Φ55*H160mm,NA,15W,AJ/CG,ATAF1545/50/COF,R-41231258,IS 10322 (PART 5/SEC 1) : 2012,35999,"Guangdong Sat Technology Co. Ltd., No. 11 Lianbao Rd, Shengfeng District, Xiaolan Town, Zhongshan City, Guangdong, China – 528400",https://wsrv.nl/?url=https%3A%2F%2Fi.ibb.co%2FM5VcjsYy%2Fadhil-focus-07-coffee.png&output=webp&q=78
Adhil Focus,TSL080B,48V DC,NA,5000K, CRI>97,Φ55*H160mm,NA,15W,AJ/CG,ATAF1545/50/DGR,R-41231258,IS 10322 (PART 5/SEC 1) : 2012,35999,"Guangdong Sat Technology Co. Ltd., No. 11 Lianbao Rd, Shengfeng District, Xiaolan Town, Zhongshan City, Guangdong, China – 528400",https://wsrv.nl/?url=https%3A%2F%2Fi.ibb.co%2Fr2jgV6MG%2Fadhil-focus-09-dark-gray-default.png&output=webp&q=78
Adhil Focus,TSL080B,48V DC,NA,5000K, CRI>97,Φ55*H160mm,NA,15W,AJ/CG,ATAF1545/50/BB,R-41231258,IS 10322 (PART 5/SEC 1) : 2012,35999,"Guangdong Sat Technology Co. Ltd., No. 11 Lianbao Rd, Shengfeng District, Xiaolan Town, Zhongshan City, Guangdong, China – 528400",https://wsrv.nl/?url=https%3A%2F%2Fi.ibb.co%2FPKX91QB%2Fadhil-focus-06-ballet-blue.png&output=webp&q=78
Adhil Focus,TSL080B,48V DC,NA,5000K, CRI>97,Φ55*H160mm,NA,15W,AJ/CG,ATAF1545/50/CH,R-41231258,IS 10322 (PART 5/SEC 1) : 2012,35999,"Guangdong Sat Technology Co. Ltd., No. 11 Lianbao Rd, Shengfeng District, Xiaolan Town, Zhongshan City, Guangdong, China – 528400",https://wsrv.nl/?url=https%3A%2F%2Fi.ibb.co%2Fmgphpxm%2Fadhil-focus-01-chrome.png&output=webp&q=78
Adhil Focus,TSL080B,48V DC,NA,5000K, CRI>97,Φ55*H160mm,NA,15W,AJ/CG,ATAF1545/50/CHB,R-41231258,IS 10322 (PART 5/SEC 1) : 2012,35999,"Guangdong Sat Technology Co. Ltd., No. 11 Lianbao Rd, Shengfeng District, Xiaolan Town, Zhongshan City, Guangdong, China – 528400",https://wsrv.nl/?url=https%3A%2F%2Fi.ibb.co%2FZzzBdKq5%2Fadhil-focus-02-chrome-black.png&output=webp&q=78
Adhil 9S,ARFD1502,48V DC,NA,2700K, CRI>97,Φ60*H120mm ,6°,9W,AJ/CG,ATAS1060/27/06/W,R-41159492,IS 10322 (PART 5/SEC 1) : 2012,11799,"Guangdong Sat Technology Co. Ltd., No. 11 Lianbao Rd, Shengfeng District, Xiaolan Town, Zhongshan City, Guangdong, China – 528400",https://wsrv.nl/?url=https%3A%2F%2Fi.ibb.co%2FpHVwtRb%2FAdhil-9-S-05-white.png&output=webp&q=78
Adhil 9S,ARFD1502,48V DC,NA,2700K, CRI>97,Φ60*H120mm ,6°,9W,AJ/CG,ATAS1060/27/06/B,R-41159492,IS 10322 (PART 5/SEC 1) : 2012,11799,"Guangdong Sat Technology Co. Ltd., No. 11 Lianbao Rd, Shengfeng District, Xiaolan Town, Zhongshan City, Guangdong, China – 528400",https://wsrv.nl/?url=https%3A%2F%2Fi.ibb.co%2F7xmqgkkS%2FAdhil-9-S-03-mat-black-default.png&output=webp&q=78
Adhil 9S,ARFD1502,48V DC,NA,2700K, CRI>97,Φ60*H120mm ,6°,9W,AJ/CG,ATAS1060/27/06/CG,R-41159492,IS 10322 (PART 5/SEC 1) : 2012,12799,"Guangdong Sat Technology Co. Ltd., No. 11 Lianbao Rd, Shengfeng District, Xiaolan Town, Zhongshan City, Guangdong, China – 528400",https://wsrv.nl/?url=https%3A%2F%2Fi.ibb.co%2Fjktrb5Sd%2FAdhil-9-S-04-champeing-gold.png&output=webp&q=78
Adhil 9S,ARFD1502,48V DC,NA,2700K, CRI>97,Φ60*H120mm ,6°,9W,AJ/CG,ATAS1060/27/06/RG,R-41159492,IS 10322 (PART 5/SEC 1) : 2012,12799,"Guangdong Sat Technology Co. Ltd., No. 11 Lianbao Rd, Shengfeng District, Xiaolan Town, Zhongshan City, Guangdong, China – 528400",https://wsrv.nl/?url=https%3A%2F%2Fi.ibb.co%2FwF13MDQv%2FAdhil-9-S-08-rose-gold.png&output=webp&q=78
Adhil 9S,ARFD1502,48V DC,NA,2700K, CRI>97,Φ60*H120mm ,6°,9W,AJ/CG,ATAS1060/27/06/BR,R-41159492,IS 10322 (PART 5/SEC 1) : 2012,12799,"Guangdong Sat Technology Co. Ltd., No. 11 Lianbao Rd, Shengfeng District, Xiaolan Town, Zhongshan City, Guangdong, China – 528400",https://wsrv.nl/?url=https%3A%2F%2Fi.ibb.co%2FWNVGYgRZ%2FAdhil-9-S-10-brown.png&output=webp&q=78
Adhil 9S,ARFD1502,48V DC,NA,2700K, CRI>97,Φ60*H120mm ,6°,9W,AJ/CG,ATAS1060/27/06/COF,R-41159492,IS 10322 (PART 5/SEC 1) : 2012,12799,"Guangdong Sat Technology Co. Ltd., No. 11 Lianbao Rd, Shengfeng District, Xiaolan Town, Zhongshan City, Guangdong, China – 528400",https://wsrv.nl/?url=https%3A%2F%2Fi.ibb.co%2FFbznBJMn%2FAdhil-9-S-07-coffee.png&output=webp&q=78
Adhil 9S,ARFD1502,48V DC,NA,2700K, CRI>97,Φ60*H120mm ,6°,9W,AJ/CG,ATAS1060/27/06/DGR,R-41159492,IS 10322 (PART 5/SEC 1) : 2012,12799,"Guangdong Sat Technology Co. Ltd., No. 11 Lianbao Rd, Shengfeng District, Xiaolan Town, Zhongshan City, Guangdong, China – 528400",https://wsrv.nl/?url=https%3A%2F%2Fi.ibb.co%2FJS4zj9P%2FAdhil-9-S-09-dark-gray-default.png&output=webp&q=78
Adhil 9S,ARFD1502,48V DC,NA,2700K, CRI>97,Φ60*H120mm ,6°,9W,AJ/CG,ATAS1060/27/06/BB,R-41159492,IS 10322 (PART 5/SEC 1) : 2012,12799,"Guangdong Sat Technology Co. Ltd., No. 11 Lianbao Rd, Shengfeng District, Xiaolan Town, Zhongshan City, Guangdong, China – 528400",https://wsrv.nl/?url=https%3A%2F%2Fi.ibb.co%2FcSpKHP2j%2FAdhil-9-S-06-ballet-blue.png&output=webp&q=78
Adhil 9S,ARFD1502,48V DC,NA,2700K, CRI>97,Φ60*H120mm ,6°,9W,AJ/CG,ATAS1060/27/06/CH,R-41159492,IS 10322 (PART 5/SEC 1) : 2012,12799,"Guangdong Sat Technology Co. Ltd., No. 11 Lianbao Rd, Shengfeng District, Xiaolan Town, Zhongshan City, Guangdong, China – 528400",https://wsrv.nl/?url=https%3A%2F%2Fi.ibb.co%2F6787Wr0q%2FAdhil-9-S-01-chrome.png&output=webp&q=78
Adhil 9S,ARFD1502,48V DC,NA,2700K, CRI>97,Φ60*H120mm ,6°,9W,AJ/CG,ATAS1060/27/06/CHB,R-41159492,IS 10322 (PART 5/SEC 1) : 2012,12799,"Guangdong Sat Technology Co. Ltd., No. 11 Lianbao Rd, Shengfeng District, Xiaolan Town, Zhongshan City, Guangdong, China – 528400",https://wsrv.nl/?url=https%3A%2F%2Fi.ibb.co%2FZ6MX0TTq%2FAdhil-9-S-02-chrome-black.png&output=webp&q=78
Adhil 9S,ARFD1502,48V DC,NA,3000K, CRI>97,Φ60*H120mm ,6°,9W,AJ/CG,ATAS1060/30/06/W,R-41159492,IS 10322 (PART 5/SEC 1) : 2012,11799,"Guangdong Sat Technology Co. Ltd., No. 11 Lianbao Rd, Shengfeng District, Xiaolan Town, Zhongshan City, Guangdong, China – 528400",https://wsrv.nl/?url=https%3A%2F%2Fi.ibb.co%2FpHVwtRb%2FAdhil-9-S-05-white.png&output=webp&q=78
Adhil 9S,ARFD1502,48V DC,NA,3000K, CRI>97,Φ60*H120mm ,6°,9W,AJ/CG,ATAS1060/30/06/B,R-41159492,IS 10322 (PART 5/SEC 1) : 2012,11799,"Guangdong Sat Technology Co. Ltd., No. 11 Lianbao Rd, Shengfeng District, Xiaolan Town, Zhongshan City, Guangdong, China – 528400",https://wsrv.nl/?url=https%3A%2F%2Fi.ibb.co%2F7xmqgkkS%2FAdhil-9-S-03-mat-black-default.png&output=webp&q=78
Adhil 9S,ARFD1502,48V DC,NA,3000K, CRI>97,Φ60*H120mm ,6°,9W,AJ/CG,ATAS1060/30/06/CG,R-41159492,IS 10322 (PART 5/SEC 1) : 2012,12799,"Guangdong Sat Technology Co. Ltd., No. 11 Lianbao Rd, Shengfeng District, Xiaolan Town, Zhongshan City, Guangdong, China – 528400",https://wsrv.nl/?url=https%3A%2F%2Fi.ibb.co%2Fjktrb5Sd%2FAdhil-9-S-04-champeing-gold.png&output=webp&q=78
Adhil 9S,ARFD1502,48V DC,NA,3000K, CRI>97,Φ60*H120mm ,6°,9W,AJ/CG,ATAS1060/30/06/RG,R-41159492,IS 10322 (PART 5/SEC 1) : 2012,12799,"Guangdong Sat Technology Co. Ltd., No. 11 Lianbao Rd, Shengfeng District, Xiaolan Town, Zhongshan City, Guangdong, China – 528400",https://wsrv.nl/?url=https%3A%2F%2Fi.ibb.co%2FwF13MDQv%2FAdhil-9-S-08-rose-gold.png&output=webp&q=78
Adhil 9S,ARFD1502,48V DC,NA,3000K, CRI>97,Φ60*H120mm ,6°,9W,AJ/CG,ATAS1060/30/06/BR,R-41159492,IS 10322 (PART 5/SEC 1) : 2012,12799,"Guangdong Sat Technology Co. Ltd., No. 11 Lianbao Rd, Shengfeng District, Xiaolan Town, Zhongshan City, Guangdong, China – 528400",https://wsrv.nl/?url=https%3A%2F%2Fi.ibb.co%2FWNVGYgRZ%2FAdhil-9-S-10-brown.png&output=webp&q=78
Adhil 9S,ARFD1502,48V DC,NA,3000K, CRI>97,Φ60*H120mm ,6°,9W,AJ/CG,ATAS1060/30/06/COF,R-41159492,IS 10322 (PART 5/SEC 1) : 2012,12799,"Guangdong Sat Technology Co. Ltd., No. 11 Lianbao Rd, Shengfeng District, Xiaolan Town, Zhongshan City, Guangdong, China – 528400",https://wsrv.nl/?url=https%3A%2F%2Fi.ibb.co%2FFbznBJMn%2FAdhil-9-S-07-coffee.png&output=webp&q=78
Adhil 9S,ARFD1502,48V DC,NA,3000K, CRI>97,Φ60*H120mm ,6°,9W,AJ/CG,ATAS1060/30/06/DGR,R-41159492,IS 10322 (PART 5/SEC 1) : 2012,12799,"Guangdong Sat Technology Co. Ltd., No. 11 Lianbao Rd, Shengfeng District, Xiaolan Town, Zhongshan City, Guangdong, China – 528400",https://wsrv.nl/?url=https%3A%2F%2Fi.ibb.co%2FJS4zj9P%2FAdhil-9-S-09-dark-gray-default.png&output=webp&q=78
Adhil 9S,ARFD1502,48V DC,NA,3000K, CRI>97,Φ60*H120mm ,6°,9W,AJ/CG,ATAS1060/30/06/BB,R-41159492,IS 10322 (PART 5/SEC 1) : 2012,12799,"Guangdong Sat Technology Co. Ltd., No. 11 Lianbao Rd, Shengfeng District, Xiaolan Town, Zhongshan City, Guangdong, China – 528400",https://wsrv.nl/?url=https%3A%2F%2Fi.ibb.co%2FcSpKHP2j%2FAdhil-9-S-06-ballet-blue.png&output=webp&q=78
Adhil 9S,ARFD1502,48V DC,NA,3000K, CRI>97,Φ60*H120mm ,6°,9W,AJ/CG,ATAS1060/30/06/CH,R-41159492,IS 10322 (PART 5/SEC 1) : 2012,12799,"Guangdong Sat Technology Co. Ltd., No. 11 Lianbao Rd, Shengfeng District, Xiaolan Town, Zhongshan City, Guangdong, China – 528400",https://wsrv.nl/?url=https%3A%2F%2Fi.ibb.co%2F6787Wr0q%2FAdhil-9-S-01-chrome.png&output=webp&q=78
Adhil 9S,ARFD1502,48V DC,NA,3000K, CRI>97,Φ60*H120mm ,6°,9W,AJ/CG,ATAS1060/30/06/CHB,R-41159492,IS 10322 (PART 5/SEC 1) : 2012,12799,"Guangdong Sat Technology Co. Ltd., No. 11 Lianbao Rd, Shengfeng District, Xiaolan Town, Zhongshan City, Guangdong, China – 528400",https://wsrv.nl/?url=https%3A%2F%2Fi.ibb.co%2FZ6MX0TTq%2FAdhil-9-S-02-chrome-black.png&output=webp&q=78
Adhil 9S,ARFD1502,48V DC,NA,3500K, CRI>97,Φ60*H120mm ,6°,9W,AJ/CG,ATAS1060/35/06/W,R-41159492,IS 10322 (PART 5/SEC 1) : 2012,11799,"Guangdong Sat Technology Co. Ltd., No. 11 Lianbao Rd, Shengfeng District, Xiaolan Town, Zhongshan City, Guangdong, China – 528400",https://wsrv.nl/?url=https%3A%2F%2Fi.ibb.co%2FpHVwtRb%2FAdhil-9-S-05-white.png&output=webp&q=78
Adhil 9S,ARFD1502,48V DC,NA,3500K, CRI>97,Φ60*H120mm ,6°,9W,AJ/CG,ATAS1060/35/06/B,R-41159492,IS 10322 (PART 5/SEC 1) : 2012,11799,"Guangdong Sat Technology Co. Ltd., No. 11 Lianbao Rd, Shengfeng District, Xiaolan Town, Zhongshan City, Guangdong, China – 528400",https://wsrv.nl/?url=https%3A%2F%2Fi.ibb.co%2F7xmqgkkS%2FAdhil-9-S-03-mat-black-default.png&output=webp&q=78
Adhil 9S,ARFD1502,48V DC,NA,3500K, CRI>97,Φ60*H120mm ,6°,9W,AJ/CG,ATAS1060/35/06/CG,R-41159492,IS 10322 (PART 5/SEC 1) : 2012,12799,"Guangdong Sat Technology Co. Ltd., No. 11 Lianbao Rd, Shengfeng District, Xiaolan Town, Zhongshan City, Guangdong, China – 528400",https://wsrv.nl/?url=https%3A%2F%2Fi.ibb.co%2Fjktrb5Sd%2FAdhil-9-S-04-champeing-gold.png&output=webp&q=78
Adhil 9S,ARFD1502,48V DC,NA,3500K, CRI>97,Φ60*H120mm ,6°,9W,AJ/CG,ATAS1060/35/06/RG,R-41159492,IS 10322 (PART 5/SEC 1) : 2012,12799,"Guangdong Sat Technology Co. Ltd., No. 11 Lianbao Rd, Shengfeng District, Xiaolan Town, Zhongshan City, Guangdong, China – 528400",https://wsrv.nl/?url=https%3A%2F%2Fi.ibb.co%2FwF13MDQv%2FAdhil-9-S-08-rose-gold.png&output=webp&q=78
Adhil 9S,ARFD1502,48V DC,NA,3500K, CRI>97,Φ60*H120mm ,6°,9W,AJ/CG,ATAS1060/35/06/BR,R-41159492,IS 10322 (PART 5/SEC 1) : 2012,12799,"Guangdong Sat Technology Co. Ltd., No. 11 Lianbao Rd, Shengfeng District, Xiaolan Town, Zhongshan City, Guangdong, China – 528400",https://wsrv.nl/?url=https%3A%2F%2Fi.ibb.co%2FWNVGYgRZ%2FAdhil-9-S-10-brown.png&output=webp&q=78
Adhil 9S,ARFD1502,48V DC,NA,3500K, CRI>97,Φ60*H120mm ,6°,9W,AJ/CG,ATAS1060/35/06/COF,R-41159492,IS 10322 (PART 5/SEC 1) : 2012,12799,"Guangdong Sat Technology Co. Ltd., No. 11 Lianbao Rd, Shengfeng District, Xiaolan Town, Zhongshan City, Guangdong, China – 528400",https://wsrv.nl/?url=https%3A%2F%2Fi.ibb.co%2FFbznBJMn%2FAdhil-9-S-07-coffee.png&output=webp&q=78
Adhil 9S,ARFD1502,48V DC,NA,3500K, CRI>97,Φ60*H120mm ,6°,9W,AJ/CG,ATAS1060/35/06/DGR,R-41159492,IS 10322 (PART 5/SEC 1) : 2012,12799,"Guangdong Sat Technology Co. Ltd., No. 11 Lianbao Rd, Shengfeng District, Xiaolan Town, Zhongshan City, Guangdong, China – 528400",https://wsrv.nl/?url=https%3A%2F%2Fi.ibb.co%2FJS4zj9P%2FAdhil-9-S-09-dark-gray-default.png&output=webp&q=78
Adhil 9S,ARFD1502,48V DC,NA,3500K, CRI>97,Φ60*H120mm ,6°,9W,AJ/CG,ATAS1060/35/06/BB,R-41159492,IS 10322 (PART 5/SEC 1) : 2012,12799,"Guangdong Sat Technology Co. Ltd., No. 11 Lianbao Rd, Shengfeng District, Xiaolan Town, Zhongshan City, Guangdong, China – 528400",https://wsrv.nl/?url=https%3A%2F%2Fi.ibb.co%2FcSpKHP2j%2FAdhil-9-S-06-ballet-blue.png&output=webp&q=78
Adhil 9S,ARFD1502,48V DC,NA,3500K, CRI>97,Φ60*H120mm ,6°,9W,AJ/CG,ATAS1060/35/06/CH,R-41159492,IS 10322 (PART 5/SEC 1) : 2012,12799,"Guangdong Sat Technology Co. Ltd., No. 11 Lianbao Rd, Shengfeng District, Xiaolan Town, Zhongshan City, Guangdong, China – 528400",https://wsrv.nl/?url=https%3A%2F%2Fi.ibb.co%2F6787Wr0q%2FAdhil-9-S-01-chrome.png&output=webp&q=78
Adhil 9S,ARFD1502,48V DC,NA,3500K, CRI>97,Φ60*H120mm ,6°,9W,AJ/CG,ATAS1060/35/06/CHB,R-41159492,IS 10322 (PART 5/SEC 1) : 2012,12799,"Guangdong Sat Technology Co. Ltd., No. 11 Lianbao Rd, Shengfeng District, Xiaolan Town, Zhongshan City, Guangdong, China – 528400",https://wsrv.nl/?url=https%3A%2F%2Fi.ibb.co%2FZ6MX0TTq%2FAdhil-9-S-02-chrome-black.png&output=webp&q=78
Adhil 9S,ARFD1502,48V DC,NA,4000K, CRI>97,Φ60*H120mm ,6°,9W,AJ/CG,ATAS1060/40/06/W,R-41159492,IS 10322 (PART 5/SEC 1) : 2012,11799,"Guangdong Sat Technology Co. Ltd., No. 11 Lianbao Rd, Shengfeng District, Xiaolan Town, Zhongshan City, Guangdong, China – 528400",https://wsrv.nl/?url=https%3A%2F%2Fi.ibb.co%2FpHVwtRb%2FAdhil-9-S-05-white.png&output=webp&q=78
Adhil 9S,ARFD1502,48V DC,NA,4000K, CRI>97,Φ60*H120mm ,6°,9W,AJ/CG,ATAS1060/40/06/B,R-41159492,IS 10322 (PART 5/SEC 1) : 2012,11799,"Guangdong Sat Technology Co. Ltd., No. 11 Lianbao Rd, Shengfeng District, Xiaolan Town, Zhongshan City, Guangdong, China – 528400",https://wsrv.nl/?url=https%3A%2F%2Fi.ibb.co%2F7xmqgkkS%2FAdhil-9-S-03-mat-black-default.png&output=webp&q=78
Adhil 9S,ARFD1502,48V DC,NA,4000K, CRI>97,Φ60*H120mm ,6°,9W,AJ/CG,ATAS1060/40/06/CG,R-41159492,IS 10322 (PART 5/SEC 1) : 2012,12799,"Guangdong Sat Technology Co. Ltd., No. 11 Lianbao Rd, Shengfeng District, Xiaolan Town, Zhongshan City, Guangdong, China – 528400",https://wsrv.nl/?url=https%3A%2F%2Fi.ibb.co%2Fjktrb5Sd%2FAdhil-9-S-04-champeing-gold.png&output=webp&q=78
Adhil 9S,ARFD1502,48V DC,NA,4000K, CRI>97,Φ60*H120mm ,6°,9W,AJ/CG,ATAS1060/40/06/RG,R-41159492,IS 10322 (PART 5/SEC 1) : 2012,12799,"Guangdong Sat Technology Co. Ltd., No. 11 Lianbao Rd, Shengfeng District, Xiaolan Town, Zhongshan City, Guangdong, China – 528400",https://wsrv.nl/?url=https%3A%2F%2Fi.ibb.co%2FwF13MDQv%2FAdhil-9-S-08-rose-gold.png&output=webp&q=78
Adhil 9S,ARFD1502,48V DC,NA,4000K, CRI>97,Φ60*H120mm ,6°,9W,AJ/CG,ATAS1060/40/06/BR,R-41159492,IS 10322 (PART 5/SEC 1) : 2012,12799,"Guangdong Sat Technology Co. Ltd., No. 11 Lianbao Rd, Shengfeng District, Xiaolan Town, Zhongshan City, Guangdong, China – 528400",https://wsrv.nl/?url=https%3A%2F%2Fi.ibb.co%2FWNVGYgRZ%2FAdhil-9-S-10-brown.png&output=webp&q=78
Adhil 9S,ARFD1502,48V DC,NA,4000K, CRI>97,Φ60*H120mm ,6°,9W,AJ/CG,ATAS1060/40/06/COF,R-41159492,IS 10322 (PART 5/SEC 1) : 2012,12799,"Guangdong Sat Technology Co. Ltd., No. 11 Lianbao Rd, Shengfeng District, Xiaolan Town, Zhongshan City, Guangdong, China – 528400",https://wsrv.nl/?url=https%3A%2F%2Fi.ibb.co%2FFbznBJMn%2FAdhil-9-S-07-coffee.png&output=webp&q=78
Adhil 9S,ARFD1502,48V DC,NA,4000K, CRI>97,Φ60*H120mm ,6°,9W,AJ/CG,ATAS1060/40/06/DGR,R-41159492,IS 10322 (PART 5/SEC 1) : 2012,12799,"Guangdong Sat Technology Co. Ltd., No. 11 Lianbao Rd, Shengfeng District, Xiaolan Town, Zhongshan City, Guangdong, China – 528400",https://wsrv.nl/?url=https%3A%2F%2Fi.ibb.co%2FJS4zj9P%2FAdhil-9-S-09-dark-gray-default.png&output=webp&q=78
Adhil 9S,ARFD1502,48V DC,NA,4000K, CRI>97,Φ60*H120mm ,6°,9W,AJ/CG,ATAS1060/40/06/BB,R-41159492,IS 10322 (PART 5/SEC 1) : 2012,12799,"Guangdong Sat Technology Co. Ltd., No. 11 Lianbao Rd, Shengfeng District, Xiaolan Town, Zhongshan City, Guangdong, China – 528400",https://wsrv.nl/?url=https%3A%2F%2Fi.ibb.co%2FcSpKHP2j%2FAdhil-9-S-06-ballet-blue.png&output=webp&q=78
Adhil 9S,ARFD1502,48V DC,NA,4000K, CRI>97,Φ60*H120mm ,6°,9W,AJ/CG,ATAS1060/40/06/CH,R-41159492,IS 10322 (PART 5/SEC 1) : 2012,12799,"Guangdong Sat Technology Co. Ltd., No. 11 Lianbao Rd, Shengfeng District, Xiaolan Town, Zhongshan City, Guangdong, China – 528400",https://wsrv.nl/?url=https%3A%2F%2Fi.ibb.co%2F6787Wr0q%2FAdhil-9-S-01-chrome.png&output=webp&q=78
Adhil 9S,ARFD1502,48V DC,NA,4000K, CRI>97,Φ60*H120mm ,6°,9W,AJ/CG,ATAS1060/40/06/CHB,R-41159492,IS 10322 (PART 5/SEC 1) : 2012,12799,"Guangdong Sat Technology Co. Ltd., No. 11 Lianbao Rd, Shengfeng District, Xiaolan Town, Zhongshan City, Guangdong, China – 528400",https://wsrv.nl/?url=https%3A%2F%2Fi.ibb.co%2FZ6MX0TTq%2FAdhil-9-S-02-chrome-black.png&output=webp&q=78
Adhil 9S,ARFD1502,48V DC,NA,5000K, CRI>97,Φ60*H120mm ,6°,9W,AJ/CG,ATAS1060/50/06/W,R-41159492,IS 10322 (PART 5/SEC 1) : 2012,11799,"Guangdong Sat Technology Co. Ltd., No. 11 Lianbao Rd, Shengfeng District, Xiaolan Town, Zhongshan City, Guangdong, China – 528400",https://wsrv.nl/?url=https%3A%2F%2Fi.ibb.co%2FpHVwtRb%2FAdhil-9-S-05-white.png&output=webp&q=78
Adhil 9S,ARFD1502,48V DC,NA,5000K, CRI>97,Φ60*H120mm ,6°,9W,AJ/CG,ATAS1060/50/06/B,R-41159492,IS 10322 (PART 5/SEC 1) : 2012,11799,"Guangdong Sat Technology Co. Ltd., No. 11 Lianbao Rd, Shengfeng District, Xiaolan Town, Zhongshan City, Guangdong, China – 528400",https://wsrv.nl/?url=https%3A%2F%2Fi.ibb.co%2F7xmqgkkS%2FAdhil-9-S-03-mat-black-default.png&output=webp&q=78
Adhil 9S,ARFD1502,48V DC,NA,5000K, CRI>97,Φ60*H120mm ,6°,9W,AJ/CG,ATAS1060/50/06/CG,R-41159492,IS 10322 (PART 5/SEC 1) : 2012,12799,"Guangdong Sat Technology Co. Ltd., No. 11 Lianbao Rd, Shengfeng District, Xiaolan Town, Zhongshan City, Guangdong, China – 528400",https://wsrv.nl/?url=https%3A%2F%2Fi.ibb.co%2Fjktrb5Sd%2FAdhil-9-S-04-champeing-gold.png&output=webp&q=78
Adhil 9S,ARFD1502,48V DC,NA,5000K, CRI>97,Φ60*H120mm ,6°,9W,AJ/CG,ATAS1060/50/06/RG,R-41159492,IS 10322 (PART 5/SEC 1) : 2012,12799,"Guangdong Sat Technology Co. Ltd., No. 11 Lianbao Rd, Shengfeng District, Xiaolan Town, Zhongshan City, Guangdong, China – 528400",https://wsrv.nl/?url=https%3A%2F%2Fi.ibb.co%2FwF13MDQv%2FAdhil-9-S-08-rose-gold.png&output=webp&q=78
Adhil 9S,ARFD1502,48V DC,NA,5000K, CRI>97,Φ60*H120mm ,6°,9W,AJ/CG,ATAS1060/50/06/BR,R-41159492,IS 10322 (PART 5/SEC 1) : 2012,12799,"Guangdong Sat Technology Co. Ltd., No. 11 Lianbao Rd, Shengfeng District, Xiaolan Town, Zhongshan City, Guangdong, China – 528400",https://wsrv.nl/?url=https%3A%2F%2Fi.ibb.co%2FWNVGYgRZ%2FAdhil-9-S-10-brown.png&output=webp&q=78
Adhil 9S,ARFD1502,48V DC,NA,5000K, CRI>97,Φ60*H120mm ,6°,9W,AJ/CG,ATAS1060/50/06/COF,R-41159492,IS 10322 (PART 5/SEC 1) : 2012,12799,"Guangdong Sat Technology Co. Ltd., No. 11 Lianbao Rd, Shengfeng District, Xiaolan Town, Zhongshan City, Guangdong, China – 528400",https://wsrv.nl/?url=https%3A%2F%2Fi.ibb.co%2FFbznBJMn%2FAdhil-9-S-07-coffee.png&output=webp&q=78
Adhil 9S,ARFD1502,48V DC,NA,5000K, CRI>97,Φ60*H120mm ,6°,9W,AJ/CG,ATAS1060/50/06/DGR,R-41159492,IS 10322 (PART 5/SEC 1) : 2012,12799,"Guangdong Sat Technology Co. Ltd., No. 11 Lianbao Rd, Shengfeng District, Xiaolan Town, Zhongshan City, Guangdong, China – 528400",https://wsrv.nl/?url=https%3A%2F%2Fi.ibb.co%2FJS4zj9P%2FAdhil-9-S-09-dark-gray-default.png&output=webp&q=78
Adhil 9S,ARFD1502,48V DC,NA,5000K, CRI>97,Φ60*H120mm ,6°,9W,AJ/CG,ATAS1060/50/06/BB,R-41159492,IS 10322 (PART 5/SEC 1) : 2012,12799,"Guangdong Sat Technology Co. Ltd., No. 11 Lianbao Rd, Shengfeng District, Xiaolan Town, Zhongshan City, Guangdong, China – 528400",https://wsrv.nl/?url=https%3A%2F%2Fi.ibb.co%2FcSpKHP2j%2FAdhil-9-S-06-ballet-blue.png&output=webp&q=78
Adhil 9S,ARFD1502,48V DC,NA,5000K, CRI>97,Φ60*H120mm ,6°,9W,AJ/CG,ATAS1060/50/06/CH,R-41159492,IS 10322 (PART 5/SEC 1) : 2012,12799,"Guangdong Sat Technology Co. Ltd., No. 11 Lianbao Rd, Shengfeng District, Xiaolan Town, Zhongshan City, Guangdong, China – 528400",https://wsrv.nl/?url=https%3A%2F%2Fi.ibb.co%2F6787Wr0q%2FAdhil-9-S-01-chrome.png&output=webp&q=78
Adhil 9S,ARFD1502,48V DC,NA,5000K, CRI>97,Φ60*H120mm ,6°,9W,AJ/CG,ATAS1060/50/06/CHB,R-41159492,IS 10322 (PART 5/SEC 1) : 2012,12799,"Guangdong Sat Technology Co. Ltd., No. 11 Lianbao Rd, Shengfeng District, Xiaolan Town, Zhongshan City, Guangdong, China – 528400",https://wsrv.nl/?url=https%3A%2F%2Fi.ibb.co%2FZ6MX0TTq%2FAdhil-9-S-02-chrome-black.png&output=webp&q=78
Adhil 15S,ARFD1502,48V DC,NA,2700K, CRI>97,Φ60*H120mm ,15°,15W,AJ/CG,ATAS1560/27/15/W,R-41159492,IS 10322 (PART 5/SEC 1) : 2012,11799,"Guangdong Sat Technology Co. Ltd., No. 11 Lianbao Rd, Shengfeng District, Xiaolan Town, Zhongshan City, Guangdong, China – 528400",https://wsrv.nl/?url=https%3A%2F%2Fi.ibb.co%2FpHVwtRb%2FAdhil-15-S-05-white.png&output=webp&q=78
Adhil 15S,ARFD1502,48V DC,NA,2700K, CRI>97,Φ60*H120mm ,15°,15W,AJ/CG,ATAS1560/27/15/B,R-41159492,IS 10322 (PART 5/SEC 1) : 2012,11799,"Guangdong Sat Technology Co. Ltd., No. 11 Lianbao Rd, Shengfeng District, Xiaolan Town, Zhongshan City, Guangdong, China – 528400",https://wsrv.nl/?url=https%3A%2F%2Fi.ibb.co%2F7xmqgkkS%2FAdhil-15-S-03-mat-black-default.png&output=webp&q=78
Adhil 15S,ARFD1502,48V DC,NA,2700K, CRI>97,Φ60*H120mm ,15°,15W,AJ/CG,ATAS1560/27/15/CG,R-41159492,IS 10322 (PART 5/SEC 1) : 2012,12799,"Guangdong Sat Technology Co. Ltd., No. 11 Lianbao Rd, Shengfeng District, Xiaolan Town, Zhongshan City, Guangdong, China – 528400",https://wsrv.nl/?url=https%3A%2F%2Fi.ibb.co%2Fjktrb5Sd%2FAdhil-15-S-04-champeing-gold.png&output=webp&q=78
Adhil 15S,ARFD1502,48V DC,NA,2700K, CRI>97,Φ60*H120mm ,15°,15W,AJ/CG,ATAS1560/27/15/RG,R-41159492,IS 10322 (PART 5/SEC 1) : 2012,12799,"Guangdong Sat Technology Co. Ltd., No. 11 Lianbao Rd, Shengfeng District, Xiaolan Town, Zhongshan City, Guangdong, China – 528400",https://wsrv.nl/?url=https%3A%2F%2Fi.ibb.co%2FwF13MDQv%2FAdhil-15-S-08-rose-gold.png&output=webp&q=78
Adhil 15S,ARFD1502,48V DC,NA,2700K, CRI>97,Φ60*H120mm ,15°,15W,AJ/CG,ATAS1560/27/15/BR,R-41159492,IS 10322 (PART 5/SEC 1) : 2012,12799,"Guangdong Sat Technology Co. Ltd., No. 11 Lianbao Rd, Shengfeng District, Xiaolan Town, Zhongshan City, Guangdong, China – 528400",https://wsrv.nl/?url=https%3A%2F%2Fi.ibb.co%2FWNVGYgRZ%2FAdhil-15-S-10-brown.png&output=webp&q=78
Adhil 15S,ARFD1502,48V DC,NA,2700K, CRI>97,Φ60*H120mm ,15°,15W,AJ/CG,ATAS1560/27/15/COF,R-41159492,IS 10322 (PART 5/SEC 1) : 2012,12799,"Guangdong Sat Technology Co. Ltd., No. 11 Lianbao Rd, Shengfeng District, Xiaolan Town, Zhongshan City, Guangdong, China – 528400",https://wsrv.nl/?url=https%3A%2F%2Fi.ibb.co%2FFbznBJMn%2FAdhil-15-S-07-coffee.png&output=webp&q=78
Adhil 15S,ARFD1502,48V DC,NA,2700K, CRI>97,Φ60*H120mm ,15°,15W,AJ/CG,ATAS1560/27/15/DGR,R-41159492,IS 10322 (PART 5/SEC 1) : 2012,12799,"Guangdong Sat Technology Co. Ltd., No. 11 Lianbao Rd, Shengfeng District, Xiaolan Town, Zhongshan City, Guangdong, China – 528400",https://wsrv.nl/?url=https%3A%2F%2Fi.ibb.co%2FJS4zj9P%2FAdhil-15-S-09-dark-gray-default.png&output=webp&q=78
Adhil 15S,ARFD1502,48V DC,NA,2700K, CRI>97,Φ60*H120mm ,15°,15W,AJ/CG,ATAS1560/27/15/BB,R-41159492,IS 10322 (PART 5/SEC 1) : 2012,12799,"Guangdong Sat Technology Co. Ltd., No. 11 Lianbao Rd, Shengfeng District, Xiaolan Town, Zhongshan City, Guangdong, China – 528400",https://wsrv.nl/?url=https%3A%2F%2Fi.ibb.co%2FcSpKHP2j%2FAdhil-15-S-06-ballet-blue.png&output=webp&q=78
Adhil 15S,ARFD1502,48V DC,NA,2700K, CRI>97,Φ60*H120mm ,15°,15W,AJ/CG,ATAS1560/27/15/CH,R-41159492,IS 10322 (PART 5/SEC 1) : 2012,12799,"Guangdong Sat Technology Co. Ltd., No. 11 Lianbao Rd, Shengfeng District, Xiaolan Town, Zhongshan City, Guangdong, China – 528400",https://wsrv.nl/?url=https%3A%2F%2Fi.ibb.co%2F6787Wr0q%2FAdhil-15-S-01-chrome.png&output=webp&q=78
Adhil 15S,ARFD1502,48V DC,NA,2700K, CRI>97,Φ60*H120mm ,15°,15W,AJ/CG,ATAS1560/27/15/CHB,R-41159492,IS 10322 (PART 5/SEC 1) : 2012,12799,"Guangdong Sat Technology Co. Ltd., No. 11 Lianbao Rd, Shengfeng District, Xiaolan Town, Zhongshan City, Guangdong, China – 528400",https://wsrv.nl/?url=https%3A%2F%2Fi.ibb.co%2FZ6MX0TTq%2FAdhil-15-S-02-chrome-black.png&output=webp&q=78
Adhil 15S,ARFD1502,48V DC,NA,3000K, CRI>97,Φ60*H120mm ,15°,15W,AJ/CG,ATAS1560/30/15/W,R-41159492,IS 10322 (PART 5/SEC 1) : 2012,11799,"Guangdong Sat Technology Co. Ltd., No. 11 Lianbao Rd, Shengfeng District, Xiaolan Town, Zhongshan City, Guangdong, China – 528400",https://wsrv.nl/?url=https%3A%2F%2Fi.ibb.co%2FpHVwtRb%2FAdhil-15-S-05-white.png&output=webp&q=78
Adhil 15S,ARFD1502,48V DC,NA,3000K, CRI>97,Φ60*H120mm ,15°,15W,AJ/CG,ATAS1560/30/15/B,R-41159492,IS 10322 (PART 5/SEC 1) : 2012,11799,"Guangdong Sat Technology Co. Ltd., No. 11 Lianbao Rd, Shengfeng District, Xiaolan Town, Zhongshan City, Guangdong, China – 528400",https://wsrv.nl/?url=https%3A%2F%2Fi.ibb.co%2F7xmqgkkS%2FAdhil-15-S-03-mat-black-default.png&output=webp&q=78
Adhil 15S,ARFD1502,48V DC,NA,3000K, CRI>97,Φ60*H120mm ,15°,15W,AJ/CG,ATAS1560/30/15/CG,R-41159492,IS 10322 (PART 5/SEC 1) : 2012,12799,"Guangdong Sat Technology Co. Ltd., No. 11 Lianbao Rd, Shengfeng District, Xiaolan Town, Zhongshan City, Guangdong, China – 528400",https://wsrv.nl/?url=https%3A%2F%2Fi.ibb.co%2Fjktrb5Sd%2FAdhil-15-S-04-champeing-gold.png&output=webp&q=78
Adhil 15S,ARFD1502,48V DC,NA,3000K, CRI>97,Φ60*H120mm ,15°,15W,AJ/CG,ATAS1560/30/15/RG,R-41159492,IS 10322 (PART 5/SEC 1) : 2012,12799,"Guangdong Sat Technology Co. Ltd., No. 11 Lianbao Rd, Shengfeng District, Xiaolan Town, Zhongshan City, Guangdong, China – 528400",https://wsrv.nl/?url=https%3A%2F%2Fi.ibb.co%2FwF13MDQv%2FAdhil-15-S-08-rose-gold.png&output=webp&q=78
Adhil 15S,ARFD1502,48V DC,NA,3000K, CRI>97,Φ60*H120mm ,15°,15W,AJ/CG,ATAS1560/30/15/BR,R-41159492,IS 10322 (PART 5/SEC 1) : 2012,12799,"Guangdong Sat Technology Co. Ltd., No. 11 Lianbao Rd, Shengfeng District, Xiaolan Town, Zhongshan City, Guangdong, China – 528400",https://wsrv.nl/?url=https%3A%2F%2Fi.ibb.co%2FWNVGYgRZ%2FAdhil-15-S-10-brown.png&output=webp&q=78
Adhil 15S,ARFD1502,48V DC,NA,3000K, CRI>97,Φ60*H120mm ,15°,15W,AJ/CG,ATAS1560/30/15/COF,R-41159492,IS 10322 (PART 5/SEC 1) : 2012,12799,"Guangdong Sat Technology Co. Ltd., No. 11 Lianbao Rd, Shengfeng District, Xiaolan Town, Zhongshan City, Guangdong, China – 528400",https://wsrv.nl/?url=https%3A%2F%2Fi.ibb.co%2FFbznBJMn%2FAdhil-15-S-07-coffee.png&output=webp&q=78
Adhil 15S,ARFD1502,48V DC,NA,3000K, CRI>97,Φ60*H120mm ,15°,15W,AJ/CG,ATAS1560/30/15/DGR,R-41159492,IS 10322 (PART 5/SEC 1) : 2012,12799,"Guangdong Sat Technology Co. Ltd., No. 11 Lianbao Rd, Shengfeng District, Xiaolan Town, Zhongshan City, Guangdong, China – 528400",https://wsrv.nl/?url=https%3A%2F%2Fi.ibb.co%2FJS4zj9P%2FAdhil-15-S-09-dark-gray-default.png&output=webp&q=78
Adhil 15S,ARFD1502,48V DC,NA,3000K, CRI>97,Φ60*H120mm ,15°,15W,AJ/CG,ATAS1560/30/15/BB,R-41159492,IS 10322 (PART 5/SEC 1) : 2012,12799,"Guangdong Sat Technology Co. Ltd., No. 11 Lianbao Rd, Shengfeng District, Xiaolan Town, Zhongshan City, Guangdong, China – 528400",https://wsrv.nl/?url=https%3A%2F%2Fi.ibb.co%2FcSpKHP2j%2FAdhil-15-S-06-ballet-blue.png&output=webp&q=78
Adhil 15S,ARFD1502,48V DC,NA,3000K, CRI>97,Φ60*H120mm ,15°,15W,AJ/CG,ATAS1560/30/15/CH,R-41159492,IS 10322 (PART 5/SEC 1) : 2012,12799,"Guangdong Sat Technology Co. Ltd., No. 11 Lianbao Rd, Shengfeng District, Xiaolan Town, Zhongshan City, Guangdong, China – 528400",https://wsrv.nl/?url=https%3A%2F%2Fi.ibb.co%2F6787Wr0q%2FAdhil-15-S-01-chrome.png&output=webp&q=78
Adhil 15S,ARFD1502,48V DC,NA,3000K, CRI>97,Φ60*H120mm ,15°,15W,AJ/CG,ATAS1560/30/15/CHB,R-41159492,IS 10322 (PART 5/SEC 1) : 2012,12799,"Guangdong Sat Technology Co. Ltd., No. 11 Lianbao Rd, Shengfeng District, Xiaolan Town, Zhongshan City, Guangdong, China – 528400",https://wsrv.nl/?url=https%3A%2F%2Fi.ibb.co%2FZ6MX0TTq%2FAdhil-15-S-02-chrome-black.png&output=webp&q=78
Adhil 15S,ARFD1502,48V DC,NA,3500K, CRI>97,Φ60*H120mm ,15°,15W,AJ/CG,ATAS1560/35/15/W,R-41159492,IS 10322 (PART 5/SEC 1) : 2012,11799,"Guangdong Sat Technology Co. Ltd., No. 11 Lianbao Rd, Shengfeng District, Xiaolan Town, Zhongshan City, Guangdong, China – 528400",https://wsrv.nl/?url=https%3A%2F%2Fi.ibb.co%2FpHVwtRb%2FAdhil-15-S-05-white.png&output=webp&q=78
Adhil 15S,ARFD1502,48V DC,NA,3500K, CRI>97,Φ60*H120mm ,15°,15W,AJ/CG,ATAS1560/35/15/B,R-41159492,IS 10322 (PART 5/SEC 1) : 2012,11799,"Guangdong Sat Technology Co. Ltd., No. 11 Lianbao Rd, Shengfeng District, Xiaolan Town, Zhongshan City, Guangdong, China – 528400",https://wsrv.nl/?url=https%3A%2F%2Fi.ibb.co%2F7xmqgkkS%2FAdhil-15-S-03-mat-black-default.png&output=webp&q=78
Adhil 15S,ARFD1502,48V DC,NA,3500K, CRI>97,Φ60*H120mm ,15°,15W,AJ/CG,ATAS1560/35/15/CG,R-41159492,IS 10322 (PART 5/SEC 1) : 2012,12799,"Guangdong Sat Technology Co. Ltd., No. 11 Lianbao Rd, Shengfeng District, Xiaolan Town, Zhongshan City, Guangdong, China – 528400",https://wsrv.nl/?url=https%3A%2F%2Fi.ibb.co%2Fjktrb5Sd%2FAdhil-15-S-04-champeing-gold.png&output=webp&q=78
Adhil 15S,ARFD1502,48V DC,NA,3500K, CRI>97,Φ60*H120mm ,15°,15W,AJ/CG,ATAS1560/35/15/RG,R-41159492,IS 10322 (PART 5/SEC 1) : 2012,12799,"Guangdong Sat Technology Co. Ltd., No. 11 Lianbao Rd, Shengfeng District, Xiaolan Town, Zhongshan City, Guangdong, China – 528400",https://wsrv.nl/?url=https%3A%2F%2Fi.ibb.co%2FwF13MDQv%2FAdhil-15-S-08-rose-gold.png&output=webp&q=78
Adhil 15S,ARFD1502,48V DC,NA,3500K, CRI>97,Φ60*H120mm ,15°,15W,AJ/CG,ATAS1560/35/15/BR,R-41159492,IS 10322 (PART 5/SEC 1) : 2012,12799,"Guangdong Sat Technology Co. Ltd., No. 11 Lianbao Rd, Shengfeng District, Xiaolan Town, Zhongshan City, Guangdong, China – 528400",https://wsrv.nl/?url=https%3A%2F%2Fi.ibb.co%2FWNVGYgRZ%2FAdhil-15-S-10-brown.png&output=webp&q=78
Adhil 15S,ARFD1502,48V DC,NA,3500K, CRI>97,Φ60*H120mm ,15°,15W,AJ/CG,ATAS1560/35/15/COF,R-41159492,IS 10322 (PART 5/SEC 1) : 2012,12799,"Guangdong Sat Technology Co. Ltd., No. 11 Lianbao Rd, Shengfeng District, Xiaolan Town, Zhongshan City, Guangdong, China – 528400",https://wsrv.nl/?url=https%3A%2F%2Fi.ibb.co%2FFbznBJMn%2FAdhil-15-S-07-coffee.png&output=webp&q=78
Adhil 15S,ARFD1502,48V DC,NA,3500K, CRI>97,Φ60*H120mm ,15°,15W,AJ/CG,ATAS1560/35/15/DGR,R-41159492,IS 10322 (PART 5/SEC 1) : 2012,12799,"Guangdong Sat Technology Co. Ltd., No. 11 Lianbao Rd, Shengfeng District, Xiaolan Town, Zhongshan City, Guangdong, China – 528400",https://wsrv.nl/?url=https%3A%2F%2Fi.ibb.co%2FJS4zj9P%2FAdhil-15-S-09-dark-gray-default.png&output=webp&q=78
Adhil 15S,ARFD1502,48V DC,NA,3500K, CRI>97,Φ60*H120mm ,15°,15W,AJ/CG,ATAS1560/35/15/BB,R-41159492,IS 10322 (PART 5/SEC 1) : 2012,12799,"Guangdong Sat Technology Co. Ltd., No. 11 Lianbao Rd, Shengfeng District, Xiaolan Town, Zhongshan City, Guangdong, China – 528400",https://wsrv.nl/?url=https%3A%2F%2Fi.ibb.co%2FcSpKHP2j%2FAdhil-15-S-06-ballet-blue.png&output=webp&q=78
Adhil 15S,ARFD1502,48V DC,NA,3500K, CRI>97,Φ60*H120mm ,15°,15W,AJ/CG,ATAS1560/35/15/CH,R-41159492,IS 10322 (PART 5/SEC 1) : 2012,12799,"Guangdong Sat Technology Co. Ltd., No. 11 Lianbao Rd, Shengfeng District, Xiaolan Town, Zhongshan City, Guangdong, China – 528400",https://wsrv.nl/?url=https%3A%2F%2Fi.ibb.co%2F6787Wr0q%2FAdhil-15-S-01-chrome.png&output=webp&q=78
Adhil 15S,ARFD1502,48V DC,NA,3500K, CRI>97,Φ60*H120mm ,15°,15W,AJ/CG,ATAS1560/35/15/CHB,R-41159492,IS 10322 (PART 5/SEC 1) : 2012,12799,"Guangdong Sat Technology Co. Ltd., No. 11 Lianbao Rd, Shengfeng District, Xiaolan Town, Zhongshan City, Guangdong, China – 528400",https://wsrv.nl/?url=https%3A%2F%2Fi.ibb.co%2FZ6MX0TTq%2FAdhil-15-S-02-chrome-black.png&output=webp&q=78
Adhil 15S,ARFD1502,48V DC,NA,4000K, CRI>97,Φ60*H120mm ,15°,15W,AJ/CG,ATAS1560/40/15/W,R-41159492,IS 10322 (PART 5/SEC 1) : 2012,11799,"Guangdong Sat Technology Co. Ltd., No. 11 Lianbao Rd, Shengfeng District, Xiaolan Town, Zhongshan City, Guangdong, China – 528400",https://wsrv.nl/?url=https%3A%2F%2Fi.ibb.co%2FpHVwtRb%2FAdhil-15-S-05-white.png&output=webp&q=78
Adhil 15S,ARFD1502,48V DC,NA,4000K, CRI>97,Φ60*H120mm ,15°,15W,AJ/CG,ATAS1560/40/15/B,R-41159492,IS 10322 (PART 5/SEC 1) : 2012,11799,"Guangdong Sat Technology Co. Ltd., No. 11 Lianbao Rd, Shengfeng District, Xiaolan Town, Zhongshan City, Guangdong, China – 528400",https://wsrv.nl/?url=https%3A%2F%2Fi.ibb.co%2F7xmqgkkS%2FAdhil-15-S-03-mat-black-default.png&output=webp&q=78
Adhil 15S,ARFD1502,48V DC,NA,4000K, CRI>97,Φ60*H120mm ,15°,15W,AJ/CG,ATAS1560/40/15/CG,R-41159492,IS 10322 (PART 5/SEC 1) : 2012,12799,"Guangdong Sat Technology Co. Ltd., No. 11 Lianbao Rd, Shengfeng District, Xiaolan Town, Zhongshan City, Guangdong, China – 528400",https://wsrv.nl/?url=https%3A%2F%2Fi.ibb.co%2Fjktrb5Sd%2FAdhil-15-S-04-champeing-gold.png&output=webp&q=78
Adhil 15S,ARFD1502,48V DC,NA,4000K, CRI>97,Φ60*H120mm ,15°,15W,AJ/CG,ATAS1560/40/15/RG,R-41159492,IS 10322 (PART 5/SEC 1) : 2012,12799,"Guangdong Sat Technology Co. Ltd., No. 11 Lianbao Rd, Shengfeng District, Xiaolan Town, Zhongshan City, Guangdong, China – 528400",https://wsrv.nl/?url=https%3A%2F%2Fi.ibb.co%2FwF13MDQv%2FAdhil-15-S-08-rose-gold.png&output=webp&q=78
Adhil 15S,ARFD1502,48V DC,NA,4000K, CRI>97,Φ60*H120mm ,15°,15W,AJ/CG,ATAS1560/40/15/BR,R-41159492,IS 10322 (PART 5/SEC 1) : 2012,12799,"Guangdong Sat Technology Co. Ltd., No. 11 Lianbao Rd, Shengfeng District, Xiaolan Town, Zhongshan City, Guangdong, China – 528400",https://wsrv.nl/?url=https%3A%2F%2Fi.ibb.co%2FWNVGYgRZ%2FAdhil-15-S-10-brown.png&output=webp&q=78
Adhil 15S,ARFD1502,48V DC,NA,4000K, CRI>97,Φ60*H120mm ,15°,15W,AJ/CG,ATAS1560/40/15/COF,R-41159492,IS 10322 (PART 5/SEC 1) : 2012,12799,"Guangdong Sat Technology Co. Ltd., No. 11 Lianbao Rd, Shengfeng District, Xiaolan Town, Zhongshan City, Guangdong, China – 528400",https://wsrv.nl/?url=https%3A%2F%2Fi.ibb.co%2FFbznBJMn%2FAdhil-15-S-07-coffee.png&output=webp&q=78
Adhil 15S,ARFD1502,48V DC,NA,4000K, CRI>97,Φ60*H120mm ,15°,15W,AJ/CG,ATAS1560/40/15/DGR,R-41159492,IS 10322 (PART 5/SEC 1) : 2012,12799,"Guangdong Sat Technology Co. Ltd., No. 11 Lianbao Rd, Shengfeng District, Xiaolan Town, Zhongshan City, Guangdong, China – 528400",https://wsrv.nl/?url=https%3A%2F%2Fi.ibb.co%2FJS4zj9P%2FAdhil-15-S-09-dark-gray-default.png&output=webp&q=78
Adhil 15S,ARFD1502,48V DC,NA,4000K, CRI>97,Φ60*H120mm ,15°,15W,AJ/CG,ATAS1560/40/15/BB,R-41159492,IS 10322 (PART 5/SEC 1) : 2012,12799,"Guangdong Sat Technology Co. Ltd., No. 11 Lianbao Rd, Shengfeng District, Xiaolan Town, Zhongshan City, Guangdong, China – 528400",https://wsrv.nl/?url=https%3A%2F%2Fi.ibb.co%2FcSpKHP2j%2FAdhil-15-S-06-ballet-blue.png&output=webp&q=78
Adhil 15S,ARFD1502,48V DC,NA,4000K, CRI>97,Φ60*H120mm ,15°,15W,AJ/CG,ATAS1560/40/15/CH,R-41159492,IS 10322 (PART 5/SEC 1) : 2012,12799,"Guangdong Sat Technology Co. Ltd., No. 11 Lianbao Rd, Shengfeng District, Xiaolan Town, Zhongshan City, Guangdong, China – 528400",https://wsrv.nl/?url=https%3A%2F%2Fi.ibb.co%2F6787Wr0q%2FAdhil-15-S-01-chrome.png&output=webp&q=78
Adhil 15S,ARFD1502,48V DC,NA,4000K, CRI>97,Φ60*H120mm ,15°,15W,AJ/CG,ATAS1560/40/15/CHB,R-41159492,IS 10322 (PART 5/SEC 1) : 2012,12799,"Guangdong Sat Technology Co. Ltd., No. 11 Lianbao Rd, Shengfeng District, Xiaolan Town, Zhongshan City, Guangdong, China – 528400",https://wsrv.nl/?url=https%3A%2F%2Fi.ibb.co%2FZ6MX0TTq%2FAdhil-15-S-02-chrome-black.png&output=webp&q=78
Adhil 15S,ARFD1502,48V DC,NA,5000K, CRI>97,Φ60*H120mm ,15°,15W,AJ/CG,ATAS1560/50/15/W,R-41159492,IS 10322 (PART 5/SEC 1) : 2012,11799,"Guangdong Sat Technology Co. Ltd., No. 11 Lianbao Rd, Shengfeng District, Xiaolan Town, Zhongshan City, Guangdong, China – 528400",https://wsrv.nl/?url=https%3A%2F%2Fi.ibb.co%2FpHVwtRb%2FAdhil-15-S-05-white.png&output=webp&q=78
Adhil 15S,ARFD1502,48V DC,NA,5000K, CRI>97,Φ60*H120mm ,15°,15W,AJ/CG,ATAS1560/50/15/B,R-41159492,IS 10322 (PART 5/SEC 1) : 2012,11799,"Guangdong Sat Technology Co. Ltd., No. 11 Lianbao Rd, Shengfeng District, Xiaolan Town, Zhongshan City, Guangdong, China – 528400",https://wsrv.nl/?url=https%3A%2F%2Fi.ibb.co%2F7xmqgkkS%2FAdhil-15-S-03-mat-black-default.png&output=webp&q=78
Adhil 15S,ARFD1502,48V DC,NA,5000K, CRI>97,Φ60*H120mm ,15°,15W,AJ/CG,ATAS1560/50/15/CG,R-41159492,IS 10322 (PART 5/SEC 1) : 2012,12799,"Guangdong Sat Technology Co. Ltd., No. 11 Lianbao Rd, Shengfeng District, Xiaolan Town, Zhongshan City, Guangdong, China – 528400",https://wsrv.nl/?url=https%3A%2F%2Fi.ibb.co%2Fjktrb5Sd%2FAdhil-15-S-04-champeing-gold.png&output=webp&q=78
Adhil 15S,ARFD1502,48V DC,NA,5000K, CRI>97,Φ60*H120mm ,15°,15W,AJ/CG,ATAS1560/50/15/RG,R-41159492,IS 10322 (PART 5/SEC 1) : 2012,12799,"Guangdong Sat Technology Co. Ltd., No. 11 Lianbao Rd, Shengfeng District, Xiaolan Town, Zhongshan City, Guangdong, China – 528400",https://wsrv.nl/?url=https%3A%2F%2Fi.ibb.co%2FwF13MDQv%2FAdhil-15-S-08-rose-gold.png&output=webp&q=78
Adhil 15S,ARFD1502,48V DC,NA,5000K, CRI>97,Φ60*H120mm ,15°,15W,AJ/CG,ATAS1560/50/15/BR,R-41159492,IS 10322 (PART 5/SEC 1) : 2012,12799,"Guangdong Sat Technology Co. Ltd., No. 11 Lianbao Rd, Shengfeng District, Xiaolan Town, Zhongshan City, Guangdong, China – 528400",https://wsrv.nl/?url=https%3A%2F%2Fi.ibb.co%2FWNVGYgRZ%2FAdhil-15-S-10-brown.png&output=webp&q=78
Adhil 15S,ARFD1502,48V DC,NA,5000K, CRI>97,Φ60*H120mm ,15°,15W,AJ/CG,ATAS1560/50/15/COF,R-41159492,IS 10322 (PART 5/SEC 1) : 2012,12799,"Guangdong Sat Technology Co. Ltd., No. 11 Lianbao Rd, Shengfeng District, Xiaolan Town, Zhongshan City, Guangdong, China – 528400",https://wsrv.nl/?url=https%3A%2F%2Fi.ibb.co%2FFbznBJMn%2FAdhil-15-S-07-coffee.png&output=webp&q=78
Adhil 15S,ARFD1502,48V DC,NA,5000K, CRI>97,Φ60*H120mm ,15°,15W,AJ/CG,ATAS1560/50/15/DGR,R-41159492,IS 10322 (PART 5/SEC 1) : 2012,12799,"Guangdong Sat Technology Co. Ltd., No. 11 Lianbao Rd, Shengfeng District, Xiaolan Town, Zhongshan City, Guangdong, China – 528400",https://wsrv.nl/?url=https%3A%2F%2Fi.ibb.co%2FJS4zj9P%2FAdhil-15-S-09-dark-gray-default.png&output=webp&q=78
Adhil 15S,ARFD1502,48V DC,NA,5000K, CRI>97,Φ60*H120mm ,15°,15W,AJ/CG,ATAS1560/50/15/BB,R-41159492,IS 10322 (PART 5/SEC 1) : 2012,12799,"Guangdong Sat Technology Co. Ltd., No. 11 Lianbao Rd, Shengfeng District, Xiaolan Town, Zhongshan City, Guangdong, China – 528400",https://wsrv.nl/?url=https%3A%2F%2Fi.ibb.co%2FcSpKHP2j%2FAdhil-15-S-06-ballet-blue.png&output=webp&q=78
Adhil 15S,ARFD1502,48V DC,NA,5000K, CRI>97,Φ60*H120mm ,15°,15W,AJ/CG,ATAS1560/50/15/CH,R-41159492,IS 10322 (PART 5/SEC 1) : 2012,12799,"Guangdong Sat Technology Co. Ltd., No. 11 Lianbao Rd, Shengfeng District, Xiaolan Town, Zhongshan City, Guangdong, China – 528400",https://wsrv.nl/?url=https%3A%2F%2Fi.ibb.co%2F6787Wr0q%2FAdhil-15-S-01-chrome.png&output=webp&q=78
Adhil 15S,ARFD1502,48V DC,NA,5000K, CRI>97,Φ60*H120mm ,15°,15W,AJ/CG,ATAS1560/50/15/CHB,R-41159492,IS 10322 (PART 5/SEC 1) : 2012,12799,"Guangdong Sat Technology Co. Ltd., No. 11 Lianbao Rd, Shengfeng District, Xiaolan Town, Zhongshan City, Guangdong, China – 528400",https://wsrv.nl/?url=https%3A%2F%2Fi.ibb.co%2FZ6MX0TTq%2FAdhil-15-S-02-chrome-black.png&output=webp&q=78
Adhil 15S,ARFD1502,48V DC,NA,2700K, CRI>97,Φ60*H120mm ,24°,15W,AJ/CG,ATAS1560/27/24/W,R-41159492,IS 10322 (PART 5/SEC 1) : 2012,11799,"Guangdong Sat Technology Co. Ltd., No. 11 Lianbao Rd, Shengfeng District, Xiaolan Town, Zhongshan City, Guangdong, China – 528400",https://wsrv.nl/?url=https%3A%2F%2Fi.ibb.co%2FpHVwtRb%2FAdhil-15-S-05-white.png&output=webp&q=78
Adhil 15S,ARFD1502,48V DC,NA,2700K, CRI>97,Φ60*H120mm ,24°,15W,AJ/CG,ATAS1560/27/24/B,R-41159492,IS 10322 (PART 5/SEC 1) : 2012,11799,"Guangdong Sat Technology Co. Ltd., No. 11 Lianbao Rd, Shengfeng District, Xiaolan Town, Zhongshan City, Guangdong, China – 528400",https://wsrv.nl/?url=https%3A%2F%2Fi.ibb.co%2F7xmqgkkS%2FAdhil-15-S-03-mat-black-default.png&output=webp&q=78
Adhil 15S,ARFD1502,48V DC,NA,2700K, CRI>97,Φ60*H120mm ,24°,15W,AJ/CG,ATAS1560/27/24/CG,R-41159492,IS 10322 (PART 5/SEC 1) : 2012,12799,"Guangdong Sat Technology Co. Ltd., No. 11 Lianbao Rd, Shengfeng District, Xiaolan Town, Zhongshan City, Guangdong, China – 528400",https://wsrv.nl/?url=https%3A%2F%2Fi.ibb.co%2Fjktrb5Sd%2FAdhil-15-S-04-champeing-gold.png&output=webp&q=78
Adhil 15S,ARFD1502,48V DC,NA,2700K, CRI>97,Φ60*H120mm ,24°,15W,AJ/CG,ATAS1560/27/24/RG,R-41159492,IS 10322 (PART 5/SEC 1) : 2012,12799,"Guangdong Sat Technology Co. Ltd., No. 11 Lianbao Rd, Shengfeng District, Xiaolan Town, Zhongshan City, Guangdong, China – 528400",https://wsrv.nl/?url=https%3A%2F%2Fi.ibb.co%2FwF13MDQv%2FAdhil-15-S-08-rose-gold.png&output=webp&q=78
Adhil 15S,ARFD1502,48V DC,NA,2700K, CRI>97,Φ60*H120mm ,24°,15W,AJ/CG,ATAS1560/27/24/BR,R-41159492,IS 10322 (PART 5/SEC 1) : 2012,12799,"Guangdong Sat Technology Co. Ltd., No. 11 Lianbao Rd, Shengfeng District, Xiaolan Town, Zhongshan City, Guangdong, China – 528400",https://wsrv.nl/?url=https%3A%2F%2Fi.ibb.co%2FWNVGYgRZ%2FAdhil-15-S-10-brown.png&output=webp&q=78
Adhil 15S,ARFD1502,48V DC,NA,2700K, CRI>97,Φ60*H120mm ,24°,15W,AJ/CG,ATAS1560/27/24/COF,R-41159492,IS 10322 (PART 5/SEC 1) : 2012,12799,"Guangdong Sat Technology Co. Ltd., No. 11 Lianbao Rd, Shengfeng District, Xiaolan Town, Zhongshan City, Guangdong, China – 528400",https://wsrv.nl/?url=https%3A%2F%2Fi.ibb.co%2FFbznBJMn%2FAdhil-15-S-07-coffee.png&output=webp&q=78
Adhil 15S,ARFD1502,48V DC,NA,2700K, CRI>97,Φ60*H120mm ,24°,15W,AJ/CG,ATAS1560/27/24/DGR,R-41159492,IS 10322 (PART 5/SEC 1) : 2012,12799,"Guangdong Sat Technology Co. Ltd., No. 11 Lianbao Rd, Shengfeng District, Xiaolan Town, Zhongshan City, Guangdong, China – 528400",https://wsrv.nl/?url=https%3A%2F%2Fi.ibb.co%2FJS4zj9P%2FAdhil-15-S-09-dark-gray-default.png&output=webp&q=78
Adhil 15S,ARFD1502,48V DC,NA,2700K, CRI>97,Φ60*H120mm ,24°,15W,AJ/CG,ATAS1560/27/24/BB,R-41159492,IS 10322 (PART 5/SEC 1) : 2012,12799,"Guangdong Sat Technology Co. Ltd., No. 11 Lianbao Rd, Shengfeng District, Xiaolan Town, Zhongshan City, Guangdong, China – 528400",https://wsrv.nl/?url=https%3A%2F%2Fi.ibb.co%2FcSpKHP2j%2FAdhil-15-S-06-ballet-blue.png&output=webp&q=78
Adhil 15S,ARFD1502,48V DC,NA,2700K, CRI>97,Φ60*H120mm ,24°,15W,AJ/CG,ATAS1560/27/24/CH,R-41159492,IS 10322 (PART 5/SEC 1) : 2012,12799,"Guangdong Sat Technology Co. Ltd., No. 11 Lianbao Rd, Shengfeng District, Xiaolan Town, Zhongshan City, Guangdong, China – 528400",https://wsrv.nl/?url=https%3A%2F%2Fi.ibb.co%2F6787Wr0q%2FAdhil-15-S-01-chrome.png&output=webp&q=78
Adhil 15S,ARFD1502,48V DC,NA,2700K, CRI>97,Φ60*H120mm ,24°,15W,AJ/CG,ATAS1560/27/24/CHB,R-41159492,IS 10322 (PART 5/SEC 1) : 2012,12799,"Guangdong Sat Technology Co. Ltd., No. 11 Lianbao Rd, Shengfeng District, Xiaolan Town, Zhongshan City, Guangdong, China – 528400",https://wsrv.nl/?url=https%3A%2F%2Fi.ibb.co%2FZ6MX0TTq%2FAdhil-15-S-02-chrome-black.png&output=webp&q=78
Adhil 15S,ARFD1502,48V DC,NA,3000K, CRI>97,Φ60*H120mm ,24°,15W,AJ/CG,ATAS1560/30/24/W,R-41159492,IS 10322 (PART 5/SEC 1) : 2012,11799,"Guangdong Sat Technology Co. Ltd., No. 11 Lianbao Rd, Shengfeng District, Xiaolan Town, Zhongshan City, Guangdong, China – 528400",https://wsrv.nl/?url=https%3A%2F%2Fi.ibb.co%2FpHVwtRb%2FAdhil-15-S-05-white.png&output=webp&q=78
Adhil 15S,ARFD1502,48V DC,NA,3000K, CRI>97,Φ60*H120mm ,24°,15W,AJ/CG,ATAS1560/30/24/B,R-41159492,IS 10322 (PART 5/SEC 1) : 2012,11799,"Guangdong Sat Technology Co. Ltd., No. 11 Lianbao Rd, Shengfeng District, Xiaolan Town, Zhongshan City, Guangdong, China – 528400",https://wsrv.nl/?url=https%3A%2F%2Fi.ibb.co%2F7xmqgkkS%2FAdhil-15-S-03-mat-black-default.png&output=webp&q=78
Adhil 15S,ARFD1502,48V DC,NA,3000K, CRI>97,Φ60*H120mm ,24°,15W,AJ/CG,ATAS1560/30/24/CG,R-41159492,IS 10322 (PART 5/SEC 1) : 2012,12799,"Guangdong Sat Technology Co. Ltd., No. 11 Lianbao Rd, Shengfeng District, Xiaolan Town, Zhongshan City, Guangdong, China – 528400",https://wsrv.nl/?url=https%3A%2F%2Fi.ibb.co%2Fjktrb5Sd%2FAdhil-15-S-04-champeing-gold.png&output=webp&q=78
Adhil 15S,ARFD1502,48V DC,NA,3000K, CRI>97,Φ60*H120mm ,24°,15W,AJ/CG,ATAS1560/30/24/RG,R-41159492,IS 10322 (PART 5/SEC 1) : 2012,12799,"Guangdong Sat Technology Co. Ltd., No. 11 Lianbao Rd, Shengfeng District, Xiaolan Town, Zhongshan City, Guangdong, China – 528400",https://wsrv.nl/?url=https%3A%2F%2Fi.ibb.co%2FwF13MDQv%2FAdhil-15-S-08-rose-gold.png&output=webp&q=78
Adhil 15S,ARFD1502,48V DC,NA,3000K, CRI>97,Φ60*H120mm ,24°,15W,AJ/CG,ATAS1560/30/24/BR,R-41159492,IS 10322 (PART 5/SEC 1) : 2012,12799,"Guangdong Sat Technology Co. Ltd., No. 11 Lianbao Rd, Shengfeng District, Xiaolan Town, Zhongshan City, Guangdong, China – 528400",https://wsrv.nl/?url=https%3A%2F%2Fi.ibb.co%2FWNVGYgRZ%2FAdhil-15-S-10-brown.png&output=webp&q=78
Adhil 15S,ARFD1502,48V DC,NA,3000K, CRI>97,Φ60*H120mm ,24°,15W,AJ/CG,ATAS1560/30/24/COF,R-41159492,IS 10322 (PART 5/SEC 1) : 2012,12799,"Guangdong Sat Technology Co. Ltd., No. 11 Lianbao Rd, Shengfeng District, Xiaolan Town, Zhongshan City, Guangdong, China – 528400",https://wsrv.nl/?url=https%3A%2F%2Fi.ibb.co%2FFbznBJMn%2FAdhil-15-S-07-coffee.png&output=webp&q=78
Adhil 15S,ARFD1502,48V DC,NA,3000K, CRI>97,Φ60*H120mm ,24°,15W,AJ/CG,ATAS1560/30/24/DGR,R-41159492,IS 10322 (PART 5/SEC 1) : 2012,12799,"Guangdong Sat Technology Co. Ltd., No. 11 Lianbao Rd, Shengfeng District, Xiaolan Town, Zhongshan City, Guangdong, China – 528400",https://wsrv.nl/?url=https%3A%2F%2Fi.ibb.co%2FJS4zj9P%2FAdhil-15-S-09-dark-gray-default.png&output=webp&q=78
Adhil 15S,ARFD1502,48V DC,NA,3000K, CRI>97,Φ60*H120mm ,24°,15W,AJ/CG,ATAS1560/30/24/BB,R-41159492,IS 10322 (PART 5/SEC 1) : 2012,12799,"Guangdong Sat Technology Co. Ltd., No. 11 Lianbao Rd, Shengfeng District, Xiaolan Town, Zhongshan City, Guangdong, China – 528400",https://wsrv.nl/?url=https%3A%2F%2Fi.ibb.co%2FcSpKHP2j%2FAdhil-15-S-06-ballet-blue.png&output=webp&q=78
Adhil 15S,ARFD1502,48V DC,NA,3000K, CRI>97,Φ60*H120mm ,24°,15W,AJ/CG,ATAS1560/30/24/CH,R-41159492,IS 10322 (PART 5/SEC 1) : 2012,12799,"Guangdong Sat Technology Co. Ltd., No. 11 Lianbao Rd, Shengfeng District, Xiaolan Town, Zhongshan City, Guangdong, China – 528400",https://wsrv.nl/?url=https%3A%2F%2Fi.ibb.co%2F6787Wr0q%2FAdhil-15-S-01-chrome.png&output=webp&q=78
Adhil 15S,ARFD1502,48V DC,NA,3000K, CRI>97,Φ60*H120mm ,24°,15W,AJ/CG,ATAS1560/30/24/CHB,R-41159492,IS 10322 (PART 5/SEC 1) : 2012,12799,"Guangdong Sat Technology Co. Ltd., No. 11 Lianbao Rd, Shengfeng District, Xiaolan Town, Zhongshan City, Guangdong, China – 528400",https://wsrv.nl/?url=https%3A%2F%2Fi.ibb.co%2FZ6MX0TTq%2FAdhil-15-S-02-chrome-black.png&output=webp&q=78
Adhil 15S,ARFD1502,48V DC,NA,3500K, CRI>97,Φ60*H120mm ,24°,15W,AJ/CG,ATAS1560/35/24/W,R-41159492,IS 10322 (PART 5/SEC 1) : 2012,11799,"Guangdong Sat Technology Co. Ltd., No. 11 Lianbao Rd, Shengfeng District, Xiaolan Town, Zhongshan City, Guangdong, China – 528400",https://wsrv.nl/?url=https%3A%2F%2Fi.ibb.co%2FpHVwtRb%2FAdhil-15-S-05-white.png&output=webp&q=78
Adhil 15S,ARFD1502,48V DC,NA,3500K, CRI>97,Φ60*H120mm ,24°,15W,AJ/CG,ATAS1560/35/24/B,R-41159492,IS 10322 (PART 5/SEC 1) : 2012,11799,"Guangdong Sat Technology Co. Ltd., No. 11 Lianbao Rd, Shengfeng District, Xiaolan Town, Zhongshan City, Guangdong, China – 528400",https://wsrv.nl/?url=https%3A%2F%2Fi.ibb.co%2F7xmqgkkS%2FAdhil-15-S-03-mat-black-default.png&output=webp&q=78
Adhil 15S,ARFD1502,48V DC,NA,3500K, CRI>97,Φ60*H120mm ,24°,15W,AJ/CG,ATAS1560/35/24/CG,R-41159492,IS 10322 (PART 5/SEC 1) : 2012,12799,"Guangdong Sat Technology Co. Ltd., No. 11 Lianbao Rd, Shengfeng District, Xiaolan Town, Zhongshan City, Guangdong, China – 528400",https://wsrv.nl/?url=https%3A%2F%2Fi.ibb.co%2Fjktrb5Sd%2FAdhil-15-S-04-champeing-gold.png&output=webp&q=78
Adhil 15S,ARFD1502,48V DC,NA,3500K, CRI>97,Φ60*H120mm ,24°,15W,AJ/CG,ATAS1560/35/24/RG,R-41159492,IS 10322 (PART 5/SEC 1) : 2012,12799,"Guangdong Sat Technology Co. Ltd., No. 11 Lianbao Rd, Shengfeng District, Xiaolan Town, Zhongshan City, Guangdong, China – 528400",https://wsrv.nl/?url=https%3A%2F%2Fi.ibb.co%2FwF13MDQv%2FAdhil-15-S-08-rose-gold.png&output=webp&q=78
Adhil 15S,ARFD1502,48V DC,NA,3500K, CRI>97,Φ60*H120mm ,24°,15W,AJ/CG,ATAS1560/35/24/BR,R-41159492,IS 10322 (PART 5/SEC 1) : 2012,12799,"Guangdong Sat Technology Co. Ltd., No. 11 Lianbao Rd, Shengfeng District, Xiaolan Town, Zhongshan City, Guangdong, China – 528400",https://wsrv.nl/?url=https%3A%2F%2Fi.ibb.co%2FWNVGYgRZ%2FAdhil-15-S-10-brown.png&output=webp&q=78
Adhil 15S,ARFD1502,48V DC,NA,3500K, CRI>97,Φ60*H120mm ,24°,15W,AJ/CG,ATAS1560/35/24/COF,R-41159492,IS 10322 (PART 5/SEC 1) : 2012,12799,"Guangdong Sat Technology Co. Ltd., No. 11 Lianbao Rd, Shengfeng District, Xiaolan Town, Zhongshan City, Guangdong, China – 528400",https://wsrv.nl/?url=https%3A%2F%2Fi.ibb.co%2FFbznBJMn%2FAdhil-15-S-07-coffee.png&output=webp&q=78
Adhil 15S,ARFD1502,48V DC,NA,3500K, CRI>97,Φ60*H120mm ,24°,15W,AJ/CG,ATAS1560/35/24/DGR,R-41159492,IS 10322 (PART 5/SEC 1) : 2012,12799,"Guangdong Sat Technology Co. Ltd., No. 11 Lianbao Rd, Shengfeng District, Xiaolan Town, Zhongshan City, Guangdong, China – 528400",https://wsrv.nl/?url=https%3A%2F%2Fi.ibb.co%2FJS4zj9P%2FAdhil-15-S-09-dark-gray-default.png&output=webp&q=78
Adhil 15S,ARFD1502,48V DC,NA,3500K, CRI>97,Φ60*H120mm ,24°,15W,AJ/CG,ATAS1560/35/24/BB,R-41159492,IS 10322 (PART 5/SEC 1) : 2012,12799,"Guangdong Sat Technology Co. Ltd., No. 11 Lianbao Rd, Shengfeng District, Xiaolan Town, Zhongshan City, Guangdong, China – 528400",https://wsrv.nl/?url=https%3A%2F%2Fi.ibb.co%2FcSpKHP2j%2FAdhil-15-S-06-ballet-blue.png&output=webp&q=78
Adhil 15S,ARFD1502,48V DC,NA,3500K, CRI>97,Φ60*H120mm ,24°,15W,AJ/CG,ATAS1560/35/24/CH,R-41159492,IS 10322 (PART 5/SEC 1) : 2012,12799,"Guangdong Sat Technology Co. Ltd., No. 11 Lianbao Rd, Shengfeng District, Xiaolan Town, Zhongshan City, Guangdong, China – 528400",https://wsrv.nl/?url=https%3A%2F%2Fi.ibb.co%2F6787Wr0q%2FAdhil-15-S-01-chrome.png&output=webp&q=78
Adhil 15S,ARFD1502,48V DC,NA,3500K, CRI>97,Φ60*H120mm ,24°,15W,AJ/CG,ATAS1560/35/24/CHB,R-41159492,IS 10322 (PART 5/SEC 1) : 2012,12799,"Guangdong Sat Technology Co. Ltd., No. 11 Lianbao Rd, Shengfeng District, Xiaolan Town, Zhongshan City, Guangdong, China – 528400",https://wsrv.nl/?url=https%3A%2F%2Fi.ibb.co%2FZ6MX0TTq%2FAdhil-15-S-02-chrome-black.png&output=webp&q=78
Adhil 15S,ARFD1502,48V DC,NA,4000K, CRI>97,Φ60*H120mm ,24°,15W,AJ/CG,ATAS1560/40/24/W,R-41159492,IS 10322 (PART 5/SEC 1) : 2012,11799,"Guangdong Sat Technology Co. Ltd., No. 11 Lianbao Rd, Shengfeng District, Xiaolan Town, Zhongshan City, Guangdong, China – 528400",https://wsrv.nl/?url=https%3A%2F%2Fi.ibb.co%2FpHVwtRb%2FAdhil-15-S-05-white.png&output=webp&q=78
Adhil 15S,ARFD1502,48V DC,NA,4000K, CRI>97,Φ60*H120mm ,24°,15W,AJ/CG,ATAS1560/40/24/B,R-41159492,IS 10322 (PART 5/SEC 1) : 2012,11799,"Guangdong Sat Technology Co. Ltd., No. 11 Lianbao Rd, Shengfeng District, Xiaolan Town, Zhongshan City, Guangdong, China – 528400",https://wsrv.nl/?url=https%3A%2F%2Fi.ibb.co%2F7xmqgkkS%2FAdhil-15-S-03-mat-black-default.png&output=webp&q=78
Adhil 15S,ARFD1502,48V DC,NA,4000K, CRI>97,Φ60*H120mm ,24°,15W,AJ/CG,ATAS1560/40/24/CG,R-41159492,IS 10322 (PART 5/SEC 1) : 2012,12799,"Guangdong Sat Technology Co. Ltd., No. 11 Lianbao Rd, Shengfeng District, Xiaolan Town, Zhongshan City, Guangdong, China – 528400",https://wsrv.nl/?url=https%3A%2F%2Fi.ibb.co%2Fjktrb5Sd%2FAdhil-15-S-04-champeing-gold.png&output=webp&q=78
Adhil 15S,ARFD1502,48V DC,NA,4000K, CRI>97,Φ60*H120mm ,24°,15W,AJ/CG,ATAS1560/40/24/RG,R-41159492,IS 10322 (PART 5/SEC 1) : 2012,12799,"Guangdong Sat Technology Co. Ltd., No. 11 Lianbao Rd, Shengfeng District, Xiaolan Town, Zhongshan City, Guangdong, China – 528400",https://wsrv.nl/?url=https%3A%2F%2Fi.ibb.co%2FwF13MDQv%2FAdhil-15-S-08-rose-gold.png&output=webp&q=78
Adhil 15S,ARFD1502,48V DC,NA,4000K, CRI>97,Φ60*H120mm ,24°,15W,AJ/CG,ATAS1560/40/24/BR,R-41159492,IS 10322 (PART 5/SEC 1) : 2012,12799,"Guangdong Sat Technology Co. Ltd., No. 11 Lianbao Rd, Shengfeng District, Xiaolan Town, Zhongshan City, Guangdong, China – 528400",https://wsrv.nl/?url=https%3A%2F%2Fi.ibb.co%2FWNVGYgRZ%2FAdhil-15-S-10-brown.png&output=webp&q=78
Adhil 15S,ARFD1502,48V DC,NA,4000K, CRI>97,Φ60*H120mm ,24°,15W,AJ/CG,ATAS1560/40/24/COF,R-41159492,IS 10322 (PART 5/SEC 1) : 2012,12799,"Guangdong Sat Technology Co. Ltd., No. 11 Lianbao Rd, Shengfeng District, Xiaolan Town, Zhongshan City, Guangdong, China – 528400",https://wsrv.nl/?url=https%3A%2F%2Fi.ibb.co%2FFbznBJMn%2FAdhil-15-S-07-coffee.png&output=webp&q=78
Adhil 15S,ARFD1502,48V DC,NA,4000K, CRI>97,Φ60*H120mm ,24°,15W,AJ/CG,ATAS1560/40/24/DGR,R-41159492,IS 10322 (PART 5/SEC 1) : 2012,12799,"Guangdong Sat Technology Co. Ltd., No. 11 Lianbao Rd, Shengfeng District, Xiaolan Town, Zhongshan City, Guangdong, China – 528400",https://wsrv.nl/?url=https%3A%2F%2Fi.ibb.co%2FJS4zj9P%2FAdhil-15-S-09-dark-gray-default.png&output=webp&q=78
Adhil 15S,ARFD1502,48V DC,NA,4000K, CRI>97,Φ60*H120mm ,24°,15W,AJ/CG,ATAS1560/40/24/BB,R-41159492,IS 10322 (PART 5/SEC 1) : 2012,12799,"Guangdong Sat Technology Co. Ltd., No. 11 Lianbao Rd, Shengfeng District, Xiaolan Town, Zhongshan City, Guangdong, China – 528400",https://wsrv.nl/?url=https%3A%2F%2Fi.ibb.co%2FcSpKHP2j%2FAdhil-15-S-06-ballet-blue.png&output=webp&q=78
Adhil 15S,ARFD1502,48V DC,NA,4000K, CRI>97,Φ60*H120mm ,24°,15W,AJ/CG,ATAS1560/40/24/CH,R-41159492,IS 10322 (PART 5/SEC 1) : 2012,12799,"Guangdong Sat Technology Co. Ltd., No. 11 Lianbao Rd, Shengfeng District, Xiaolan Town, Zhongshan City, Guangdong, China – 528400",https://wsrv.nl/?url=https%3A%2F%2Fi.ibb.co%2F6787Wr0q%2FAdhil-15-S-01-chrome.png&output=webp&q=78
Adhil 15S,ARFD1502,48V DC,NA,4000K, CRI>97,Φ60*H120mm ,24°,15W,AJ/CG,ATAS1560/40/24/CHB,R-41159492,IS 10322 (PART 5/SEC 1) : 2012,12799,"Guangdong Sat Technology Co. Ltd., No. 11 Lianbao Rd, Shengfeng District, Xiaolan Town, Zhongshan City, Guangdong, China – 528400",https://wsrv.nl/?url=https%3A%2F%2Fi.ibb.co%2FZ6MX0TTq%2FAdhil-15-S-02-chrome-black.png&output=webp&q=78
Adhil 15S,ARFD1502,48V DC,NA,5000K, CRI>97,Φ60*H120mm ,24°,15W,AJ/CG,ATAS1560/50/24/W,R-41159492,IS 10322 (PART 5/SEC 1) : 2012,11799,"Guangdong Sat Technology Co. Ltd., No. 11 Lianbao Rd, Shengfeng District, Xiaolan Town, Zhongshan City, Guangdong, China – 528400",https://wsrv.nl/?url=https%3A%2F%2Fi.ibb.co%2FpHVwtRb%2FAdhil-15-S-05-white.png&output=webp&q=78
Adhil 15S,ARFD1502,48V DC,NA,5000K, CRI>97,Φ60*H120mm ,24°,15W,AJ/CG,ATAS1560/50/24/B,R-41159492,IS 10322 (PART 5/SEC 1) : 2012,11799,"Guangdong Sat Technology Co. Ltd., No. 11 Lianbao Rd, Shengfeng District, Xiaolan Town, Zhongshan City, Guangdong, China – 528400",https://wsrv.nl/?url=https%3A%2F%2Fi.ibb.co%2F7xmqgkkS%2FAdhil-15-S-03-mat-black-default.png&output=webp&q=78
Adhil 15S,ARFD1502,48V DC,NA,5000K, CRI>97,Φ60*H120mm ,24°,15W,AJ/CG,ATAS1560/50/24/CG,R-41159492,IS 10322 (PART 5/SEC 1) : 2012,12799,"Guangdong Sat Technology Co. Ltd., No. 11 Lianbao Rd, Shengfeng District, Xiaolan Town, Zhongshan City, Guangdong, China – 528400",https://wsrv.nl/?url=https%3A%2F%2Fi.ibb.co%2Fjktrb5Sd%2FAdhil-15-S-04-champeing-gold.png&output=webp&q=78
Adhil 15S,ARFD1502,48V DC,NA,5000K, CRI>97,Φ60*H120mm ,24°,15W,AJ/CG,ATAS1560/50/24/RG,R-41159492,IS 10322 (PART 5/SEC 1) : 2012,12799,"Guangdong Sat Technology Co. Ltd., No. 11 Lianbao Rd, Shengfeng District, Xiaolan Town, Zhongshan City, Guangdong, China – 528400",https://wsrv.nl/?url=https%3A%2F%2Fi.ibb.co%2FwF13MDQv%2FAdhil-15-S-08-rose-gold.png&output=webp&q=78
Adhil 15S,ARFD1502,48V DC,NA,5000K, CRI>97,Φ60*H120mm ,24°,15W,AJ/CG,ATAS1560/50/24/BR,R-41159492,IS 10322 (PART 5/SEC 1) : 2012,12799,"Guangdong Sat Technology Co. Ltd., No. 11 Lianbao Rd, Shengfeng District, Xiaolan Town, Zhongshan City, Guangdong, China – 528400",https://wsrv.nl/?url=https%3A%2F%2Fi.ibb.co%2FWNVGYgRZ%2FAdhil-15-S-10-brown.png&output=webp&q=78
Adhil 15S,ARFD1502,48V DC,NA,5000K, CRI>97,Φ60*H120mm ,24°,15W,AJ/CG,ATAS1560/50/24/COF,R-41159492,IS 10322 (PART 5/SEC 1) : 2012,12799,"Guangdong Sat Technology Co. Ltd., No. 11 Lianbao Rd, Shengfeng District, Xiaolan Town, Zhongshan City, Guangdong, China – 528400",https://wsrv.nl/?url=https%3A%2F%2Fi.ibb.co%2FFbznBJMn%2FAdhil-15-S-07-coffee.png&output=webp&q=78
Adhil 15S,ARFD1502,48V DC,NA,5000K, CRI>97,Φ60*H120mm ,24°,15W,AJ/CG,ATAS1560/50/24/DGR,R-41159492,IS 10322 (PART 5/SEC 1) : 2012,12799,"Guangdong Sat Technology Co. Ltd., No. 11 Lianbao Rd, Shengfeng District, Xiaolan Town, Zhongshan City, Guangdong, China – 528400",https://wsrv.nl/?url=https%3A%2F%2Fi.ibb.co%2FJS4zj9P%2FAdhil-15-S-09-dark-gray-default.png&output=webp&q=78
Adhil 15S,ARFD1502,48V DC,NA,5000K, CRI>97,Φ60*H120mm ,24°,15W,AJ/CG,ATAS1560/50/24/BB,R-41159492,IS 10322 (PART 5/SEC 1) : 2012,12799,"Guangdong Sat Technology Co. Ltd., No. 11 Lianbao Rd, Shengfeng District, Xiaolan Town, Zhongshan City, Guangdong, China – 528400",https://wsrv.nl/?url=https%3A%2F%2Fi.ibb.co%2FcSpKHP2j%2FAdhil-15-S-06-ballet-blue.png&output=webp&q=78
Adhil 15S,ARFD1502,48V DC,NA,5000K, CRI>97,Φ60*H120mm ,24°,15W,AJ/CG,ATAS1560/50/24/CH,R-41159492,IS 10322 (PART 5/SEC 1) : 2012,12799,"Guangdong Sat Technology Co. Ltd., No. 11 Lianbao Rd, Shengfeng District, Xiaolan Town, Zhongshan City, Guangdong, China – 528400",https://wsrv.nl/?url=https%3A%2F%2Fi.ibb.co%2F6787Wr0q%2FAdhil-15-S-01-chrome.png&output=webp&q=78
Adhil 15S,ARFD1502,48V DC,NA,5000K, CRI>97,Φ60*H120mm ,24°,15W,AJ/CG,ATAS1560/50/24/CHB,R-41159492,IS 10322 (PART 5/SEC 1) : 2012,12799,"Guangdong Sat Technology Co. Ltd., No. 11 Lianbao Rd, Shengfeng District, Xiaolan Town, Zhongshan City, Guangdong, China – 528400",https://wsrv.nl/?url=https%3A%2F%2Fi.ibb.co%2FZ6MX0TTq%2FAdhil-15-S-02-chrome-black.png&output=webp&q=78
Adhil 15S,ARFD1502,48V DC,NA,2700K, CRI>97,Φ60*H120mm ,36°,15W,AJ/CG,ATAS1560/27/36/W,R-41159492,IS 10322 (PART 5/SEC 1) : 2012,11799,"Guangdong Sat Technology Co. Ltd., No. 11 Lianbao Rd, Shengfeng District, Xiaolan Town, Zhongshan City, Guangdong, China – 528400",https://wsrv.nl/?url=https%3A%2F%2Fi.ibb.co%2FpHVwtRb%2FAdhil-15-S-05-white.png&output=webp&q=78
Adhil 15S,ARFD1502,48V DC,NA,2700K, CRI>97,Φ60*H120mm ,36°,15W,AJ/CG,ATAS1560/27/36/B,R-41159492,IS 10322 (PART 5/SEC 1) : 2012,11799,"Guangdong Sat Technology Co. Ltd., No. 11 Lianbao Rd, Shengfeng District, Xiaolan Town, Zhongshan City, Guangdong, China – 528400",https://wsrv.nl/?url=https%3A%2F%2Fi.ibb.co%2F7xmqgkkS%2FAdhil-15-S-03-mat-black-default.png&output=webp&q=78
Adhil 15S,ARFD1502,48V DC,NA,2700K, CRI>97,Φ60*H120mm ,36°,15W,AJ/CG,ATAS1560/27/36/CG,R-41159492,IS 10322 (PART 5/SEC 1) : 2012,12799,"Guangdong Sat Technology Co. Ltd., No. 11 Lianbao Rd, Shengfeng District, Xiaolan Town, Zhongshan City, Guangdong, China – 528400",https://wsrv.nl/?url=https%3A%2F%2Fi.ibb.co%2Fjktrb5Sd%2FAdhil-15-S-04-champeing-gold.png&output=webp&q=78
Adhil 15S,ARFD1502,48V DC,NA,2700K, CRI>97,Φ60*H120mm ,36°,15W,AJ/CG,ATAS1560/27/36/RG,R-41159492,IS 10322 (PART 5/SEC 1) : 2012,12799,"Guangdong Sat Technology Co. Ltd., No. 11 Lianbao Rd, Shengfeng District, Xiaolan Town, Zhongshan City, Guangdong, China – 528400",https://wsrv.nl/?url=https%3A%2F%2Fi.ibb.co%2FwF13MDQv%2FAdhil-15-S-08-rose-gold.png&output=webp&q=78
Adhil 15S,ARFD1502,48V DC,NA,2700K, CRI>97,Φ60*H120mm ,36°,15W,AJ/CG,ATAS1560/27/36/BR,R-41159492,IS 10322 (PART 5/SEC 1) : 2012,12799,"Guangdong Sat Technology Co. Ltd., No. 11 Lianbao Rd, Shengfeng District, Xiaolan Town, Zhongshan City, Guangdong, China – 528400",https://wsrv.nl/?url=https%3A%2F%2Fi.ibb.co%2FWNVGYgRZ%2FAdhil-15-S-10-brown.png&output=webp&q=78
Adhil 15S,ARFD1502,48V DC,NA,2700K, CRI>97,Φ60*H120mm ,36°,15W,AJ/CG,ATAS1560/27/36/COF,R-41159492,IS 10322 (PART 5/SEC 1) : 2012,12799,"Guangdong Sat Technology Co. Ltd., No. 11 Lianbao Rd, Shengfeng District, Xiaolan Town, Zhongshan City, Guangdong, China – 528400",https://wsrv.nl/?url=https%3A%2F%2Fi.ibb.co%2FFbznBJMn%2FAdhil-15-S-07-coffee.png&output=webp&q=78
Adhil 15S,ARFD1502,48V DC,NA,2700K, CRI>97,Φ60*H120mm ,36°,15W,AJ/CG,ATAS1560/27/36/DGR,R-41159492,IS 10322 (PART 5/SEC 1) : 2012,12799,"Guangdong Sat Technology Co. Ltd., No. 11 Lianbao Rd, Shengfeng District, Xiaolan Town, Zhongshan City, Guangdong, China – 528400",https://wsrv.nl/?url=https%3A%2F%2Fi.ibb.co%2FJS4zj9P%2FAdhil-15-S-09-dark-gray-default.png&output=webp&q=78
Adhil 15S,ARFD1502,48V DC,NA,2700K, CRI>97,Φ60*H120mm ,36°,15W,AJ/CG,ATAS1560/27/36/BB,R-41159492,IS 10322 (PART 5/SEC 1) : 2012,12799,"Guangdong Sat Technology Co. Ltd., No. 11 Lianbao Rd, Shengfeng District, Xiaolan Town, Zhongshan City, Guangdong, China – 528400",https://wsrv.nl/?url=https%3A%2F%2Fi.ibb.co%2FcSpKHP2j%2FAdhil-15-S-06-ballet-blue.png&output=webp&q=78
Adhil 15S,ARFD1502,48V DC,NA,2700K, CRI>97,Φ60*H120mm ,36°,15W,AJ/CG,ATAS1560/27/36/CH,R-41159492,IS 10322 (PART 5/SEC 1) : 2012,12799,"Guangdong Sat Technology Co. Ltd., No. 11 Lianbao Rd, Shengfeng District, Xiaolan Town, Zhongshan City, Guangdong, China – 528400",https://wsrv.nl/?url=https%3A%2F%2Fi.ibb.co%2F6787Wr0q%2FAdhil-15-S-01-chrome.png&output=webp&q=78
Adhil 15S,ARFD1502,48V DC,NA,2700K, CRI>97,Φ60*H120mm ,36°,15W,AJ/CG,ATAS1560/27/36/CHB,R-41159492,IS 10322 (PART 5/SEC 1) : 2012,12799,"Guangdong Sat Technology Co. Ltd., No. 11 Lianbao Rd, Shengfeng District, Xiaolan Town, Zhongshan City, Guangdong, China – 528400",https://wsrv.nl/?url=https%3A%2F%2Fi.ibb.co%2FZ6MX0TTq%2FAdhil-15-S-02-chrome-black.png&output=webp&q=78
Adhil 15S,ARFD1502,48V DC,NA,3000K, CRI>97,Φ60*H120mm ,36°,15W,AJ/CG,ATAS1560/30/36/W,R-41159492,IS 10322 (PART 5/SEC 1) : 2012,11799,"Guangdong Sat Technology Co. Ltd., No. 11 Lianbao Rd, Shengfeng District, Xiaolan Town, Zhongshan City, Guangdong, China – 528400",https://wsrv.nl/?url=https%3A%2F%2Fi.ibb.co%2FpHVwtRb%2FAdhil-15-S-05-white.png&output=webp&q=78
Adhil 15S,ARFD1502,48V DC,NA,3000K, CRI>97,Φ60*H120mm ,36°,15W,AJ/CG,ATAS1560/30/36/B,R-41159492,IS 10322 (PART 5/SEC 1) : 2012,11799,"Guangdong Sat Technology Co. Ltd., No. 11 Lianbao Rd, Shengfeng District, Xiaolan Town, Zhongshan City, Guangdong, China – 528400",https://wsrv.nl/?url=https%3A%2F%2Fi.ibb.co%2F7xmqgkkS%2FAdhil-15-S-03-mat-black-default.png&output=webp&q=78
Adhil 15S,ARFD1502,48V DC,NA,3000K, CRI>97,Φ60*H120mm ,36°,15W,AJ/CG,ATAS1560/30/36/CG,R-41159492,IS 10322 (PART 5/SEC 1) : 2012,12799,"Guangdong Sat Technology Co. Ltd., No. 11 Lianbao Rd, Shengfeng District, Xiaolan Town, Zhongshan City, Guangdong, China – 528400",https://wsrv.nl/?url=https%3A%2F%2Fi.ibb.co%2Fjktrb5Sd%2FAdhil-15-S-04-champeing-gold.png&output=webp&q=78
Adhil 15S,ARFD1502,48V DC,NA,3000K, CRI>97,Φ60*H120mm ,36°,15W,AJ/CG,ATAS1560/30/36/RG,R-41159492,IS 10322 (PART 5/SEC 1) : 2012,12799,"Guangdong Sat Technology Co. Ltd., No. 11 Lianbao Rd, Shengfeng District, Xiaolan Town, Zhongshan City, Guangdong, China – 528400",https://wsrv.nl/?url=https%3A%2F%2Fi.ibb.co%2FwF13MDQv%2FAdhil-15-S-08-rose-gold.png&output=webp&q=78
Adhil 15S,ARFD1502,48V DC,NA,3000K, CRI>97,Φ60*H120mm ,36°,15W,AJ/CG,ATAS1560/30/36/BR,R-41159492,IS 10322 (PART 5/SEC 1) : 2012,12799,"Guangdong Sat Technology Co. Ltd., No. 11 Lianbao Rd, Shengfeng District, Xiaolan Town, Zhongshan City, Guangdong, China – 528400",https://wsrv.nl/?url=https%3A%2F%2Fi.ibb.co%2FWNVGYgRZ%2FAdhil-15-S-10-brown.png&output=webp&q=78
Adhil 15S,ARFD1502,48V DC,NA,3000K, CRI>97,Φ60*H120mm ,36°,15W,AJ/CG,ATAS1560/30/36/COF,R-41159492,IS 10322 (PART 5/SEC 1) : 2012,12799,"Guangdong Sat Technology Co. Ltd., No. 11 Lianbao Rd, Shengfeng District, Xiaolan Town, Zhongshan City, Guangdong, China – 528400",https://wsrv.nl/?url=https%3A%2F%2Fi.ibb.co%2FFbznBJMn%2FAdhil-15-S-07-coffee.png&output=webp&q=78
Adhil 15S,ARFD1502,48V DC,NA,3000K, CRI>97,Φ60*H120mm ,36°,15W,AJ/CG,ATAS1560/30/36/DGR,R-41159492,IS 10322 (PART 5/SEC 1) : 2012,12799,"Guangdong Sat Technology Co. Ltd., No. 11 Lianbao Rd, Shengfeng District, Xiaolan Town, Zhongshan City, Guangdong, China – 528400",https://wsrv.nl/?url=https%3A%2F%2Fi.ibb.co%2FJS4zj9P%2FAdhil-15-S-09-dark-gray-default.png&output=webp&q=78
Adhil 15S,ARFD1502,48V DC,NA,3000K, CRI>97,Φ60*H120mm ,36°,15W,AJ/CG,ATAS1560/30/36/BB,R-41159492,IS 10322 (PART 5/SEC 1) : 2012,12799,"Guangdong Sat Technology Co. Ltd., No. 11 Lianbao Rd, Shengfeng District, Xiaolan Town, Zhongshan City, Guangdong, China – 528400",https://wsrv.nl/?url=https%3A%2F%2Fi.ibb.co%2FcSpKHP2j%2FAdhil-15-S-06-ballet-blue.png&output=webp&q=78
Adhil 15S,ARFD1502,48V DC,NA,3000K, CRI>97,Φ60*H120mm ,36°,15W,AJ/CG,ATAS1560/30/36/CH,R-41159492,IS 10322 (PART 5/SEC 1) : 2012,12799,"Guangdong Sat Technology Co. Ltd., No. 11 Lianbao Rd, Shengfeng District, Xiaolan Town, Zhongshan City, Guangdong, China – 528400",https://wsrv.nl/?url=https%3A%2F%2Fi.ibb.co%2F6787Wr0q%2FAdhil-15-S-01-chrome.png&output=webp&q=78
Adhil 15S,ARFD1502,48V DC,NA,3000K, CRI>97,Φ60*H120mm ,36°,15W,AJ/CG,ATAS1560/30/36/CHB,R-41159492,IS 10322 (PART 5/SEC 1) : 2012,12799,"Guangdong Sat Technology Co. Ltd., No. 11 Lianbao Rd, Shengfeng District, Xiaolan Town, Zhongshan City, Guangdong, China – 528400",https://wsrv.nl/?url=https%3A%2F%2Fi.ibb.co%2FZ6MX0TTq%2FAdhil-15-S-02-chrome-black.png&output=webp&q=78
Adhil 15S,ARFD1502,48V DC,NA,3500K, CRI>97,Φ60*H120mm ,36°,15W,AJ/CG,ATAS1560/35/36/W,R-41159492,IS 10322 (PART 5/SEC 1) : 2012,11799,"Guangdong Sat Technology Co. Ltd., No. 11 Lianbao Rd, Shengfeng District, Xiaolan Town, Zhongshan City, Guangdong, China – 528400",https://wsrv.nl/?url=https%3A%2F%2Fi.ibb.co%2FpHVwtRb%2FAdhil-15-S-05-white.png&output=webp&q=78
Adhil 15S,ARFD1502,48V DC,NA,3500K, CRI>97,Φ60*H120mm ,36°,15W,AJ/CG,ATAS1560/35/36/B,R-41159492,IS 10322 (PART 5/SEC 1) : 2012,11799,"Guangdong Sat Technology Co. Ltd., No. 11 Lianbao Rd, Shengfeng District, Xiaolan Town, Zhongshan City, Guangdong, China – 528400",https://wsrv.nl/?url=https%3A%2F%2Fi.ibb.co%2F7xmqgkkS%2FAdhil-15-S-03-mat-black-default.png&output=webp&q=78
Adhil 15S,ARFD1502,48V DC,NA,3500K, CRI>97,Φ60*H120mm ,36°,15W,AJ/CG,ATAS1560/35/36/CG,R-41159492,IS 10322 (PART 5/SEC 1) : 2012,12799,"Guangdong Sat Technology Co. Ltd., No. 11 Lianbao Rd, Shengfeng District, Xiaolan Town, Zhongshan City, Guangdong, China – 528400",https://wsrv.nl/?url=https%3A%2F%2Fi.ibb.co%2Fjktrb5Sd%2FAdhil-15-S-04-champeing-gold.png&output=webp&q=78
Adhil 15S,ARFD1502,48V DC,NA,3500K, CRI>97,Φ60*H120mm ,36°,15W,AJ/CG,ATAS1560/35/36/RG,R-41159492,IS 10322 (PART 5/SEC 1) : 2012,12799,"Guangdong Sat Technology Co. Ltd., No. 11 Lianbao Rd, Shengfeng District, Xiaolan Town, Zhongshan City, Guangdong, China – 528400",https://wsrv.nl/?url=https%3A%2F%2Fi.ibb.co%2FwF13MDQv%2FAdhil-15-S-08-rose-gold.png&output=webp&q=78
Adhil 15S,ARFD1502,48V DC,NA,3500K, CRI>97,Φ60*H120mm ,36°,15W,AJ/CG,ATAS1560/35/36/BR,R-41159492,IS 10322 (PART 5/SEC 1) : 2012,12799,"Guangdong Sat Technology Co. Ltd., No. 11 Lianbao Rd, Shengfeng District, Xiaolan Town, Zhongshan City, Guangdong, China – 528400",https://wsrv.nl/?url=https%3A%2F%2Fi.ibb.co%2FWNVGYgRZ%2FAdhil-15-S-10-brown.png&output=webp&q=78
Adhil 15S,ARFD1502,48V DC,NA,3500K, CRI>97,Φ60*H120mm ,36°,15W,AJ/CG,ATAS1560/35/36/COF,R-41159492,IS 10322 (PART 5/SEC 1) : 2012,12799,"Guangdong Sat Technology Co. Ltd., No. 11 Lianbao Rd, Shengfeng District, Xiaolan Town, Zhongshan City, Guangdong, China – 528400",https://wsrv.nl/?url=https%3A%2F%2Fi.ibb.co%2FFbznBJMn%2FAdhil-15-S-07-coffee.png&output=webp&q=78
Adhil 15S,ARFD1502,48V DC,NA,3500K, CRI>97,Φ60*H120mm ,36°,15W,AJ/CG,ATAS1560/35/36/DGR,R-41159492,IS 10322 (PART 5/SEC 1) : 2012,12799,"Guangdong Sat Technology Co. Ltd., No. 11 Lianbao Rd, Shengfeng District, Xiaolan Town, Zhongshan City, Guangdong, China – 528400",https://wsrv.nl/?url=https%3A%2F%2Fi.ibb.co%2FJS4zj9P%2FAdhil-15-S-09-dark-gray-default.png&output=webp&q=78
Adhil 15S,ARFD1502,48V DC,NA,3500K, CRI>97,Φ60*H120mm ,36°,15W,AJ/CG,ATAS1560/35/36/BB,R-41159492,IS 10322 (PART 5/SEC 1) : 2012,12799,"Guangdong Sat Technology Co. Ltd., No. 11 Lianbao Rd, Shengfeng District, Xiaolan Town, Zhongshan City, Guangdong, China – 528400",https://wsrv.nl/?url=https%3A%2F%2Fi.ibb.co%2FcSpKHP2j%2FAdhil-15-S-06-ballet-blue.png&output=webp&q=78
Adhil 15S,ARFD1502,48V DC,NA,3500K, CRI>97,Φ60*H120mm ,36°,15W,AJ/CG,ATAS1560/35/36/CH,R-41159492,IS 10322 (PART 5/SEC 1) : 2012,12799,"Guangdong Sat Technology Co. Ltd., No. 11 Lianbao Rd, Shengfeng District, Xiaolan Town, Zhongshan City, Guangdong, China – 528400",https://wsrv.nl/?url=https%3A%2F%2Fi.ibb.co%2F6787Wr0q%2FAdhil-15-S-01-chrome.png&output=webp&q=78
Adhil 15S,ARFD1502,48V DC,NA,3500K, CRI>97,Φ60*H120mm ,36°,15W,AJ/CG,ATAS1560/35/36/CHB,R-41159492,IS 10322 (PART 5/SEC 1) : 2012,12799,"Guangdong Sat Technology Co. Ltd., No. 11 Lianbao Rd, Shengfeng District, Xiaolan Town, Zhongshan City, Guangdong, China – 528400",https://wsrv.nl/?url=https%3A%2F%2Fi.ibb.co%2FZ6MX0TTq%2FAdhil-15-S-02-chrome-black.png&output=webp&q=78
Adhil 15S,ARFD1502,48V DC,NA,4000K, CRI>97,Φ60*H120mm ,36°,15W,AJ/CG,ATAS1560/40/36/W,R-41159492,IS 10322 (PART 5/SEC 1) : 2012,11799,"Guangdong Sat Technology Co. Ltd., No. 11 Lianbao Rd, Shengfeng District, Xiaolan Town, Zhongshan City, Guangdong, China – 528400",https://wsrv.nl/?url=https%3A%2F%2Fi.ibb.co%2FpHVwtRb%2FAdhil-15-S-05-white.png&output=webp&q=78
Adhil 15S,ARFD1502,48V DC,NA,4000K, CRI>97,Φ60*H120mm ,36°,15W,AJ/CG,ATAS1560/40/36/B,R-41159492,IS 10322 (PART 5/SEC 1) : 2012,11799,"Guangdong Sat Technology Co. Ltd., No. 11 Lianbao Rd, Shengfeng District, Xiaolan Town, Zhongshan City, Guangdong, China – 528400",https://wsrv.nl/?url=https%3A%2F%2Fi.ibb.co%2F7xmqgkkS%2FAdhil-15-S-03-mat-black-default.png&output=webp&q=78
Adhil 15S,ARFD1502,48V DC,NA,4000K, CRI>97,Φ60*H120mm ,36°,15W,AJ/CG,ATAS1560/40/36/CG,R-41159492,IS 10322 (PART 5/SEC 1) : 2012,12799,"Guangdong Sat Technology Co. Ltd., No. 11 Lianbao Rd, Shengfeng District, Xiaolan Town, Zhongshan City, Guangdong, China – 528400",https://wsrv.nl/?url=https%3A%2F%2Fi.ibb.co%2Fjktrb5Sd%2FAdhil-15-S-04-champeing-gold.png&output=webp&q=78
Adhil 15S,ARFD1502,48V DC,NA,4000K, CRI>97,Φ60*H120mm ,36°,15W,AJ/CG,ATAS1560/40/36/RG,R-41159492,IS 10322 (PART 5/SEC 1) : 2012,12799,"Guangdong Sat Technology Co. Ltd., No. 11 Lianbao Rd, Shengfeng District, Xiaolan Town, Zhongshan City, Guangdong, China – 528400",https://wsrv.nl/?url=https%3A%2F%2Fi.ibb.co%2FwF13MDQv%2FAdhil-15-S-08-rose-gold.png&output=webp&q=78
Adhil 15S,ARFD1502,48V DC,NA,4000K, CRI>97,Φ60*H120mm ,36°,15W,AJ/CG,ATAS1560/40/36/BR,R-41159492,IS 10322 (PART 5/SEC 1) : 2012,12799,"Guangdong Sat Technology Co. Ltd., No. 11 Lianbao Rd, Shengfeng District, Xiaolan Town, Zhongshan City, Guangdong, China – 528400",https://wsrv.nl/?url=https%3A%2F%2Fi.ibb.co%2FWNVGYgRZ%2FAdhil-15-S-10-brown.png&output=webp&q=78
Adhil 15S,ARFD1502,48V DC,NA,4000K, CRI>97,Φ60*H120mm ,36°,15W,AJ/CG,ATAS1560/40/36/COF,R-41159492,IS 10322 (PART 5/SEC 1) : 2012,12799,"Guangdong Sat Technology Co. Ltd., No. 11 Lianbao Rd, Shengfeng District, Xiaolan Town, Zhongshan City, Guangdong, China – 528400",https://wsrv.nl/?url=https%3A%2F%2Fi.ibb.co%2FFbznBJMn%2FAdhil-15-S-07-coffee.png&output=webp&q=78
Adhil 15S,ARFD1502,48V DC,NA,4000K, CRI>97,Φ60*H120mm ,36°,15W,AJ/CG,ATAS1560/40/36/DGR,R-41159492,IS 10322 (PART 5/SEC 1) : 2012,12799,"Guangdong Sat Technology Co. Ltd., No. 11 Lianbao Rd, Shengfeng District, Xiaolan Town, Zhongshan City, Guangdong, China – 528400",https://wsrv.nl/?url=https%3A%2F%2Fi.ibb.co%2FJS4zj9P%2FAdhil-15-S-09-dark-gray-default.png&output=webp&q=78
Adhil 15S,ARFD1502,48V DC,NA,4000K, CRI>97,Φ60*H120mm ,36°,15W,AJ/CG,ATAS1560/40/36/BB,R-41159492,IS 10322 (PART 5/SEC 1) : 2012,12799,"Guangdong Sat Technology Co. Ltd., No. 11 Lianbao Rd, Shengfeng District, Xiaolan Town, Zhongshan City, Guangdong, China – 528400",https://wsrv.nl/?url=https%3A%2F%2Fi.ibb.co%2FcSpKHP2j%2FAdhil-15-S-06-ballet-blue.png&output=webp&q=78
Adhil 15S,ARFD1502,48V DC,NA,4000K, CRI>97,Φ60*H120mm ,36°,15W,AJ/CG,ATAS1560/40/36/CH,R-41159492,IS 10322 (PART 5/SEC 1) : 2012,12799,"Guangdong Sat Technology Co. Ltd., No. 11 Lianbao Rd, Shengfeng District, Xiaolan Town, Zhongshan City, Guangdong, China – 528400",https://wsrv.nl/?url=https%3A%2F%2Fi.ibb.co%2F6787Wr0q%2FAdhil-15-S-01-chrome.png&output=webp&q=78
Adhil 15S,ARFD1502,48V DC,NA,4000K, CRI>97,Φ60*H120mm ,36°,15W,AJ/CG,ATAS1560/40/36/CHB,R-41159492,IS 10322 (PART 5/SEC 1) : 2012,12799,"Guangdong Sat Technology Co. Ltd., No. 11 Lianbao Rd, Shengfeng District, Xiaolan Town, Zhongshan City, Guangdong, China – 528400",https://wsrv.nl/?url=https%3A%2F%2Fi.ibb.co%2FZ6MX0TTq%2FAdhil-15-S-02-chrome-black.png&output=webp&q=78
Adhil 15S,ARFD1502,48V DC,NA,5000K, CRI>97,Φ60*H120mm ,36°,15W,AJ/CG,ATAS1560/50/36/W,R-41159492,IS 10322 (PART 5/SEC 1) : 2012,11799,"Guangdong Sat Technology Co. Ltd., No. 11 Lianbao Rd, Shengfeng District, Xiaolan Town, Zhongshan City, Guangdong, China – 528400",https://wsrv.nl/?url=https%3A%2F%2Fi.ibb.co%2FpHVwtRb%2FAdhil-15-S-05-white.png&output=webp&q=78
Adhil 15S,ARFD1502,48V DC,NA,5000K, CRI>97,Φ60*H120mm ,36°,15W,AJ/CG,ATAS1560/50/36/B,R-41159492,IS 10322 (PART 5/SEC 1) : 2012,11799,"Guangdong Sat Technology Co. Ltd., No. 11 Lianbao Rd, Shengfeng District, Xiaolan Town, Zhongshan City, Guangdong, China – 528400",https://wsrv.nl/?url=https%3A%2F%2Fi.ibb.co%2F7xmqgkkS%2FAdhil-15-S-03-mat-black-default.png&output=webp&q=78
Adhil 15S,ARFD1502,48V DC,NA,5000K, CRI>97,Φ60*H120mm ,36°,15W,AJ/CG,ATAS1560/50/36/CG,R-41159492,IS 10322 (PART 5/SEC 1) : 2012,12799,"Guangdong Sat Technology Co. Ltd., No. 11 Lianbao Rd, Shengfeng District, Xiaolan Town, Zhongshan City, Guangdong, China – 528400",https://wsrv.nl/?url=https%3A%2F%2Fi.ibb.co%2Fjktrb5Sd%2FAdhil-15-S-04-champeing-gold.png&output=webp&q=78
Adhil 15S,ARFD1502,48V DC,NA,5000K, CRI>97,Φ60*H120mm ,36°,15W,AJ/CG,ATAS1560/50/36/RG,R-41159492,IS 10322 (PART 5/SEC 1) : 2012,12799,"Guangdong Sat Technology Co. Ltd., No. 11 Lianbao Rd, Shengfeng District, Xiaolan Town, Zhongshan City, Guangdong, China – 528400",https://wsrv.nl/?url=https%3A%2F%2Fi.ibb.co%2FwF13MDQv%2FAdhil-15-S-08-rose-gold.png&output=webp&q=78
Adhil 15S,ARFD1502,48V DC,NA,5000K, CRI>97,Φ60*H120mm ,36°,15W,AJ/CG,ATAS1560/50/36/BR,R-41159492,IS 10322 (PART 5/SEC 1) : 2012,12799,"Guangdong Sat Technology Co. Ltd., No. 11 Lianbao Rd, Shengfeng District, Xiaolan Town, Zhongshan City, Guangdong, China – 528400",https://wsrv.nl/?url=https%3A%2F%2Fi.ibb.co%2FWNVGYgRZ%2FAdhil-15-S-10-brown.png&output=webp&q=78
Adhil 15S,ARFD1502,48V DC,NA,5000K, CRI>97,Φ60*H120mm ,36°,15W,AJ/CG,ATAS1560/50/36/COF,R-41159492,IS 10322 (PART 5/SEC 1) : 2012,12799,"Guangdong Sat Technology Co. Ltd., No. 11 Lianbao Rd, Shengfeng District, Xiaolan Town, Zhongshan City, Guangdong, China – 528400",https://wsrv.nl/?url=https%3A%2F%2Fi.ibb.co%2FFbznBJMn%2FAdhil-15-S-07-coffee.png&output=webp&q=78
Adhil 15S,ARFD1502,48V DC,NA,5000K, CRI>97,Φ60*H120mm ,36°,15W,AJ/CG,ATAS1560/50/36/DGR,R-41159492,IS 10322 (PART 5/SEC 1) : 2012,12799,"Guangdong Sat Technology Co. Ltd., No. 11 Lianbao Rd, Shengfeng District, Xiaolan Town, Zhongshan City, Guangdong, China – 528400",https://wsrv.nl/?url=https%3A%2F%2Fi.ibb.co%2FJS4zj9P%2FAdhil-15-S-09-dark-gray-default.png&output=webp&q=78
Adhil 15S,ARFD1502,48V DC,NA,5000K, CRI>97,Φ60*H120mm ,36°,15W,AJ/CG,ATAS1560/50/36/BB,R-41159492,IS 10322 (PART 5/SEC 1) : 2012,12799,"Guangdong Sat Technology Co. Ltd., No. 11 Lianbao Rd, Shengfeng District, Xiaolan Town, Zhongshan City, Guangdong, China – 528400",https://wsrv.nl/?url=https%3A%2F%2Fi.ibb.co%2FcSpKHP2j%2FAdhil-15-S-06-ballet-blue.png&output=webp&q=78
Adhil 15S,ARFD1502,48V DC,NA,5000K, CRI>97,Φ60*H120mm ,36°,15W,AJ/CG,ATAS1560/50/36/CH,R-41159492,IS 10322 (PART 5/SEC 1) : 2012,12799,"Guangdong Sat Technology Co. Ltd., No. 11 Lianbao Rd, Shengfeng District, Xiaolan Town, Zhongshan City, Guangdong, China – 528400",https://wsrv.nl/?url=https%3A%2F%2Fi.ibb.co%2F6787Wr0q%2FAdhil-15-S-01-chrome.png&output=webp&q=78
Adhil 15S,ARFD1502,48V DC,NA,5000K, CRI>97,Φ60*H120mm ,36°,15W,AJ/CG,ATAS1560/50/36/CHB,R-41159492,IS 10322 (PART 5/SEC 1) : 2012,12799,"Guangdong Sat Technology Co. Ltd., No. 11 Lianbao Rd, Shengfeng District, Xiaolan Town, Zhongshan City, Guangdong, China – 528400",https://wsrv.nl/?url=https%3A%2F%2Fi.ibb.co%2FZ6MX0TTq%2FAdhil-15-S-02-chrome-black.png&output=webp&q=78
Adhil 15S,ARFD1502,48V DC,NA,2700K, CRI>97,Φ60*H120mm ,60°,15W,AJ/CG,ATAS1560/27/60/W,R-41159492,IS 10322 (PART 5/SEC 1) : 2012,11799,"Guangdong Sat Technology Co. Ltd., No. 11 Lianbao Rd, Shengfeng District, Xiaolan Town, Zhongshan City, Guangdong, China – 528400",https://wsrv.nl/?url=https%3A%2F%2Fi.ibb.co%2FpHVwtRb%2FAdhil-15-S-05-white.png&output=webp&q=78
Adhil 15S,ARFD1502,48V DC,NA,2700K, CRI>97,Φ60*H120mm ,60°,15W,AJ/CG,ATAS1560/27/60/B,R-41159492,IS 10322 (PART 5/SEC 1) : 2012,11799,"Guangdong Sat Technology Co. Ltd., No. 11 Lianbao Rd, Shengfeng District, Xiaolan Town, Zhongshan City, Guangdong, China – 528400",https://wsrv.nl/?url=https%3A%2F%2Fi.ibb.co%2F7xmqgkkS%2FAdhil-15-S-03-mat-black-default.png&output=webp&q=78
Adhil 15S,ARFD1502,48V DC,NA,2700K, CRI>97,Φ60*H120mm ,60°,15W,AJ/CG,ATAS1560/27/60/CG,R-41159492,IS 10322 (PART 5/SEC 1) : 2012,12799,"Guangdong Sat Technology Co. Ltd., No. 11 Lianbao Rd, Shengfeng District, Xiaolan Town, Zhongshan City, Guangdong, China – 528400",https://wsrv.nl/?url=https%3A%2F%2Fi.ibb.co%2Fjktrb5Sd%2FAdhil-15-S-04-champeing-gold.png&output=webp&q=78
Adhil 15S,ARFD1502,48V DC,NA,2700K, CRI>97,Φ60*H120mm ,60°,15W,AJ/CG,ATAS1560/27/60/RG,R-41159492,IS 10322 (PART 5/SEC 1) : 2012,12799,"Guangdong Sat Technology Co. Ltd., No. 11 Lianbao Rd, Shengfeng District, Xiaolan Town, Zhongshan City, Guangdong, China – 528400",https://wsrv.nl/?url=https%3A%2F%2Fi.ibb.co%2FwF13MDQv%2FAdhil-15-S-08-rose-gold.png&output=webp&q=78
Adhil 15S,ARFD1502,48V DC,NA,2700K, CRI>97,Φ60*H120mm ,60°,15W,AJ/CG,ATAS1560/27/60/BR,R-41159492,IS 10322 (PART 5/SEC 1) : 2012,12799,"Guangdong Sat Technology Co. Ltd., No. 11 Lianbao Rd, Shengfeng District, Xiaolan Town, Zhongshan City, Guangdong, China – 528400",https://wsrv.nl/?url=https%3A%2F%2Fi.ibb.co%2FWNVGYgRZ%2FAdhil-15-S-10-brown.png&output=webp&q=78
Adhil 15S,ARFD1502,48V DC,NA,2700K, CRI>97,Φ60*H120mm ,60°,15W,AJ/CG,ATAS1560/27/60/COF,R-41159492,IS 10322 (PART 5/SEC 1) : 2012,12799,"Guangdong Sat Technology Co. Ltd., No. 11 Lianbao Rd, Shengfeng District, Xiaolan Town, Zhongshan City, Guangdong, China – 528400",https://wsrv.nl/?url=https%3A%2F%2Fi.ibb.co%2FFbznBJMn%2FAdhil-15-S-07-coffee.png&output=webp&q=78
Adhil 15S,ARFD1502,48V DC,NA,2700K, CRI>97,Φ60*H120mm ,60°,15W,AJ/CG,ATAS1560/27/60/DGR,R-41159492,IS 10322 (PART 5/SEC 1) : 2012,12799,"Guangdong Sat Technology Co. Ltd., No. 11 Lianbao Rd, Shengfeng District, Xiaolan Town, Zhongshan City, Guangdong, China – 528400",https://wsrv.nl/?url=https%3A%2F%2Fi.ibb.co%2FJS4zj9P%2FAdhil-15-S-09-dark-gray-default.png&output=webp&q=78
Adhil 15S,ARFD1502,48V DC,NA,2700K, CRI>97,Φ60*H120mm ,60°,15W,AJ/CG,ATAS1560/27/60/BB,R-41159492,IS 10322 (PART 5/SEC 1) : 2012,12799,"Guangdong Sat Technology Co. Ltd., No. 11 Lianbao Rd, Shengfeng District, Xiaolan Town, Zhongshan City, Guangdong, China – 528400",https://wsrv.nl/?url=https%3A%2F%2Fi.ibb.co%2FcSpKHP2j%2FAdhil-15-S-06-ballet-blue.png&output=webp&q=78
Adhil 15S,ARFD1502,48V DC,NA,2700K, CRI>97,Φ60*H120mm ,60°,15W,AJ/CG,ATAS1560/27/60/CH,R-41159492,IS 10322 (PART 5/SEC 1) : 2012,12799,"Guangdong Sat Technology Co. Ltd., No. 11 Lianbao Rd, Shengfeng District, Xiaolan Town, Zhongshan City, Guangdong, China – 528400",https://wsrv.nl/?url=https%3A%2F%2Fi.ibb.co%2F6787Wr0q%2FAdhil-15-S-01-chrome.png&output=webp&q=78
Adhil 15S,ARFD1502,48V DC,NA,2700K, CRI>97,Φ60*H120mm ,60°,15W,AJ/CG,ATAS1560/27/60/CHB,R-41159492,IS 10322 (PART 5/SEC 1) : 2012,12799,"Guangdong Sat Technology Co. Ltd., No. 11 Lianbao Rd, Shengfeng District, Xiaolan Town, Zhongshan City, Guangdong, China – 528400",https://wsrv.nl/?url=https%3A%2F%2Fi.ibb.co%2FZ6MX0TTq%2FAdhil-15-S-02-chrome-black.png&output=webp&q=78
Adhil 15S,ARFD1502,48V DC,NA,3000K, CRI>97,Φ60*H120mm ,60°,15W,AJ/CG,ATAS1560/30/60/W,R-41159492,IS 10322 (PART 5/SEC 1) : 2012,11799,"Guangdong Sat Technology Co. Ltd., No. 11 Lianbao Rd, Shengfeng District, Xiaolan Town, Zhongshan City, Guangdong, China – 528400",https://wsrv.nl/?url=https%3A%2F%2Fi.ibb.co%2FpHVwtRb%2FAdhil-15-S-05-white.png&output=webp&q=78
Adhil 15S,ARFD1502,48V DC,NA,3000K, CRI>97,Φ60*H120mm ,60°,15W,AJ/CG,ATAS1560/30/60/B,R-41159492,IS 10322 (PART 5/SEC 1) : 2012,11799,"Guangdong Sat Technology Co. Ltd., No. 11 Lianbao Rd, Shengfeng District, Xiaolan Town, Zhongshan City, Guangdong, China – 528400",https://wsrv.nl/?url=https%3A%2F%2Fi.ibb.co%2F7xmqgkkS%2FAdhil-15-S-03-mat-black-default.png&output=webp&q=78
Adhil 15S,ARFD1502,48V DC,NA,3000K, CRI>97,Φ60*H120mm ,60°,15W,AJ/CG,ATAS1560/30/60/CG,R-41159492,IS 10322 (PART 5/SEC 1) : 2012,12799,"Guangdong Sat Technology Co. Ltd., No. 11 Lianbao Rd, Shengfeng District, Xiaolan Town, Zhongshan City, Guangdong, China – 528400",https://wsrv.nl/?url=https%3A%2F%2Fi.ibb.co%2Fjktrb5Sd%2FAdhil-15-S-04-champeing-gold.png&output=webp&q=78
Adhil 15S,ARFD1502,48V DC,NA,3000K, CRI>97,Φ60*H120mm ,60°,15W,AJ/CG,ATAS1560/30/60/RG,R-41159492,IS 10322 (PART 5/SEC 1) : 2012,12799,"Guangdong Sat Technology Co. Ltd., No. 11 Lianbao Rd, Shengfeng District, Xiaolan Town, Zhongshan City, Guangdong, China – 528400",https://wsrv.nl/?url=https%3A%2F%2Fi.ibb.co%2FwF13MDQv%2FAdhil-15-S-08-rose-gold.png&output=webp&q=78
Adhil 15S,ARFD1502,48V DC,NA,3000K, CRI>97,Φ60*H120mm ,60°,15W,AJ/CG,ATAS1560/30/60/BR,R-41159492,IS 10322 (PART 5/SEC 1) : 2012,12799,"Guangdong Sat Technology Co. Ltd., No. 11 Lianbao Rd, Shengfeng District, Xiaolan Town, Zhongshan City, Guangdong, China – 528400",https://wsrv.nl/?url=https%3A%2F%2Fi.ibb.co%2FWNVGYgRZ%2FAdhil-15-S-10-brown.png&output=webp&q=78
Adhil 15S,ARFD1502,48V DC,NA,3000K, CRI>97,Φ60*H120mm ,60°,15W,AJ/CG,ATAS1560/30/60/COF,R-41159492,IS 10322 (PART 5/SEC 1) : 2012,12799,"Guangdong Sat Technology Co. Ltd., No. 11 Lianbao Rd, Shengfeng District, Xiaolan Town, Zhongshan City, Guangdong, China – 528400",https://wsrv.nl/?url=https%3A%2F%2Fi.ibb.co%2FFbznBJMn%2FAdhil-15-S-07-coffee.png&output=webp&q=78
Adhil 15S,ARFD1502,48V DC,NA,3000K, CRI>97,Φ60*H120mm ,60°,15W,AJ/CG,ATAS1560/30/60/DGR,R-41159492,IS 10322 (PART 5/SEC 1) : 2012,12799,"Guangdong Sat Technology Co. Ltd., No. 11 Lianbao Rd, Shengfeng District, Xiaolan Town, Zhongshan City, Guangdong, China – 528400",https://wsrv.nl/?url=https%3A%2F%2Fi.ibb.co%2FJS4zj9P%2FAdhil-15-S-09-dark-gray-default.png&output=webp&q=78
Adhil 15S,ARFD1502,48V DC,NA,3000K, CRI>97,Φ60*H120mm ,60°,15W,AJ/CG,ATAS1560/30/60/BB,R-41159492,IS 10322 (PART 5/SEC 1) : 2012,12799,"Guangdong Sat Technology Co. Ltd., No. 11 Lianbao Rd, Shengfeng District, Xiaolan Town, Zhongshan City, Guangdong, China – 528400",https://wsrv.nl/?url=https%3A%2F%2Fi.ibb.co%2FcSpKHP2j%2FAdhil-15-S-06-ballet-blue.png&output=webp&q=78
Adhil 15S,ARFD1502,48V DC,NA,3000K, CRI>97,Φ60*H120mm ,60°,15W,AJ/CG,ATAS1560/30/60/CH,R-41159492,IS 10322 (PART 5/SEC 1) : 2012,12799,"Guangdong Sat Technology Co. Ltd., No. 11 Lianbao Rd, Shengfeng District, Xiaolan Town, Zhongshan City, Guangdong, China – 528400",https://wsrv.nl/?url=https%3A%2F%2Fi.ibb.co%2F6787Wr0q%2FAdhil-15-S-01-chrome.png&output=webp&q=78
Adhil 15S,ARFD1502,48V DC,NA,3000K, CRI>97,Φ60*H120mm ,60°,15W,AJ/CG,ATAS1560/30/60/CHB,R-41159492,IS 10322 (PART 5/SEC 1) : 2012,12799,"Guangdong Sat Technology Co. Ltd., No. 11 Lianbao Rd, Shengfeng District, Xiaolan Town, Zhongshan City, Guangdong, China – 528400",https://wsrv.nl/?url=https%3A%2F%2Fi.ibb.co%2FZ6MX0TTq%2FAdhil-15-S-02-chrome-black.png&output=webp&q=78
Adhil 15S,ARFD1502,48V DC,NA,3500K, CRI>97,Φ60*H120mm ,60°,15W,AJ/CG,ATAS1560/35/60/W,R-41159492,IS 10322 (PART 5/SEC 1) : 2012,11799,"Guangdong Sat Technology Co. Ltd., No. 11 Lianbao Rd, Shengfeng District, Xiaolan Town, Zhongshan City, Guangdong, China – 528400",https://wsrv.nl/?url=https%3A%2F%2Fi.ibb.co%2FpHVwtRb%2FAdhil-15-S-05-white.png&output=webp&q=78
Adhil 15S,ARFD1502,48V DC,NA,3500K, CRI>97,Φ60*H120mm ,60°,15W,AJ/CG,ATAS1560/35/60/B,R-41159492,IS 10322 (PART 5/SEC 1) : 2012,11799,"Guangdong Sat Technology Co. Ltd., No. 11 Lianbao Rd, Shengfeng District, Xiaolan Town, Zhongshan City, Guangdong, China – 528400",https://wsrv.nl/?url=https%3A%2F%2Fi.ibb.co%2F7xmqgkkS%2FAdhil-15-S-03-mat-black-default.png&output=webp&q=78
Adhil 15S,ARFD1502,48V DC,NA,3500K, CRI>97,Φ60*H120mm ,60°,15W,AJ/CG,ATAS1560/35/60/CG,R-41159492,IS 10322 (PART 5/SEC 1) : 2012,12799,"Guangdong Sat Technology Co. Ltd., No. 11 Lianbao Rd, Shengfeng District, Xiaolan Town, Zhongshan City, Guangdong, China – 528400",https://wsrv.nl/?url=https%3A%2F%2Fi.ibb.co%2Fjktrb5Sd%2FAdhil-15-S-04-champeing-gold.png&output=webp&q=78
Adhil 15S,ARFD1502,48V DC,NA,3500K, CRI>97,Φ60*H120mm ,60°,15W,AJ/CG,ATAS1560/35/60/RG,R-41159492,IS 10322 (PART 5/SEC 1) : 2012,12799,"Guangdong Sat Technology Co. Ltd., No. 11 Lianbao Rd, Shengfeng District, Xiaolan Town, Zhongshan City, Guangdong, China – 528400",https://wsrv.nl/?url=https%3A%2F%2Fi.ibb.co%2FwF13MDQv%2FAdhil-15-S-08-rose-gold.png&output=webp&q=78
Adhil 15S,ARFD1502,48V DC,NA,3500K, CRI>97,Φ60*H120mm ,60°,15W,AJ/CG,ATAS1560/35/60/BR,R-41159492,IS 10322 (PART 5/SEC 1) : 2012,12799,"Guangdong Sat Technology Co. Ltd., No. 11 Lianbao Rd, Shengfeng District, Xiaolan Town, Zhongshan City, Guangdong, China – 528400",https://wsrv.nl/?url=https%3A%2F%2Fi.ibb.co%2FWNVGYgRZ%2FAdhil-15-S-10-brown.png&output=webp&q=78
Adhil 15S,ARFD1502,48V DC,NA,3500K, CRI>97,Φ60*H120mm ,60°,15W,AJ/CG,ATAS1560/35/60/COF,R-41159492,IS 10322 (PART 5/SEC 1) : 2012,12799,"Guangdong Sat Technology Co. Ltd., No. 11 Lianbao Rd, Shengfeng District, Xiaolan Town, Zhongshan City, Guangdong, China – 528400",https://wsrv.nl/?url=https%3A%2F%2Fi.ibb.co%2FFbznBJMn%2FAdhil-15-S-07-coffee.png&output=webp&q=78
Adhil 15S,ARFD1502,48V DC,NA,3500K, CRI>97,Φ60*H120mm ,60°,15W,AJ/CG,ATAS1560/35/60/DGR,R-41159492,IS 10322 (PART 5/SEC 1) : 2012,12799,"Guangdong Sat Technology Co. Ltd., No. 11 Lianbao Rd, Shengfeng District, Xiaolan Town, Zhongshan City, Guangdong, China – 528400",https://wsrv.nl/?url=https%3A%2F%2Fi.ibb.co%2FJS4zj9P%2FAdhil-15-S-09-dark-gray-default.png&output=webp&q=78
Adhil 15S,ARFD1502,48V DC,NA,3500K, CRI>97,Φ60*H120mm ,60°,15W,AJ/CG,ATAS1560/35/60/BB,R-41159492,IS 10322 (PART 5/SEC 1) : 2012,12799,"Guangdong Sat Technology Co. Ltd., No. 11 Lianbao Rd, Shengfeng District, Xiaolan Town, Zhongshan City, Guangdong, China – 528400",https://wsrv.nl/?url=https%3A%2F%2Fi.ibb.co%2FcSpKHP2j%2FAdhil-15-S-06-ballet-blue.png&output=webp&q=78
Adhil 15S,ARFD1502,48V DC,NA,3500K, CRI>97,Φ60*H120mm ,60°,15W,AJ/CG,ATAS1560/35/60/CH,R-41159492,IS 10322 (PART 5/SEC 1) : 2012,12799,"Guangdong Sat Technology Co. Ltd., No. 11 Lianbao Rd, Shengfeng District, Xiaolan Town, Zhongshan City, Guangdong, China – 528400",https://wsrv.nl/?url=https%3A%2F%2Fi.ibb.co%2F6787Wr0q%2FAdhil-15-S-01-chrome.png&output=webp&q=78
Adhil 15S,ARFD1502,48V DC,NA,3500K, CRI>97,Φ60*H120mm ,60°,15W,AJ/CG,ATAS1560/35/60/CHB,R-41159492,IS 10322 (PART 5/SEC 1) : 2012,12799,"Guangdong Sat Technology Co. Ltd., No. 11 Lianbao Rd, Shengfeng District, Xiaolan Town, Zhongshan City, Guangdong, China – 528400",https://wsrv.nl/?url=https%3A%2F%2Fi.ibb.co%2FZ6MX0TTq%2FAdhil-15-S-02-chrome-black.png&output=webp&q=78
Adhil 15S,ARFD1502,48V DC,NA,4000K, CRI>97,Φ60*H120mm ,60°,15W,AJ/CG,ATAS1560/40/60/W,R-41159492,IS 10322 (PART 5/SEC 1) : 2012,11799,"Guangdong Sat Technology Co. Ltd., No. 11 Lianbao Rd, Shengfeng District, Xiaolan Town, Zhongshan City, Guangdong, China – 528400",https://wsrv.nl/?url=https%3A%2F%2Fi.ibb.co%2FpHVwtRb%2FAdhil-15-S-05-white.png&output=webp&q=78
Adhil 15S,ARFD1502,48V DC,NA,4000K, CRI>97,Φ60*H120mm ,60°,15W,AJ/CG,ATAS1560/40/60/B,R-41159492,IS 10322 (PART 5/SEC 1) : 2012,11799,"Guangdong Sat Technology Co. Ltd., No. 11 Lianbao Rd, Shengfeng District, Xiaolan Town, Zhongshan City, Guangdong, China – 528400",https://wsrv.nl/?url=https%3A%2F%2Fi.ibb.co%2F7xmqgkkS%2FAdhil-15-S-03-mat-black-default.png&output=webp&q=78
Adhil 15S,ARFD1502,48V DC,NA,4000K, CRI>97,Φ60*H120mm ,60°,15W,AJ/CG,ATAS1560/40/60/CG,R-41159492,IS 10322 (PART 5/SEC 1) : 2012,12799,"Guangdong Sat Technology Co. Ltd., No. 11 Lianbao Rd, Shengfeng District, Xiaolan Town, Zhongshan City, Guangdong, China – 528400",https://wsrv.nl/?url=https%3A%2F%2Fi.ibb.co%2Fjktrb5Sd%2FAdhil-15-S-04-champeing-gold.png&output=webp&q=78
Adhil 15S,ARFD1502,48V DC,NA,4000K, CRI>97,Φ60*H120mm ,60°,15W,AJ/CG,ATAS1560/40/60/RG,R-41159492,IS 10322 (PART 5/SEC 1) : 2012,12799,"Guangdong Sat Technology Co. Ltd., No. 11 Lianbao Rd, Shengfeng District, Xiaolan Town, Zhongshan City, Guangdong, China – 528400",https://wsrv.nl/?url=https%3A%2F%2Fi.ibb.co%2FwF13MDQv%2FAdhil-15-S-08-rose-gold.png&output=webp&q=78
Adhil 15S,ARFD1502,48V DC,NA,4000K, CRI>97,Φ60*H120mm ,60°,15W,AJ/CG,ATAS1560/40/60/BR,R-41159492,IS 10322 (PART 5/SEC 1) : 2012,12799,"Guangdong Sat Technology Co. Ltd., No. 11 Lianbao Rd, Shengfeng District, Xiaolan Town, Zhongshan City, Guangdong, China – 528400",https://wsrv.nl/?url=https%3A%2F%2Fi.ibb.co%2FWNVGYgRZ%2FAdhil-15-S-10-brown.png&output=webp&q=78
Adhil 15S,ARFD1502,48V DC,NA,4000K, CRI>97,Φ60*H120mm ,60°,15W,AJ/CG,ATAS1560/40/60/COF,R-41159492,IS 10322 (PART 5/SEC 1) : 2012,12799,"Guangdong Sat Technology Co. Ltd., No. 11 Lianbao Rd, Shengfeng District, Xiaolan Town, Zhongshan City, Guangdong, China – 528400",https://wsrv.nl/?url=https%3A%2F%2Fi.ibb.co%2FFbznBJMn%2FAdhil-15-S-07-coffee.png&output=webp&q=78
Adhil 15S,ARFD1502,48V DC,NA,4000K, CRI>97,Φ60*H120mm ,60°,15W,AJ/CG,ATAS1560/40/60/DGR,R-41159492,IS 10322 (PART 5/SEC 1) : 2012,12799,"Guangdong Sat Technology Co. Ltd., No. 11 Lianbao Rd, Shengfeng District, Xiaolan Town, Zhongshan City, Guangdong, China – 528400",https://wsrv.nl/?url=https%3A%2F%2Fi.ibb.co%2FJS4zj9P%2FAdhil-15-S-09-dark-gray-default.png&output=webp&q=78
Adhil 15S,ARFD1502,48V DC,NA,4000K, CRI>97,Φ60*H120mm ,60°,15W,AJ/CG,ATAS1560/40/60/BB,R-41159492,IS 10322 (PART 5/SEC 1) : 2012,12799,"Guangdong Sat Technology Co. Ltd., No. 11 Lianbao Rd, Shengfeng District, Xiaolan Town, Zhongshan City, Guangdong, China – 528400",https://wsrv.nl/?url=https%3A%2F%2Fi.ibb.co%2FcSpKHP2j%2FAdhil-15-S-06-ballet-blue.png&output=webp&q=78
Adhil 15S,ARFD1502,48V DC,NA,4000K, CRI>97,Φ60*H120mm ,60°,15W,AJ/CG,ATAS1560/40/60/CH,R-41159492,IS 10322 (PART 5/SEC 1) : 2012,12799,"Guangdong Sat Technology Co. Ltd., No. 11 Lianbao Rd, Shengfeng District, Xiaolan Town, Zhongshan City, Guangdong, China – 528400",https://wsrv.nl/?url=https%3A%2F%2Fi.ibb.co%2F6787Wr0q%2FAdhil-15-S-01-chrome.png&output=webp&q=78
Adhil 15S,ARFD1502,48V DC,NA,4000K, CRI>97,Φ60*H120mm ,60°,15W,AJ/CG,ATAS1560/40/60/CHB,R-41159492,IS 10322 (PART 5/SEC 1) : 2012,12799,"Guangdong Sat Technology Co. Ltd., No. 11 Lianbao Rd, Shengfeng District, Xiaolan Town, Zhongshan City, Guangdong, China – 528400",https://wsrv.nl/?url=https%3A%2F%2Fi.ibb.co%2FZ6MX0TTq%2FAdhil-15-S-02-chrome-black.png&output=webp&q=78
Adhil 15S,ARFD1502,48V DC,NA,5000K, CRI>97,Φ60*H120mm ,60°,15W,AJ/CG,ATAS1560/50/60/W,R-41159492,IS 10322 (PART 5/SEC 1) : 2012,11799,"Guangdong Sat Technology Co. Ltd., No. 11 Lianbao Rd, Shengfeng District, Xiaolan Town, Zhongshan City, Guangdong, China – 528400",https://wsrv.nl/?url=https%3A%2F%2Fi.ibb.co%2FpHVwtRb%2FAdhil-15-S-05-white.png&output=webp&q=78
Adhil 15S,ARFD1502,48V DC,NA,5000K, CRI>97,Φ60*H120mm ,60°,15W,AJ/CG,ATAS1560/50/60/B,R-41159492,IS 10322 (PART 5/SEC 1) : 2012,11799,"Guangdong Sat Technology Co. Ltd., No. 11 Lianbao Rd, Shengfeng District, Xiaolan Town, Zhongshan City, Guangdong, China – 528400",https://wsrv.nl/?url=https%3A%2F%2Fi.ibb.co%2F7xmqgkkS%2FAdhil-15-S-03-mat-black-default.png&output=webp&q=78
Adhil 15S,ARFD1502,48V DC,NA,5000K, CRI>97,Φ60*H120mm ,60°,15W,AJ/CG,ATAS1560/50/60/CG,R-41159492,IS 10322 (PART 5/SEC 1) : 2012,12799,"Guangdong Sat Technology Co. Ltd., No. 11 Lianbao Rd, Shengfeng District, Xiaolan Town, Zhongshan City, Guangdong, China – 528400",https://wsrv.nl/?url=https%3A%2F%2Fi.ibb.co%2Fjktrb5Sd%2FAdhil-15-S-04-champeing-gold.png&output=webp&q=78
Adhil 15S,ARFD1502,48V DC,NA,5000K, CRI>97,Φ60*H120mm ,60°,15W,AJ/CG,ATAS1560/50/60/RG,R-41159492,IS 10322 (PART 5/SEC 1) : 2012,12799,"Guangdong Sat Technology Co. Ltd., No. 11 Lianbao Rd, Shengfeng District, Xiaolan Town, Zhongshan City, Guangdong, China – 528400",https://wsrv.nl/?url=https%3A%2F%2Fi.ibb.co%2FwF13MDQv%2FAdhil-15-S-08-rose-gold.png&output=webp&q=78
Adhil 15S,ARFD1502,48V DC,NA,5000K, CRI>97,Φ60*H120mm ,60°,15W,AJ/CG,ATAS1560/50/60/BR,R-41159492,IS 10322 (PART 5/SEC 1) : 2012,12799,"Guangdong Sat Technology Co. Ltd., No. 11 Lianbao Rd, Shengfeng District, Xiaolan Town, Zhongshan City, Guangdong, China – 528400",https://wsrv.nl/?url=https%3A%2F%2Fi.ibb.co%2FWNVGYgRZ%2FAdhil-15-S-10-brown.png&output=webp&q=78
Adhil 15S,ARFD1502,48V DC,NA,5000K, CRI>97,Φ60*H120mm ,60°,15W,AJ/CG,ATAS1560/50/60/COF,R-41159492,IS 10322 (PART 5/SEC 1) : 2012,12799,"Guangdong Sat Technology Co. Ltd., No. 11 Lianbao Rd, Shengfeng District, Xiaolan Town, Zhongshan City, Guangdong, China – 528400",https://wsrv.nl/?url=https%3A%2F%2Fi.ibb.co%2FFbznBJMn%2FAdhil-15-S-07-coffee.png&output=webp&q=78
Adhil 15S,ARFD1502,48V DC,NA,5000K, CRI>97,Φ60*H120mm ,60°,15W,AJ/CG,ATAS1560/50/60/DGR,R-41159492,IS 10322 (PART 5/SEC 1) : 2012,12799,"Guangdong Sat Technology Co. Ltd., No. 11 Lianbao Rd, Shengfeng District, Xiaolan Town, Zhongshan City, Guangdong, China – 528400",https://wsrv.nl/?url=https%3A%2F%2Fi.ibb.co%2FJS4zj9P%2FAdhil-15-S-09-dark-gray-default.png&output=webp&q=78
Adhil 15S,ARFD1502,48V DC,NA,5000K, CRI>97,Φ60*H120mm ,60°,15W,AJ/CG,ATAS1560/50/60/BB,R-41159492,IS 10322 (PART 5/SEC 1) : 2012,12799,"Guangdong Sat Technology Co. Ltd., No. 11 Lianbao Rd, Shengfeng District, Xiaolan Town, Zhongshan City, Guangdong, China – 528400",https://wsrv.nl/?url=https%3A%2F%2Fi.ibb.co%2FcSpKHP2j%2FAdhil-15-S-06-ballet-blue.png&output=webp&q=78
Adhil 15S,ARFD1502,48V DC,NA,5000K, CRI>97,Φ60*H120mm ,60°,15W,AJ/CG,ATAS1560/50/60/CH,R-41159492,IS 10322 (PART 5/SEC 1) : 2012,12799,"Guangdong Sat Technology Co. Ltd., No. 11 Lianbao Rd, Shengfeng District, Xiaolan Town, Zhongshan City, Guangdong, China – 528400",https://wsrv.nl/?url=https%3A%2F%2Fi.ibb.co%2F6787Wr0q%2FAdhil-15-S-01-chrome.png&output=webp&q=78
Adhil 15S,ARFD1502,48V DC,NA,5000K, CRI>97,Φ60*H120mm ,60°,15W,AJ/CG,ATAS1560/50/60/CHB,R-41159492,IS 10322 (PART 5/SEC 1) : 2012,12799,"Guangdong Sat Technology Co. Ltd., No. 11 Lianbao Rd, Shengfeng District, Xiaolan Town, Zhongshan City, Guangdong, China – 528400",https://wsrv.nl/?url=https%3A%2F%2Fi.ibb.co%2FZ6MX0TTq%2FAdhil-15-S-02-chrome-black.png&output=webp&q=78
Adhil 15S Tunable,ARFD1502,48V DC,NA,2700K~6500K, CRI>97,Φ60*H120mm ,15°,15W,AJ/CG,ATAS1560/CT/15/W,R-41159492,IS 10322 (PART 5/SEC 1) : 2012,12999,"Guangdong Sat Technology Co. Ltd., No. 11 Lianbao Rd, Shengfeng District, Xiaolan Town, Zhongshan City, Guangdong, China – 528400",https://wsrv.nl/?url=https%3A%2F%2Fi.ibb.co%2FpHVwtRb%2FAdhil-15-S-05-white.png&output=webp&q=78
Adhil 15S Tunable,ARFD1502,48V DC,NA,2700K~6500K, CRI>97,Φ60*H120mm ,15°,15W,AJ/CG,ATAS1560/CT/15/B,R-41159492,IS 10322 (PART 5/SEC 1) : 2012,12999,"Guangdong Sat Technology Co. Ltd., No. 11 Lianbao Rd, Shengfeng District, Xiaolan Town, Zhongshan City, Guangdong, China – 528400",https://wsrv.nl/?url=https%3A%2F%2Fi.ibb.co%2F7xmqgkkS%2FAdhil-15-S-03-mat-black-default.png&output=webp&q=78
Adhil 15S Tunable,ARFD1502,48V DC,NA,2700K~6500K, CRI>97,Φ60*H120mm ,15°,15W,AJ/CG,ATAS1560/CT/15/CG,R-41159492,IS 10322 (PART 5/SEC 1) : 2012,13999,"Guangdong Sat Technology Co. Ltd., No. 11 Lianbao Rd, Shengfeng District, Xiaolan Town, Zhongshan City, Guangdong, China – 528400",https://wsrv.nl/?url=https%3A%2F%2Fi.ibb.co%2Fjktrb5Sd%2FAdhil-15-S-04-champeing-gold.png&output=webp&q=78
Adhil 15S Tunable,ARFD1502,48V DC,NA,2700K~6500K, CRI>97,Φ60*H120mm ,15°,15W,AJ/CG,ATAS1560/CT/15/RG,R-41159492,IS 10322 (PART 5/SEC 1) : 2012,13999,"Guangdong Sat Technology Co. Ltd., No. 11 Lianbao Rd, Shengfeng District, Xiaolan Town, Zhongshan City, Guangdong, China – 528400",https://wsrv.nl/?url=https%3A%2F%2Fi.ibb.co%2FwF13MDQv%2FAdhil-15-S-08-rose-gold.png&output=webp&q=78
Adhil 15S Tunable,ARFD1502,48V DC,NA,2700K~6500K, CRI>97,Φ60*H120mm ,15°,15W,AJ/CG,ATAS1560/CT/15/BR,R-41159492,IS 10322 (PART 5/SEC 1) : 2012,13999,"Guangdong Sat Technology Co. Ltd., No. 11 Lianbao Rd, Shengfeng District, Xiaolan Town, Zhongshan City, Guangdong, China – 528400",https://wsrv.nl/?url=https%3A%2F%2Fi.ibb.co%2FWNVGYgRZ%2FAdhil-15-S-10-brown.png&output=webp&q=78
Adhil 15S Tunable,ARFD1502,48V DC,NA,2700K~6500K, CRI>97,Φ60*H120mm ,15°,15W,AJ/CG,ATAS1560/CT/15/COF,R-41159492,IS 10322 (PART 5/SEC 1) : 2012,13999,"Guangdong Sat Technology Co. Ltd., No. 11 Lianbao Rd, Shengfeng District, Xiaolan Town, Zhongshan City, Guangdong, China – 528400",https://wsrv.nl/?url=https%3A%2F%2Fi.ibb.co%2FFbznBJMn%2FAdhil-15-S-07-coffee.png&output=webp&q=78
Adhil 15S Tunable,ARFD1502,48V DC,NA,2700K~6500K, CRI>97,Φ60*H120mm ,15°,15W,AJ/CG,ATAS1560/CT/15/DGR,R-41159492,IS 10322 (PART 5/SEC 1) : 2012,13999,"Guangdong Sat Technology Co. Ltd., No. 11 Lianbao Rd, Shengfeng District, Xiaolan Town, Zhongshan City, Guangdong, China – 528400",https://wsrv.nl/?url=https%3A%2F%2Fi.ibb.co%2FJS4zj9P%2FAdhil-15-S-09-dark-gray-default.png&output=webp&q=78
Adhil 15S Tunable,ARFD1502,48V DC,NA,2700K~6500K, CRI>97,Φ60*H120mm ,15°,15W,AJ/CG,ATAS1560/CT/15/BB,R-41159492,IS 10322 (PART 5/SEC 1) : 2012,13999,"Guangdong Sat Technology Co. Ltd., No. 11 Lianbao Rd, Shengfeng District, Xiaolan Town, Zhongshan City, Guangdong, China – 528400",https://wsrv.nl/?url=https%3A%2F%2Fi.ibb.co%2FcSpKHP2j%2FAdhil-15-S-06-ballet-blue.png&output=webp&q=78
Adhil 15S Tunable,ARFD1502,48V DC,NA,2700K~6500K, CRI>97,Φ60*H120mm ,15°,15W,AJ/CG,ATAS1560/CT/15/CH,R-41159492,IS 10322 (PART 5/SEC 1) : 2012,13999,"Guangdong Sat Technology Co. Ltd., No. 11 Lianbao Rd, Shengfeng District, Xiaolan Town, Zhongshan City, Guangdong, China – 528400",https://wsrv.nl/?url=https%3A%2F%2Fi.ibb.co%2F6787Wr0q%2FAdhil-15-S-01-chrome.png&output=webp&q=78
Adhil 15S Tunable,ARFD1502,48V DC,NA,2700K~6500K, CRI>97,Φ60*H120mm ,15°,15W,AJ/CG,ATAS1560/CT/15/CHB,R-41159492,IS 10322 (PART 5/SEC 1) : 2012,13999,"Guangdong Sat Technology Co. Ltd., No. 11 Lianbao Rd, Shengfeng District, Xiaolan Town, Zhongshan City, Guangdong, China – 528400",https://wsrv.nl/?url=https%3A%2F%2Fi.ibb.co%2FZ6MX0TTq%2FAdhil-15-S-02-chrome-black.png&output=webp&q=78
Adhil 15S Tunable,ARFD1502,48V DC,NA,2700K~6500K, CRI>97,Φ60*H120mm ,24°,15W,AJ/CG,ATAS1560/CT/24/W,R-41159492,IS 10322 (PART 5/SEC 1) : 2012,12999,"Guangdong Sat Technology Co. Ltd., No. 11 Lianbao Rd, Shengfeng District, Xiaolan Town, Zhongshan City, Guangdong, China – 528400",https://wsrv.nl/?url=https%3A%2F%2Fi.ibb.co%2FpHVwtRb%2FAdhil-15-S-05-white.png&output=webp&q=78
Adhil 15S Tunable,ARFD1502,48V DC,NA,2700K~6500K, CRI>97,Φ60*H120mm ,24°,15W,AJ/CG,ATAS1560/CT/24/B,R-41159492,IS 10322 (PART 5/SEC 1) : 2012,12999,"Guangdong Sat Technology Co. Ltd., No. 11 Lianbao Rd, Shengfeng District, Xiaolan Town, Zhongshan City, Guangdong, China – 528400",https://wsrv.nl/?url=https%3A%2F%2Fi.ibb.co%2F7xmqgkkS%2FAdhil-15-S-03-mat-black-default.png&output=webp&q=78
Adhil 15S Tunable,ARFD1502,48V DC,NA,2700K~6500K, CRI>97,Φ60*H120mm ,24°,15W,AJ/CG,ATAS1560/CT/24/CG,R-41159492,IS 10322 (PART 5/SEC 1) : 2012,13999,"Guangdong Sat Technology Co. Ltd., No. 11 Lianbao Rd, Shengfeng District, Xiaolan Town, Zhongshan City, Guangdong, China – 528400",https://wsrv.nl/?url=https%3A%2F%2Fi.ibb.co%2Fjktrb5Sd%2FAdhil-15-S-04-champeing-gold.png&output=webp&q=78
Adhil 15S Tunable,ARFD1502,48V DC,NA,2700K~6500K, CRI>97,Φ60*H120mm ,24°,15W,AJ/CG,ATAS1560/CT/24/RG,R-41159492,IS 10322 (PART 5/SEC 1) : 2012,13999,"Guangdong Sat Technology Co. Ltd., No. 11 Lianbao Rd, Shengfeng District, Xiaolan Town, Zhongshan City, Guangdong, China – 528400",https://wsrv.nl/?url=https%3A%2F%2Fi.ibb.co%2FwF13MDQv%2FAdhil-15-S-08-rose-gold.png&output=webp&q=78
Adhil 15S Tunable,ARFD1502,48V DC,NA,2700K~6500K, CRI>97,Φ60*H120mm ,24°,15W,AJ/CG,ATAS1560/CT/24/BR,R-41159492,IS 10322 (PART 5/SEC 1) : 2012,13999,"Guangdong Sat Technology Co. Ltd., No. 11 Lianbao Rd, Shengfeng District, Xiaolan Town, Zhongshan City, Guangdong, China – 528400",https://wsrv.nl/?url=https%3A%2F%2Fi.ibb.co%2FWNVGYgRZ%2FAdhil-15-S-10-brown.png&output=webp&q=78
Adhil 15S Tunable,ARFD1502,48V DC,NA,2700K~6500K, CRI>97,Φ60*H120mm ,24°,15W,AJ/CG,ATAS1560/CT/24/COF,R-41159492,IS 10322 (PART 5/SEC 1) : 2012,13999,"Guangdong Sat Technology Co. Ltd., No. 11 Lianbao Rd, Shengfeng District, Xiaolan Town, Zhongshan City, Guangdong, China – 528400",https://wsrv.nl/?url=https%3A%2F%2Fi.ibb.co%2FFbznBJMn%2FAdhil-15-S-07-coffee.png&output=webp&q=78
Adhil 15S Tunable,ARFD1502,48V DC,NA,2700K~6500K, CRI>97,Φ60*H120mm ,24°,15W,AJ/CG,ATAS1560/CT/24/DGR,R-41159492,IS 10322 (PART 5/SEC 1) : 2012,13999,"Guangdong Sat Technology Co. Ltd., No. 11 Lianbao Rd, Shengfeng District, Xiaolan Town, Zhongshan City, Guangdong, China – 528400",https://wsrv.nl/?url=https%3A%2F%2Fi.ibb.co%2FJS4zj9P%2FAdhil-15-S-09-dark-gray-default.png&output=webp&q=78
Adhil 15S Tunable,ARFD1502,48V DC,NA,2700K~6500K, CRI>97,Φ60*H120mm ,24°,15W,AJ/CG,ATAS1560/CT/24/BB,R-41159492,IS 10322 (PART 5/SEC 1) : 2012,13999,"Guangdong Sat Technology Co. Ltd., No. 11 Lianbao Rd, Shengfeng District, Xiaolan Town, Zhongshan City, Guangdong, China – 528400",https://wsrv.nl/?url=https%3A%2F%2Fi.ibb.co%2FcSpKHP2j%2FAdhil-15-S-06-ballet-blue.png&output=webp&q=78
Adhil 15S Tunable,ARFD1502,48V DC,NA,2700K~6500K, CRI>97,Φ60*H120mm ,24°,15W,AJ/CG,ATAS1560/CT/24/CH,R-41159492,IS 10322 (PART 5/SEC 1) : 2012,13999,"Guangdong Sat Technology Co. Ltd., No. 11 Lianbao Rd, Shengfeng District, Xiaolan Town, Zhongshan City, Guangdong, China – 528400",https://wsrv.nl/?url=https%3A%2F%2Fi.ibb.co%2F6787Wr0q%2FAdhil-15-S-01-chrome.png&output=webp&q=78
Adhil 15S Tunable,ARFD1502,48V DC,NA,2700K~6500K, CRI>97,Φ60*H120mm ,24°,15W,AJ/CG,ATAS1560/CT/24/CHB,R-41159492,IS 10322 (PART 5/SEC 1) : 2012,13999,"Guangdong Sat Technology Co. Ltd., No. 11 Lianbao Rd, Shengfeng District, Xiaolan Town, Zhongshan City, Guangdong, China – 528400",https://wsrv.nl/?url=https%3A%2F%2Fi.ibb.co%2FZ6MX0TTq%2FAdhil-15-S-02-chrome-black.png&output=webp&q=78
Adhil 15S Tunable,ARFD1502,48V DC,NA,2700K~6500K, CRI>97,Φ60*H120mm ,36°,15W,AJ/CG,ATAS1560/CT/36/W,R-41159492,IS 10322 (PART 5/SEC 1) : 2012,12999,"Guangdong Sat Technology Co. Ltd., No. 11 Lianbao Rd, Shengfeng District, Xiaolan Town, Zhongshan City, Guangdong, China – 528400",https://wsrv.nl/?url=https%3A%2F%2Fi.ibb.co%2FpHVwtRb%2FAdhil-15-S-05-white.png&output=webp&q=78
Adhil 15S Tunable,ARFD1502,48V DC,NA,2700K~6500K, CRI>97,Φ60*H120mm ,36°,15W,AJ/CG,ATAS1560/CT/36/B,R-41159492,IS 10322 (PART 5/SEC 1) : 2012,12999,"Guangdong Sat Technology Co. Ltd., No. 11 Lianbao Rd, Shengfeng District, Xiaolan Town, Zhongshan City, Guangdong, China – 528400",https://wsrv.nl/?url=https%3A%2F%2Fi.ibb.co%2F7xmqgkkS%2FAdhil-15-S-03-mat-black-default.png&output=webp&q=78
Adhil 15S Tunable,ARFD1502,48V DC,NA,2700K~6500K, CRI>97,Φ60*H120mm ,36°,15W,AJ/CG,ATAS1560/CT/36/CG,R-41159492,IS 10322 (PART 5/SEC 1) : 2012,13999,"Guangdong Sat Technology Co. Ltd., No. 11 Lianbao Rd, Shengfeng District, Xiaolan Town, Zhongshan City, Guangdong, China – 528400",https://wsrv.nl/?url=https%3A%2F%2Fi.ibb.co%2Fjktrb5Sd%2FAdhil-15-S-04-champeing-gold.png&output=webp&q=78
Adhil 15S Tunable,ARFD1502,48V DC,NA,2700K~6500K, CRI>97,Φ60*H120mm ,36°,15W,AJ/CG,ATAS1560/CT/36/RG,R-41159492,IS 10322 (PART 5/SEC 1) : 2012,13999,"Guangdong Sat Technology Co. Ltd., No. 11 Lianbao Rd, Shengfeng District, Xiaolan Town, Zhongshan City, Guangdong, China – 528400",https://wsrv.nl/?url=https%3A%2F%2Fi.ibb.co%2FwF13MDQv%2FAdhil-15-S-08-rose-gold.png&output=webp&q=78
Adhil 15S Tunable,ARFD1502,48V DC,NA,2700K~6500K, CRI>97,Φ60*H120mm ,36°,15W,AJ/CG,ATAS1560/CT/36/BR,R-41159492,IS 10322 (PART 5/SEC 1) : 2012,13999,"Guangdong Sat Technology Co. Ltd., No. 11 Lianbao Rd, Shengfeng District, Xiaolan Town, Zhongshan City, Guangdong, China – 528400",https://wsrv.nl/?url=https%3A%2F%2Fi.ibb.co%2FWNVGYgRZ%2FAdhil-15-S-10-brown.png&output=webp&q=78
Adhil 15S Tunable,ARFD1502,48V DC,NA,2700K~6500K, CRI>97,Φ60*H120mm ,36°,15W,AJ/CG,ATAS1560/CT/36/COF,R-41159492,IS 10322 (PART 5/SEC 1) : 2012,13999,"Guangdong Sat Technology Co. Ltd., No. 11 Lianbao Rd, Shengfeng District, Xiaolan Town, Zhongshan City, Guangdong, China – 528400",https://wsrv.nl/?url=https%3A%2F%2Fi.ibb.co%2FFbznBJMn%2FAdhil-15-S-07-coffee.png&output=webp&q=78
Adhil 15S Tunable,ARFD1502,48V DC,NA,2700K~6500K, CRI>97,Φ60*H120mm ,36°,15W,AJ/CG,ATAS1560/CT/36/DGR,R-41159492,IS 10322 (PART 5/SEC 1) : 2012,13999,"Guangdong Sat Technology Co. Ltd., No. 11 Lianbao Rd, Shengfeng District, Xiaolan Town, Zhongshan City, Guangdong, China – 528400",https://wsrv.nl/?url=https%3A%2F%2Fi.ibb.co%2FJS4zj9P%2FAdhil-15-S-09-dark-gray-default.png&output=webp&q=78
Adhil 15S Tunable,ARFD1502,48V DC,NA,2700K~6500K, CRI>97,Φ60*H120mm ,36°,15W,AJ/CG,ATAS1560/CT/36/BB,R-41159492,IS 10322 (PART 5/SEC 1) : 2012,13999,"Guangdong Sat Technology Co. Ltd., No. 11 Lianbao Rd, Shengfeng District, Xiaolan Town, Zhongshan City, Guangdong, China – 528400",https://wsrv.nl/?url=https%3A%2F%2Fi.ibb.co%2FcSpKHP2j%2FAdhil-15-S-06-ballet-blue.png&output=webp&q=78
Adhil 15S Tunable,ARFD1502,48V DC,NA,2700K~6500K, CRI>97,Φ60*H120mm ,36°,15W,AJ/CG,ATAS1560/CT/36/CH,R-41159492,IS 10322 (PART 5/SEC 1) : 2012,13999,"Guangdong Sat Technology Co. Ltd., No. 11 Lianbao Rd, Shengfeng District, Xiaolan Town, Zhongshan City, Guangdong, China – 528400",https://wsrv.nl/?url=https%3A%2F%2Fi.ibb.co%2F6787Wr0q%2FAdhil-15-S-01-chrome.png&output=webp&q=78
Adhil 15S Tunable,ARFD1502,48V DC,NA,2700K~6500K, CRI>97,Φ60*H120mm ,36°,15W,AJ/CG,ATAS1560/CT/36/CHB,R-41159492,IS 10322 (PART 5/SEC 1) : 2012,13999,"Guangdong Sat Technology Co. Ltd., No. 11 Lianbao Rd, Shengfeng District, Xiaolan Town, Zhongshan City, Guangdong, China – 528400",https://wsrv.nl/?url=https%3A%2F%2Fi.ibb.co%2FZ6MX0TTq%2FAdhil-15-S-02-chrome-black.png&output=webp&q=78
Adhil 15S Tunable,ARFD1502,48V DC,NA,2700K~6500K, CRI>97,Φ60*H120mm ,60°,15W,AJ/CG,ATAS1560/CT/60/W,R-41159492,IS 10322 (PART 5/SEC 1) : 2012,12999,"Guangdong Sat Technology Co. Ltd., No. 11 Lianbao Rd, Shengfeng District, Xiaolan Town, Zhongshan City, Guangdong, China – 528400",https://wsrv.nl/?url=https%3A%2F%2Fi.ibb.co%2FpHVwtRb%2FAdhil-15-S-05-white.png&output=webp&q=78
Adhil 15S Tunable,ARFD1502,48V DC,NA,2700K~6500K, CRI>97,Φ60*H120mm ,60°,15W,AJ/CG,ATAS1560/CT/60/B,R-41159492,IS 10322 (PART 5/SEC 1) : 2012,12999,"Guangdong Sat Technology Co. Ltd., No. 11 Lianbao Rd, Shengfeng District, Xiaolan Town, Zhongshan City, Guangdong, China – 528400",https://wsrv.nl/?url=https%3A%2F%2Fi.ibb.co%2F7xmqgkkS%2FAdhil-15-S-03-mat-black-default.png&output=webp&q=78
Adhil 15S Tunable,ARFD1502,48V DC,NA,2700K~6500K, CRI>97,Φ60*H120mm ,60°,15W,AJ/CG,ATAS1560/CT/60/CG,R-41159492,IS 10322 (PART 5/SEC 1) : 2012,13999,"Guangdong Sat Technology Co. Ltd., No. 11 Lianbao Rd, Shengfeng District, Xiaolan Town, Zhongshan City, Guangdong, China – 528400",https://wsrv.nl/?url=https%3A%2F%2Fi.ibb.co%2Fjktrb5Sd%2FAdhil-15-S-04-champeing-gold.png&output=webp&q=78
Adhil 15S Tunable,ARFD1502,48V DC,NA,2700K~6500K, CRI>97,Φ60*H120mm ,60°,15W,AJ/CG,ATAS1560/CT/60/RG,R-41159492,IS 10322 (PART 5/SEC 1) : 2012,13999,"Guangdong Sat Technology Co. Ltd., No. 11 Lianbao Rd, Shengfeng District, Xiaolan Town, Zhongshan City, Guangdong, China – 528400",https://wsrv.nl/?url=https%3A%2F%2Fi.ibb.co%2FwF13MDQv%2FAdhil-15-S-08-rose-gold.png&output=webp&q=78
Adhil 15S Tunable,ARFD1502,48V DC,NA,2700K~6500K, CRI>97,Φ60*H120mm ,60°,15W,AJ/CG,ATAS1560/CT/60/BR,R-41159492,IS 10322 (PART 5/SEC 1) : 2012,13999,"Guangdong Sat Technology Co. Ltd., No. 11 Lianbao Rd, Shengfeng District, Xiaolan Town, Zhongshan City, Guangdong, China – 528400",https://wsrv.nl/?url=https%3A%2F%2Fi.ibb.co%2FWNVGYgRZ%2FAdhil-15-S-10-brown.png&output=webp&q=78
Adhil 15S Tunable,ARFD1502,48V DC,NA,2700K~6500K, CRI>97,Φ60*H120mm ,60°,15W,AJ/CG,ATAS1560/CT/60/COF,R-41159492,IS 10322 (PART 5/SEC 1) : 2012,13999,"Guangdong Sat Technology Co. Ltd., No. 11 Lianbao Rd, Shengfeng District, Xiaolan Town, Zhongshan City, Guangdong, China – 528400",https://wsrv.nl/?url=https%3A%2F%2Fi.ibb.co%2FFbznBJMn%2FAdhil-15-S-07-coffee.png&output=webp&q=78
Adhil 15S Tunable,ARFD1502,48V DC,NA,2700K~6500K, CRI>97,Φ60*H120mm ,60°,15W,AJ/CG,ATAS1560/CT/60/DGR,R-41159492,IS 10322 (PART 5/SEC 1) : 2012,13999,"Guangdong Sat Technology Co. Ltd., No. 11 Lianbao Rd, Shengfeng District, Xiaolan Town, Zhongshan City, Guangdong, China – 528400",https://wsrv.nl/?url=https%3A%2F%2Fi.ibb.co%2FJS4zj9P%2FAdhil-15-S-09-dark-gray-default.png&output=webp&q=78
Adhil 15S Tunable,ARFD1502,48V DC,NA,2700K~6500K, CRI>97,Φ60*H120mm ,60°,15W,AJ/CG,ATAS1560/CT/60/BB,R-41159492,IS 10322 (PART 5/SEC 1) : 2012,13999,"Guangdong Sat Technology Co. Ltd., No. 11 Lianbao Rd, Shengfeng District, Xiaolan Town, Zhongshan City, Guangdong, China – 528400",https://wsrv.nl/?url=https%3A%2F%2Fi.ibb.co%2FcSpKHP2j%2FAdhil-15-S-06-ballet-blue.png&output=webp&q=78
Adhil 15S Tunable,ARFD1502,48V DC,NA,2700K~6500K, CRI>97,Φ60*H120mm ,60°,15W,AJ/CG,ATAS1560/CT/60/CH,R-41159492,IS 10322 (PART 5/SEC 1) : 2012,13999,"Guangdong Sat Technology Co. Ltd., No. 11 Lianbao Rd, Shengfeng District, Xiaolan Town, Zhongshan City, Guangdong, China – 528400",https://wsrv.nl/?url=https%3A%2F%2Fi.ibb.co%2F6787Wr0q%2FAdhil-15-S-01-chrome.png&output=webp&q=78
Adhil 15S Tunable,ARFD1502,48V DC,NA,2700K~6500K, CRI>97,Φ60*H120mm ,60°,15W,AJ/CG,ATAS1560/CT/60/CHB,R-41159492,IS 10322 (PART 5/SEC 1) : 2012,13999,"Guangdong Sat Technology Co. Ltd., No. 11 Lianbao Rd, Shengfeng District, Xiaolan Town, Zhongshan City, Guangdong, China – 528400",https://wsrv.nl/?url=https%3A%2F%2Fi.ibb.co%2FZ6MX0TTq%2FAdhil-15-S-02-chrome-black.png&output=webp&q=78
Adhil 20S,ARFD1503,48V DC,NA,2700K, CRI>97,Φ60*H170mm,15°,20W,AJ/CG,ATAS2060/27/15/W,R-41159492,IS 10322 (PART 5/SEC 1) : 2012,12999,"Guangdong Sat Technology Co. Ltd., No. 11 Lianbao Rd, Shengfeng District, Xiaolan Town, Zhongshan City, Guangdong, China – 528400",https://wsrv.nl/?url=https%3A%2F%2Fi.ibb.co%2FpHVwtRb%2FAdhil-20-S-05-white.png&output=webp&q=78
Adhil 20S,ARFD1503,48V DC,NA,2700K, CRI>97,Φ60*H170mm,15°,20W,AJ/CG,ATAS2060/27/15/B,R-41159492,IS 10322 (PART 5/SEC 1) : 2012,12999,"Guangdong Sat Technology Co. Ltd., No. 11 Lianbao Rd, Shengfeng District, Xiaolan Town, Zhongshan City, Guangdong, China – 528400",https://wsrv.nl/?url=https%3A%2F%2Fi.ibb.co%2F7xmqgkkS%2FAdhil-20-S-03-mat-black-default.png&output=webp&q=78
Adhil 20S,ARFD1503,48V DC,NA,2700K, CRI>97,Φ60*H170mm,15°,20W,AJ/CG,ATAS2060/27/15/CG,R-41159492,IS 10322 (PART 5/SEC 1) : 2012,13999,"Guangdong Sat Technology Co. Ltd., No. 11 Lianbao Rd, Shengfeng District, Xiaolan Town, Zhongshan City, Guangdong, China – 528400",https://wsrv.nl/?url=https%3A%2F%2Fi.ibb.co%2Fjktrb5Sd%2FAdhil-20-S-04-champeing-gold.png&output=webp&q=78
Adhil 20S,ARFD1503,48V DC,NA,2700K, CRI>97,Φ60*H170mm,15°,20W,AJ/CG,ATAS2060/27/15/RG,R-41159492,IS 10322 (PART 5/SEC 1) : 2012,13999,"Guangdong Sat Technology Co. Ltd., No. 11 Lianbao Rd, Shengfeng District, Xiaolan Town, Zhongshan City, Guangdong, China – 528400",https://wsrv.nl/?url=https%3A%2F%2Fi.ibb.co%2FwF13MDQv%2FAdhil-20-S-08-rose-gold.png&output=webp&q=78
Adhil 20S,ARFD1503,48V DC,NA,2700K, CRI>97,Φ60*H170mm,15°,20W,AJ/CG,ATAS2060/27/15/BR,R-41159492,IS 10322 (PART 5/SEC 1) : 2012,13999,"Guangdong Sat Technology Co. Ltd., No. 11 Lianbao Rd, Shengfeng District, Xiaolan Town, Zhongshan City, Guangdong, China – 528400",https://wsrv.nl/?url=https%3A%2F%2Fi.ibb.co%2FWNVGYgRZ%2FAdhil-20-S-10-brown.png&output=webp&q=78
Adhil 20S,ARFD1503,48V DC,NA,2700K, CRI>97,Φ60*H170mm,15°,20W,AJ/CG,ATAS2060/27/15/COF,R-41159492,IS 10322 (PART 5/SEC 1) : 2012,13999,"Guangdong Sat Technology Co. Ltd., No. 11 Lianbao Rd, Shengfeng District, Xiaolan Town, Zhongshan City, Guangdong, China – 528400",https://wsrv.nl/?url=https%3A%2F%2Fi.ibb.co%2FFbznBJMn%2FAdhil-20-S-07-coffee.png&output=webp&q=78
Adhil 20S,ARFD1503,48V DC,NA,2700K, CRI>97,Φ60*H170mm,15°,20W,AJ/CG,ATAS2060/27/15/DGR,R-41159492,IS 10322 (PART 5/SEC 1) : 2012,13999,"Guangdong Sat Technology Co. Ltd., No. 11 Lianbao Rd, Shengfeng District, Xiaolan Town, Zhongshan City, Guangdong, China – 528400",https://wsrv.nl/?url=https%3A%2F%2Fi.ibb.co%2FJS4zj9P%2FAdhil-20-S-09-dark-gray-default.png&output=webp&q=78
Adhil 20S,ARFD1503,48V DC,NA,2700K, CRI>97,Φ60*H170mm,15°,20W,AJ/CG,ATAS2060/27/15/BB,R-41159492,IS 10322 (PART 5/SEC 1) : 2012,13999,"Guangdong Sat Technology Co. Ltd., No. 11 Lianbao Rd, Shengfeng District, Xiaolan Town, Zhongshan City, Guangdong, China – 528400",https://wsrv.nl/?url=https%3A%2F%2Fi.ibb.co%2FcSpKHP2j%2FAdhil-20-S-06-ballet-blue.png&output=webp&q=78
Adhil 20S,ARFD1503,48V DC,NA,2700K, CRI>97,Φ60*H170mm,15°,20W,AJ/CG,ATAS2060/27/15/CH,R-41159492,IS 10322 (PART 5/SEC 1) : 2012,13999,"Guangdong Sat Technology Co. Ltd., No. 11 Lianbao Rd, Shengfeng District, Xiaolan Town, Zhongshan City, Guangdong, China – 528400",https://wsrv.nl/?url=https%3A%2F%2Fi.ibb.co%2F6787Wr0q%2FAdhil-20-S-01-chrome.png&output=webp&q=78
Adhil 20S,ARFD1503,48V DC,NA,2700K, CRI>97,Φ60*H170mm,15°,20W,AJ/CG,ATAS2060/27/15/CHB,R-41159492,IS 10322 (PART 5/SEC 1) : 2012,13999,"Guangdong Sat Technology Co. Ltd., No. 11 Lianbao Rd, Shengfeng District, Xiaolan Town, Zhongshan City, Guangdong, China – 528400",https://wsrv.nl/?url=https%3A%2F%2Fi.ibb.co%2FZ6MX0TTq%2FAdhil-20-S-02-chrome-black.png&output=webp&q=78
Adhil 20S,ARFD1503,48V DC,NA,3000K, CRI>97,Φ60*H170mm,15°,20W,AJ/CG,ATAS2060/30/15/W,R-41159492,IS 10322 (PART 5/SEC 1) : 2012,12999,"Guangdong Sat Technology Co. Ltd., No. 11 Lianbao Rd, Shengfeng District, Xiaolan Town, Zhongshan City, Guangdong, China – 528400",https://wsrv.nl/?url=https%3A%2F%2Fi.ibb.co%2FpHVwtRb%2FAdhil-20-S-05-white.png&output=webp&q=78
Adhil 20S,ARFD1503,48V DC,NA,3000K, CRI>97,Φ60*H170mm,15°,20W,AJ/CG,ATAS2060/30/15/B,R-41159492,IS 10322 (PART 5/SEC 1) : 2012,12999,"Guangdong Sat Technology Co. Ltd., No. 11 Lianbao Rd, Shengfeng District, Xiaolan Town, Zhongshan City, Guangdong, China – 528400",https://wsrv.nl/?url=https%3A%2F%2Fi.ibb.co%2F7xmqgkkS%2FAdhil-20-S-03-mat-black-default.png&output=webp&q=78
Adhil 20S,ARFD1503,48V DC,NA,3000K, CRI>97,Φ60*H170mm,15°,20W,AJ/CG,ATAS2060/30/15/CG,R-41159492,IS 10322 (PART 5/SEC 1) : 2012,13999,"Guangdong Sat Technology Co. Ltd., No. 11 Lianbao Rd, Shengfeng District, Xiaolan Town, Zhongshan City, Guangdong, China – 528400",https://wsrv.nl/?url=https%3A%2F%2Fi.ibb.co%2Fjktrb5Sd%2FAdhil-20-S-04-champeing-gold.png&output=webp&q=78
Adhil 20S,ARFD1503,48V DC,NA,3000K, CRI>97,Φ60*H170mm,15°,20W,AJ/CG,ATAS2060/30/15/RG,R-41159492,IS 10322 (PART 5/SEC 1) : 2012,13999,"Guangdong Sat Technology Co. Ltd., No. 11 Lianbao Rd, Shengfeng District, Xiaolan Town, Zhongshan City, Guangdong, China – 528400",https://wsrv.nl/?url=https%3A%2F%2Fi.ibb.co%2FwF13MDQv%2FAdhil-20-S-08-rose-gold.png&output=webp&q=78
Adhil 20S,ARFD1503,48V DC,NA,3000K, CRI>97,Φ60*H170mm,15°,20W,AJ/CG,ATAS2060/30/15/BR,R-41159492,IS 10322 (PART 5/SEC 1) : 2012,13999,"Guangdong Sat Technology Co. Ltd., No. 11 Lianbao Rd, Shengfeng District, Xiaolan Town, Zhongshan City, Guangdong, China – 528400",https://wsrv.nl/?url=https%3A%2F%2Fi.ibb.co%2FWNVGYgRZ%2FAdhil-20-S-10-brown.png&output=webp&q=78
Adhil 20S,ARFD1503,48V DC,NA,3000K, CRI>97,Φ60*H170mm,15°,20W,AJ/CG,ATAS2060/30/15/COF,R-41159492,IS 10322 (PART 5/SEC 1) : 2012,13999,"Guangdong Sat Technology Co. Ltd., No. 11 Lianbao Rd, Shengfeng District, Xiaolan Town, Zhongshan City, Guangdong, China – 528400",https://wsrv.nl/?url=https%3A%2F%2Fi.ibb.co%2FFbznBJMn%2FAdhil-20-S-07-coffee.png&output=webp&q=78
Adhil 20S,ARFD1503,48V DC,NA,3000K, CRI>97,Φ60*H170mm,15°,20W,AJ/CG,ATAS2060/30/15/DGR,R-41159492,IS 10322 (PART 5/SEC 1) : 2012,13999,"Guangdong Sat Technology Co. Ltd., No. 11 Lianbao Rd, Shengfeng District, Xiaolan Town, Zhongshan City, Guangdong, China – 528400",https://wsrv.nl/?url=https%3A%2F%2Fi.ibb.co%2FJS4zj9P%2FAdhil-20-S-09-dark-gray-default.png&output=webp&q=78
Adhil 20S,ARFD1503,48V DC,NA,3000K, CRI>97,Φ60*H170mm,15°,20W,AJ/CG,ATAS2060/30/15/BB,R-41159492,IS 10322 (PART 5/SEC 1) : 2012,13999,"Guangdong Sat Technology Co. Ltd., No. 11 Lianbao Rd, Shengfeng District, Xiaolan Town, Zhongshan City, Guangdong, China – 528400",https://wsrv.nl/?url=https%3A%2F%2Fi.ibb.co%2FcSpKHP2j%2FAdhil-20-S-06-ballet-blue.png&output=webp&q=78
Adhil 20S,ARFD1503,48V DC,NA,3000K, CRI>97,Φ60*H170mm,15°,20W,AJ/CG,ATAS2060/30/15/CH,R-41159492,IS 10322 (PART 5/SEC 1) : 2012,13999,"Guangdong Sat Technology Co. Ltd., No. 11 Lianbao Rd, Shengfeng District, Xiaolan Town, Zhongshan City, Guangdong, China – 528400",https://wsrv.nl/?url=https%3A%2F%2Fi.ibb.co%2F6787Wr0q%2FAdhil-20-S-01-chrome.png&output=webp&q=78
Adhil 20S,ARFD1503,48V DC,NA,3000K, CRI>97,Φ60*H170mm,15°,20W,AJ/CG,ATAS2060/30/15/CHB,R-41159492,IS 10322 (PART 5/SEC 1) : 2012,13999,"Guangdong Sat Technology Co. Ltd., No. 11 Lianbao Rd, Shengfeng District, Xiaolan Town, Zhongshan City, Guangdong, China – 528400",https://wsrv.nl/?url=https%3A%2F%2Fi.ibb.co%2FZ6MX0TTq%2FAdhil-20-S-02-chrome-black.png&output=webp&q=78
Adhil 20S,ARFD1503,48V DC,NA,3500K, CRI>97,Φ60*H170mm,15°,20W,AJ/CG,ATAS2060/35/15/W,R-41159492,IS 10322 (PART 5/SEC 1) : 2012,12999,"Guangdong Sat Technology Co. Ltd., No. 11 Lianbao Rd, Shengfeng District, Xiaolan Town, Zhongshan City, Guangdong, China – 528400",https://wsrv.nl/?url=https%3A%2F%2Fi.ibb.co%2FpHVwtRb%2FAdhil-20-S-05-white.png&output=webp&q=78
Adhil 20S,ARFD1503,48V DC,NA,3500K, CRI>97,Φ60*H170mm,15°,20W,AJ/CG,ATAS2060/35/15/B,R-41159492,IS 10322 (PART 5/SEC 1) : 2012,12999,"Guangdong Sat Technology Co. Ltd., No. 11 Lianbao Rd, Shengfeng District, Xiaolan Town, Zhongshan City, Guangdong, China – 528400",https://wsrv.nl/?url=https%3A%2F%2Fi.ibb.co%2F7xmqgkkS%2FAdhil-20-S-03-mat-black-default.png&output=webp&q=78
Adhil 20S,ARFD1503,48V DC,NA,3500K, CRI>97,Φ60*H170mm,15°,20W,AJ/CG,ATAS2060/35/15/CG,R-41159492,IS 10322 (PART 5/SEC 1) : 2012,13999,"Guangdong Sat Technology Co. Ltd., No. 11 Lianbao Rd, Shengfeng District, Xiaolan Town, Zhongshan City, Guangdong, China – 528400",https://wsrv.nl/?url=https%3A%2F%2Fi.ibb.co%2Fjktrb5Sd%2FAdhil-20-S-04-champeing-gold.png&output=webp&q=78
Adhil 20S,ARFD1503,48V DC,NA,3500K, CRI>97,Φ60*H170mm,15°,20W,AJ/CG,ATAS2060/35/15/RG,R-41159492,IS 10322 (PART 5/SEC 1) : 2012,13999,"Guangdong Sat Technology Co. Ltd., No. 11 Lianbao Rd, Shengfeng District, Xiaolan Town, Zhongshan City, Guangdong, China – 528400",https://wsrv.nl/?url=https%3A%2F%2Fi.ibb.co%2FwF13MDQv%2FAdhil-20-S-08-rose-gold.png&output=webp&q=78
Adhil 20S,ARFD1503,48V DC,NA,3500K, CRI>97,Φ60*H170mm,15°,20W,AJ/CG,ATAS2060/35/15/BR,R-41159492,IS 10322 (PART 5/SEC 1) : 2012,13999,"Guangdong Sat Technology Co. Ltd., No. 11 Lianbao Rd, Shengfeng District, Xiaolan Town, Zhongshan City, Guangdong, China – 528400",https://wsrv.nl/?url=https%3A%2F%2Fi.ibb.co%2FWNVGYgRZ%2FAdhil-20-S-10-brown.png&output=webp&q=78
Adhil 20S,ARFD1503,48V DC,NA,3500K, CRI>97,Φ60*H170mm,15°,20W,AJ/CG,ATAS2060/35/15/COF,R-41159492,IS 10322 (PART 5/SEC 1) : 2012,13999,"Guangdong Sat Technology Co. Ltd., No. 11 Lianbao Rd, Shengfeng District, Xiaolan Town, Zhongshan City, Guangdong, China – 528400",https://wsrv.nl/?url=https%3A%2F%2Fi.ibb.co%2FFbznBJMn%2FAdhil-20-S-07-coffee.png&output=webp&q=78
Adhil 20S,ARFD1503,48V DC,NA,3500K, CRI>97,Φ60*H170mm,15°,20W,AJ/CG,ATAS2060/35/15/DGR,R-41159492,IS 10322 (PART 5/SEC 1) : 2012,13999,"Guangdong Sat Technology Co. Ltd., No. 11 Lianbao Rd, Shengfeng District, Xiaolan Town, Zhongshan City, Guangdong, China – 528400",https://wsrv.nl/?url=https%3A%2F%2Fi.ibb.co%2FJS4zj9P%2FAdhil-20-S-09-dark-gray-default.png&output=webp&q=78
Adhil 20S,ARFD1503,48V DC,NA,3500K, CRI>97,Φ60*H170mm,15°,20W,AJ/CG,ATAS2060/35/15/BB,R-41159492,IS 10322 (PART 5/SEC 1) : 2012,13999,"Guangdong Sat Technology Co. Ltd., No. 11 Lianbao Rd, Shengfeng District, Xiaolan Town, Zhongshan City, Guangdong, China – 528400",https://wsrv.nl/?url=https%3A%2F%2Fi.ibb.co%2FcSpKHP2j%2FAdhil-20-S-06-ballet-blue.png&output=webp&q=78
Adhil 20S,ARFD1503,48V DC,NA,3500K, CRI>97,Φ60*H170mm,15°,20W,AJ/CG,ATAS2060/35/15/CH,R-41159492,IS 10322 (PART 5/SEC 1) : 2012,13999,"Guangdong Sat Technology Co. Ltd., No. 11 Lianbao Rd, Shengfeng District, Xiaolan Town, Zhongshan City, Guangdong, China – 528400",https://wsrv.nl/?url=https%3A%2F%2Fi.ibb.co%2F6787Wr0q%2FAdhil-20-S-01-chrome.png&output=webp&q=78
Adhil 20S,ARFD1503,48V DC,NA,3500K, CRI>97,Φ60*H170mm,15°,20W,AJ/CG,ATAS2060/35/15/CHB,R-41159492,IS 10322 (PART 5/SEC 1) : 2012,13999,"Guangdong Sat Technology Co. Ltd., No. 11 Lianbao Rd, Shengfeng District, Xiaolan Town, Zhongshan City, Guangdong, China – 528400",https://wsrv.nl/?url=https%3A%2F%2Fi.ibb.co%2FZ6MX0TTq%2FAdhil-20-S-02-chrome-black.png&output=webp&q=78
Adhil 20S,ARFD1503,48V DC,NA,4000K, CRI>97,Φ60*H170mm,15°,20W,AJ/CG,ATAS2060/40/15/W,R-41159492,IS 10322 (PART 5/SEC 1) : 2012,12999,"Guangdong Sat Technology Co. Ltd., No. 11 Lianbao Rd, Shengfeng District, Xiaolan Town, Zhongshan City, Guangdong, China – 528400",https://wsrv.nl/?url=https%3A%2F%2Fi.ibb.co%2FpHVwtRb%2FAdhil-20-S-05-white.png&output=webp&q=78
Adhil 20S,ARFD1503,48V DC,NA,4000K, CRI>97,Φ60*H170mm,15°,20W,AJ/CG,ATAS2060/40/15/B,R-41159492,IS 10322 (PART 5/SEC 1) : 2012,12999,"Guangdong Sat Technology Co. Ltd., No. 11 Lianbao Rd, Shengfeng District, Xiaolan Town, Zhongshan City, Guangdong, China – 528400",https://wsrv.nl/?url=https%3A%2F%2Fi.ibb.co%2F7xmqgkkS%2FAdhil-20-S-03-mat-black-default.png&output=webp&q=78
Adhil 20S,ARFD1503,48V DC,NA,4000K, CRI>97,Φ60*H170mm,15°,20W,AJ/CG,ATAS2060/40/15/CG,R-41159492,IS 10322 (PART 5/SEC 1) : 2012,13999,"Guangdong Sat Technology Co. Ltd., No. 11 Lianbao Rd, Shengfeng District, Xiaolan Town, Zhongshan City, Guangdong, China – 528400",https://wsrv.nl/?url=https%3A%2F%2Fi.ibb.co%2Fjktrb5Sd%2FAdhil-20-S-04-champeing-gold.png&output=webp&q=78
Adhil 20S,ARFD1503,48V DC,NA,4000K, CRI>97,Φ60*H170mm,15°,20W,AJ/CG,ATAS2060/40/15/RG,R-41159492,IS 10322 (PART 5/SEC 1) : 2012,13999,"Guangdong Sat Technology Co. Ltd., No. 11 Lianbao Rd, Shengfeng District, Xiaolan Town, Zhongshan City, Guangdong, China – 528400",https://wsrv.nl/?url=https%3A%2F%2Fi.ibb.co%2FwF13MDQv%2FAdhil-20-S-08-rose-gold.png&output=webp&q=78
Adhil 20S,ARFD1503,48V DC,NA,4000K, CRI>97,Φ60*H170mm,15°,20W,AJ/CG,ATAS2060/40/15/BR,R-41159492,IS 10322 (PART 5/SEC 1) : 2012,13999,"Guangdong Sat Technology Co. Ltd., No. 11 Lianbao Rd, Shengfeng District, Xiaolan Town, Zhongshan City, Guangdong, China – 528400",https://wsrv.nl/?url=https%3A%2F%2Fi.ibb.co%2FWNVGYgRZ%2FAdhil-20-S-10-brown.png&output=webp&q=78
Adhil 20S,ARFD1503,48V DC,NA,4000K, CRI>97,Φ60*H170mm,15°,20W,AJ/CG,ATAS2060/40/15/COF,R-41159492,IS 10322 (PART 5/SEC 1) : 2012,13999,"Guangdong Sat Technology Co. Ltd., No. 11 Lianbao Rd, Shengfeng District, Xiaolan Town, Zhongshan City, Guangdong, China – 528400",https://wsrv.nl/?url=https%3A%2F%2Fi.ibb.co%2FFbznBJMn%2FAdhil-20-S-07-coffee.png&output=webp&q=78
Adhil 20S,ARFD1503,48V DC,NA,4000K, CRI>97,Φ60*H170mm,15°,20W,AJ/CG,ATAS2060/40/15/DGR,R-41159492,IS 10322 (PART 5/SEC 1) : 2012,13999,"Guangdong Sat Technology Co. Ltd., No. 11 Lianbao Rd, Shengfeng District, Xiaolan Town, Zhongshan City, Guangdong, China – 528400",https://wsrv.nl/?url=https%3A%2F%2Fi.ibb.co%2FJS4zj9P%2FAdhil-20-S-09-dark-gray-default.png&output=webp&q=78
Adhil 20S,ARFD1503,48V DC,NA,4000K, CRI>97,Φ60*H170mm,15°,20W,AJ/CG,ATAS2060/40/15/BB,R-41159492,IS 10322 (PART 5/SEC 1) : 2012,13999,"Guangdong Sat Technology Co. Ltd., No. 11 Lianbao Rd, Shengfeng District, Xiaolan Town, Zhongshan City, Guangdong, China – 528400",https://wsrv.nl/?url=https%3A%2F%2Fi.ibb.co%2FcSpKHP2j%2FAdhil-20-S-06-ballet-blue.png&output=webp&q=78
Adhil 20S,ARFD1503,48V DC,NA,4000K, CRI>97,Φ60*H170mm,15°,20W,AJ/CG,ATAS2060/40/15/CH,R-41159492,IS 10322 (PART 5/SEC 1) : 2012,13999,"Guangdong Sat Technology Co. Ltd., No. 11 Lianbao Rd, Shengfeng District, Xiaolan Town, Zhongshan City, Guangdong, China – 528400",https://wsrv.nl/?url=https%3A%2F%2Fi.ibb.co%2F6787Wr0q%2FAdhil-20-S-01-chrome.png&output=webp&q=78
Adhil 20S,ARFD1503,48V DC,NA,4000K, CRI>97,Φ60*H170mm,15°,20W,AJ/CG,ATAS2060/40/15/CHB,R-41159492,IS 10322 (PART 5/SEC 1) : 2012,13999,"Guangdong Sat Technology Co. Ltd., No. 11 Lianbao Rd, Shengfeng District, Xiaolan Town, Zhongshan City, Guangdong, China – 528400",https://wsrv.nl/?url=https%3A%2F%2Fi.ibb.co%2FZ6MX0TTq%2FAdhil-20-S-02-chrome-black.png&output=webp&q=78
Adhil 20S,ARFD1503,48V DC,NA,5000K, CRI>97,Φ60*H170mm,15°,20W,AJ/CG,ATAS2060/50/15/W,R-41159492,IS 10322 (PART 5/SEC 1) : 2012,12999,"Guangdong Sat Technology Co. Ltd., No. 11 Lianbao Rd, Shengfeng District, Xiaolan Town, Zhongshan City, Guangdong, China – 528400",https://wsrv.nl/?url=https%3A%2F%2Fi.ibb.co%2FpHVwtRb%2FAdhil-20-S-05-white.png&output=webp&q=78
Adhil 20S,ARFD1503,48V DC,NA,5000K, CRI>97,Φ60*H170mm,15°,20W,AJ/CG,ATAS2060/50/15/B,R-41159492,IS 10322 (PART 5/SEC 1) : 2012,12999,"Guangdong Sat Technology Co. Ltd., No. 11 Lianbao Rd, Shengfeng District, Xiaolan Town, Zhongshan City, Guangdong, China – 528400",https://wsrv.nl/?url=https%3A%2F%2Fi.ibb.co%2F7xmqgkkS%2FAdhil-20-S-03-mat-black-default.png&output=webp&q=78
Adhil 20S,ARFD1503,48V DC,NA,5000K, CRI>97,Φ60*H170mm,15°,20W,AJ/CG,ATAS2060/50/15/CG,R-41159492,IS 10322 (PART 5/SEC 1) : 2012,13999,"Guangdong Sat Technology Co. Ltd., No. 11 Lianbao Rd, Shengfeng District, Xiaolan Town, Zhongshan City, Guangdong, China – 528400",https://wsrv.nl/?url=https%3A%2F%2Fi.ibb.co%2Fjktrb5Sd%2FAdhil-20-S-04-champeing-gold.png&output=webp&q=78
Adhil 20S,ARFD1503,48V DC,NA,5000K, CRI>97,Φ60*H170mm,15°,20W,AJ/CG,ATAS2060/50/15/RG,R-41159492,IS 10322 (PART 5/SEC 1) : 2012,13999,"Guangdong Sat Technology Co. Ltd., No. 11 Lianbao Rd, Shengfeng District, Xiaolan Town, Zhongshan City, Guangdong, China – 528400",https://wsrv.nl/?url=https%3A%2F%2Fi.ibb.co%2FwF13MDQv%2FAdhil-20-S-08-rose-gold.png&output=webp&q=78
Adhil 20S,ARFD1503,48V DC,NA,5000K, CRI>97,Φ60*H170mm,15°,20W,AJ/CG,ATAS2060/50/15/BR,R-41159492,IS 10322 (PART 5/SEC 1) : 2012,13999,"Guangdong Sat Technology Co. Ltd., No. 11 Lianbao Rd, Shengfeng District, Xiaolan Town, Zhongshan City, Guangdong, China – 528400",https://wsrv.nl/?url=https%3A%2F%2Fi.ibb.co%2FWNVGYgRZ%2FAdhil-20-S-10-brown.png&output=webp&q=78
Adhil 20S,ARFD1503,48V DC,NA,5000K, CRI>97,Φ60*H170mm,15°,20W,AJ/CG,ATAS2060/50/15/COF,R-41159492,IS 10322 (PART 5/SEC 1) : 2012,13999,"Guangdong Sat Technology Co. Ltd., No. 11 Lianbao Rd, Shengfeng District, Xiaolan Town, Zhongshan City, Guangdong, China – 528400",https://wsrv.nl/?url=https%3A%2F%2Fi.ibb.co%2FFbznBJMn%2FAdhil-20-S-07-coffee.png&output=webp&q=78
Adhil 20S,ARFD1503,48V DC,NA,5000K, CRI>97,Φ60*H170mm,15°,20W,AJ/CG,ATAS2060/50/15/DGR,R-41159492,IS 10322 (PART 5/SEC 1) : 2012,13999,"Guangdong Sat Technology Co. Ltd., No. 11 Lianbao Rd, Shengfeng District, Xiaolan Town, Zhongshan City, Guangdong, China – 528400",https://wsrv.nl/?url=https%3A%2F%2Fi.ibb.co%2FJS4zj9P%2FAdhil-20-S-09-dark-gray-default.png&output=webp&q=78
Adhil 20S,ARFD1503,48V DC,NA,5000K, CRI>97,Φ60*H170mm,15°,20W,AJ/CG,ATAS2060/50/15/BB,R-41159492,IS 10322 (PART 5/SEC 1) : 2012,13999,"Guangdong Sat Technology Co. Ltd., No. 11 Lianbao Rd, Shengfeng District, Xiaolan Town, Zhongshan City, Guangdong, China – 528400",https://wsrv.nl/?url=https%3A%2F%2Fi.ibb.co%2FcSpKHP2j%2FAdhil-20-S-06-ballet-blue.png&output=webp&q=78
Adhil 20S,ARFD1503,48V DC,NA,5000K, CRI>97,Φ60*H170mm,15°,20W,AJ/CG,ATAS2060/50/15/CH,R-41159492,IS 10322 (PART 5/SEC 1) : 2012,13999,"Guangdong Sat Technology Co. Ltd., No. 11 Lianbao Rd, Shengfeng District, Xiaolan Town, Zhongshan City, Guangdong, China – 528400",https://wsrv.nl/?url=https%3A%2F%2Fi.ibb.co%2F6787Wr0q%2FAdhil-20-S-01-chrome.png&output=webp&q=78
Adhil 20S,ARFD1503,48V DC,NA,5000K, CRI>97,Φ60*H170mm,15°,20W,AJ/CG,ATAS2060/50/15/CHB,R-41159492,IS 10322 (PART 5/SEC 1) : 2012,13999,"Guangdong Sat Technology Co. Ltd., No. 11 Lianbao Rd, Shengfeng District, Xiaolan Town, Zhongshan City, Guangdong, China – 528400",https://wsrv.nl/?url=https%3A%2F%2Fi.ibb.co%2FZ6MX0TTq%2FAdhil-20-S-02-chrome-black.png&output=webp&q=78
Adhil 20S,ARFD1503,48V DC,NA,2700K, CRI>97,Φ60*H170mm,24°,20W,AJ/CG,ATAS2060/27/24/W,R-41159492,IS 10322 (PART 5/SEC 1) : 2012,12999,"Guangdong Sat Technology Co. Ltd., No. 11 Lianbao Rd, Shengfeng District, Xiaolan Town, Zhongshan City, Guangdong, China – 528400",https://wsrv.nl/?url=https%3A%2F%2Fi.ibb.co%2FpHVwtRb%2FAdhil-20-S-05-white.png&output=webp&q=78
Adhil 20S,ARFD1503,48V DC,NA,2700K, CRI>97,Φ60*H170mm,24°,20W,AJ/CG,ATAS2060/27/24/B,R-41159492,IS 10322 (PART 5/SEC 1) : 2012,12999,"Guangdong Sat Technology Co. Ltd., No. 11 Lianbao Rd, Shengfeng District, Xiaolan Town, Zhongshan City, Guangdong, China – 528400",https://wsrv.nl/?url=https%3A%2F%2Fi.ibb.co%2F7xmqgkkS%2FAdhil-20-S-03-mat-black-default.png&output=webp&q=78
Adhil 20S,ARFD1503,48V DC,NA,2700K, CRI>97,Φ60*H170mm,24°,20W,AJ/CG,ATAS2060/27/24/CG,R-41159492,IS 10322 (PART 5/SEC 1) : 2012,13999,"Guangdong Sat Technology Co. Ltd., No. 11 Lianbao Rd, Shengfeng District, Xiaolan Town, Zhongshan City, Guangdong, China – 528400",https://wsrv.nl/?url=https%3A%2F%2Fi.ibb.co%2Fjktrb5Sd%2FAdhil-20-S-04-champeing-gold.png&output=webp&q=78
Adhil 20S,ARFD1503,48V DC,NA,2700K, CRI>97,Φ60*H170mm,24°,20W,AJ/CG,ATAS2060/27/24/RG,R-41159492,IS 10322 (PART 5/SEC 1) : 2012,13999,"Guangdong Sat Technology Co. Ltd., No. 11 Lianbao Rd, Shengfeng District, Xiaolan Town, Zhongshan City, Guangdong, China – 528400",https://wsrv.nl/?url=https%3A%2F%2Fi.ibb.co%2FwF13MDQv%2FAdhil-20-S-08-rose-gold.png&output=webp&q=78
Adhil 20S,ARFD1503,48V DC,NA,2700K, CRI>97,Φ60*H170mm,24°,20W,AJ/CG,ATAS2060/27/24/BR,R-41159492,IS 10322 (PART 5/SEC 1) : 2012,13999,"Guangdong Sat Technology Co. Ltd., No. 11 Lianbao Rd, Shengfeng District, Xiaolan Town, Zhongshan City, Guangdong, China – 528400",https://wsrv.nl/?url=https%3A%2F%2Fi.ibb.co%2FWNVGYgRZ%2FAdhil-20-S-10-brown.png&output=webp&q=78
Adhil 20S,ARFD1503,48V DC,NA,2700K, CRI>97,Φ60*H170mm,24°,20W,AJ/CG,ATAS2060/27/24/COF,R-41159492,IS 10322 (PART 5/SEC 1) : 2012,13999,"Guangdong Sat Technology Co. Ltd., No. 11 Lianbao Rd, Shengfeng District, Xiaolan Town, Zhongshan City, Guangdong, China – 528400",https://wsrv.nl/?url=https%3A%2F%2Fi.ibb.co%2FFbznBJMn%2FAdhil-20-S-07-coffee.png&output=webp&q=78
Adhil 20S,ARFD1503,48V DC,NA,2700K, CRI>97,Φ60*H170mm,24°,20W,AJ/CG,ATAS2060/27/24/DGR,R-41159492,IS 10322 (PART 5/SEC 1) : 2012,13999,"Guangdong Sat Technology Co. Ltd., No. 11 Lianbao Rd, Shengfeng District, Xiaolan Town, Zhongshan City, Guangdong, China – 528400",https://wsrv.nl/?url=https%3A%2F%2Fi.ibb.co%2FJS4zj9P%2FAdhil-20-S-09-dark-gray-default.png&output=webp&q=78
Adhil 20S,ARFD1503,48V DC,NA,2700K, CRI>97,Φ60*H170mm,24°,20W,AJ/CG,ATAS2060/27/24/BB,R-41159492,IS 10322 (PART 5/SEC 1) : 2012,13999,"Guangdong Sat Technology Co. Ltd., No. 11 Lianbao Rd, Shengfeng District, Xiaolan Town, Zhongshan City, Guangdong, China – 528400",https://wsrv.nl/?url=https%3A%2F%2Fi.ibb.co%2FcSpKHP2j%2FAdhil-20-S-06-ballet-blue.png&output=webp&q=78
Adhil 20S,ARFD1503,48V DC,NA,2700K, CRI>97,Φ60*H170mm,24°,20W,AJ/CG,ATAS2060/27/24/CH,R-41159492,IS 10322 (PART 5/SEC 1) : 2012,13999,"Guangdong Sat Technology Co. Ltd., No. 11 Lianbao Rd, Shengfeng District, Xiaolan Town, Zhongshan City, Guangdong, China – 528400",https://wsrv.nl/?url=https%3A%2F%2Fi.ibb.co%2F6787Wr0q%2FAdhil-20-S-01-chrome.png&output=webp&q=78
Adhil 20S,ARFD1503,48V DC,NA,2700K, CRI>97,Φ60*H170mm,24°,20W,AJ/CG,ATAS2060/27/24/CHB,R-41159492,IS 10322 (PART 5/SEC 1) : 2012,13999,"Guangdong Sat Technology Co. Ltd., No. 11 Lianbao Rd, Shengfeng District, Xiaolan Town, Zhongshan City, Guangdong, China – 528400",https://wsrv.nl/?url=https%3A%2F%2Fi.ibb.co%2FZ6MX0TTq%2FAdhil-20-S-02-chrome-black.png&output=webp&q=78
Adhil 20S,ARFD1503,48V DC,NA,3000K, CRI>97,Φ60*H170mm,24°,20W,AJ/CG,ATAS2060/30/24/W,R-41159492,IS 10322 (PART 5/SEC 1) : 2012,12999,"Guangdong Sat Technology Co. Ltd., No. 11 Lianbao Rd, Shengfeng District, Xiaolan Town, Zhongshan City, Guangdong, China – 528400",https://wsrv.nl/?url=https%3A%2F%2Fi.ibb.co%2FpHVwtRb%2FAdhil-20-S-05-white.png&output=webp&q=78
Adhil 20S,ARFD1503,48V DC,NA,3000K, CRI>97,Φ60*H170mm,24°,20W,AJ/CG,ATAS2060/30/24/B,R-41159492,IS 10322 (PART 5/SEC 1) : 2012,12999,"Guangdong Sat Technology Co. Ltd., No. 11 Lianbao Rd, Shengfeng District, Xiaolan Town, Zhongshan City, Guangdong, China – 528400",https://wsrv.nl/?url=https%3A%2F%2Fi.ibb.co%2F7xmqgkkS%2FAdhil-20-S-03-mat-black-default.png&output=webp&q=78
Adhil 20S,ARFD1503,48V DC,NA,3000K, CRI>97,Φ60*H170mm,24°,20W,AJ/CG,ATAS2060/30/24/CG,R-41159492,IS 10322 (PART 5/SEC 1) : 2012,13999,"Guangdong Sat Technology Co. Ltd., No. 11 Lianbao Rd, Shengfeng District, Xiaolan Town, Zhongshan City, Guangdong, China – 528400",https://wsrv.nl/?url=https%3A%2F%2Fi.ibb.co%2Fjktrb5Sd%2FAdhil-20-S-04-champeing-gold.png&output=webp&q=78
Adhil 20S,ARFD1503,48V DC,NA,3000K, CRI>97,Φ60*H170mm,24°,20W,AJ/CG,ATAS2060/30/24/RG,R-41159492,IS 10322 (PART 5/SEC 1) : 2012,13999,"Guangdong Sat Technology Co. Ltd., No. 11 Lianbao Rd, Shengfeng District, Xiaolan Town, Zhongshan City, Guangdong, China – 528400",https://wsrv.nl/?url=https%3A%2F%2Fi.ibb.co%2FwF13MDQv%2FAdhil-20-S-08-rose-gold.png&output=webp&q=78
Adhil 20S,ARFD1503,48V DC,NA,3000K, CRI>97,Φ60*H170mm,24°,20W,AJ/CG,ATAS2060/30/24/BR,R-41159492,IS 10322 (PART 5/SEC 1) : 2012,13999,"Guangdong Sat Technology Co. Ltd., No. 11 Lianbao Rd, Shengfeng District, Xiaolan Town, Zhongshan City, Guangdong, China – 528400",https://wsrv.nl/?url=https%3A%2F%2Fi.ibb.co%2FWNVGYgRZ%2FAdhil-20-S-10-brown.png&output=webp&q=78
Adhil 20S,ARFD1503,48V DC,NA,3000K, CRI>97,Φ60*H170mm,24°,20W,AJ/CG,ATAS2060/30/24/COF,R-41159492,IS 10322 (PART 5/SEC 1) : 2012,13999,"Guangdong Sat Technology Co. Ltd., No. 11 Lianbao Rd, Shengfeng District, Xiaolan Town, Zhongshan City, Guangdong, China – 528400",https://wsrv.nl/?url=https%3A%2F%2Fi.ibb.co%2FFbznBJMn%2FAdhil-20-S-07-coffee.png&output=webp&q=78
Adhil 20S,ARFD1503,48V DC,NA,3000K, CRI>97,Φ60*H170mm,24°,20W,AJ/CG,ATAS2060/30/24/DGR,R-41159492,IS 10322 (PART 5/SEC 1) : 2012,13999,"Guangdong Sat Technology Co. Ltd., No. 11 Lianbao Rd, Shengfeng District, Xiaolan Town, Zhongshan City, Guangdong, China – 528400",https://wsrv.nl/?url=https%3A%2F%2Fi.ibb.co%2FJS4zj9P%2FAdhil-20-S-09-dark-gray-default.png&output=webp&q=78
Adhil 20S,ARFD1503,48V DC,NA,3000K, CRI>97,Φ60*H170mm,24°,20W,AJ/CG,ATAS2060/30/24/BB,R-41159492,IS 10322 (PART 5/SEC 1) : 2012,13999,"Guangdong Sat Technology Co. Ltd., No. 11 Lianbao Rd, Shengfeng District, Xiaolan Town, Zhongshan City, Guangdong, China – 528400",https://wsrv.nl/?url=https%3A%2F%2Fi.ibb.co%2FcSpKHP2j%2FAdhil-20-S-06-ballet-blue.png&output=webp&q=78
Adhil 20S,ARFD1503,48V DC,NA,3000K, CRI>97,Φ60*H170mm,24°,20W,AJ/CG,ATAS2060/30/24/CH,R-41159492,IS 10322 (PART 5/SEC 1) : 2012,13999,"Guangdong Sat Technology Co. Ltd., No. 11 Lianbao Rd, Shengfeng District, Xiaolan Town, Zhongshan City, Guangdong, China – 528400",https://wsrv.nl/?url=https%3A%2F%2Fi.ibb.co%2F6787Wr0q%2FAdhil-20-S-01-chrome.png&output=webp&q=78
Adhil 20S,ARFD1503,48V DC,NA,3000K, CRI>97,Φ60*H170mm,24°,20W,AJ/CG,ATAS2060/30/24/CHB,R-41159492,IS 10322 (PART 5/SEC 1) : 2012,13999,"Guangdong Sat Technology Co. Ltd., No. 11 Lianbao Rd, Shengfeng District, Xiaolan Town, Zhongshan City, Guangdong, China – 528400",https://wsrv.nl/?url=https%3A%2F%2Fi.ibb.co%2FZ6MX0TTq%2FAdhil-20-S-02-chrome-black.png&output=webp&q=78
Adhil 20S,ARFD1503,48V DC,NA,3500K, CRI>97,Φ60*H170mm,24°,20W,AJ/CG,ATAS2060/35/24/W,R-41159492,IS 10322 (PART 5/SEC 1) : 2012,12999,"Guangdong Sat Technology Co. Ltd., No. 11 Lianbao Rd, Shengfeng District, Xiaolan Town, Zhongshan City, Guangdong, China – 528400",https://wsrv.nl/?url=https%3A%2F%2Fi.ibb.co%2FpHVwtRb%2FAdhil-20-S-05-white.png&output=webp&q=78
Adhil 20S,ARFD1503,48V DC,NA,3500K, CRI>97,Φ60*H170mm,24°,20W,AJ/CG,ATAS2060/35/24/B,R-41159492,IS 10322 (PART 5/SEC 1) : 2012,12999,"Guangdong Sat Technology Co. Ltd., No. 11 Lianbao Rd, Shengfeng District, Xiaolan Town, Zhongshan City, Guangdong, China – 528400",https://wsrv.nl/?url=https%3A%2F%2Fi.ibb.co%2F7xmqgkkS%2FAdhil-20-S-03-mat-black-default.png&output=webp&q=78
Adhil 20S,ARFD1503,48V DC,NA,3500K, CRI>97,Φ60*H170mm,24°,20W,AJ/CG,ATAS2060/35/24/CG,R-41159492,IS 10322 (PART 5/SEC 1) : 2012,13999,"Guangdong Sat Technology Co. Ltd., No. 11 Lianbao Rd, Shengfeng District, Xiaolan Town, Zhongshan City, Guangdong, China – 528400",https://wsrv.nl/?url=https%3A%2F%2Fi.ibb.co%2Fjktrb5Sd%2FAdhil-20-S-04-champeing-gold.png&output=webp&q=78
Adhil 20S,ARFD1503,48V DC,NA,3500K, CRI>97,Φ60*H170mm,24°,20W,AJ/CG,ATAS2060/35/24/RG,R-41159492,IS 10322 (PART 5/SEC 1) : 2012,13999,"Guangdong Sat Technology Co. Ltd., No. 11 Lianbao Rd, Shengfeng District, Xiaolan Town, Zhongshan City, Guangdong, China – 528400",https://wsrv.nl/?url=https%3A%2F%2Fi.ibb.co%2FwF13MDQv%2FAdhil-20-S-08-rose-gold.png&output=webp&q=78
Adhil 20S,ARFD1503,48V DC,NA,3500K, CRI>97,Φ60*H170mm,24°,20W,AJ/CG,ATAS2060/35/24/BR,R-41159492,IS 10322 (PART 5/SEC 1) : 2012,13999,"Guangdong Sat Technology Co. Ltd., No. 11 Lianbao Rd, Shengfeng District, Xiaolan Town, Zhongshan City, Guangdong, China – 528400",https://wsrv.nl/?url=https%3A%2F%2Fi.ibb.co%2FWNVGYgRZ%2FAdhil-20-S-10-brown.png&output=webp&q=78
Adhil 20S,ARFD1503,48V DC,NA,3500K, CRI>97,Φ60*H170mm,24°,20W,AJ/CG,ATAS2060/35/24/COF,R-41159492,IS 10322 (PART 5/SEC 1) : 2012,13999,"Guangdong Sat Technology Co. Ltd., No. 11 Lianbao Rd, Shengfeng District, Xiaolan Town, Zhongshan City, Guangdong, China – 528400",https://wsrv.nl/?url=https%3A%2F%2Fi.ibb.co%2FFbznBJMn%2FAdhil-20-S-07-coffee.png&output=webp&q=78
Adhil 20S,ARFD1503,48V DC,NA,3500K, CRI>97,Φ60*H170mm,24°,20W,AJ/CG,ATAS2060/35/24/DGR,R-41159492,IS 10322 (PART 5/SEC 1) : 2012,13999,"Guangdong Sat Technology Co. Ltd., No. 11 Lianbao Rd, Shengfeng District, Xiaolan Town, Zhongshan City, Guangdong, China – 528400",https://wsrv.nl/?url=https%3A%2F%2Fi.ibb.co%2FJS4zj9P%2FAdhil-20-S-09-dark-gray-default.png&output=webp&q=78
Adhil 20S,ARFD1503,48V DC,NA,3500K, CRI>97,Φ60*H170mm,24°,20W,AJ/CG,ATAS2060/35/24/BB,R-41159492,IS 10322 (PART 5/SEC 1) : 2012,13999,"Guangdong Sat Technology Co. Ltd., No. 11 Lianbao Rd, Shengfeng District, Xiaolan Town, Zhongshan City, Guangdong, China – 528400",https://wsrv.nl/?url=https%3A%2F%2Fi.ibb.co%2FcSpKHP2j%2FAdhil-20-S-06-ballet-blue.png&output=webp&q=78
Adhil 20S,ARFD1503,48V DC,NA,3500K, CRI>97,Φ60*H170mm,24°,20W,AJ/CG,ATAS2060/35/24/CH,R-41159492,IS 10322 (PART 5/SEC 1) : 2012,13999,"Guangdong Sat Technology Co. Ltd., No. 11 Lianbao Rd, Shengfeng District, Xiaolan Town, Zhongshan City, Guangdong, China – 528400",https://wsrv.nl/?url=https%3A%2F%2Fi.ibb.co%2F6787Wr0q%2FAdhil-20-S-01-chrome.png&output=webp&q=78
Adhil 20S,ARFD1503,48V DC,NA,3500K, CRI>97,Φ60*H170mm,24°,20W,AJ/CG,ATAS2060/35/24/CHB,R-41159492,IS 10322 (PART 5/SEC 1) : 2012,13999,"Guangdong Sat Technology Co. Ltd., No. 11 Lianbao Rd, Shengfeng District, Xiaolan Town, Zhongshan City, Guangdong, China – 528400",https://wsrv.nl/?url=https%3A%2F%2Fi.ibb.co%2FZ6MX0TTq%2FAdhil-20-S-02-chrome-black.png&output=webp&q=78
Adhil 20S,ARFD1503,48V DC,NA,4000K, CRI>97,Φ60*H170mm,24°,20W,AJ/CG,ATAS2060/40/24/W,R-41159492,IS 10322 (PART 5/SEC 1) : 2012,12999,"Guangdong Sat Technology Co. Ltd., No. 11 Lianbao Rd, Shengfeng District, Xiaolan Town, Zhongshan City, Guangdong, China – 528400",https://wsrv.nl/?url=https%3A%2F%2Fi.ibb.co%2FpHVwtRb%2FAdhil-20-S-05-white.png&output=webp&q=78
Adhil 20S,ARFD1503,48V DC,NA,4000K, CRI>97,Φ60*H170mm,24°,20W,AJ/CG,ATAS2060/40/24/B,R-41159492,IS 10322 (PART 5/SEC 1) : 2012,12999,"Guangdong Sat Technology Co. Ltd., No. 11 Lianbao Rd, Shengfeng District, Xiaolan Town, Zhongshan City, Guangdong, China – 528400",https://wsrv.nl/?url=https%3A%2F%2Fi.ibb.co%2F7xmqgkkS%2FAdhil-20-S-03-mat-black-default.png&output=webp&q=78
Adhil 20S,ARFD1503,48V DC,NA,4000K, CRI>97,Φ60*H170mm,24°,20W,AJ/CG,ATAS2060/40/24/CG,R-41159492,IS 10322 (PART 5/SEC 1) : 2012,13999,"Guangdong Sat Technology Co. Ltd., No. 11 Lianbao Rd, Shengfeng District, Xiaolan Town, Zhongshan City, Guangdong, China – 528400",https://wsrv.nl/?url=https%3A%2F%2Fi.ibb.co%2Fjktrb5Sd%2FAdhil-20-S-04-champeing-gold.png&output=webp&q=78
Adhil 20S,ARFD1503,48V DC,NA,4000K, CRI>97,Φ60*H170mm,24°,20W,AJ/CG,ATAS2060/40/24/RG,R-41159492,IS 10322 (PART 5/SEC 1) : 2012,13999,"Guangdong Sat Technology Co. Ltd., No. 11 Lianbao Rd, Shengfeng District, Xiaolan Town, Zhongshan City, Guangdong, China – 528400",https://wsrv.nl/?url=https%3A%2F%2Fi.ibb.co%2FwF13MDQv%2FAdhil-20-S-08-rose-gold.png&output=webp&q=78
Adhil 20S,ARFD1503,48V DC,NA,4000K, CRI>97,Φ60*H170mm,24°,20W,AJ/CG,ATAS2060/40/24/BR,R-41159492,IS 10322 (PART 5/SEC 1) : 2012,13999,"Guangdong Sat Technology Co. Ltd., No. 11 Lianbao Rd, Shengfeng District, Xiaolan Town, Zhongshan City, Guangdong, China – 528400",https://wsrv.nl/?url=https%3A%2F%2Fi.ibb.co%2FWNVGYgRZ%2FAdhil-20-S-10-brown.png&output=webp&q=78
Adhil 20S,ARFD1503,48V DC,NA,4000K, CRI>97,Φ60*H170mm,24°,20W,AJ/CG,ATAS2060/40/24/COF,R-41159492,IS 10322 (PART 5/SEC 1) : 2012,13999,"Guangdong Sat Technology Co. Ltd., No. 11 Lianbao Rd, Shengfeng District, Xiaolan Town, Zhongshan City, Guangdong, China – 528400",https://wsrv.nl/?url=https%3A%2F%2Fi.ibb.co%2FFbznBJMn%2FAdhil-20-S-07-coffee.png&output=webp&q=78
Adhil 20S,ARFD1503,48V DC,NA,4000K, CRI>97,Φ60*H170mm,24°,20W,AJ/CG,ATAS2060/40/24/DGR,R-41159492,IS 10322 (PART 5/SEC 1) : 2012,13999,"Guangdong Sat Technology Co. Ltd., No. 11 Lianbao Rd, Shengfeng District, Xiaolan Town, Zhongshan City, Guangdong, China – 528400",https://wsrv.nl/?url=https%3A%2F%2Fi.ibb.co%2FJS4zj9P%2FAdhil-20-S-09-dark-gray-default.png&output=webp&q=78
Adhil 20S,ARFD1503,48V DC,NA,4000K, CRI>97,Φ60*H170mm,24°,20W,AJ/CG,ATAS2060/40/24/BB,R-41159492,IS 10322 (PART 5/SEC 1) : 2012,13999,"Guangdong Sat Technology Co. Ltd., No. 11 Lianbao Rd, Shengfeng District, Xiaolan Town, Zhongshan City, Guangdong, China – 528400",https://wsrv.nl/?url=https%3A%2F%2Fi.ibb.co%2FcSpKHP2j%2FAdhil-20-S-06-ballet-blue.png&output=webp&q=78
Adhil 20S,ARFD1503,48V DC,NA,4000K, CRI>97,Φ60*H170mm,24°,20W,AJ/CG,ATAS2060/40/24/CH,R-41159492,IS 10322 (PART 5/SEC 1) : 2012,13999,"Guangdong Sat Technology Co. Ltd., No. 11 Lianbao Rd, Shengfeng District, Xiaolan Town, Zhongshan City, Guangdong, China – 528400",https://wsrv.nl/?url=https%3A%2F%2Fi.ibb.co%2F6787Wr0q%2FAdhil-20-S-01-chrome.png&output=webp&q=78
Adhil 20S,ARFD1503,48V DC,NA,4000K, CRI>97,Φ60*H170mm,24°,20W,AJ/CG,ATAS2060/40/24/CHB,R-41159492,IS 10322 (PART 5/SEC 1) : 2012,13999,"Guangdong Sat Technology Co. Ltd., No. 11 Lianbao Rd, Shengfeng District, Xiaolan Town, Zhongshan City, Guangdong, China – 528400",https://wsrv.nl/?url=https%3A%2F%2Fi.ibb.co%2FZ6MX0TTq%2FAdhil-20-S-02-chrome-black.png&output=webp&q=78
Adhil 20S,ARFD1503,48V DC,NA,5000K, CRI>97,Φ60*H170mm,24°,20W,AJ/CG,ATAS2060/50/24/W,R-41159492,IS 10322 (PART 5/SEC 1) : 2012,12999,"Guangdong Sat Technology Co. Ltd., No. 11 Lianbao Rd, Shengfeng District, Xiaolan Town, Zhongshan City, Guangdong, China – 528400",https://wsrv.nl/?url=https%3A%2F%2Fi.ibb.co%2FpHVwtRb%2FAdhil-20-S-05-white.png&output=webp&q=78
Adhil 20S,ARFD1503,48V DC,NA,5000K, CRI>97,Φ60*H170mm,24°,20W,AJ/CG,ATAS2060/50/24/B,R-41159492,IS 10322 (PART 5/SEC 1) : 2012,12999,"Guangdong Sat Technology Co. Ltd., No. 11 Lianbao Rd, Shengfeng District, Xiaolan Town, Zhongshan City, Guangdong, China – 528400",https://wsrv.nl/?url=https%3A%2F%2Fi.ibb.co%2F7xmqgkkS%2FAdhil-20-S-03-mat-black-default.png&output=webp&q=78
Adhil 20S,ARFD1503,48V DC,NA,5000K, CRI>97,Φ60*H170mm,24°,20W,AJ/CG,ATAS2060/50/24/CG,R-41159492,IS 10322 (PART 5/SEC 1) : 2012,13999,"Guangdong Sat Technology Co. Ltd., No. 11 Lianbao Rd, Shengfeng District, Xiaolan Town, Zhongshan City, Guangdong, China – 528400",https://wsrv.nl/?url=https%3A%2F%2Fi.ibb.co%2Fjktrb5Sd%2FAdhil-20-S-04-champeing-gold.png&output=webp&q=78
Adhil 20S,ARFD1503,48V DC,NA,5000K, CRI>97,Φ60*H170mm,24°,20W,AJ/CG,ATAS2060/50/24/RG,R-41159492,IS 10322 (PART 5/SEC 1) : 2012,13999,"Guangdong Sat Technology Co. Ltd., No. 11 Lianbao Rd, Shengfeng District, Xiaolan Town, Zhongshan City, Guangdong, China – 528400",https://wsrv.nl/?url=https%3A%2F%2Fi.ibb.co%2FwF13MDQv%2FAdhil-20-S-08-rose-gold.png&output=webp&q=78
Adhil 20S,ARFD1503,48V DC,NA,5000K, CRI>97,Φ60*H170mm,24°,20W,AJ/CG,ATAS2060/50/24/BR,R-41159492,IS 10322 (PART 5/SEC 1) : 2012,13999,"Guangdong Sat Technology Co. Ltd., No. 11 Lianbao Rd, Shengfeng District, Xiaolan Town, Zhongshan City, Guangdong, China – 528400",https://wsrv.nl/?url=https%3A%2F%2Fi.ibb.co%2FWNVGYgRZ%2FAdhil-20-S-10-brown.png&output=webp&q=78
Adhil 20S,ARFD1503,48V DC,NA,5000K, CRI>97,Φ60*H170mm,24°,20W,AJ/CG,ATAS2060/50/24/COF,R-41159492,IS 10322 (PART 5/SEC 1) : 2012,13999,"Guangdong Sat Technology Co. Ltd., No. 11 Lianbao Rd, Shengfeng District, Xiaolan Town, Zhongshan City, Guangdong, China – 528400",https://wsrv.nl/?url=https%3A%2F%2Fi.ibb.co%2FFbznBJMn%2FAdhil-20-S-07-coffee.png&output=webp&q=78
Adhil 20S,ARFD1503,48V DC,NA,5000K, CRI>97,Φ60*H170mm,24°,20W,AJ/CG,ATAS2060/50/24/DGR,R-41159492,IS 10322 (PART 5/SEC 1) : 2012,13999,"Guangdong Sat Technology Co. Ltd., No. 11 Lianbao Rd, Shengfeng District, Xiaolan Town, Zhongshan City, Guangdong, China – 528400",https://wsrv.nl/?url=https%3A%2F%2Fi.ibb.co%2FJS4zj9P%2FAdhil-20-S-09-dark-gray-default.png&output=webp&q=78
Adhil 20S,ARFD1503,48V DC,NA,5000K, CRI>97,Φ60*H170mm,24°,20W,AJ/CG,ATAS2060/50/24/BB,R-41159492,IS 10322 (PART 5/SEC 1) : 2012,13999,"Guangdong Sat Technology Co. Ltd., No. 11 Lianbao Rd, Shengfeng District, Xiaolan Town, Zhongshan City, Guangdong, China – 528400",https://wsrv.nl/?url=https%3A%2F%2Fi.ibb.co%2FcSpKHP2j%2FAdhil-20-S-06-ballet-blue.png&output=webp&q=78
Adhil 20S,ARFD1503,48V DC,NA,5000K, CRI>97,Φ60*H170mm,24°,20W,AJ/CG,ATAS2060/50/24/CH,R-41159492,IS 10322 (PART 5/SEC 1) : 2012,13999,"Guangdong Sat Technology Co. Ltd., No. 11 Lianbao Rd, Shengfeng District, Xiaolan Town, Zhongshan City, Guangdong, China – 528400",https://wsrv.nl/?url=https%3A%2F%2Fi.ibb.co%2F6787Wr0q%2FAdhil-20-S-01-chrome.png&output=webp&q=78
Adhil 20S,ARFD1503,48V DC,NA,5000K, CRI>97,Φ60*H170mm,24°,20W,AJ/CG,ATAS2060/50/24/CHB,R-41159492,IS 10322 (PART 5/SEC 1) : 2012,13999,"Guangdong Sat Technology Co. Ltd., No. 11 Lianbao Rd, Shengfeng District, Xiaolan Town, Zhongshan City, Guangdong, China – 528400",https://wsrv.nl/?url=https%3A%2F%2Fi.ibb.co%2FZ6MX0TTq%2FAdhil-20-S-02-chrome-black.png&output=webp&q=78
Adhil 20S,ARFD1503,48V DC,NA,2700K, CRI>97,Φ60*H170mm,36°,20W,AJ/CG,ATAS2060/27/36/W,R-41159492,IS 10322 (PART 5/SEC 1) : 2012,12999,"Guangdong Sat Technology Co. Ltd., No. 11 Lianbao Rd, Shengfeng District, Xiaolan Town, Zhongshan City, Guangdong, China – 528400",https://wsrv.nl/?url=https%3A%2F%2Fi.ibb.co%2FpHVwtRb%2FAdhil-20-S-05-white.png&output=webp&q=78
Adhil 20S,ARFD1503,48V DC,NA,2700K, CRI>97,Φ60*H170mm,36°,20W,AJ/CG,ATAS2060/27/36/B,R-41159492,IS 10322 (PART 5/SEC 1) : 2012,12999,"Guangdong Sat Technology Co. Ltd., No. 11 Lianbao Rd, Shengfeng District, Xiaolan Town, Zhongshan City, Guangdong, China – 528400",https://wsrv.nl/?url=https%3A%2F%2Fi.ibb.co%2F7xmqgkkS%2FAdhil-20-S-03-mat-black-default.png&output=webp&q=78
Adhil 20S,ARFD1503,48V DC,NA,2700K, CRI>97,Φ60*H170mm,36°,20W,AJ/CG,ATAS2060/27/36/CG,R-41159492,IS 10322 (PART 5/SEC 1) : 2012,13999,"Guangdong Sat Technology Co. Ltd., No. 11 Lianbao Rd, Shengfeng District, Xiaolan Town, Zhongshan City, Guangdong, China – 528400",https://wsrv.nl/?url=https%3A%2F%2Fi.ibb.co%2Fjktrb5Sd%2FAdhil-20-S-04-champeing-gold.png&output=webp&q=78
Adhil 20S,ARFD1503,48V DC,NA,2700K, CRI>97,Φ60*H170mm,36°,20W,AJ/CG,ATAS2060/27/36/RG,R-41159492,IS 10322 (PART 5/SEC 1) : 2012,13999,"Guangdong Sat Technology Co. Ltd., No. 11 Lianbao Rd, Shengfeng District, Xiaolan Town, Zhongshan City, Guangdong, China – 528400",https://wsrv.nl/?url=https%3A%2F%2Fi.ibb.co%2FwF13MDQv%2FAdhil-20-S-08-rose-gold.png&output=webp&q=78
Adhil 20S,ARFD1503,48V DC,NA,2700K, CRI>97,Φ60*H170mm,36°,20W,AJ/CG,ATAS2060/27/36/BR,R-41159492,IS 10322 (PART 5/SEC 1) : 2012,13999,"Guangdong Sat Technology Co. Ltd., No. 11 Lianbao Rd, Shengfeng District, Xiaolan Town, Zhongshan City, Guangdong, China – 528400",https://wsrv.nl/?url=https%3A%2F%2Fi.ibb.co%2FWNVGYgRZ%2FAdhil-20-S-10-brown.png&output=webp&q=78
Adhil 20S,ARFD1503,48V DC,NA,2700K, CRI>97,Φ60*H170mm,36°,20W,AJ/CG,ATAS2060/27/36/COF,R-41159492,IS 10322 (PART 5/SEC 1) : 2012,13999,"Guangdong Sat Technology Co. Ltd., No. 11 Lianbao Rd, Shengfeng District, Xiaolan Town, Zhongshan City, Guangdong, China – 528400",https://wsrv.nl/?url=https%3A%2F%2Fi.ibb.co%2FFbznBJMn%2FAdhil-20-S-07-coffee.png&output=webp&q=78
Adhil 20S,ARFD1503,48V DC,NA,2700K, CRI>97,Φ60*H170mm,36°,20W,AJ/CG,ATAS2060/27/36/DGR,R-41159492,IS 10322 (PART 5/SEC 1) : 2012,13999,"Guangdong Sat Technology Co. Ltd., No. 11 Lianbao Rd, Shengfeng District, Xiaolan Town, Zhongshan City, Guangdong, China – 528400",https://wsrv.nl/?url=https%3A%2F%2Fi.ibb.co%2FJS4zj9P%2FAdhil-20-S-09-dark-gray-default.png&output=webp&q=78
Adhil 20S,ARFD1503,48V DC,NA,2700K, CRI>97,Φ60*H170mm,36°,20W,AJ/CG,ATAS2060/27/36/BB,R-41159492,IS 10322 (PART 5/SEC 1) : 2012,13999,"Guangdong Sat Technology Co. Ltd., No. 11 Lianbao Rd, Shengfeng District, Xiaolan Town, Zhongshan City, Guangdong, China – 528400",https://wsrv.nl/?url=https%3A%2F%2Fi.ibb.co%2FcSpKHP2j%2FAdhil-20-S-06-ballet-blue.png&output=webp&q=78
Adhil 20S,ARFD1503,48V DC,NA,2700K, CRI>97,Φ60*H170mm,36°,20W,AJ/CG,ATAS2060/27/36/CH,R-41159492,IS 10322 (PART 5/SEC 1) : 2012,13999,"Guangdong Sat Technology Co. Ltd., No. 11 Lianbao Rd, Shengfeng District, Xiaolan Town, Zhongshan City, Guangdong, China – 528400",https://wsrv.nl/?url=https%3A%2F%2Fi.ibb.co%2F6787Wr0q%2FAdhil-20-S-01-chrome.png&output=webp&q=78
Adhil 20S,ARFD1503,48V DC,NA,2700K, CRI>97,Φ60*H170mm,36°,20W,AJ/CG,ATAS2060/27/36/CHB,R-41159492,IS 10322 (PART 5/SEC 1) : 2012,13999,"Guangdong Sat Technology Co. Ltd., No. 11 Lianbao Rd, Shengfeng District, Xiaolan Town, Zhongshan City, Guangdong, China – 528400",https://wsrv.nl/?url=https%3A%2F%2Fi.ibb.co%2FZ6MX0TTq%2FAdhil-20-S-02-chrome-black.png&output=webp&q=78
Adhil 20S,ARFD1503,48V DC,NA,3000K, CRI>97,Φ60*H170mm,36°,20W,AJ/CG,ATAS2060/30/36/W,R-41159492,IS 10322 (PART 5/SEC 1) : 2012,12999,"Guangdong Sat Technology Co. Ltd., No. 11 Lianbao Rd, Shengfeng District, Xiaolan Town, Zhongshan City, Guangdong, China – 528400",https://wsrv.nl/?url=https%3A%2F%2Fi.ibb.co%2FpHVwtRb%2FAdhil-20-S-05-white.png&output=webp&q=78
Adhil 20S,ARFD1503,48V DC,NA,3000K, CRI>97,Φ60*H170mm,36°,20W,AJ/CG,ATAS2060/30/36/B,R-41159492,IS 10322 (PART 5/SEC 1) : 2012,12999,"Guangdong Sat Technology Co. Ltd., No. 11 Lianbao Rd, Shengfeng District, Xiaolan Town, Zhongshan City, Guangdong, China – 528400",https://wsrv.nl/?url=https%3A%2F%2Fi.ibb.co%2F7xmqgkkS%2FAdhil-20-S-03-mat-black-default.png&output=webp&q=78
Adhil 20S,ARFD1503,48V DC,NA,3000K, CRI>97,Φ60*H170mm,36°,20W,AJ/CG,ATAS2060/30/36/CG,R-41159492,IS 10322 (PART 5/SEC 1) : 2012,13999,"Guangdong Sat Technology Co. Ltd., No. 11 Lianbao Rd, Shengfeng District, Xiaolan Town, Zhongshan City, Guangdong, China – 528400",https://wsrv.nl/?url=https%3A%2F%2Fi.ibb.co%2Fjktrb5Sd%2FAdhil-20-S-04-champeing-gold.png&output=webp&q=78
Adhil 20S,ARFD1503,48V DC,NA,3000K, CRI>97,Φ60*H170mm,36°,20W,AJ/CG,ATAS2060/30/36/RG,R-41159492,IS 10322 (PART 5/SEC 1) : 2012,13999,"Guangdong Sat Technology Co. Ltd., No. 11 Lianbao Rd, Shengfeng District, Xiaolan Town, Zhongshan City, Guangdong, China – 528400",https://wsrv.nl/?url=https%3A%2F%2Fi.ibb.co%2FwF13MDQv%2FAdhil-20-S-08-rose-gold.png&output=webp&q=78
Adhil 20S,ARFD1503,48V DC,NA,3000K, CRI>97,Φ60*H170mm,36°,20W,AJ/CG,ATAS2060/30/36/BR,R-41159492,IS 10322 (PART 5/SEC 1) : 2012,13999,"Guangdong Sat Technology Co. Ltd., No. 11 Lianbao Rd, Shengfeng District, Xiaolan Town, Zhongshan City, Guangdong, China – 528400",https://wsrv.nl/?url=https%3A%2F%2Fi.ibb.co%2FWNVGYgRZ%2FAdhil-20-S-10-brown.png&output=webp&q=78
Adhil 20S,ARFD1503,48V DC,NA,3000K, CRI>97,Φ60*H170mm,36°,20W,AJ/CG,ATAS2060/30/36/COF,R-41159492,IS 10322 (PART 5/SEC 1) : 2012,13999,"Guangdong Sat Technology Co. Ltd., No. 11 Lianbao Rd, Shengfeng District, Xiaolan Town, Zhongshan City, Guangdong, China – 528400",https://wsrv.nl/?url=https%3A%2F%2Fi.ibb.co%2FFbznBJMn%2FAdhil-20-S-07-coffee.png&output=webp&q=78
Adhil 20S,ARFD1503,48V DC,NA,3000K, CRI>97,Φ60*H170mm,36°,20W,AJ/CG,ATAS2060/30/36/DGR,R-41159492,IS 10322 (PART 5/SEC 1) : 2012,13999,"Guangdong Sat Technology Co. Ltd., No. 11 Lianbao Rd, Shengfeng District, Xiaolan Town, Zhongshan City, Guangdong, China – 528400",https://wsrv.nl/?url=https%3A%2F%2Fi.ibb.co%2FJS4zj9P%2FAdhil-20-S-09-dark-gray-default.png&output=webp&q=78
Adhil 20S,ARFD1503,48V DC,NA,3000K, CRI>97,Φ60*H170mm,36°,20W,AJ/CG,ATAS2060/30/36/BB,R-41159492,IS 10322 (PART 5/SEC 1) : 2012,13999,"Guangdong Sat Technology Co. Ltd., No. 11 Lianbao Rd, Shengfeng District, Xiaolan Town, Zhongshan City, Guangdong, China – 528400",https://wsrv.nl/?url=https%3A%2F%2Fi.ibb.co%2FcSpKHP2j%2FAdhil-20-S-06-ballet-blue.png&output=webp&q=78
Adhil 20S,ARFD1503,48V DC,NA,3000K, CRI>97,Φ60*H170mm,36°,20W,AJ/CG,ATAS2060/30/36/CH,R-41159492,IS 10322 (PART 5/SEC 1) : 2012,13999,"Guangdong Sat Technology Co. Ltd., No. 11 Lianbao Rd, Shengfeng District, Xiaolan Town, Zhongshan City, Guangdong, China – 528400",https://wsrv.nl/?url=https%3A%2F%2Fi.ibb.co%2F6787Wr0q%2FAdhil-20-S-01-chrome.png&output=webp&q=78
Adhil 20S,ARFD1503,48V DC,NA,3000K, CRI>97,Φ60*H170mm,36°,20W,AJ/CG,ATAS2060/30/36/CHB,R-41159492,IS 10322 (PART 5/SEC 1) : 2012,13999,"Guangdong Sat Technology Co. Ltd., No. 11 Lianbao Rd, Shengfeng District, Xiaolan Town, Zhongshan City, Guangdong, China – 528400",https://wsrv.nl/?url=https%3A%2F%2Fi.ibb.co%2FZ6MX0TTq%2FAdhil-20-S-02-chrome-black.png&output=webp&q=78
Adhil 20S,ARFD1503,48V DC,NA,3500K, CRI>97,Φ60*H170mm,36°,20W,AJ/CG,ATAS2060/35/36/W,R-41159492,IS 10322 (PART 5/SEC 1) : 2012,12999,"Guangdong Sat Technology Co. Ltd., No. 11 Lianbao Rd, Shengfeng District, Xiaolan Town, Zhongshan City, Guangdong, China – 528400",https://wsrv.nl/?url=https%3A%2F%2Fi.ibb.co%2FpHVwtRb%2FAdhil-20-S-05-white.png&output=webp&q=78
Adhil 20S,ARFD1503,48V DC,NA,3500K, CRI>97,Φ60*H170mm,36°,20W,AJ/CG,ATAS2060/35/36/B,R-41159492,IS 10322 (PART 5/SEC 1) : 2012,12999,"Guangdong Sat Technology Co. Ltd., No. 11 Lianbao Rd, Shengfeng District, Xiaolan Town, Zhongshan City, Guangdong, China – 528400",https://wsrv.nl/?url=https%3A%2F%2Fi.ibb.co%2F7xmqgkkS%2FAdhil-20-S-03-mat-black-default.png&output=webp&q=78
Adhil 20S,ARFD1503,48V DC,NA,3500K, CRI>97,Φ60*H170mm,36°,20W,AJ/CG,ATAS2060/35/36/CG,R-41159492,IS 10322 (PART 5/SEC 1) : 2012,13999,"Guangdong Sat Technology Co. Ltd., No. 11 Lianbao Rd, Shengfeng District, Xiaolan Town, Zhongshan City, Guangdong, China – 528400",https://wsrv.nl/?url=https%3A%2F%2Fi.ibb.co%2Fjktrb5Sd%2FAdhil-20-S-04-champeing-gold.png&output=webp&q=78
Adhil 20S,ARFD1503,48V DC,NA,3500K, CRI>97,Φ60*H170mm,36°,20W,AJ/CG,ATAS2060/35/36/RG,R-41159492,IS 10322 (PART 5/SEC 1) : 2012,13999,"Guangdong Sat Technology Co. Ltd., No. 11 Lianbao Rd, Shengfeng District, Xiaolan Town, Zhongshan City, Guangdong, China – 528400",https://wsrv.nl/?url=https%3A%2F%2Fi.ibb.co%2FwF13MDQv%2FAdhil-20-S-08-rose-gold.png&output=webp&q=78
Adhil 20S,ARFD1503,48V DC,NA,3500K, CRI>97,Φ60*H170mm,36°,20W,AJ/CG,ATAS2060/35/36/BR,R-41159492,IS 10322 (PART 5/SEC 1) : 2012,13999,"Guangdong Sat Technology Co. Ltd., No. 11 Lianbao Rd, Shengfeng District, Xiaolan Town, Zhongshan City, Guangdong, China – 528400",https://wsrv.nl/?url=https%3A%2F%2Fi.ibb.co%2FWNVGYgRZ%2FAdhil-20-S-10-brown.png&output=webp&q=78
Adhil 20S,ARFD1503,48V DC,NA,3500K, CRI>97,Φ60*H170mm,36°,20W,AJ/CG,ATAS2060/35/36/COF,R-41159492,IS 10322 (PART 5/SEC 1) : 2012,13999,"Guangdong Sat Technology Co. Ltd., No. 11 Lianbao Rd, Shengfeng District, Xiaolan Town, Zhongshan City, Guangdong, China – 528400",https://wsrv.nl/?url=https%3A%2F%2Fi.ibb.co%2FFbznBJMn%2FAdhil-20-S-07-coffee.png&output=webp&q=78
Adhil 20S,ARFD1503,48V DC,NA,3500K, CRI>97,Φ60*H170mm,36°,20W,AJ/CG,ATAS2060/35/36/DGR,R-41159492,IS 10322 (PART 5/SEC 1) : 2012,13999,"Guangdong Sat Technology Co. Ltd., No. 11 Lianbao Rd, Shengfeng District, Xiaolan Town, Zhongshan City, Guangdong, China – 528400",https://wsrv.nl/?url=https%3A%2F%2Fi.ibb.co%2FJS4zj9P%2FAdhil-20-S-09-dark-gray-default.png&output=webp&q=78
Adhil 20S,ARFD1503,48V DC,NA,3500K, CRI>97,Φ60*H170mm,36°,20W,AJ/CG,ATAS2060/35/36/BB,R-41159492,IS 10322 (PART 5/SEC 1) : 2012,13999,"Guangdong Sat Technology Co. Ltd., No. 11 Lianbao Rd, Shengfeng District, Xiaolan Town, Zhongshan City, Guangdong, China – 528400",https://wsrv.nl/?url=https%3A%2F%2Fi.ibb.co%2FcSpKHP2j%2FAdhil-20-S-06-ballet-blue.png&output=webp&q=78
Adhil 20S,ARFD1503,48V DC,NA,3500K, CRI>97,Φ60*H170mm,36°,20W,AJ/CG,ATAS2060/35/36/CH,R-41159492,IS 10322 (PART 5/SEC 1) : 2012,13999,"Guangdong Sat Technology Co. Ltd., No. 11 Lianbao Rd, Shengfeng District, Xiaolan Town, Zhongshan City, Guangdong, China – 528400",https://wsrv.nl/?url=https%3A%2F%2Fi.ibb.co%2F6787Wr0q%2FAdhil-20-S-01-chrome.png&output=webp&q=78
Adhil 20S,ARFD1503,48V DC,NA,3500K, CRI>97,Φ60*H170mm,36°,20W,AJ/CG,ATAS2060/35/36/CHB,R-41159492,IS 10322 (PART 5/SEC 1) : 2012,13999,"Guangdong Sat Technology Co. Ltd., No. 11 Lianbao Rd, Shengfeng District, Xiaolan Town, Zhongshan City, Guangdong, China – 528400",https://wsrv.nl/?url=https%3A%2F%2Fi.ibb.co%2FZ6MX0TTq%2FAdhil-20-S-02-chrome-black.png&output=webp&q=78
Adhil 20S,ARFD1503,48V DC,NA,4000K, CRI>97,Φ60*H170mm,36°,20W,AJ/CG,ATAS2060/40/36/W,R-41159492,IS 10322 (PART 5/SEC 1) : 2012,12999,"Guangdong Sat Technology Co. Ltd., No. 11 Lianbao Rd, Shengfeng District, Xiaolan Town, Zhongshan City, Guangdong, China – 528400",https://wsrv.nl/?url=https%3A%2F%2Fi.ibb.co%2FpHVwtRb%2FAdhil-20-S-05-white.png&output=webp&q=78
Adhil 20S,ARFD1503,48V DC,NA,4000K, CRI>97,Φ60*H170mm,36°,20W,AJ/CG,ATAS2060/40/36/B,R-41159492,IS 10322 (PART 5/SEC 1) : 2012,12999,"Guangdong Sat Technology Co. Ltd., No. 11 Lianbao Rd, Shengfeng District, Xiaolan Town, Zhongshan City, Guangdong, China – 528400",https://wsrv.nl/?url=https%3A%2F%2Fi.ibb.co%2F7xmqgkkS%2FAdhil-20-S-03-mat-black-default.png&output=webp&q=78
Adhil 20S,ARFD1503,48V DC,NA,4000K, CRI>97,Φ60*H170mm,36°,20W,AJ/CG,ATAS2060/40/36/CG,R-41159492,IS 10322 (PART 5/SEC 1) : 2012,13999,"Guangdong Sat Technology Co. Ltd., No. 11 Lianbao Rd, Shengfeng District, Xiaolan Town, Zhongshan City, Guangdong, China – 528400",https://wsrv.nl/?url=https%3A%2F%2Fi.ibb.co%2Fjktrb5Sd%2FAdhil-20-S-04-champeing-gold.png&output=webp&q=78
Adhil 20S,ARFD1503,48V DC,NA,4000K, CRI>97,Φ60*H170mm,36°,20W,AJ/CG,ATAS2060/40/36/RG,R-41159492,IS 10322 (PART 5/SEC 1) : 2012,13999,"Guangdong Sat Technology Co. Ltd., No. 11 Lianbao Rd, Shengfeng District, Xiaolan Town, Zhongshan City, Guangdong, China – 528400",https://wsrv.nl/?url=https%3A%2F%2Fi.ibb.co%2FwF13MDQv%2FAdhil-20-S-08-rose-gold.png&output=webp&q=78
Adhil 20S,ARFD1503,48V DC,NA,4000K, CRI>97,Φ60*H170mm,36°,20W,AJ/CG,ATAS2060/40/36/BR,R-41159492,IS 10322 (PART 5/SEC 1) : 2012,13999,"Guangdong Sat Technology Co. Ltd., No. 11 Lianbao Rd, Shengfeng District, Xiaolan Town, Zhongshan City, Guangdong, China – 528400",https://wsrv.nl/?url=https%3A%2F%2Fi.ibb.co%2FWNVGYgRZ%2FAdhil-20-S-10-brown.png&output=webp&q=78
Adhil 20S,ARFD1503,48V DC,NA,4000K, CRI>97,Φ60*H170mm,36°,20W,AJ/CG,ATAS2060/40/36/COF,R-41159492,IS 10322 (PART 5/SEC 1) : 2012,13999,"Guangdong Sat Technology Co. Ltd., No. 11 Lianbao Rd, Shengfeng District, Xiaolan Town, Zhongshan City, Guangdong, China – 528400",https://wsrv.nl/?url=https%3A%2F%2Fi.ibb.co%2FFbznBJMn%2FAdhil-20-S-07-coffee.png&output=webp&q=78
Adhil 20S,ARFD1503,48V DC,NA,4000K, CRI>97,Φ60*H170mm,36°,20W,AJ/CG,ATAS2060/40/36/DGR,R-41159492,IS 10322 (PART 5/SEC 1) : 2012,13999,"Guangdong Sat Technology Co. Ltd., No. 11 Lianbao Rd, Shengfeng District, Xiaolan Town, Zhongshan City, Guangdong, China – 528400",https://wsrv.nl/?url=https%3A%2F%2Fi.ibb.co%2FJS4zj9P%2FAdhil-20-S-09-dark-gray-default.png&output=webp&q=78
Adhil 20S,ARFD1503,48V DC,NA,4000K, CRI>97,Φ60*H170mm,36°,20W,AJ/CG,ATAS2060/40/36/BB,R-41159492,IS 10322 (PART 5/SEC 1) : 2012,13999,"Guangdong Sat Technology Co. Ltd., No. 11 Lianbao Rd, Shengfeng District, Xiaolan Town, Zhongshan City, Guangdong, China – 528400",https://wsrv.nl/?url=https%3A%2F%2Fi.ibb.co%2FcSpKHP2j%2FAdhil-20-S-06-ballet-blue.png&output=webp&q=78
Adhil 20S,ARFD1503,48V DC,NA,4000K, CRI>97,Φ60*H170mm,36°,20W,AJ/CG,ATAS2060/40/36/CH,R-41159492,IS 10322 (PART 5/SEC 1) : 2012,13999,"Guangdong Sat Technology Co. Ltd., No. 11 Lianbao Rd, Shengfeng District, Xiaolan Town, Zhongshan City, Guangdong, China – 528400",https://wsrv.nl/?url=https%3A%2F%2Fi.ibb.co%2F6787Wr0q%2FAdhil-20-S-01-chrome.png&output=webp&q=78
Adhil 20S,ARFD1503,48V DC,NA,4000K, CRI>97,Φ60*H170mm,36°,20W,AJ/CG,ATAS2060/40/36/CHB,R-41159492,IS 10322 (PART 5/SEC 1) : 2012,13999,"Guangdong Sat Technology Co. Ltd., No. 11 Lianbao Rd, Shengfeng District, Xiaolan Town, Zhongshan City, Guangdong, China – 528400",https://wsrv.nl/?url=https%3A%2F%2Fi.ibb.co%2FZ6MX0TTq%2FAdhil-20-S-02-chrome-black.png&output=webp&q=78
Adhil 20S,ARFD1503,48V DC,NA,5000K, CRI>97,Φ60*H170mm,36°,20W,AJ/CG,ATAS2060/50/36/W,R-41159492,IS 10322 (PART 5/SEC 1) : 2012,12999,"Guangdong Sat Technology Co. Ltd., No. 11 Lianbao Rd, Shengfeng District, Xiaolan Town, Zhongshan City, Guangdong, China – 528400",https://wsrv.nl/?url=https%3A%2F%2Fi.ibb.co%2FpHVwtRb%2FAdhil-20-S-05-white.png&output=webp&q=78
Adhil 20S,ARFD1503,48V DC,NA,5000K, CRI>97,Φ60*H170mm,36°,20W,AJ/CG,ATAS2060/50/36/B,R-41159492,IS 10322 (PART 5/SEC 1) : 2012,12999,"Guangdong Sat Technology Co. Ltd., No. 11 Lianbao Rd, Shengfeng District, Xiaolan Town, Zhongshan City, Guangdong, China – 528400",https://wsrv.nl/?url=https%3A%2F%2Fi.ibb.co%2F7xmqgkkS%2FAdhil-20-S-03-mat-black-default.png&output=webp&q=78
Adhil 20S,ARFD1503,48V DC,NA,5000K, CRI>97,Φ60*H170mm,36°,20W,AJ/CG,ATAS2060/50/36/CG,R-41159492,IS 10322 (PART 5/SEC 1) : 2012,13999,"Guangdong Sat Technology Co. Ltd., No. 11 Lianbao Rd, Shengfeng District, Xiaolan Town, Zhongshan City, Guangdong, China – 528400",https://wsrv.nl/?url=https%3A%2F%2Fi.ibb.co%2Fjktrb5Sd%2FAdhil-20-S-04-champeing-gold.png&output=webp&q=78
Adhil 20S,ARFD1503,48V DC,NA,5000K, CRI>97,Φ60*H170mm,36°,20W,AJ/CG,ATAS2060/50/36/RG,R-41159492,IS 10322 (PART 5/SEC 1) : 2012,13999,"Guangdong Sat Technology Co. Ltd., No. 11 Lianbao Rd, Shengfeng District, Xiaolan Town, Zhongshan City, Guangdong, China – 528400",https://wsrv.nl/?url=https%3A%2F%2Fi.ibb.co%2FwF13MDQv%2FAdhil-20-S-08-rose-gold.png&output=webp&q=78
Adhil 20S,ARFD1503,48V DC,NA,5000K, CRI>97,Φ60*H170mm,36°,20W,AJ/CG,ATAS2060/50/36/BR,R-41159492,IS 10322 (PART 5/SEC 1) : 2012,13999,"Guangdong Sat Technology Co. Ltd., No. 11 Lianbao Rd, Shengfeng District, Xiaolan Town, Zhongshan City, Guangdong, China – 528400",https://wsrv.nl/?url=https%3A%2F%2Fi.ibb.co%2FWNVGYgRZ%2FAdhil-20-S-10-brown.png&output=webp&q=78
Adhil 20S,ARFD1503,48V DC,NA,5000K, CRI>97,Φ60*H170mm,36°,20W,AJ/CG,ATAS2060/50/36/COF,R-41159492,IS 10322 (PART 5/SEC 1) : 2012,13999,"Guangdong Sat Technology Co. Ltd., No. 11 Lianbao Rd, Shengfeng District, Xiaolan Town, Zhongshan City, Guangdong, China – 528400",https://wsrv.nl/?url=https%3A%2F%2Fi.ibb.co%2FFbznBJMn%2FAdhil-20-S-07-coffee.png&output=webp&q=78
Adhil 20S,ARFD1503,48V DC,NA,5000K, CRI>97,Φ60*H170mm,36°,20W,AJ/CG,ATAS2060/50/36/DGR,R-41159492,IS 10322 (PART 5/SEC 1) : 2012,13999,"Guangdong Sat Technology Co. Ltd., No. 11 Lianbao Rd, Shengfeng District, Xiaolan Town, Zhongshan City, Guangdong, China – 528400",https://wsrv.nl/?url=https%3A%2F%2Fi.ibb.co%2FJS4zj9P%2FAdhil-20-S-09-dark-gray-default.png&output=webp&q=78
Adhil 20S,ARFD1503,48V DC,NA,5000K, CRI>97,Φ60*H170mm,36°,20W,AJ/CG,ATAS2060/50/36/BB,R-41159492,IS 10322 (PART 5/SEC 1) : 2012,13999,"Guangdong Sat Technology Co. Ltd., No. 11 Lianbao Rd, Shengfeng District, Xiaolan Town, Zhongshan City, Guangdong, China – 528400",https://wsrv.nl/?url=https%3A%2F%2Fi.ibb.co%2FcSpKHP2j%2FAdhil-20-S-06-ballet-blue.png&output=webp&q=78
Adhil 20S,ARFD1503,48V DC,NA,5000K, CRI>97,Φ60*H170mm,36°,20W,AJ/CG,ATAS2060/50/36/CH,R-41159492,IS 10322 (PART 5/SEC 1) : 2012,13999,"Guangdong Sat Technology Co. Ltd., No. 11 Lianbao Rd, Shengfeng District, Xiaolan Town, Zhongshan City, Guangdong, China – 528400",https://wsrv.nl/?url=https%3A%2F%2Fi.ibb.co%2F6787Wr0q%2FAdhil-20-S-01-chrome.png&output=webp&q=78
Adhil 20S,ARFD1503,48V DC,NA,5000K, CRI>97,Φ60*H170mm,36°,20W,AJ/CG,ATAS2060/50/36/CHB,R-41159492,IS 10322 (PART 5/SEC 1) : 2012,13999,"Guangdong Sat Technology Co. Ltd., No. 11 Lianbao Rd, Shengfeng District, Xiaolan Town, Zhongshan City, Guangdong, China – 528400",https://wsrv.nl/?url=https%3A%2F%2Fi.ibb.co%2FZ6MX0TTq%2FAdhil-20-S-02-chrome-black.png&output=webp&q=78
Adhil 20S,ARFD1503,48V DC,NA,2700K, CRI>97,Φ60*H170mm,60°,20W,AJ/CG,ATAS2060/27/60/W,R-41159492,IS 10322 (PART 5/SEC 1) : 2012,12999,"Guangdong Sat Technology Co. Ltd., No. 11 Lianbao Rd, Shengfeng District, Xiaolan Town, Zhongshan City, Guangdong, China – 528400",https://wsrv.nl/?url=https%3A%2F%2Fi.ibb.co%2FpHVwtRb%2FAdhil-20-S-05-white.png&output=webp&q=78
Adhil 20S,ARFD1503,48V DC,NA,2700K, CRI>97,Φ60*H170mm,60°,20W,AJ/CG,ATAS2060/27/60/B,R-41159492,IS 10322 (PART 5/SEC 1) : 2012,12999,"Guangdong Sat Technology Co. Ltd., No. 11 Lianbao Rd, Shengfeng District, Xiaolan Town, Zhongshan City, Guangdong, China – 528400",https://wsrv.nl/?url=https%3A%2F%2Fi.ibb.co%2F7xmqgkkS%2FAdhil-20-S-03-mat-black-default.png&output=webp&q=78
Adhil 20S,ARFD1503,48V DC,NA,2700K, CRI>97,Φ60*H170mm,60°,20W,AJ/CG,ATAS2060/27/60/CG,R-41159492,IS 10322 (PART 5/SEC 1) : 2012,13999,"Guangdong Sat Technology Co. Ltd., No. 11 Lianbao Rd, Shengfeng District, Xiaolan Town, Zhongshan City, Guangdong, China – 528400",https://wsrv.nl/?url=https%3A%2F%2Fi.ibb.co%2Fjktrb5Sd%2FAdhil-20-S-04-champeing-gold.png&output=webp&q=78
Adhil 20S,ARFD1503,48V DC,NA,2700K, CRI>97,Φ60*H170mm,60°,20W,AJ/CG,ATAS2060/27/60/RG,R-41159492,IS 10322 (PART 5/SEC 1) : 2012,13999,"Guangdong Sat Technology Co. Ltd., No. 11 Lianbao Rd, Shengfeng District, Xiaolan Town, Zhongshan City, Guangdong, China – 528400",https://wsrv.nl/?url=https%3A%2F%2Fi.ibb.co%2FwF13MDQv%2FAdhil-20-S-08-rose-gold.png&output=webp&q=78
Adhil 20S,ARFD1503,48V DC,NA,2700K, CRI>97,Φ60*H170mm,60°,20W,AJ/CG,ATAS2060/27/60/BR,R-41159492,IS 10322 (PART 5/SEC 1) : 2012,13999,"Guangdong Sat Technology Co. Ltd., No. 11 Lianbao Rd, Shengfeng District, Xiaolan Town, Zhongshan City, Guangdong, China – 528400",https://wsrv.nl/?url=https%3A%2F%2Fi.ibb.co%2FWNVGYgRZ%2FAdhil-20-S-10-brown.png&output=webp&q=78
Adhil 20S,ARFD1503,48V DC,NA,2700K, CRI>97,Φ60*H170mm,60°,20W,AJ/CG,ATAS2060/27/60/COF,R-41159492,IS 10322 (PART 5/SEC 1) : 2012,13999,"Guangdong Sat Technology Co. Ltd., No. 11 Lianbao Rd, Shengfeng District, Xiaolan Town, Zhongshan City, Guangdong, China – 528400",https://wsrv.nl/?url=https%3A%2F%2Fi.ibb.co%2FFbznBJMn%2FAdhil-20-S-07-coffee.png&output=webp&q=78
Adhil 20S,ARFD1503,48V DC,NA,2700K, CRI>97,Φ60*H170mm,60°,20W,AJ/CG,ATAS2060/27/60/DGR,R-41159492,IS 10322 (PART 5/SEC 1) : 2012,13999,"Guangdong Sat Technology Co. Ltd., No. 11 Lianbao Rd, Shengfeng District, Xiaolan Town, Zhongshan City, Guangdong, China – 528400",https://wsrv.nl/?url=https%3A%2F%2Fi.ibb.co%2FJS4zj9P%2FAdhil-20-S-09-dark-gray-default.png&output=webp&q=78
Adhil 20S,ARFD1503,48V DC,NA,2700K, CRI>97,Φ60*H170mm,60°,20W,AJ/CG,ATAS2060/27/60/BB,R-41159492,IS 10322 (PART 5/SEC 1) : 2012,13999,"Guangdong Sat Technology Co. Ltd., No. 11 Lianbao Rd, Shengfeng District, Xiaolan Town, Zhongshan City, Guangdong, China – 528400",https://wsrv.nl/?url=https%3A%2F%2Fi.ibb.co%2FcSpKHP2j%2FAdhil-20-S-06-ballet-blue.png&output=webp&q=78
Adhil 20S,ARFD1503,48V DC,NA,2700K, CRI>97,Φ60*H170mm,60°,20W,AJ/CG,ATAS2060/27/60/CH,R-41159492,IS 10322 (PART 5/SEC 1) : 2012,13999,"Guangdong Sat Technology Co. Ltd., No. 11 Lianbao Rd, Shengfeng District, Xiaolan Town, Zhongshan City, Guangdong, China – 528400",https://wsrv.nl/?url=https%3A%2F%2Fi.ibb.co%2F6787Wr0q%2FAdhil-20-S-01-chrome.png&output=webp&q=78
Adhil 20S,ARFD1503,48V DC,NA,2700K, CRI>97,Φ60*H170mm,60°,20W,AJ/CG,ATAS2060/27/60/CHB,R-41159492,IS 10322 (PART 5/SEC 1) : 2012,13999,"Guangdong Sat Technology Co. Ltd., No. 11 Lianbao Rd, Shengfeng District, Xiaolan Town, Zhongshan City, Guangdong, China – 528400",https://wsrv.nl/?url=https%3A%2F%2Fi.ibb.co%2FZ6MX0TTq%2FAdhil-20-S-02-chrome-black.png&output=webp&q=78
Adhil 20S,ARFD1503,48V DC,NA,3000K, CRI>97,Φ60*H170mm,60°,20W,AJ/CG,ATAS2060/30/60/W,R-41159492,IS 10322 (PART 5/SEC 1) : 2012,12999,"Guangdong Sat Technology Co. Ltd., No. 11 Lianbao Rd, Shengfeng District, Xiaolan Town, Zhongshan City, Guangdong, China – 528400",https://wsrv.nl/?url=https%3A%2F%2Fi.ibb.co%2FpHVwtRb%2FAdhil-20-S-05-white.png&output=webp&q=78
Adhil 20S,ARFD1503,48V DC,NA,3000K, CRI>97,Φ60*H170mm,60°,20W,AJ/CG,ATAS2060/30/60/B,R-41159492,IS 10322 (PART 5/SEC 1) : 2012,12999,"Guangdong Sat Technology Co. Ltd., No. 11 Lianbao Rd, Shengfeng District, Xiaolan Town, Zhongshan City, Guangdong, China – 528400",https://wsrv.nl/?url=https%3A%2F%2Fi.ibb.co%2F7xmqgkkS%2FAdhil-20-S-03-mat-black-default.png&output=webp&q=78
Adhil 20S,ARFD1503,48V DC,NA,3000K, CRI>97,Φ60*H170mm,60°,20W,AJ/CG,ATAS2060/30/60/CG,R-41159492,IS 10322 (PART 5/SEC 1) : 2012,13999,"Guangdong Sat Technology Co. Ltd., No. 11 Lianbao Rd, Shengfeng District, Xiaolan Town, Zhongshan City, Guangdong, China – 528400",https://wsrv.nl/?url=https%3A%2F%2Fi.ibb.co%2Fjktrb5Sd%2FAdhil-20-S-04-champeing-gold.png&output=webp&q=78
Adhil 20S,ARFD1503,48V DC,NA,3000K, CRI>97,Φ60*H170mm,60°,20W,AJ/CG,ATAS2060/30/60/RG,R-41159492,IS 10322 (PART 5/SEC 1) : 2012,13999,"Guangdong Sat Technology Co. Ltd., No. 11 Lianbao Rd, Shengfeng District, Xiaolan Town, Zhongshan City, Guangdong, China – 528400",https://wsrv.nl/?url=https%3A%2F%2Fi.ibb.co%2FwF13MDQv%2FAdhil-20-S-08-rose-gold.png&output=webp&q=78
Adhil 20S,ARFD1503,48V DC,NA,3000K, CRI>97,Φ60*H170mm,60°,20W,AJ/CG,ATAS2060/30/60/BR,R-41159492,IS 10322 (PART 5/SEC 1) : 2012,13999,"Guangdong Sat Technology Co. Ltd., No. 11 Lianbao Rd, Shengfeng District, Xiaolan Town, Zhongshan City, Guangdong, China – 528400",https://wsrv.nl/?url=https%3A%2F%2Fi.ibb.co%2FWNVGYgRZ%2FAdhil-20-S-10-brown.png&output=webp&q=78
Adhil 20S,ARFD1503,48V DC,NA,3000K, CRI>97,Φ60*H170mm,60°,20W,AJ/CG,ATAS2060/30/60/COF,R-41159492,IS 10322 (PART 5/SEC 1) : 2012,13999,"Guangdong Sat Technology Co. Ltd., No. 11 Lianbao Rd, Shengfeng District, Xiaolan Town, Zhongshan City, Guangdong, China – 528400",https://wsrv.nl/?url=https%3A%2F%2Fi.ibb.co%2FFbznBJMn%2FAdhil-20-S-07-coffee.png&output=webp&q=78
Adhil 20S,ARFD1503,48V DC,NA,3000K, CRI>97,Φ60*H170mm,60°,20W,AJ/CG,ATAS2060/30/60/DGR,R-41159492,IS 10322 (PART 5/SEC 1) : 2012,13999,"Guangdong Sat Technology Co. Ltd., No. 11 Lianbao Rd, Shengfeng District, Xiaolan Town, Zhongshan City, Guangdong, China – 528400",https://wsrv.nl/?url=https%3A%2F%2Fi.ibb.co%2FJS4zj9P%2FAdhil-20-S-09-dark-gray-default.png&output=webp&q=78
Adhil 20S,ARFD1503,48V DC,NA,3000K, CRI>97,Φ60*H170mm,60°,20W,AJ/CG,ATAS2060/30/60/BB,R-41159492,IS 10322 (PART 5/SEC 1) : 2012,13999,"Guangdong Sat Technology Co. Ltd., No. 11 Lianbao Rd, Shengfeng District, Xiaolan Town, Zhongshan City, Guangdong, China – 528400",https://wsrv.nl/?url=https%3A%2F%2Fi.ibb.co%2FcSpKHP2j%2FAdhil-20-S-06-ballet-blue.png&output=webp&q=78
Adhil 20S,ARFD1503,48V DC,NA,3000K, CRI>97,Φ60*H170mm,60°,20W,AJ/CG,ATAS2060/30/60/CH,R-41159492,IS 10322 (PART 5/SEC 1) : 2012,13999,"Guangdong Sat Technology Co. Ltd., No. 11 Lianbao Rd, Shengfeng District, Xiaolan Town, Zhongshan City, Guangdong, China – 528400",https://wsrv.nl/?url=https%3A%2F%2Fi.ibb.co%2F6787Wr0q%2FAdhil-20-S-01-chrome.png&output=webp&q=78
Adhil 20S,ARFD1503,48V DC,NA,3000K, CRI>97,Φ60*H170mm,60°,20W,AJ/CG,ATAS2060/30/60/CHB,R-41159492,IS 10322 (PART 5/SEC 1) : 2012,13999,"Guangdong Sat Technology Co. Ltd., No. 11 Lianbao Rd, Shengfeng District, Xiaolan Town, Zhongshan City, Guangdong, China – 528400",https://wsrv.nl/?url=https%3A%2F%2Fi.ibb.co%2FZ6MX0TTq%2FAdhil-20-S-02-chrome-black.png&output=webp&q=78
Adhil 20S,ARFD1503,48V DC,NA,3500K, CRI>97,Φ60*H170mm,60°,20W,AJ/CG,ATAS2060/35/60/W,R-41159492,IS 10322 (PART 5/SEC 1) : 2012,12999,"Guangdong Sat Technology Co. Ltd., No. 11 Lianbao Rd, Shengfeng District, Xiaolan Town, Zhongshan City, Guangdong, China – 528400",https://wsrv.nl/?url=https%3A%2F%2Fi.ibb.co%2FpHVwtRb%2FAdhil-20-S-05-white.png&output=webp&q=78
Adhil 20S,ARFD1503,48V DC,NA,3500K, CRI>97,Φ60*H170mm,60°,20W,AJ/CG,ATAS2060/35/60/B,R-41159492,IS 10322 (PART 5/SEC 1) : 2012,12999,"Guangdong Sat Technology Co. Ltd., No. 11 Lianbao Rd, Shengfeng District, Xiaolan Town, Zhongshan City, Guangdong, China – 528400",https://wsrv.nl/?url=https%3A%2F%2Fi.ibb.co%2F7xmqgkkS%2FAdhil-20-S-03-mat-black-default.png&output=webp&q=78
Adhil 20S,ARFD1503,48V DC,NA,3500K, CRI>97,Φ60*H170mm,60°,20W,AJ/CG,ATAS2060/35/60/CG,R-41159492,IS 10322 (PART 5/SEC 1) : 2012,13999,"Guangdong Sat Technology Co. Ltd., No. 11 Lianbao Rd, Shengfeng District, Xiaolan Town, Zhongshan City, Guangdong, China – 528400",https://wsrv.nl/?url=https%3A%2F%2Fi.ibb.co%2Fjktrb5Sd%2FAdhil-20-S-04-champeing-gold.png&output=webp&q=78
Adhil 20S,ARFD1503,48V DC,NA,3500K, CRI>97,Φ60*H170mm,60°,20W,AJ/CG,ATAS2060/35/60/RG,R-41159492,IS 10322 (PART 5/SEC 1) : 2012,13999,"Guangdong Sat Technology Co. Ltd., No. 11 Lianbao Rd, Shengfeng District, Xiaolan Town, Zhongshan City, Guangdong, China – 528400",https://wsrv.nl/?url=https%3A%2F%2Fi.ibb.co%2FwF13MDQv%2FAdhil-20-S-08-rose-gold.png&output=webp&q=78
Adhil 20S,ARFD1503,48V DC,NA,3500K, CRI>97,Φ60*H170mm,60°,20W,AJ/CG,ATAS2060/35/60/BR,R-41159492,IS 10322 (PART 5/SEC 1) : 2012,13999,"Guangdong Sat Technology Co. Ltd., No. 11 Lianbao Rd, Shengfeng District, Xiaolan Town, Zhongshan City, Guangdong, China – 528400",https://wsrv.nl/?url=https%3A%2F%2Fi.ibb.co%2FWNVGYgRZ%2FAdhil-20-S-10-brown.png&output=webp&q=78
Adhil 20S,ARFD1503,48V DC,NA,3500K, CRI>97,Φ60*H170mm,60°,20W,AJ/CG,ATAS2060/35/60/COF,R-41159492,IS 10322 (PART 5/SEC 1) : 2012,13999,"Guangdong Sat Technology Co. Ltd., No. 11 Lianbao Rd, Shengfeng District, Xiaolan Town, Zhongshan City, Guangdong, China – 528400",https://wsrv.nl/?url=https%3A%2F%2Fi.ibb.co%2FFbznBJMn%2FAdhil-20-S-07-coffee.png&output=webp&q=78
Adhil 20S,ARFD1503,48V DC,NA,3500K, CRI>97,Φ60*H170mm,60°,20W,AJ/CG,ATAS2060/35/60/DGR,R-41159492,IS 10322 (PART 5/SEC 1) : 2012,13999,"Guangdong Sat Technology Co. Ltd., No. 11 Lianbao Rd, Shengfeng District, Xiaolan Town, Zhongshan City, Guangdong, China – 528400",https://wsrv.nl/?url=https%3A%2F%2Fi.ibb.co%2FJS4zj9P%2FAdhil-20-S-09-dark-gray-default.png&output=webp&q=78
Adhil 20S,ARFD1503,48V DC,NA,3500K, CRI>97,Φ60*H170mm,60°,20W,AJ/CG,ATAS2060/35/60/BB,R-41159492,IS 10322 (PART 5/SEC 1) : 2012,13999,"Guangdong Sat Technology Co. Ltd., No. 11 Lianbao Rd, Shengfeng District, Xiaolan Town, Zhongshan City, Guangdong, China – 528400",https://wsrv.nl/?url=https%3A%2F%2Fi.ibb.co%2FcSpKHP2j%2FAdhil-20-S-06-ballet-blue.png&output=webp&q=78
Adhil 20S,ARFD1503,48V DC,NA,3500K, CRI>97,Φ60*H170mm,60°,20W,AJ/CG,ATAS2060/35/60/CH,R-41159492,IS 10322 (PART 5/SEC 1) : 2012,13999,"Guangdong Sat Technology Co. Ltd., No. 11 Lianbao Rd, Shengfeng District, Xiaolan Town, Zhongshan City, Guangdong, China – 528400",https://wsrv.nl/?url=https%3A%2F%2Fi.ibb.co%2F6787Wr0q%2FAdhil-20-S-01-chrome.png&output=webp&q=78
Adhil 20S,ARFD1503,48V DC,NA,3500K, CRI>97,Φ60*H170mm,60°,20W,AJ/CG,ATAS2060/35/60/CHB,R-41159492,IS 10322 (PART 5/SEC 1) : 2012,13999,"Guangdong Sat Technology Co. Ltd., No. 11 Lianbao Rd, Shengfeng District, Xiaolan Town, Zhongshan City, Guangdong, China – 528400",https://wsrv.nl/?url=https%3A%2F%2Fi.ibb.co%2FZ6MX0TTq%2FAdhil-20-S-02-chrome-black.png&output=webp&q=78
Adhil 20S,ARFD1503,48V DC,NA,4000K, CRI>97,Φ60*H170mm,60°,20W,AJ/CG,ATAS2060/40/60/W,R-41159492,IS 10322 (PART 5/SEC 1) : 2012,12999,"Guangdong Sat Technology Co. Ltd., No. 11 Lianbao Rd, Shengfeng District, Xiaolan Town, Zhongshan City, Guangdong, China – 528400",https://wsrv.nl/?url=https%3A%2F%2Fi.ibb.co%2FpHVwtRb%2FAdhil-20-S-05-white.png&output=webp&q=78
Adhil 20S,ARFD1503,48V DC,NA,4000K, CRI>97,Φ60*H170mm,60°,20W,AJ/CG,ATAS2060/40/60/B,R-41159492,IS 10322 (PART 5/SEC 1) : 2012,12999,"Guangdong Sat Technology Co. Ltd., No. 11 Lianbao Rd, Shengfeng District, Xiaolan Town, Zhongshan City, Guangdong, China – 528400",https://wsrv.nl/?url=https%3A%2F%2Fi.ibb.co%2F7xmqgkkS%2FAdhil-20-S-03-mat-black-default.png&output=webp&q=78
Adhil 20S,ARFD1503,48V DC,NA,4000K, CRI>97,Φ60*H170mm,60°,20W,AJ/CG,ATAS2060/40/60/CG,R-41159492,IS 10322 (PART 5/SEC 1) : 2012,13999,"Guangdong Sat Technology Co. Ltd., No. 11 Lianbao Rd, Shengfeng District, Xiaolan Town, Zhongshan City, Guangdong, China – 528400",https://wsrv.nl/?url=https%3A%2F%2Fi.ibb.co%2Fjktrb5Sd%2FAdhil-20-S-04-champeing-gold.png&output=webp&q=78
Adhil 20S,ARFD1503,48V DC,NA,4000K, CRI>97,Φ60*H170mm,60°,20W,AJ/CG,ATAS2060/40/60/RG,R-41159492,IS 10322 (PART 5/SEC 1) : 2012,13999,"Guangdong Sat Technology Co. Ltd., No. 11 Lianbao Rd, Shengfeng District, Xiaolan Town, Zhongshan City, Guangdong, China – 528400",https://wsrv.nl/?url=https%3A%2F%2Fi.ibb.co%2FwF13MDQv%2FAdhil-20-S-08-rose-gold.png&output=webp&q=78
Adhil 20S,ARFD1503,48V DC,NA,4000K, CRI>97,Φ60*H170mm,60°,20W,AJ/CG,ATAS2060/40/60/BR,R-41159492,IS 10322 (PART 5/SEC 1) : 2012,13999,"Guangdong Sat Technology Co. Ltd., No. 11 Lianbao Rd, Shengfeng District, Xiaolan Town, Zhongshan City, Guangdong, China – 528400",https://wsrv.nl/?url=https%3A%2F%2Fi.ibb.co%2FWNVGYgRZ%2FAdhil-20-S-10-brown.png&output=webp&q=78
Adhil 20S,ARFD1503,48V DC,NA,4000K, CRI>97,Φ60*H170mm,60°,20W,AJ/CG,ATAS2060/40/60/COF,R-41159492,IS 10322 (PART 5/SEC 1) : 2012,13999,"Guangdong Sat Technology Co. Ltd., No. 11 Lianbao Rd, Shengfeng District, Xiaolan Town, Zhongshan City, Guangdong, China – 528400",https://wsrv.nl/?url=https%3A%2F%2Fi.ibb.co%2FFbznBJMn%2FAdhil-20-S-07-coffee.png&output=webp&q=78
Adhil 20S,ARFD1503,48V DC,NA,4000K, CRI>97,Φ60*H170mm,60°,20W,AJ/CG,ATAS2060/40/60/DGR,R-41159492,IS 10322 (PART 5/SEC 1) : 2012,13999,"Guangdong Sat Technology Co. Ltd., No. 11 Lianbao Rd, Shengfeng District, Xiaolan Town, Zhongshan City, Guangdong, China – 528400",https://wsrv.nl/?url=https%3A%2F%2Fi.ibb.co%2FJS4zj9P%2FAdhil-20-S-09-dark-gray-default.png&output=webp&q=78
Adhil 20S,ARFD1503,48V DC,NA,4000K, CRI>97,Φ60*H170mm,60°,20W,AJ/CG,ATAS2060/40/60/BB,R-41159492,IS 10322 (PART 5/SEC 1) : 2012,13999,"Guangdong Sat Technology Co. Ltd., No. 11 Lianbao Rd, Shengfeng District, Xiaolan Town, Zhongshan City, Guangdong, China – 528400",https://wsrv.nl/?url=https%3A%2F%2Fi.ibb.co%2FcSpKHP2j%2FAdhil-20-S-06-ballet-blue.png&output=webp&q=78
Adhil 20S,ARFD1503,48V DC,NA,4000K, CRI>97,Φ60*H170mm,60°,20W,AJ/CG,ATAS2060/40/60/CH,R-41159492,IS 10322 (PART 5/SEC 1) : 2012,13999,"Guangdong Sat Technology Co. Ltd., No. 11 Lianbao Rd, Shengfeng District, Xiaolan Town, Zhongshan City, Guangdong, China – 528400",https://wsrv.nl/?url=https%3A%2F%2Fi.ibb.co%2F6787Wr0q%2FAdhil-20-S-01-chrome.png&output=webp&q=78
Adhil 20S,ARFD1503,48V DC,NA,4000K, CRI>97,Φ60*H170mm,60°,20W,AJ/CG,ATAS2060/40/60/CHB,R-41159492,IS 10322 (PART 5/SEC 1) : 2012,13999,"Guangdong Sat Technology Co. Ltd., No. 11 Lianbao Rd, Shengfeng District, Xiaolan Town, Zhongshan City, Guangdong, China – 528400",https://wsrv.nl/?url=https%3A%2F%2Fi.ibb.co%2FZ6MX0TTq%2FAdhil-20-S-02-chrome-black.png&output=webp&q=78
Adhil 20S,ARFD1503,48V DC,NA,5000K, CRI>97,Φ60*H170mm,60°,20W,AJ/CG,ATAS2060/50/60/W,R-41159492,IS 10322 (PART 5/SEC 1) : 2012,12999,"Guangdong Sat Technology Co. Ltd., No. 11 Lianbao Rd, Shengfeng District, Xiaolan Town, Zhongshan City, Guangdong, China – 528400",https://wsrv.nl/?url=https%3A%2F%2Fi.ibb.co%2FpHVwtRb%2FAdhil-20-S-05-white.png&output=webp&q=78
Adhil 20S,ARFD1503,48V DC,NA,5000K, CRI>97,Φ60*H170mm,60°,20W,AJ/CG,ATAS2060/50/60/B,R-41159492,IS 10322 (PART 5/SEC 1) : 2012,12999,"Guangdong Sat Technology Co. Ltd., No. 11 Lianbao Rd, Shengfeng District, Xiaolan Town, Zhongshan City, Guangdong, China – 528400",https://wsrv.nl/?url=https%3A%2F%2Fi.ibb.co%2F7xmqgkkS%2FAdhil-20-S-03-mat-black-default.png&output=webp&q=78
Adhil 20S,ARFD1503,48V DC,NA,5000K, CRI>97,Φ60*H170mm,60°,20W,AJ/CG,ATAS2060/50/60/CG,R-41159492,IS 10322 (PART 5/SEC 1) : 2012,13999,"Guangdong Sat Technology Co. Ltd., No. 11 Lianbao Rd, Shengfeng District, Xiaolan Town, Zhongshan City, Guangdong, China – 528400",https://wsrv.nl/?url=https%3A%2F%2Fi.ibb.co%2Fjktrb5Sd%2FAdhil-20-S-04-champeing-gold.png&output=webp&q=78
Adhil 20S,ARFD1503,48V DC,NA,5000K, CRI>97,Φ60*H170mm,60°,20W,AJ/CG,ATAS2060/50/60/RG,R-41159492,IS 10322 (PART 5/SEC 1) : 2012,13999,"Guangdong Sat Technology Co. Ltd., No. 11 Lianbao Rd, Shengfeng District, Xiaolan Town, Zhongshan City, Guangdong, China – 528400",https://wsrv.nl/?url=https%3A%2F%2Fi.ibb.co%2FwF13MDQv%2FAdhil-20-S-08-rose-gold.png&output=webp&q=78
Adhil 20S,ARFD1503,48V DC,NA,5000K, CRI>97,Φ60*H170mm,60°,20W,AJ/CG,ATAS2060/50/60/BR,R-41159492,IS 10322 (PART 5/SEC 1) : 2012,13999,"Guangdong Sat Technology Co. Ltd., No. 11 Lianbao Rd, Shengfeng District, Xiaolan Town, Zhongshan City, Guangdong, China – 528400",https://wsrv.nl/?url=https%3A%2F%2Fi.ibb.co%2FWNVGYgRZ%2FAdhil-20-S-10-brown.png&output=webp&q=78
Adhil 20S,ARFD1503,48V DC,NA,5000K, CRI>97,Φ60*H170mm,60°,20W,AJ/CG,ATAS2060/50/60/COF,R-41159492,IS 10322 (PART 5/SEC 1) : 2012,13999,"Guangdong Sat Technology Co. Ltd., No. 11 Lianbao Rd, Shengfeng District, Xiaolan Town, Zhongshan City, Guangdong, China – 528400",https://wsrv.nl/?url=https%3A%2F%2Fi.ibb.co%2FFbznBJMn%2FAdhil-20-S-07-coffee.png&output=webp&q=78
Adhil 20S,ARFD1503,48V DC,NA,5000K, CRI>97,Φ60*H170mm,60°,20W,AJ/CG,ATAS2060/50/60/DGR,R-41159492,IS 10322 (PART 5/SEC 1) : 2012,13999,"Guangdong Sat Technology Co. Ltd., No. 11 Lianbao Rd, Shengfeng District, Xiaolan Town, Zhongshan City, Guangdong, China – 528400",https://wsrv.nl/?url=https%3A%2F%2Fi.ibb.co%2FJS4zj9P%2FAdhil-20-S-09-dark-gray-default.png&output=webp&q=78
Adhil 20S,ARFD1503,48V DC,NA,5000K, CRI>97,Φ60*H170mm,60°,20W,AJ/CG,ATAS2060/50/60/BB,R-41159492,IS 10322 (PART 5/SEC 1) : 2012,13999,"Guangdong Sat Technology Co. Ltd., No. 11 Lianbao Rd, Shengfeng District, Xiaolan Town, Zhongshan City, Guangdong, China – 528400",https://wsrv.nl/?url=https%3A%2F%2Fi.ibb.co%2FcSpKHP2j%2FAdhil-20-S-06-ballet-blue.png&output=webp&q=78
Adhil 20S,ARFD1503,48V DC,NA,5000K, CRI>97,Φ60*H170mm,60°,20W,AJ/CG,ATAS2060/50/60/CH,R-41159492,IS 10322 (PART 5/SEC 1) : 2012,13999,"Guangdong Sat Technology Co. Ltd., No. 11 Lianbao Rd, Shengfeng District, Xiaolan Town, Zhongshan City, Guangdong, China – 528400",https://wsrv.nl/?url=https%3A%2F%2Fi.ibb.co%2F6787Wr0q%2FAdhil-20-S-01-chrome.png&output=webp&q=78
Adhil 20S,ARFD1503,48V DC,NA,5000K, CRI>97,Φ60*H170mm,60°,20W,AJ/CG,ATAS2060/50/60/CHB,R-41159492,IS 10322 (PART 5/SEC 1) : 2012,13999,"Guangdong Sat Technology Co. Ltd., No. 11 Lianbao Rd, Shengfeng District, Xiaolan Town, Zhongshan City, Guangdong, China – 528400",https://wsrv.nl/?url=https%3A%2F%2Fi.ibb.co%2FZ6MX0TTq%2FAdhil-20-S-02-chrome-black.png&output=webp&q=78
Adhil 20S Tunable,ARFD1503,48V DC,NA,2700K~6500K, CRI>97,Φ60*H170mm,15°,20W,AJ/CG,ATAS2060/CT/15/W,R-41159492,IS 10322 (PART 5/SEC 1) : 2012,14199,"Guangdong Sat Technology Co. Ltd., No. 11 Lianbao Rd, Shengfeng District, Xiaolan Town, Zhongshan City, Guangdong, China – 528400",https://wsrv.nl/?url=https%3A%2F%2Fi.ibb.co%2FpHVwtRb%2FAdhil-20-S-05-white.png&output=webp&q=78
Adhil 20S Tunable,ARFD1503,48V DC,NA,2700K~6500K, CRI>97,Φ60*H170mm,15°,20W,AJ/CG,ATAS2060/CT/15/B,R-41159492,IS 10322 (PART 5/SEC 1) : 2012,14199,"Guangdong Sat Technology Co. Ltd., No. 11 Lianbao Rd, Shengfeng District, Xiaolan Town, Zhongshan City, Guangdong, China – 528400",https://wsrv.nl/?url=https%3A%2F%2Fi.ibb.co%2F7xmqgkkS%2FAdhil-20-S-03-mat-black-default.png&output=webp&q=78
Adhil 20S Tunable,ARFD1503,48V DC,NA,2700K~6500K, CRI>97,Φ60*H170mm,15°,20W,AJ/CG,ATAS2060/CT/15/CG,R-41159492,IS 10322 (PART 5/SEC 1) : 2012,15199,"Guangdong Sat Technology Co. Ltd., No. 11 Lianbao Rd, Shengfeng District, Xiaolan Town, Zhongshan City, Guangdong, China – 528400",https://wsrv.nl/?url=https%3A%2F%2Fi.ibb.co%2Fjktrb5Sd%2FAdhil-20-S-04-champeing-gold.png&output=webp&q=78
Adhil 20S Tunable,ARFD1503,48V DC,NA,2700K~6500K, CRI>97,Φ60*H170mm,15°,20W,AJ/CG,ATAS2060/CT/15/RG,R-41159492,IS 10322 (PART 5/SEC 1) : 2012,15199,"Guangdong Sat Technology Co. Ltd., No. 11 Lianbao Rd, Shengfeng District, Xiaolan Town, Zhongshan City, Guangdong, China – 528400",https://wsrv.nl/?url=https%3A%2F%2Fi.ibb.co%2FwF13MDQv%2FAdhil-20-S-08-rose-gold.png&output=webp&q=78
Adhil 20S Tunable,ARFD1503,48V DC,NA,2700K~6500K, CRI>97,Φ60*H170mm,15°,20W,AJ/CG,ATAS2060/CT/15/BR,R-41159492,IS 10322 (PART 5/SEC 1) : 2012,15199,"Guangdong Sat Technology Co. Ltd., No. 11 Lianbao Rd, Shengfeng District, Xiaolan Town, Zhongshan City, Guangdong, China – 528400",https://wsrv.nl/?url=https%3A%2F%2Fi.ibb.co%2FWNVGYgRZ%2FAdhil-20-S-10-brown.png&output=webp&q=78
Adhil 20S Tunable,ARFD1503,48V DC,NA,2700K~6500K, CRI>97,Φ60*H170mm,15°,20W,AJ/CG,ATAS2060/CT/15/COF,R-41159492,IS 10322 (PART 5/SEC 1) : 2012,15199,"Guangdong Sat Technology Co. Ltd., No. 11 Lianbao Rd, Shengfeng District, Xiaolan Town, Zhongshan City, Guangdong, China – 528400",https://wsrv.nl/?url=https%3A%2F%2Fi.ibb.co%2FFbznBJMn%2FAdhil-20-S-07-coffee.png&output=webp&q=78
Adhil 20S Tunable,ARFD1503,48V DC,NA,2700K~6500K, CRI>97,Φ60*H170mm,15°,20W,AJ/CG,ATAS2060/CT/15/DGR,R-41159492,IS 10322 (PART 5/SEC 1) : 2012,15199,"Guangdong Sat Technology Co. Ltd., No. 11 Lianbao Rd, Shengfeng District, Xiaolan Town, Zhongshan City, Guangdong, China – 528400",https://wsrv.nl/?url=https%3A%2F%2Fi.ibb.co%2FJS4zj9P%2FAdhil-20-S-09-dark-gray-default.png&output=webp&q=78
Adhil 20S Tunable,ARFD1503,48V DC,NA,2700K~6500K, CRI>97,Φ60*H170mm,15°,20W,AJ/CG,ATAS2060/CT/15/BB,R-41159492,IS 10322 (PART 5/SEC 1) : 2012,15199,"Guangdong Sat Technology Co. Ltd., No. 11 Lianbao Rd, Shengfeng District, Xiaolan Town, Zhongshan City, Guangdong, China – 528400",https://wsrv.nl/?url=https%3A%2F%2Fi.ibb.co%2FcSpKHP2j%2FAdhil-20-S-06-ballet-blue.png&output=webp&q=78
Adhil 20S Tunable,ARFD1503,48V DC,NA,2700K~6500K, CRI>97,Φ60*H170mm,15°,20W,AJ/CG,ATAS2060/CT/15/CH,R-41159492,IS 10322 (PART 5/SEC 1) : 2012,15199,"Guangdong Sat Technology Co. Ltd., No. 11 Lianbao Rd, Shengfeng District, Xiaolan Town, Zhongshan City, Guangdong, China – 528400",https://wsrv.nl/?url=https%3A%2F%2Fi.ibb.co%2F6787Wr0q%2FAdhil-20-S-01-chrome.png&output=webp&q=78
Adhil 20S Tunable,ARFD1503,48V DC,NA,2700K~6500K, CRI>97,Φ60*H170mm,15°,20W,AJ/CG,ATAS2060/CT/15/CHB,R-41159492,IS 10322 (PART 5/SEC 1) : 2012,15199,"Guangdong Sat Technology Co. Ltd., No. 11 Lianbao Rd, Shengfeng District, Xiaolan Town, Zhongshan City, Guangdong, China – 528400",https://wsrv.nl/?url=https%3A%2F%2Fi.ibb.co%2FZ6MX0TTq%2FAdhil-20-S-02-chrome-black.png&output=webp&q=78
Adhil 20S Tunable,ARFD1503,48V DC,NA,2700K~6500K, CRI>97,Φ60*H170mm,24°,20W,AJ/CG,ATAS2060/CT/24/W,R-41159492,IS 10322 (PART 5/SEC 1) : 2012,14199,"Guangdong Sat Technology Co. Ltd., No. 11 Lianbao Rd, Shengfeng District, Xiaolan Town, Zhongshan City, Guangdong, China – 528400",https://wsrv.nl/?url=https%3A%2F%2Fi.ibb.co%2FpHVwtRb%2FAdhil-20-S-05-white.png&output=webp&q=78
Adhil 20S Tunable,ARFD1503,48V DC,NA,2700K~6500K, CRI>97,Φ60*H170mm,24°,20W,AJ/CG,ATAS2060/CT/24/B,R-41159492,IS 10322 (PART 5/SEC 1) : 2012,14199,"Guangdong Sat Technology Co. Ltd., No. 11 Lianbao Rd, Shengfeng District, Xiaolan Town, Zhongshan City, Guangdong, China – 528400",https://wsrv.nl/?url=https%3A%2F%2Fi.ibb.co%2F7xmqgkkS%2FAdhil-20-S-03-mat-black-default.png&output=webp&q=78
Adhil 20S Tunable,ARFD1503,48V DC,NA,2700K~6500K, CRI>97,Φ60*H170mm,24°,20W,AJ/CG,ATAS2060/CT/24/CG,R-41159492,IS 10322 (PART 5/SEC 1) : 2012,15199,"Guangdong Sat Technology Co. Ltd., No. 11 Lianbao Rd, Shengfeng District, Xiaolan Town, Zhongshan City, Guangdong, China – 528400",https://wsrv.nl/?url=https%3A%2F%2Fi.ibb.co%2Fjktrb5Sd%2FAdhil-20-S-04-champeing-gold.png&output=webp&q=78
Adhil 20S Tunable,ARFD1503,48V DC,NA,2700K~6500K, CRI>97,Φ60*H170mm,24°,20W,AJ/CG,ATAS2060/CT/24/RG,R-41159492,IS 10322 (PART 5/SEC 1) : 2012,15199,"Guangdong Sat Technology Co. Ltd., No. 11 Lianbao Rd, Shengfeng District, Xiaolan Town, Zhongshan City, Guangdong, China – 528400",https://wsrv.nl/?url=https%3A%2F%2Fi.ibb.co%2FwF13MDQv%2FAdhil-20-S-08-rose-gold.png&output=webp&q=78
Adhil 20S Tunable,ARFD1503,48V DC,NA,2700K~6500K, CRI>97,Φ60*H170mm,24°,20W,AJ/CG,ATAS2060/CT/24/BR,R-41159492,IS 10322 (PART 5/SEC 1) : 2012,15199,"Guangdong Sat Technology Co. Ltd., No. 11 Lianbao Rd, Shengfeng District, Xiaolan Town, Zhongshan City, Guangdong, China – 528400",https://wsrv.nl/?url=https%3A%2F%2Fi.ibb.co%2FWNVGYgRZ%2FAdhil-20-S-10-brown.png&output=webp&q=78
Adhil 20S Tunable,ARFD1503,48V DC,NA,2700K~6500K, CRI>97,Φ60*H170mm,24°,20W,AJ/CG,ATAS2060/CT/24/COF,R-41159492,IS 10322 (PART 5/SEC 1) : 2012,15199,"Guangdong Sat Technology Co. Ltd., No. 11 Lianbao Rd, Shengfeng District, Xiaolan Town, Zhongshan City, Guangdong, China – 528400",https://wsrv.nl/?url=https%3A%2F%2Fi.ibb.co%2FFbznBJMn%2FAdhil-20-S-07-coffee.png&output=webp&q=78
Adhil 20S Tunable,ARFD1503,48V DC,NA,2700K~6500K, CRI>97,Φ60*H170mm,24°,20W,AJ/CG,ATAS2060/CT/24/DGR,R-41159492,IS 10322 (PART 5/SEC 1) : 2012,15199,"Guangdong Sat Technology Co. Ltd., No. 11 Lianbao Rd, Shengfeng District, Xiaolan Town, Zhongshan City, Guangdong, China – 528400",https://wsrv.nl/?url=https%3A%2F%2Fi.ibb.co%2FJS4zj9P%2FAdhil-20-S-09-dark-gray-default.png&output=webp&q=78
Adhil 20S Tunable,ARFD1503,48V DC,NA,2700K~6500K, CRI>97,Φ60*H170mm,24°,20W,AJ/CG,ATAS2060/CT/24/BB,R-41159492,IS 10322 (PART 5/SEC 1) : 2012,15199,"Guangdong Sat Technology Co. Ltd., No. 11 Lianbao Rd, Shengfeng District, Xiaolan Town, Zhongshan City, Guangdong, China – 528400",https://wsrv.nl/?url=https%3A%2F%2Fi.ibb.co%2FcSpKHP2j%2FAdhil-20-S-06-ballet-blue.png&output=webp&q=78
Adhil 20S Tunable,ARFD1503,48V DC,NA,2700K~6500K, CRI>97,Φ60*H170mm,24°,20W,AJ/CG,ATAS2060/CT/24/CH,R-41159492,IS 10322 (PART 5/SEC 1) : 2012,15199,"Guangdong Sat Technology Co. Ltd., No. 11 Lianbao Rd, Shengfeng District, Xiaolan Town, Zhongshan City, Guangdong, China – 528400",https://wsrv.nl/?url=https%3A%2F%2Fi.ibb.co%2F6787Wr0q%2FAdhil-20-S-01-chrome.png&output=webp&q=78
Adhil 20S Tunable,ARFD1503,48V DC,NA,2700K~6500K, CRI>97,Φ60*H170mm,24°,20W,AJ/CG,ATAS2060/CT/24/CHB,R-41159492,IS 10322 (PART 5/SEC 1) : 2012,15199,"Guangdong Sat Technology Co. Ltd., No. 11 Lianbao Rd, Shengfeng District, Xiaolan Town, Zhongshan City, Guangdong, China – 528400",https://wsrv.nl/?url=https%3A%2F%2Fi.ibb.co%2FZ6MX0TTq%2FAdhil-20-S-02-chrome-black.png&output=webp&q=78
Adhil 20S Tunable,ARFD1503,48V DC,NA,2700K~6500K, CRI>97,Φ60*H170mm,36°,20W,AJ/CG,ATAS2060/CT/36/W,R-41159492,IS 10322 (PART 5/SEC 1) : 2012,14199,"Guangdong Sat Technology Co. Ltd., No. 11 Lianbao Rd, Shengfeng District, Xiaolan Town, Zhongshan City, Guangdong, China – 528400",https://wsrv.nl/?url=https%3A%2F%2Fi.ibb.co%2FpHVwtRb%2FAdhil-20-S-05-white.png&output=webp&q=78
Adhil 20S Tunable,ARFD1503,48V DC,NA,2700K~6500K, CRI>97,Φ60*H170mm,36°,20W,AJ/CG,ATAS2060/CT/36/B,R-41159492,IS 10322 (PART 5/SEC 1) : 2012,14199,"Guangdong Sat Technology Co. Ltd., No. 11 Lianbao Rd, Shengfeng District, Xiaolan Town, Zhongshan City, Guangdong, China – 528400",https://wsrv.nl/?url=https%3A%2F%2Fi.ibb.co%2F7xmqgkkS%2FAdhil-20-S-03-mat-black-default.png&output=webp&q=78
Adhil 20S Tunable,ARFD1503,48V DC,NA,2700K~6500K, CRI>97,Φ60*H170mm,36°,20W,AJ/CG,ATAS2060/CT/36/CG,R-41159492,IS 10322 (PART 5/SEC 1) : 2012,15199,"Guangdong Sat Technology Co. Ltd., No. 11 Lianbao Rd, Shengfeng District, Xiaolan Town, Zhongshan City, Guangdong, China – 528400",https://wsrv.nl/?url=https%3A%2F%2Fi.ibb.co%2Fjktrb5Sd%2FAdhil-20-S-04-champeing-gold.png&output=webp&q=78
Adhil 20S Tunable,ARFD1503,48V DC,NA,2700K~6500K, CRI>97,Φ60*H170mm,36°,20W,AJ/CG,ATAS2060/CT/36/RG,R-41159492,IS 10322 (PART 5/SEC 1) : 2012,15199,"Guangdong Sat Technology Co. Ltd., No. 11 Lianbao Rd, Shengfeng District, Xiaolan Town, Zhongshan City, Guangdong, China – 528400",https://wsrv.nl/?url=https%3A%2F%2Fi.ibb.co%2FwF13MDQv%2FAdhil-20-S-08-rose-gold.png&output=webp&q=78
Adhil 20S Tunable,ARFD1503,48V DC,NA,2700K~6500K, CRI>97,Φ60*H170mm,36°,20W,AJ/CG,ATAS2060/CT/36/BR,R-41159492,IS 10322 (PART 5/SEC 1) : 2012,15199,"Guangdong Sat Technology Co. Ltd., No. 11 Lianbao Rd, Shengfeng District, Xiaolan Town, Zhongshan City, Guangdong, China – 528400",https://wsrv.nl/?url=https%3A%2F%2Fi.ibb.co%2FWNVGYgRZ%2FAdhil-20-S-10-brown.png&output=webp&q=78
Adhil 20S Tunable,ARFD1503,48V DC,NA,2700K~6500K, CRI>97,Φ60*H170mm,36°,20W,AJ/CG,ATAS2060/CT/36/COF,R-41159492,IS 10322 (PART 5/SEC 1) : 2012,15199,"Guangdong Sat Technology Co. Ltd., No. 11 Lianbao Rd, Shengfeng District, Xiaolan Town, Zhongshan City, Guangdong, China – 528400",https://wsrv.nl/?url=https%3A%2F%2Fi.ibb.co%2FFbznBJMn%2FAdhil-20-S-07-coffee.png&output=webp&q=78
Adhil 20S Tunable,ARFD1503,48V DC,NA,2700K~6500K, CRI>97,Φ60*H170mm,36°,20W,AJ/CG,ATAS2060/CT/36/DGR,R-41159492,IS 10322 (PART 5/SEC 1) : 2012,15199,"Guangdong Sat Technology Co. Ltd., No. 11 Lianbao Rd, Shengfeng District, Xiaolan Town, Zhongshan City, Guangdong, China – 528400",https://wsrv.nl/?url=https%3A%2F%2Fi.ibb.co%2FJS4zj9P%2FAdhil-20-S-09-dark-gray-default.png&output=webp&q=78
Adhil 20S Tunable,ARFD1503,48V DC,NA,2700K~6500K, CRI>97,Φ60*H170mm,36°,20W,AJ/CG,ATAS2060/CT/36/BB,R-41159492,IS 10322 (PART 5/SEC 1) : 2012,15199,"Guangdong Sat Technology Co. Ltd., No. 11 Lianbao Rd, Shengfeng District, Xiaolan Town, Zhongshan City, Guangdong, China – 528400",https://wsrv.nl/?url=https%3A%2F%2Fi.ibb.co%2FcSpKHP2j%2FAdhil-20-S-06-ballet-blue.png&output=webp&q=78
Adhil 20S Tunable,ARFD1503,48V DC,NA,2700K~6500K, CRI>97,Φ60*H170mm,36°,20W,AJ/CG,ATAS2060/CT/36/CH,R-41159492,IS 10322 (PART 5/SEC 1) : 2012,15199,"Guangdong Sat Technology Co. Ltd., No. 11 Lianbao Rd, Shengfeng District, Xiaolan Town, Zhongshan City, Guangdong, China – 528400",https://wsrv.nl/?url=https%3A%2F%2Fi.ibb.co%2F6787Wr0q%2FAdhil-20-S-01-chrome.png&output=webp&q=78
Adhil 20S Tunable,ARFD1503,48V DC,NA,2700K~6500K, CRI>97,Φ60*H170mm,36°,20W,AJ/CG,ATAS2060/CT/36/CHB,R-41159492,IS 10322 (PART 5/SEC 1) : 2012,15199,"Guangdong Sat Technology Co. Ltd., No. 11 Lianbao Rd, Shengfeng District, Xiaolan Town, Zhongshan City, Guangdong, China – 528400",https://wsrv.nl/?url=https%3A%2F%2Fi.ibb.co%2FZ6MX0TTq%2FAdhil-20-S-02-chrome-black.png&output=webp&q=78
Adhil 20S Tunable,ARFD1503,48V DC,NA,2700K~6500K, CRI>97,Φ60*H170mm,60°,20W,AJ/CG,ATAS2060/CT/60/W,R-41159492,IS 10322 (PART 5/SEC 1) : 2012,14199,"Guangdong Sat Technology Co. Ltd., No. 11 Lianbao Rd, Shengfeng District, Xiaolan Town, Zhongshan City, Guangdong, China – 528400",https://wsrv.nl/?url=https%3A%2F%2Fi.ibb.co%2FpHVwtRb%2FAdhil-20-S-05-white.png&output=webp&q=78
Adhil 20S Tunable,ARFD1503,48V DC,NA,2700K~6500K, CRI>97,Φ60*H170mm,60°,20W,AJ/CG,ATAS2060/CT/60/B,R-41159492,IS 10322 (PART 5/SEC 1) : 2012,14199,"Guangdong Sat Technology Co. Ltd., No. 11 Lianbao Rd, Shengfeng District, Xiaolan Town, Zhongshan City, Guangdong, China – 528400",https://wsrv.nl/?url=https%3A%2F%2Fi.ibb.co%2F7xmqgkkS%2FAdhil-20-S-03-mat-black-default.png&output=webp&q=78
Adhil 20S Tunable,ARFD1503,48V DC,NA,2700K~6500K, CRI>97,Φ60*H170mm,60°,20W,AJ/CG,ATAS2060/CT/60/CG,R-41159492,IS 10322 (PART 5/SEC 1) : 2012,15199,"Guangdong Sat Technology Co. Ltd., No. 11 Lianbao Rd, Shengfeng District, Xiaolan Town, Zhongshan City, Guangdong, China – 528400",https://wsrv.nl/?url=https%3A%2F%2Fi.ibb.co%2Fjktrb5Sd%2FAdhil-20-S-04-champeing-gold.png&output=webp&q=78
Adhil 20S Tunable,ARFD1503,48V DC,NA,2700K~6500K, CRI>97,Φ60*H170mm,60°,20W,AJ/CG,ATAS2060/CT/60/RG,R-41159492,IS 10322 (PART 5/SEC 1) : 2012,15199,"Guangdong Sat Technology Co. Ltd., No. 11 Lianbao Rd, Shengfeng District, Xiaolan Town, Zhongshan City, Guangdong, China – 528400",https://wsrv.nl/?url=https%3A%2F%2Fi.ibb.co%2FwF13MDQv%2FAdhil-20-S-08-rose-gold.png&output=webp&q=78
Adhil 20S Tunable,ARFD1503,48V DC,NA,2700K~6500K, CRI>97,Φ60*H170mm,60°,20W,AJ/CG,ATAS2060/CT/60/BR,R-41159492,IS 10322 (PART 5/SEC 1) : 2012,15199,"Guangdong Sat Technology Co. Ltd., No. 11 Lianbao Rd, Shengfeng District, Xiaolan Town, Zhongshan City, Guangdong, China – 528400",https://wsrv.nl/?url=https%3A%2F%2Fi.ibb.co%2FWNVGYgRZ%2FAdhil-20-S-10-brown.png&output=webp&q=78
Adhil 20S Tunable,ARFD1503,48V DC,NA,2700K~6500K, CRI>97,Φ60*H170mm,60°,20W,AJ/CG,ATAS2060/CT/60/COF,R-41159492,IS 10322 (PART 5/SEC 1) : 2012,15199,"Guangdong Sat Technology Co. Ltd., No. 11 Lianbao Rd, Shengfeng District, Xiaolan Town, Zhongshan City, Guangdong, China – 528400",https://wsrv.nl/?url=https%3A%2F%2Fi.ibb.co%2FFbznBJMn%2FAdhil-20-S-07-coffee.png&output=webp&q=78
Adhil 20S Tunable,ARFD1503,48V DC,NA,2700K~6500K, CRI>97,Φ60*H170mm,60°,20W,AJ/CG,ATAS2060/CT/60/DGR,R-41159492,IS 10322 (PART 5/SEC 1) : 2012,15199,"Guangdong Sat Technology Co. Ltd., No. 11 Lianbao Rd, Shengfeng District, Xiaolan Town, Zhongshan City, Guangdong, China – 528400",https://wsrv.nl/?url=https%3A%2F%2Fi.ibb.co%2FJS4zj9P%2FAdhil-20-S-09-dark-gray-default.png&output=webp&q=78
Adhil 20S Tunable,ARFD1503,48V DC,NA,2700K~6500K, CRI>97,Φ60*H170mm,60°,20W,AJ/CG,ATAS2060/CT/60/BB,R-41159492,IS 10322 (PART 5/SEC 1) : 2012,15199,"Guangdong Sat Technology Co. Ltd., No. 11 Lianbao Rd, Shengfeng District, Xiaolan Town, Zhongshan City, Guangdong, China – 528400",https://wsrv.nl/?url=https%3A%2F%2Fi.ibb.co%2FcSpKHP2j%2FAdhil-20-S-06-ballet-blue.png&output=webp&q=78
Adhil 20S Tunable,ARFD1503,48V DC,NA,2700K~6500K, CRI>97,Φ60*H170mm,60°,20W,AJ/CG,ATAS2060/CT/60/CH,R-41159492,IS 10322 (PART 5/SEC 1) : 2012,15199,"Guangdong Sat Technology Co. Ltd., No. 11 Lianbao Rd, Shengfeng District, Xiaolan Town, Zhongshan City, Guangdong, China – 528400",https://wsrv.nl/?url=https%3A%2F%2Fi.ibb.co%2F6787Wr0q%2FAdhil-20-S-01-chrome.png&output=webp&q=78
Adhil 20S Tunable,ARFD1503,48V DC,NA,2700K~6500K, CRI>97,Φ60*H170mm,60°,20W,AJ/CG,ATAS2060/CT/60/CHB,R-41159492,IS 10322 (PART 5/SEC 1) : 2012,15199,"Guangdong Sat Technology Co. Ltd., No. 11 Lianbao Rd, Shengfeng District, Xiaolan Town, Zhongshan City, Guangdong, China – 528400",https://wsrv.nl/?url=https%3A%2F%2Fi.ibb.co%2FZ6MX0TTq%2FAdhil-20-S-02-chrome-black.png&output=webp&q=78
Nembus,TSL080T,48V DC,NA,2700K, CRI>97,Φ100*H45mm,90°,6W,AJ/CG,ATAF0610/27/W,R-41231258,IS 10322 (PART 5/SEC 1) : 2012,12899,"Guangdong Sat Technology Co. Ltd., No. 11 Lianbao Rd, Shengfeng District, Xiaolan Town, Zhongshan City, Guangdong, China – 528400",https://wsrv.nl/?url=https%3A%2F%2Fi.ibb.co%2FPv1ZT9Lj%2Fnembus-05-white-alt.png&output=webp&q=78
Nembus,TSL080T,48V DC,NA,2700K, CRI>97,Φ100*H45mm,90°,6W,AJ/CG,ATAF0610/27/B,R-41231258,IS 10322 (PART 5/SEC 1) : 2012,12899,"Guangdong Sat Technology Co. Ltd., No. 11 Lianbao Rd, Shengfeng District, Xiaolan Town, Zhongshan City, Guangdong, China – 528400",https://wsrv.nl/?url=https%3A%2F%2Fi.ibb.co%2FC5WjCYjq%2Fnembus-03-mat-black-default.png&output=webp&q=78
Nembus,TSL080T,48V DC,NA,2700K, CRI>97,Φ100*H45mm,90°,6W,AJ/CG,ATAF0610/27/CG,R-41231258,IS 10322 (PART 5/SEC 1) : 2012,13899,"Guangdong Sat Technology Co. Ltd., No. 11 Lianbao Rd, Shengfeng District, Xiaolan Town, Zhongshan City, Guangdong, China – 528400",https://wsrv.nl/?url=https%3A%2F%2Fi.ibb.co%2FwFfPYb0T%2Fnembus-04-champeing-gold.png&output=webp&q=78
Nembus,TSL080T,48V DC,NA,2700K, CRI>97,Φ100*H45mm,90°,6W,AJ/CG,ATAF0610/27/RG,R-41231258,IS 10322 (PART 5/SEC 1) : 2012,13899,"Guangdong Sat Technology Co. Ltd., No. 11 Lianbao Rd, Shengfeng District, Xiaolan Town, Zhongshan City, Guangdong, China – 528400",https://wsrv.nl/?url=https%3A%2F%2Fi.ibb.co%2Fs9Rr76tx%2Fnembus-08-rose-gold.png&output=webp&q=78
Nembus,TSL080T,48V DC,NA,2700K, CRI>97,Φ100*H45mm,90°,6W,AJ/CG,ATAF0610/27/BR,R-41231258,IS 10322 (PART 5/SEC 1) : 2012,13899,"Guangdong Sat Technology Co. Ltd., No. 11 Lianbao Rd, Shengfeng District, Xiaolan Town, Zhongshan City, Guangdong, China – 528400",https://wsrv.nl/?url=https%3A%2F%2Fi.ibb.co%2FhFvr20T5%2Fnembus-10-brown.png&output=webp&q=78
Nembus,TSL080T,48V DC,NA,2700K, CRI>97,Φ100*H45mm,90°,6W,AJ/CG,ATAF0610/27/COF,R-41231258,IS 10322 (PART 5/SEC 1) : 2012,13899,"Guangdong Sat Technology Co. Ltd., No. 11 Lianbao Rd, Shengfeng District, Xiaolan Town, Zhongshan City, Guangdong, China – 528400",https://wsrv.nl/?url=https%3A%2F%2Fi.ibb.co%2FSD2p0Wqk%2Fnembus-07-coffee.png&output=webp&q=78
Nembus,TSL080T,48V DC,NA,2700K, CRI>97,Φ100*H45mm,90°,6W,AJ/CG,ATAF0610/27/DGR,R-41231258,IS 10322 (PART 5/SEC 1) : 2012,13899,"Guangdong Sat Technology Co. Ltd., No. 11 Lianbao Rd, Shengfeng District, Xiaolan Town, Zhongshan City, Guangdong, China – 528400",https://wsrv.nl/?url=https%3A%2F%2Fi.ibb.co%2FcSv62TMr%2Fnembus-09-dark-gray-default.png&output=webp&q=78
Nembus,TSL080T,48V DC,NA,2700K, CRI>97,Φ100*H45mm,90°,6W,AJ/CG,ATAF0610/27/BB,R-41231258,IS 10322 (PART 5/SEC 1) : 2012,13899,"Guangdong Sat Technology Co. Ltd., No. 11 Lianbao Rd, Shengfeng District, Xiaolan Town, Zhongshan City, Guangdong, China – 528400",https://wsrv.nl/?url=https%3A%2F%2Fi.ibb.co%2FRr8gHZy%2Fnembus-06-ballet-blue.png&output=webp&q=78
Nembus,TSL080T,48V DC,NA,2700K, CRI>97,Φ100*H45mm,90°,6W,AJ/CG,ATAF0610/27/CH,R-41231258,IS 10322 (PART 5/SEC 1) : 2012,13899,"Guangdong Sat Technology Co. Ltd., No. 11 Lianbao Rd, Shengfeng District, Xiaolan Town, Zhongshan City, Guangdong, China – 528400",https://wsrv.nl/?url=https%3A%2F%2Fi.ibb.co%2FPvDYNgMy%2Fnembus-01-chrome.png&output=webp&q=78
Nembus,TSL080T,48V DC,NA,2700K, CRI>97,Φ100*H45mm,90°,6W,AJ/CG,ATAF0610/27/CHB,R-41231258,IS 10322 (PART 5/SEC 1) : 2012,13899,"Guangdong Sat Technology Co. Ltd., No. 11 Lianbao Rd, Shengfeng District, Xiaolan Town, Zhongshan City, Guangdong, China – 528400",https://wsrv.nl/?url=https%3A%2F%2Fi.ibb.co%2FMkZL49Bf%2Fnembus-02-chrome-black.png&output=webp&q=78
Nembus,TSL080T,48V DC,NA,3000K, CRI>97,Φ100*H45mm,90°,6W,AJ/CG,ATAF0610/30/W,R-41231258,IS 10322 (PART 5/SEC 1) : 2012,12899,"Guangdong Sat Technology Co. Ltd., No. 11 Lianbao Rd, Shengfeng District, Xiaolan Town, Zhongshan City, Guangdong, China – 528400",https://wsrv.nl/?url=https%3A%2F%2Fi.ibb.co%2FPv1ZT9Lj%2Fnembus-05-white-alt.png&output=webp&q=78
Nembus,TSL080T,48V DC,NA,3000K, CRI>97,Φ100*H45mm,90°,6W,AJ/CG,ATAF0610/30/B,R-41231258,IS 10322 (PART 5/SEC 1) : 2012,12899,"Guangdong Sat Technology Co. Ltd., No. 11 Lianbao Rd, Shengfeng District, Xiaolan Town, Zhongshan City, Guangdong, China – 528400",https://wsrv.nl/?url=https%3A%2F%2Fi.ibb.co%2FC5WjCYjq%2Fnembus-03-mat-black-default.png&output=webp&q=78
Nembus,TSL080T,48V DC,NA,3000K, CRI>97,Φ100*H45mm,90°,6W,AJ/CG,ATAF0610/30/CG,R-41231258,IS 10322 (PART 5/SEC 1) : 2012,13899,"Guangdong Sat Technology Co. Ltd., No. 11 Lianbao Rd, Shengfeng District, Xiaolan Town, Zhongshan City, Guangdong, China – 528400",https://wsrv.nl/?url=https%3A%2F%2Fi.ibb.co%2FwFfPYb0T%2Fnembus-04-champeing-gold.png&output=webp&q=78
Nembus,TSL080T,48V DC,NA,3000K, CRI>97,Φ100*H45mm,90°,6W,AJ/CG,ATAF0610/30/RG,R-41231258,IS 10322 (PART 5/SEC 1) : 2012,13899,"Guangdong Sat Technology Co. Ltd., No. 11 Lianbao Rd, Shengfeng District, Xiaolan Town, Zhongshan City, Guangdong, China – 528400",https://wsrv.nl/?url=https%3A%2F%2Fi.ibb.co%2Fs9Rr76tx%2Fnembus-08-rose-gold.png&output=webp&q=78
Nembus,TSL080T,48V DC,NA,3000K, CRI>97,Φ100*H45mm,90°,6W,AJ/CG,ATAF0610/30/BR,R-41231258,IS 10322 (PART 5/SEC 1) : 2012,13899,"Guangdong Sat Technology Co. Ltd., No. 11 Lianbao Rd, Shengfeng District, Xiaolan Town, Zhongshan City, Guangdong, China – 528400",https://wsrv.nl/?url=https%3A%2F%2Fi.ibb.co%2FhFvr20T5%2Fnembus-10-brown.png&output=webp&q=78
Nembus,TSL080T,48V DC,NA,3000K, CRI>97,Φ100*H45mm,90°,6W,AJ/CG,ATAF0610/30/COF,R-41231258,IS 10322 (PART 5/SEC 1) : 2012,13899,"Guangdong Sat Technology Co. Ltd., No. 11 Lianbao Rd, Shengfeng District, Xiaolan Town, Zhongshan City, Guangdong, China – 528400",https://wsrv.nl/?url=https%3A%2F%2Fi.ibb.co%2FSD2p0Wqk%2Fnembus-07-coffee.png&output=webp&q=78
Nembus,TSL080T,48V DC,NA,3000K, CRI>97,Φ100*H45mm,90°,6W,AJ/CG,ATAF0610/30/DGR,R-41231258,IS 10322 (PART 5/SEC 1) : 2012,13899,"Guangdong Sat Technology Co. Ltd., No. 11 Lianbao Rd, Shengfeng District, Xiaolan Town, Zhongshan City, Guangdong, China – 528400",https://wsrv.nl/?url=https%3A%2F%2Fi.ibb.co%2FcSv62TMr%2Fnembus-09-dark-gray-default.png&output=webp&q=78
Nembus,TSL080T,48V DC,NA,3000K, CRI>97,Φ100*H45mm,90°,6W,AJ/CG,ATAF0610/30/BB,R-41231258,IS 10322 (PART 5/SEC 1) : 2012,13899,"Guangdong Sat Technology Co. Ltd., No. 11 Lianbao Rd, Shengfeng District, Xiaolan Town, Zhongshan City, Guangdong, China – 528400",https://wsrv.nl/?url=https%3A%2F%2Fi.ibb.co%2FRr8gHZy%2Fnembus-06-ballet-blue.png&output=webp&q=78
Nembus,TSL080T,48V DC,NA,3000K, CRI>97,Φ100*H45mm,90°,6W,AJ/CG,ATAF0610/30/CH,R-41231258,IS 10322 (PART 5/SEC 1) : 2012,13899,"Guangdong Sat Technology Co. Ltd., No. 11 Lianbao Rd, Shengfeng District, Xiaolan Town, Zhongshan City, Guangdong, China – 528400",https://wsrv.nl/?url=https%3A%2F%2Fi.ibb.co%2FPvDYNgMy%2Fnembus-01-chrome.png&output=webp&q=78
Nembus,TSL080T,48V DC,NA,3000K, CRI>97,Φ100*H45mm,90°,6W,AJ/CG,ATAF0610/30/CHB,R-41231258,IS 10322 (PART 5/SEC 1) : 2012,13899,"Guangdong Sat Technology Co. Ltd., No. 11 Lianbao Rd, Shengfeng District, Xiaolan Town, Zhongshan City, Guangdong, China – 528400",https://wsrv.nl/?url=https%3A%2F%2Fi.ibb.co%2FMkZL49Bf%2Fnembus-02-chrome-black.png&output=webp&q=78
Nembus,TSL080T,48V DC,NA,3500K, CRI>97,Φ100*H45mm,90°,6W,AJ/CG,ATAF0610/35/W,R-41231258,IS 10322 (PART 5/SEC 1) : 2012,12899,"Guangdong Sat Technology Co. Ltd., No. 11 Lianbao Rd, Shengfeng District, Xiaolan Town, Zhongshan City, Guangdong, China – 528400",https://wsrv.nl/?url=https%3A%2F%2Fi.ibb.co%2FPv1ZT9Lj%2Fnembus-05-white-alt.png&output=webp&q=78
Nembus,TSL080T,48V DC,NA,3500K, CRI>97,Φ100*H45mm,90°,6W,AJ/CG,ATAF0610/35/B,R-41231258,IS 10322 (PART 5/SEC 1) : 2012,12899,"Guangdong Sat Technology Co. Ltd., No. 11 Lianbao Rd, Shengfeng District, Xiaolan Town, Zhongshan City, Guangdong, China – 528400",https://wsrv.nl/?url=https%3A%2F%2Fi.ibb.co%2FC5WjCYjq%2Fnembus-03-mat-black-default.png&output=webp&q=78
Nembus,TSL080T,48V DC,NA,3500K, CRI>97,Φ100*H45mm,90°,6W,AJ/CG,ATAF0610/35/CG,R-41231258,IS 10322 (PART 5/SEC 1) : 2012,13899,"Guangdong Sat Technology Co. Ltd., No. 11 Lianbao Rd, Shengfeng District, Xiaolan Town, Zhongshan City, Guangdong, China – 528400",https://wsrv.nl/?url=https%3A%2F%2Fi.ibb.co%2FwFfPYb0T%2Fnembus-04-champeing-gold.png&output=webp&q=78
Nembus,TSL080T,48V DC,NA,3500K, CRI>97,Φ100*H45mm,90°,6W,AJ/CG,ATAF0610/35/RG,R-41231258,IS 10322 (PART 5/SEC 1) : 2012,13899,"Guangdong Sat Technology Co. Ltd., No. 11 Lianbao Rd, Shengfeng District, Xiaolan Town, Zhongshan City, Guangdong, China – 528400",https://wsrv.nl/?url=https%3A%2F%2Fi.ibb.co%2Fs9Rr76tx%2Fnembus-08-rose-gold.png&output=webp&q=78
Nembus,TSL080T,48V DC,NA,3500K, CRI>97,Φ100*H45mm,90°,6W,AJ/CG,ATAF0610/35/BR,R-41231258,IS 10322 (PART 5/SEC 1) : 2012,13899,"Guangdong Sat Technology Co. Ltd., No. 11 Lianbao Rd, Shengfeng District, Xiaolan Town, Zhongshan City, Guangdong, China – 528400",https://wsrv.nl/?url=https%3A%2F%2Fi.ibb.co%2FhFvr20T5%2Fnembus-10-brown.png&output=webp&q=78
Nembus,TSL080T,48V DC,NA,3500K, CRI>97,Φ100*H45mm,90°,6W,AJ/CG,ATAF0610/35/COF,R-41231258,IS 10322 (PART 5/SEC 1) : 2012,13899,"Guangdong Sat Technology Co. Ltd., No. 11 Lianbao Rd, Shengfeng District, Xiaolan Town, Zhongshan City, Guangdong, China – 528400",https://wsrv.nl/?url=https%3A%2F%2Fi.ibb.co%2FSD2p0Wqk%2Fnembus-07-coffee.png&output=webp&q=78
Nembus,TSL080T,48V DC,NA,3500K, CRI>97,Φ100*H45mm,90°,6W,AJ/CG,ATAF0610/35/DGR,R-41231258,IS 10322 (PART 5/SEC 1) : 2012,13899,"Guangdong Sat Technology Co. Ltd., No. 11 Lianbao Rd, Shengfeng District, Xiaolan Town, Zhongshan City, Guangdong, China – 528400",https://wsrv.nl/?url=https%3A%2F%2Fi.ibb.co%2FcSv62TMr%2Fnembus-09-dark-gray-default.png&output=webp&q=78
Nembus,TSL080T,48V DC,NA,3500K, CRI>97,Φ100*H45mm,90°,6W,AJ/CG,ATAF0610/35/BB,R-41231258,IS 10322 (PART 5/SEC 1) : 2012,13899,"Guangdong Sat Technology Co. Ltd., No. 11 Lianbao Rd, Shengfeng District, Xiaolan Town, Zhongshan City, Guangdong, China – 528400",https://wsrv.nl/?url=https%3A%2F%2Fi.ibb.co%2FRr8gHZy%2Fnembus-06-ballet-blue.png&output=webp&q=78
Nembus,TSL080T,48V DC,NA,3500K, CRI>97,Φ100*H45mm,90°,6W,AJ/CG,ATAF0610/35/CH,R-41231258,IS 10322 (PART 5/SEC 1) : 2012,13899,"Guangdong Sat Technology Co. Ltd., No. 11 Lianbao Rd, Shengfeng District, Xiaolan Town, Zhongshan City, Guangdong, China – 528400",https://wsrv.nl/?url=https%3A%2F%2Fi.ibb.co%2FPvDYNgMy%2Fnembus-01-chrome.png&output=webp&q=78
Nembus,TSL080T,48V DC,NA,3500K, CRI>97,Φ100*H45mm,90°,6W,AJ/CG,ATAF0610/35/CHB,R-41231258,IS 10322 (PART 5/SEC 1) : 2012,13899,"Guangdong Sat Technology Co. Ltd., No. 11 Lianbao Rd, Shengfeng District, Xiaolan Town, Zhongshan City, Guangdong, China – 528400",https://wsrv.nl/?url=https%3A%2F%2Fi.ibb.co%2FMkZL49Bf%2Fnembus-02-chrome-black.png&output=webp&q=78
Nembus,TSL080T,48V DC,NA,4000K, CRI>97,Φ100*H45mm,90°,6W,AJ/CG,ATAF0610/40/W,R-41231258,IS 10322 (PART 5/SEC 1) : 2012,12899,"Guangdong Sat Technology Co. Ltd., No. 11 Lianbao Rd, Shengfeng District, Xiaolan Town, Zhongshan City, Guangdong, China – 528400",https://wsrv.nl/?url=https%3A%2F%2Fi.ibb.co%2FPv1ZT9Lj%2Fnembus-05-white-alt.png&output=webp&q=78
Nembus,TSL080T,48V DC,NA,4000K, CRI>97,Φ100*H45mm,90°,6W,AJ/CG,ATAF0610/40/B,R-41231258,IS 10322 (PART 5/SEC 1) : 2012,12899,"Guangdong Sat Technology Co. Ltd., No. 11 Lianbao Rd, Shengfeng District, Xiaolan Town, Zhongshan City, Guangdong, China – 528400",https://wsrv.nl/?url=https%3A%2F%2Fi.ibb.co%2FC5WjCYjq%2Fnembus-03-mat-black-default.png&output=webp&q=78
Nembus,TSL080T,48V DC,NA,4000K, CRI>97,Φ100*H45mm,90°,6W,AJ/CG,ATAF0610/40/CG,R-41231258,IS 10322 (PART 5/SEC 1) : 2012,13899,"Guangdong Sat Technology Co. Ltd., No. 11 Lianbao Rd, Shengfeng District, Xiaolan Town, Zhongshan City, Guangdong, China – 528400",https://wsrv.nl/?url=https%3A%2F%2Fi.ibb.co%2FwFfPYb0T%2Fnembus-04-champeing-gold.png&output=webp&q=78
Nembus,TSL080T,48V DC,NA,4000K, CRI>97,Φ100*H45mm,90°,6W,AJ/CG,ATAF0610/40/RG,R-41231258,IS 10322 (PART 5/SEC 1) : 2012,13899,"Guangdong Sat Technology Co. Ltd., No. 11 Lianbao Rd, Shengfeng District, Xiaolan Town, Zhongshan City, Guangdong, China – 528400",https://wsrv.nl/?url=https%3A%2F%2Fi.ibb.co%2Fs9Rr76tx%2Fnembus-08-rose-gold.png&output=webp&q=78
Nembus,TSL080T,48V DC,NA,4000K, CRI>97,Φ100*H45mm,90°,6W,AJ/CG,ATAF0610/40/BR,R-41231258,IS 10322 (PART 5/SEC 1) : 2012,13899,"Guangdong Sat Technology Co. Ltd., No. 11 Lianbao Rd, Shengfeng District, Xiaolan Town, Zhongshan City, Guangdong, China – 528400",https://wsrv.nl/?url=https%3A%2F%2Fi.ibb.co%2FhFvr20T5%2Fnembus-10-brown.png&output=webp&q=78
Nembus,TSL080T,48V DC,NA,4000K, CRI>97,Φ100*H45mm,90°,6W,AJ/CG,ATAF0610/40/COF,R-41231258,IS 10322 (PART 5/SEC 1) : 2012,13899,"Guangdong Sat Technology Co. Ltd., No. 11 Lianbao Rd, Shengfeng District, Xiaolan Town, Zhongshan City, Guangdong, China – 528400",https://wsrv.nl/?url=https%3A%2F%2Fi.ibb.co%2FSD2p0Wqk%2Fnembus-07-coffee.png&output=webp&q=78
Nembus,TSL080T,48V DC,NA,4000K, CRI>97,Φ100*H45mm,90°,6W,AJ/CG,ATAF0610/40/DGR,R-41231258,IS 10322 (PART 5/SEC 1) : 2012,13899,"Guangdong Sat Technology Co. Ltd., No. 11 Lianbao Rd, Shengfeng District, Xiaolan Town, Zhongshan City, Guangdong, China – 528400",https://wsrv.nl/?url=https%3A%2F%2Fi.ibb.co%2FcSv62TMr%2Fnembus-09-dark-gray-default.png&output=webp&q=78
Nembus,TSL080T,48V DC,NA,4000K, CRI>97,Φ100*H45mm,90°,6W,AJ/CG,ATAF0610/40/BB,R-41231258,IS 10322 (PART 5/SEC 1) : 2012,13899,"Guangdong Sat Technology Co. Ltd., No. 11 Lianbao Rd, Shengfeng District, Xiaolan Town, Zhongshan City, Guangdong, China – 528400",https://wsrv.nl/?url=https%3A%2F%2Fi.ibb.co%2FRr8gHZy%2Fnembus-06-ballet-blue.png&output=webp&q=78
Nembus,TSL080T,48V DC,NA,4000K, CRI>97,Φ100*H45mm,90°,6W,AJ/CG,ATAF0610/40/CH,R-41231258,IS 10322 (PART 5/SEC 1) : 2012,13899,"Guangdong Sat Technology Co. Ltd., No. 11 Lianbao Rd, Shengfeng District, Xiaolan Town, Zhongshan City, Guangdong, China – 528400",https://wsrv.nl/?url=https%3A%2F%2Fi.ibb.co%2FPvDYNgMy%2Fnembus-01-chrome.png&output=webp&q=78
Nembus,TSL080T,48V DC,NA,4000K, CRI>97,Φ100*H45mm,90°,6W,AJ/CG,ATAF0610/40/CHB,R-41231258,IS 10322 (PART 5/SEC 1) : 2012,13899,"Guangdong Sat Technology Co. Ltd., No. 11 Lianbao Rd, Shengfeng District, Xiaolan Town, Zhongshan City, Guangdong, China – 528400",https://wsrv.nl/?url=https%3A%2F%2Fi.ibb.co%2FMkZL49Bf%2Fnembus-02-chrome-black.png&output=webp&q=78
Nembus,TSL080T,48V DC,NA,5000K, CRI>97,Φ100*H45mm,90°,6W,AJ/CG,ATAF0610/50/W,R-41231258,IS 10322 (PART 5/SEC 1) : 2012,12899,"Guangdong Sat Technology Co. Ltd., No. 11 Lianbao Rd, Shengfeng District, Xiaolan Town, Zhongshan City, Guangdong, China – 528400",https://wsrv.nl/?url=https%3A%2F%2Fi.ibb.co%2FPv1ZT9Lj%2Fnembus-05-white-alt.png&output=webp&q=78
Nembus,TSL080T,48V DC,NA,5000K, CRI>97,Φ100*H45mm,90°,6W,AJ/CG,ATAF0610/50/B,R-41231258,IS 10322 (PART 5/SEC 1) : 2012,12899,"Guangdong Sat Technology Co. Ltd., No. 11 Lianbao Rd, Shengfeng District, Xiaolan Town, Zhongshan City, Guangdong, China – 528400",https://wsrv.nl/?url=https%3A%2F%2Fi.ibb.co%2FC5WjCYjq%2Fnembus-03-mat-black-default.png&output=webp&q=78
Nembus,TSL080T,48V DC,NA,5000K, CRI>97,Φ100*H45mm,90°,6W,AJ/CG,ATAF0610/50/CG,R-41231258,IS 10322 (PART 5/SEC 1) : 2012,13899,"Guangdong Sat Technology Co. Ltd., No. 11 Lianbao Rd, Shengfeng District, Xiaolan Town, Zhongshan City, Guangdong, China – 528400",https://wsrv.nl/?url=https%3A%2F%2Fi.ibb.co%2FwFfPYb0T%2Fnembus-04-champeing-gold.png&output=webp&q=78
Nembus,TSL080T,48V DC,NA,5000K, CRI>97,Φ100*H45mm,90°,6W,AJ/CG,ATAF0610/50/RG,R-41231258,IS 10322 (PART 5/SEC 1) : 2012,13899,"Guangdong Sat Technology Co. Ltd., No. 11 Lianbao Rd, Shengfeng District, Xiaolan Town, Zhongshan City, Guangdong, China – 528400",https://wsrv.nl/?url=https%3A%2F%2Fi.ibb.co%2Fs9Rr76tx%2Fnembus-08-rose-gold.png&output=webp&q=78
Nembus,TSL080T,48V DC,NA,5000K, CRI>97,Φ100*H45mm,90°,6W,AJ/CG,ATAF0610/50/BR,R-41231258,IS 10322 (PART 5/SEC 1) : 2012,13899,"Guangdong Sat Technology Co. Ltd., No. 11 Lianbao Rd, Shengfeng District, Xiaolan Town, Zhongshan City, Guangdong, China – 528400",https://wsrv.nl/?url=https%3A%2F%2Fi.ibb.co%2FhFvr20T5%2Fnembus-10-brown.png&output=webp&q=78
Nembus,TSL080T,48V DC,NA,5000K, CRI>97,Φ100*H45mm,90°,6W,AJ/CG,ATAF0610/50/COF,R-41231258,IS 10322 (PART 5/SEC 1) : 2012,13899,"Guangdong Sat Technology Co. Ltd., No. 11 Lianbao Rd, Shengfeng District, Xiaolan Town, Zhongshan City, Guangdong, China – 528400",https://wsrv.nl/?url=https%3A%2F%2Fi.ibb.co%2FSD2p0Wqk%2Fnembus-07-coffee.png&output=webp&q=78
Nembus,TSL080T,48V DC,NA,5000K, CRI>97,Φ100*H45mm,90°,6W,AJ/CG,ATAF0610/50/DGR,R-41231258,IS 10322 (PART 5/SEC 1) : 2012,13899,"Guangdong Sat Technology Co. Ltd., No. 11 Lianbao Rd, Shengfeng District, Xiaolan Town, Zhongshan City, Guangdong, China – 528400",https://wsrv.nl/?url=https%3A%2F%2Fi.ibb.co%2FcSv62TMr%2Fnembus-09-dark-gray-default.png&output=webp&q=78
Nembus,TSL080T,48V DC,NA,5000K, CRI>97,Φ100*H45mm,90°,6W,AJ/CG,ATAF0610/50/BB,R-41231258,IS 10322 (PART 5/SEC 1) : 2012,13899,"Guangdong Sat Technology Co. Ltd., No. 11 Lianbao Rd, Shengfeng District, Xiaolan Town, Zhongshan City, Guangdong, China – 528400",https://wsrv.nl/?url=https%3A%2F%2Fi.ibb.co%2FRr8gHZy%2Fnembus-06-ballet-blue.png&output=webp&q=78
Nembus,TSL080T,48V DC,NA,5000K, CRI>97,Φ100*H45mm,90°,6W,AJ/CG,ATAF0610/50/CH,R-41231258,IS 10322 (PART 5/SEC 1) : 2012,13899,"Guangdong Sat Technology Co. Ltd., No. 11 Lianbao Rd, Shengfeng District, Xiaolan Town, Zhongshan City, Guangdong, China – 528400",https://wsrv.nl/?url=https%3A%2F%2Fi.ibb.co%2FPvDYNgMy%2Fnembus-01-chrome.png&output=webp&q=78
Nembus,TSL080T,48V DC,NA,5000K, CRI>97,Φ100*H45mm,90°,6W,AJ/CG,ATAF0610/50/CHB,R-41231258,IS 10322 (PART 5/SEC 1) : 2012,13899,"Guangdong Sat Technology Co. Ltd., No. 11 Lianbao Rd, Shengfeng District, Xiaolan Town, Zhongshan City, Guangdong, China – 528400",https://wsrv.nl/?url=https%3A%2F%2Fi.ibb.co%2FMkZL49Bf%2Fnembus-02-chrome-black.png&output=webp&q=78
Nembus Tunable,TSL080T,48V DC,NA,2700K~6500K, CRI>97,Φ100*H45mm,90°,6W,AJ/CG,ATAF0610/CT/W,R-41231258,IS 10322 (PART 5/SEC 1) : 2012,14099,"Guangdong Sat Technology Co. Ltd., No. 11 Lianbao Rd, Shengfeng District, Xiaolan Town, Zhongshan City, Guangdong, China – 528400",https://wsrv.nl/?url=https%3A%2F%2Fi.ibb.co%2FPv1ZT9Lj%2Fnembus-05-white-alt.png&output=webp&q=78
Nembus Tunable,TSL080T,48V DC,NA,2700K~6500K, CRI>97,Φ100*H45mm,90°,6W,AJ/CG,ATAF0610/CT/B,R-41231258,IS 10322 (PART 5/SEC 1) : 2012,14099,"Guangdong Sat Technology Co. Ltd., No. 11 Lianbao Rd, Shengfeng District, Xiaolan Town, Zhongshan City, Guangdong, China – 528400",https://wsrv.nl/?url=https%3A%2F%2Fi.ibb.co%2FC5WjCYjq%2Fnembus-03-mat-black-default.png&output=webp&q=78
Nembus Tunable,TSL080T,48V DC,NA,2700K~6500K, CRI>97,Φ100*H45mm,90°,6W,AJ/CG,ATAF0610/CT/CG,R-41231258,IS 10322 (PART 5/SEC 1) : 2012,15099,"Guangdong Sat Technology Co. Ltd., No. 11 Lianbao Rd, Shengfeng District, Xiaolan Town, Zhongshan City, Guangdong, China – 528400",https://wsrv.nl/?url=https%3A%2F%2Fi.ibb.co%2FwFfPYb0T%2Fnembus-04-champeing-gold.png&output=webp&q=78
Nembus Tunable,TSL080T,48V DC,NA,2700K~6500K, CRI>97,Φ100*H45mm,90°,6W,AJ/CG,ATAF0610/CT/RG,R-41231258,IS 10322 (PART 5/SEC 1) : 2012,15099,"Guangdong Sat Technology Co. Ltd., No. 11 Lianbao Rd, Shengfeng District, Xiaolan Town, Zhongshan City, Guangdong, China – 528400",https://wsrv.nl/?url=https%3A%2F%2Fi.ibb.co%2Fs9Rr76tx%2Fnembus-08-rose-gold.png&output=webp&q=78
Nembus Tunable,TSL080T,48V DC,NA,2700K~6500K, CRI>97,Φ100*H45mm,90°,6W,AJ/CG,ATAF0610/CT/BR,R-41231258,IS 10322 (PART 5/SEC 1) : 2012,15099,"Guangdong Sat Technology Co. Ltd., No. 11 Lianbao Rd, Shengfeng District, Xiaolan Town, Zhongshan City, Guangdong, China – 528400",https://wsrv.nl/?url=https%3A%2F%2Fi.ibb.co%2FhFvr20T5%2Fnembus-10-brown.png&output=webp&q=78
Nembus Tunable,TSL080T,48V DC,NA,2700K~6500K, CRI>97,Φ100*H45mm,90°,6W,AJ/CG,ATAF0610/CT/COF,R-41231258,IS 10322 (PART 5/SEC 1) : 2012,15099,"Guangdong Sat Technology Co. Ltd., No. 11 Lianbao Rd, Shengfeng District, Xiaolan Town, Zhongshan City, Guangdong, China – 528400",https://wsrv.nl/?url=https%3A%2F%2Fi.ibb.co%2FSD2p0Wqk%2Fnembus-07-coffee.png&output=webp&q=78
Nembus Tunable,TSL080T,48V DC,NA,2700K~6500K, CRI>97,Φ100*H45mm,90°,6W,AJ/CG,ATAF0610/CT/DGR,R-41231258,IS 10322 (PART 5/SEC 1) : 2012,15099,"Guangdong Sat Technology Co. Ltd., No. 11 Lianbao Rd, Shengfeng District, Xiaolan Town, Zhongshan City, Guangdong, China – 528400",https://wsrv.nl/?url=https%3A%2F%2Fi.ibb.co%2FcSv62TMr%2Fnembus-09-dark-gray-default.png&output=webp&q=78
Nembus Tunable,TSL080T,48V DC,NA,2700K~6500K, CRI>97,Φ100*H45mm,90°,6W,AJ/CG,ATAF0610/CT/BB,R-41231258,IS 10322 (PART 5/SEC 1) : 2012,15099,"Guangdong Sat Technology Co. Ltd., No. 11 Lianbao Rd, Shengfeng District, Xiaolan Town, Zhongshan City, Guangdong, China – 528400",https://wsrv.nl/?url=https%3A%2F%2Fi.ibb.co%2FRr8gHZy%2Fnembus-06-ballet-blue.png&output=webp&q=78
Nembus Tunable,TSL080T,48V DC,NA,2700K~6500K, CRI>97,Φ100*H45mm,90°,6W,AJ/CG,ATAF0610/CT/CH,R-41231258,IS 10322 (PART 5/SEC 1) : 2012,15099,"Guangdong Sat Technology Co. Ltd., No. 11 Lianbao Rd, Shengfeng District, Xiaolan Town, Zhongshan City, Guangdong, China – 528400",https://wsrv.nl/?url=https%3A%2F%2Fi.ibb.co%2FPvDYNgMy%2Fnembus-01-chrome.png&output=webp&q=78
Nembus Tunable,TSL080T,48V DC,NA,2700K~6500K, CRI>97,Φ100*H45mm,90°,6W,AJ/CG,ATAF0610/CT/CHB,R-41231258,IS 10322 (PART 5/SEC 1) : 2012,15099,"Guangdong Sat Technology Co. Ltd., No. 11 Lianbao Rd, Shengfeng District, Xiaolan Town, Zhongshan City, Guangdong, China – 528400",https://wsrv.nl/?url=https%3A%2F%2Fi.ibb.co%2FMkZL49Bf%2Fnembus-02-chrome-black.png&output=webp&q=78
Upsilon,TSL080X,48V DC,NA,2700K, CRI>97,Φ75*H60mm,15°,12W,AJ/CG,ATAS1275/27/15/W,R-41231258,IS 10322 (PART 5/SEC 1) : 2012,13999,"Guangdong Sat Technology Co. Ltd., No. 11 Lianbao Rd, Shengfeng District, Xiaolan Town, Zhongshan City, Guangdong, China – 528400",https://wsrv.nl/?url=https%3A%2F%2Fi.ibb.co%2FJRzcZJzz%2Fupsilon-05-white-2.png&output=webp&q=78
Upsilon,TSL080X,48V DC,NA,2700K, CRI>97,Φ75*H60mm,15°,12W,AJ/CG,ATAS1275/27/15/B,R-41231258,IS 10322 (PART 5/SEC 1) : 2012,13999,"Guangdong Sat Technology Co. Ltd., No. 11 Lianbao Rd, Shengfeng District, Xiaolan Town, Zhongshan City, Guangdong, China – 528400",https://wsrv.nl/?url=https%3A%2F%2Fi.ibb.co%2F20WQWpwx%2Fupsilon-03-mat-black-default.png&output=webp&q=78
Upsilon,TSL080X,48V DC,NA,2700K, CRI>97,Φ75*H60mm,15°,12W,AJ/CG,ATAS1275/27/15/CG,R-41231258,IS 10322 (PART 5/SEC 1) : 2012,14999,"Guangdong Sat Technology Co. Ltd., No. 11 Lianbao Rd, Shengfeng District, Xiaolan Town, Zhongshan City, Guangdong, China – 528400",https://wsrv.nl/?url=https%3A%2F%2Fi.ibb.co%2FmVR6TTRx%2Fupsilon-04-champeing-gold.png&output=webp&q=78
Upsilon,TSL080X,48V DC,NA,2700K, CRI>97,Φ75*H60mm,15°,12W,AJ/CG,ATAS1275/27/15/RG,R-41231258,IS 10322 (PART 5/SEC 1) : 2012,14999,"Guangdong Sat Technology Co. Ltd., No. 11 Lianbao Rd, Shengfeng District, Xiaolan Town, Zhongshan City, Guangdong, China – 528400",https://wsrv.nl/?url=https%3A%2F%2Fi.ibb.co%2F0pkKbYC7%2Fupsilon-08-rose-gold.png&output=webp&q=78
Upsilon,TSL080X,48V DC,NA,2700K, CRI>97,Φ75*H60mm,15°,12W,AJ/CG,ATAS1275/27/15/BR,R-41231258,IS 10322 (PART 5/SEC 1) : 2012,14999,"Guangdong Sat Technology Co. Ltd., No. 11 Lianbao Rd, Shengfeng District, Xiaolan Town, Zhongshan City, Guangdong, China – 528400",https://wsrv.nl/?url=https%3A%2F%2Fi.ibb.co%2FBH9n410X%2Fupsilon-10-brown.png&output=webp&q=78
Upsilon,TSL080X,48V DC,NA,2700K, CRI>97,Φ75*H60mm,15°,12W,AJ/CG,ATAS1275/27/15/COF,R-41231258,IS 10322 (PART 5/SEC 1) : 2012,14999,"Guangdong Sat Technology Co. Ltd., No. 11 Lianbao Rd, Shengfeng District, Xiaolan Town, Zhongshan City, Guangdong, China – 528400",https://wsrv.nl/?url=https%3A%2F%2Fi.ibb.co%2FHfdrbWd4%2Fupsilon-07-coffee.png&output=webp&q=78
Upsilon,TSL080X,48V DC,NA,2700K, CRI>97,Φ75*H60mm,15°,12W,AJ/CG,ATAS1275/27/15/DGR,R-41231258,IS 10322 (PART 5/SEC 1) : 2012,14999,"Guangdong Sat Technology Co. Ltd., No. 11 Lianbao Rd, Shengfeng District, Xiaolan Town, Zhongshan City, Guangdong, China – 528400",https://wsrv.nl/?url=https%3A%2F%2Fi.ibb.co%2FvCMkrhG0%2Fupsilon-09-dark-gray-default.png&output=webp&q=78
Upsilon,TSL080X,48V DC,NA,2700K, CRI>97,Φ75*H60mm,15°,12W,AJ/CG,ATAS1275/27/15/BB,R-41231258,IS 10322 (PART 5/SEC 1) : 2012,14999,"Guangdong Sat Technology Co. Ltd., No. 11 Lianbao Rd, Shengfeng District, Xiaolan Town, Zhongshan City, Guangdong, China – 528400",https://wsrv.nl/?url=https%3A%2F%2Fi.ibb.co%2FHfTrTXN9%2Fupsilon-05-ballet-blue.png&output=webp&q=78
Upsilon,TSL080X,48V DC,NA,2700K, CRI>97,Φ75*H60mm,15°,12W,AJ/CG,ATAS1275/27/15/CH,R-41231258,IS 10322 (PART 5/SEC 1) : 2012,14999,"Guangdong Sat Technology Co. Ltd., No. 11 Lianbao Rd, Shengfeng District, Xiaolan Town, Zhongshan City, Guangdong, China – 528400",https://wsrv.nl/?url=https%3A%2F%2Fi.ibb.co%2FPZ9SzqWv%2Fupsilon-01-chrome.png&output=webp&q=78
Upsilon,TSL080X,48V DC,NA,2700K, CRI>97,Φ75*H60mm,15°,12W,AJ/CG,ATAS1275/27/15/CHB,R-41231258,IS 10322 (PART 5/SEC 1) : 2012,14999,"Guangdong Sat Technology Co. Ltd., No. 11 Lianbao Rd, Shengfeng District, Xiaolan Town, Zhongshan City, Guangdong, China – 528400",https://wsrv.nl/?url=https%3A%2F%2Fi.ibb.co%2FHfNf9pmj%2Fupsilon-02-chrome-black.png&output=webp&q=78
Upsilon,TSL080X,48V DC,NA,3000K, CRI>97,Φ75*H60mm,15°,12W,AJ/CG,ATAS1275/30/15/W,R-41231258,IS 10322 (PART 5/SEC 1) : 2012,13999,"Guangdong Sat Technology Co. Ltd., No. 11 Lianbao Rd, Shengfeng District, Xiaolan Town, Zhongshan City, Guangdong, China – 528400",https://wsrv.nl/?url=https%3A%2F%2Fi.ibb.co%2FJRzcZJzz%2Fupsilon-05-white-2.png&output=webp&q=78
Upsilon,TSL080X,48V DC,NA,3000K, CRI>97,Φ75*H60mm,15°,12W,AJ/CG,ATAS1275/30/15/B,R-41231258,IS 10322 (PART 5/SEC 1) : 2012,13999,"Guangdong Sat Technology Co. Ltd., No. 11 Lianbao Rd, Shengfeng District, Xiaolan Town, Zhongshan City, Guangdong, China – 528400",https://wsrv.nl/?url=https%3A%2F%2Fi.ibb.co%2F20WQWpwx%2Fupsilon-03-mat-black-default.png&output=webp&q=78
Upsilon,TSL080X,48V DC,NA,3000K, CRI>97,Φ75*H60mm,15°,12W,AJ/CG,ATAS1275/30/15/CG,R-41231258,IS 10322 (PART 5/SEC 1) : 2012,14999,"Guangdong Sat Technology Co. Ltd., No. 11 Lianbao Rd, Shengfeng District, Xiaolan Town, Zhongshan City, Guangdong, China – 528400",https://wsrv.nl/?url=https%3A%2F%2Fi.ibb.co%2FmVR6TTRx%2Fupsilon-04-champeing-gold.png&output=webp&q=78
Upsilon,TSL080X,48V DC,NA,3000K, CRI>97,Φ75*H60mm,15°,12W,AJ/CG,ATAS1275/30/15/RG,R-41231258,IS 10322 (PART 5/SEC 1) : 2012,14999,"Guangdong Sat Technology Co. Ltd., No. 11 Lianbao Rd, Shengfeng District, Xiaolan Town, Zhongshan City, Guangdong, China – 528400",https://wsrv.nl/?url=https%3A%2F%2Fi.ibb.co%2F0pkKbYC7%2Fupsilon-08-rose-gold.png&output=webp&q=78
Upsilon,TSL080X,48V DC,NA,3000K, CRI>97,Φ75*H60mm,15°,12W,AJ/CG,ATAS1275/30/15/BR,R-41231258,IS 10322 (PART 5/SEC 1) : 2012,14999,"Guangdong Sat Technology Co. Ltd., No. 11 Lianbao Rd, Shengfeng District, Xiaolan Town, Zhongshan City, Guangdong, China – 528400",https://wsrv.nl/?url=https%3A%2F%2Fi.ibb.co%2FBH9n410X%2Fupsilon-10-brown.png&output=webp&q=78
Upsilon,TSL080X,48V DC,NA,3000K, CRI>97,Φ75*H60mm,15°,12W,AJ/CG,ATAS1275/30/15/COF,R-41231258,IS 10322 (PART 5/SEC 1) : 2012,14999,"Guangdong Sat Technology Co. Ltd., No. 11 Lianbao Rd, Shengfeng District, Xiaolan Town, Zhongshan City, Guangdong, China – 528400",https://wsrv.nl/?url=https%3A%2F%2Fi.ibb.co%2FHfdrbWd4%2Fupsilon-07-coffee.png&output=webp&q=78
Upsilon,TSL080X,48V DC,NA,3000K, CRI>97,Φ75*H60mm,15°,12W,AJ/CG,ATAS1275/30/15/DGR,R-41231258,IS 10322 (PART 5/SEC 1) : 2012,14999,"Guangdong Sat Technology Co. Ltd., No. 11 Lianbao Rd, Shengfeng District, Xiaolan Town, Zhongshan City, Guangdong, China – 528400",https://wsrv.nl/?url=https%3A%2F%2Fi.ibb.co%2FvCMkrhG0%2Fupsilon-09-dark-gray-default.png&output=webp&q=78
Upsilon,TSL080X,48V DC,NA,3000K, CRI>97,Φ75*H60mm,15°,12W,AJ/CG,ATAS1275/30/15/BB,R-41231258,IS 10322 (PART 5/SEC 1) : 2012,14999,"Guangdong Sat Technology Co. Ltd., No. 11 Lianbao Rd, Shengfeng District, Xiaolan Town, Zhongshan City, Guangdong, China – 528400",https://wsrv.nl/?url=https%3A%2F%2Fi.ibb.co%2FHfTrTXN9%2Fupsilon-05-ballet-blue.png&output=webp&q=78
Upsilon,TSL080X,48V DC,NA,3000K, CRI>97,Φ75*H60mm,15°,12W,AJ/CG,ATAS1275/30/15/CH,R-41231258,IS 10322 (PART 5/SEC 1) : 2012,14999,"Guangdong Sat Technology Co. Ltd., No. 11 Lianbao Rd, Shengfeng District, Xiaolan Town, Zhongshan City, Guangdong, China – 528400",https://wsrv.nl/?url=https%3A%2F%2Fi.ibb.co%2FPZ9SzqWv%2Fupsilon-01-chrome.png&output=webp&q=78
Upsilon,TSL080X,48V DC,NA,3000K, CRI>97,Φ75*H60mm,15°,12W,AJ/CG,ATAS1275/30/15/CHB,R-41231258,IS 10322 (PART 5/SEC 1) : 2012,14999,"Guangdong Sat Technology Co. Ltd., No. 11 Lianbao Rd, Shengfeng District, Xiaolan Town, Zhongshan City, Guangdong, China – 528400",https://wsrv.nl/?url=https%3A%2F%2Fi.ibb.co%2FHfNf9pmj%2Fupsilon-02-chrome-black.png&output=webp&q=78
Upsilon,TSL080X,48V DC,NA,3500K, CRI>97,Φ75*H60mm,15°,12W,AJ/CG,ATAS1275/35/15/W,R-41231258,IS 10322 (PART 5/SEC 1) : 2012,13999,"Guangdong Sat Technology Co. Ltd., No. 11 Lianbao Rd, Shengfeng District, Xiaolan Town, Zhongshan City, Guangdong, China – 528400",https://wsrv.nl/?url=https%3A%2F%2Fi.ibb.co%2FJRzcZJzz%2Fupsilon-05-white-2.png&output=webp&q=78
Upsilon,TSL080X,48V DC,NA,3500K, CRI>97,Φ75*H60mm,15°,12W,AJ/CG,ATAS1275/35/15/B,R-41231258,IS 10322 (PART 5/SEC 1) : 2012,13999,"Guangdong Sat Technology Co. Ltd., No. 11 Lianbao Rd, Shengfeng District, Xiaolan Town, Zhongshan City, Guangdong, China – 528400",https://wsrv.nl/?url=https%3A%2F%2Fi.ibb.co%2F20WQWpwx%2Fupsilon-03-mat-black-default.png&output=webp&q=78
Upsilon,TSL080X,48V DC,NA,3500K, CRI>97,Φ75*H60mm,15°,12W,AJ/CG,ATAS1275/35/15/CG,R-41231258,IS 10322 (PART 5/SEC 1) : 2012,14999,"Guangdong Sat Technology Co. Ltd., No. 11 Lianbao Rd, Shengfeng District, Xiaolan Town, Zhongshan City, Guangdong, China – 528400",https://wsrv.nl/?url=https%3A%2F%2Fi.ibb.co%2FmVR6TTRx%2Fupsilon-04-champeing-gold.png&output=webp&q=78
Upsilon,TSL080X,48V DC,NA,3500K, CRI>97,Φ75*H60mm,15°,12W,AJ/CG,ATAS1275/35/15/RG,R-41231258,IS 10322 (PART 5/SEC 1) : 2012,14999,"Guangdong Sat Technology Co. Ltd., No. 11 Lianbao Rd, Shengfeng District, Xiaolan Town, Zhongshan City, Guangdong, China – 528400",https://wsrv.nl/?url=https%3A%2F%2Fi.ibb.co%2F0pkKbYC7%2Fupsilon-08-rose-gold.png&output=webp&q=78
Upsilon,TSL080X,48V DC,NA,3500K, CRI>97,Φ75*H60mm,15°,12W,AJ/CG,ATAS1275/35/15/BR,R-41231258,IS 10322 (PART 5/SEC 1) : 2012,14999,"Guangdong Sat Technology Co. Ltd., No. 11 Lianbao Rd, Shengfeng District, Xiaolan Town, Zhongshan City, Guangdong, China – 528400",https://wsrv.nl/?url=https%3A%2F%2Fi.ibb.co%2FBH9n410X%2Fupsilon-10-brown.png&output=webp&q=78
Upsilon,TSL080X,48V DC,NA,3500K, CRI>97,Φ75*H60mm,15°,12W,AJ/CG,ATAS1275/35/15/COF,R-41231258,IS 10322 (PART 5/SEC 1) : 2012,14999,"Guangdong Sat Technology Co. Ltd., No. 11 Lianbao Rd, Shengfeng District, Xiaolan Town, Zhongshan City, Guangdong, China – 528400",https://wsrv.nl/?url=https%3A%2F%2Fi.ibb.co%2FHfdrbWd4%2Fupsilon-07-coffee.png&output=webp&q=78
Upsilon,TSL080X,48V DC,NA,3500K, CRI>97,Φ75*H60mm,15°,12W,AJ/CG,ATAS1275/35/15/DGR,R-41231258,IS 10322 (PART 5/SEC 1) : 2012,14999,"Guangdong Sat Technology Co. Ltd., No. 11 Lianbao Rd, Shengfeng District, Xiaolan Town, Zhongshan City, Guangdong, China – 528400",https://wsrv.nl/?url=https%3A%2F%2Fi.ibb.co%2FvCMkrhG0%2Fupsilon-09-dark-gray-default.png&output=webp&q=78
Upsilon,TSL080X,48V DC,NA,3500K, CRI>97,Φ75*H60mm,15°,12W,AJ/CG,ATAS1275/35/15/BB,R-41231258,IS 10322 (PART 5/SEC 1) : 2012,14999,"Guangdong Sat Technology Co. Ltd., No. 11 Lianbao Rd, Shengfeng District, Xiaolan Town, Zhongshan City, Guangdong, China – 528400",https://wsrv.nl/?url=https%3A%2F%2Fi.ibb.co%2FHfTrTXN9%2Fupsilon-05-ballet-blue.png&output=webp&q=78
Upsilon,TSL080X,48V DC,NA,3500K, CRI>97,Φ75*H60mm,15°,12W,AJ/CG,ATAS1275/35/15/CH,R-41231258,IS 10322 (PART 5/SEC 1) : 2012,14999,"Guangdong Sat Technology Co. Ltd., No. 11 Lianbao Rd, Shengfeng District, Xiaolan Town, Zhongshan City, Guangdong, China – 528400",https://wsrv.nl/?url=https%3A%2F%2Fi.ibb.co%2FPZ9SzqWv%2Fupsilon-01-chrome.png&output=webp&q=78
Upsilon,TSL080X,48V DC,NA,3500K, CRI>97,Φ75*H60mm,15°,12W,AJ/CG,ATAS1275/35/15/CHB,R-41231258,IS 10322 (PART 5/SEC 1) : 2012,14999,"Guangdong Sat Technology Co. Ltd., No. 11 Lianbao Rd, Shengfeng District, Xiaolan Town, Zhongshan City, Guangdong, China – 528400",https://wsrv.nl/?url=https%3A%2F%2Fi.ibb.co%2FHfNf9pmj%2Fupsilon-02-chrome-black.png&output=webp&q=78
Upsilon,TSL080X,48V DC,NA,4000K, CRI>97,Φ75*H60mm,15°,12W,AJ/CG,ATAS1275/40/15/W,R-41231258,IS 10322 (PART 5/SEC 1) : 2012,13999,"Guangdong Sat Technology Co. Ltd., No. 11 Lianbao Rd, Shengfeng District, Xiaolan Town, Zhongshan City, Guangdong, China – 528400",https://wsrv.nl/?url=https%3A%2F%2Fi.ibb.co%2FJRzcZJzz%2Fupsilon-05-white-2.png&output=webp&q=78
Upsilon,TSL080X,48V DC,NA,4000K, CRI>97,Φ75*H60mm,15°,12W,AJ/CG,ATAS1275/40/15/B,R-41231258,IS 10322 (PART 5/SEC 1) : 2012,13999,"Guangdong Sat Technology Co. Ltd., No. 11 Lianbao Rd, Shengfeng District, Xiaolan Town, Zhongshan City, Guangdong, China – 528400",https://wsrv.nl/?url=https%3A%2F%2Fi.ibb.co%2F20WQWpwx%2Fupsilon-03-mat-black-default.png&output=webp&q=78
Upsilon,TSL080X,48V DC,NA,4000K, CRI>97,Φ75*H60mm,15°,12W,AJ/CG,ATAS1275/40/15/CG,R-41231258,IS 10322 (PART 5/SEC 1) : 2012,14999,"Guangdong Sat Technology Co. Ltd., No. 11 Lianbao Rd, Shengfeng District, Xiaolan Town, Zhongshan City, Guangdong, China – 528400",https://wsrv.nl/?url=https%3A%2F%2Fi.ibb.co%2FmVR6TTRx%2Fupsilon-04-champeing-gold.png&output=webp&q=78
Upsilon,TSL080X,48V DC,NA,4000K, CRI>97,Φ75*H60mm,15°,12W,AJ/CG,ATAS1275/40/15/RG,R-41231258,IS 10322 (PART 5/SEC 1) : 2012,14999,"Guangdong Sat Technology Co. Ltd., No. 11 Lianbao Rd, Shengfeng District, Xiaolan Town, Zhongshan City, Guangdong, China – 528400",https://wsrv.nl/?url=https%3A%2F%2Fi.ibb.co%2F0pkKbYC7%2Fupsilon-08-rose-gold.png&output=webp&q=78
Upsilon,TSL080X,48V DC,NA,4000K, CRI>97,Φ75*H60mm,15°,12W,AJ/CG,ATAS1275/40/15/BR,R-41231258,IS 10322 (PART 5/SEC 1) : 2012,14999,"Guangdong Sat Technology Co. Ltd., No. 11 Lianbao Rd, Shengfeng District, Xiaolan Town, Zhongshan City, Guangdong, China – 528400",https://wsrv.nl/?url=https%3A%2F%2Fi.ibb.co%2FBH9n410X%2Fupsilon-10-brown.png&output=webp&q=78
Upsilon,TSL080X,48V DC,NA,4000K, CRI>97,Φ75*H60mm,15°,12W,AJ/CG,ATAS1275/40/15/COF,R-41231258,IS 10322 (PART 5/SEC 1) : 2012,14999,"Guangdong Sat Technology Co. Ltd., No. 11 Lianbao Rd, Shengfeng District, Xiaolan Town, Zhongshan City, Guangdong, China – 528400",https://wsrv.nl/?url=https%3A%2F%2Fi.ibb.co%2FHfdrbWd4%2Fupsilon-07-coffee.png&output=webp&q=78
Upsilon,TSL080X,48V DC,NA,4000K, CRI>97,Φ75*H60mm,15°,12W,AJ/CG,ATAS1275/40/15/DGR,R-41231258,IS 10322 (PART 5/SEC 1) : 2012,14999,"Guangdong Sat Technology Co. Ltd., No. 11 Lianbao Rd, Shengfeng District, Xiaolan Town, Zhongshan City, Guangdong, China – 528400",https://wsrv.nl/?url=https%3A%2F%2Fi.ibb.co%2FvCMkrhG0%2Fupsilon-09-dark-gray-default.png&output=webp&q=78
Upsilon,TSL080X,48V DC,NA,4000K, CRI>97,Φ75*H60mm,15°,12W,AJ/CG,ATAS1275/40/15/BB,R-41231258,IS 10322 (PART 5/SEC 1) : 2012,14999,"Guangdong Sat Technology Co. Ltd., No. 11 Lianbao Rd, Shengfeng District, Xiaolan Town, Zhongshan City, Guangdong, China – 528400",https://wsrv.nl/?url=https%3A%2F%2Fi.ibb.co%2FHfTrTXN9%2Fupsilon-05-ballet-blue.png&output=webp&q=78
Upsilon,TSL080X,48V DC,NA,4000K, CRI>97,Φ75*H60mm,15°,12W,AJ/CG,ATAS1275/40/15/CH,R-41231258,IS 10322 (PART 5/SEC 1) : 2012,14999,"Guangdong Sat Technology Co. Ltd., No. 11 Lianbao Rd, Shengfeng District, Xiaolan Town, Zhongshan City, Guangdong, China – 528400",https://wsrv.nl/?url=https%3A%2F%2Fi.ibb.co%2FPZ9SzqWv%2Fupsilon-01-chrome.png&output=webp&q=78
Upsilon,TSL080X,48V DC,NA,4000K, CRI>97,Φ75*H60mm,15°,12W,AJ/CG,ATAS1275/40/15/CHB,R-41231258,IS 10322 (PART 5/SEC 1) : 2012,14999,"Guangdong Sat Technology Co. Ltd., No. 11 Lianbao Rd, Shengfeng District, Xiaolan Town, Zhongshan City, Guangdong, China – 528400",https://wsrv.nl/?url=https%3A%2F%2Fi.ibb.co%2FHfNf9pmj%2Fupsilon-02-chrome-black.png&output=webp&q=78
Upsilon,TSL080X,48V DC,NA,5000K, CRI>97,Φ75*H60mm,15°,12W,AJ/CG,ATAS1275/50/15/W,R-41231258,IS 10322 (PART 5/SEC 1) : 2012,13999,"Guangdong Sat Technology Co. Ltd., No. 11 Lianbao Rd, Shengfeng District, Xiaolan Town, Zhongshan City, Guangdong, China – 528400",https://wsrv.nl/?url=https%3A%2F%2Fi.ibb.co%2FJRzcZJzz%2Fupsilon-05-white-2.png&output=webp&q=78
Upsilon,TSL080X,48V DC,NA,5000K, CRI>97,Φ75*H60mm,15°,12W,AJ/CG,ATAS1275/50/15/B,R-41231258,IS 10322 (PART 5/SEC 1) : 2012,13999,"Guangdong Sat Technology Co. Ltd., No. 11 Lianbao Rd, Shengfeng District, Xiaolan Town, Zhongshan City, Guangdong, China – 528400",https://wsrv.nl/?url=https%3A%2F%2Fi.ibb.co%2F20WQWpwx%2Fupsilon-03-mat-black-default.png&output=webp&q=78
Upsilon,TSL080X,48V DC,NA,5000K, CRI>97,Φ75*H60mm,15°,12W,AJ/CG,ATAS1275/50/15/CG,R-41231258,IS 10322 (PART 5/SEC 1) : 2012,14999,"Guangdong Sat Technology Co. Ltd., No. 11 Lianbao Rd, Shengfeng District, Xiaolan Town, Zhongshan City, Guangdong, China – 528400",https://wsrv.nl/?url=https%3A%2F%2Fi.ibb.co%2FmVR6TTRx%2Fupsilon-04-champeing-gold.png&output=webp&q=78
Upsilon,TSL080X,48V DC,NA,5000K, CRI>97,Φ75*H60mm,15°,12W,AJ/CG,ATAS1275/50/15/RG,R-41231258,IS 10322 (PART 5/SEC 1) : 2012,14999,"Guangdong Sat Technology Co. Ltd., No. 11 Lianbao Rd, Shengfeng District, Xiaolan Town, Zhongshan City, Guangdong, China – 528400",https://wsrv.nl/?url=https%3A%2F%2Fi.ibb.co%2F0pkKbYC7%2Fupsilon-08-rose-gold.png&output=webp&q=78
Upsilon,TSL080X,48V DC,NA,5000K, CRI>97,Φ75*H60mm,15°,12W,AJ/CG,ATAS1275/50/15/BR,R-41231258,IS 10322 (PART 5/SEC 1) : 2012,14999,"Guangdong Sat Technology Co. Ltd., No. 11 Lianbao Rd, Shengfeng District, Xiaolan Town, Zhongshan City, Guangdong, China – 528400",https://wsrv.nl/?url=https%3A%2F%2Fi.ibb.co%2FBH9n410X%2Fupsilon-10-brown.png&output=webp&q=78
Upsilon,TSL080X,48V DC,NA,5000K, CRI>97,Φ75*H60mm,15°,12W,AJ/CG,ATAS1275/50/15/COF,R-41231258,IS 10322 (PART 5/SEC 1) : 2012,14999,"Guangdong Sat Technology Co. Ltd., No. 11 Lianbao Rd, Shengfeng District, Xiaolan Town, Zhongshan City, Guangdong, China – 528400",https://wsrv.nl/?url=https%3A%2F%2Fi.ibb.co%2FHfdrbWd4%2Fupsilon-07-coffee.png&output=webp&q=78
Upsilon,TSL080X,48V DC,NA,5000K, CRI>97,Φ75*H60mm,15°,12W,AJ/CG,ATAS1275/50/15/DGR,R-41231258,IS 10322 (PART 5/SEC 1) : 2012,14999,"Guangdong Sat Technology Co. Ltd., No. 11 Lianbao Rd, Shengfeng District, Xiaolan Town, Zhongshan City, Guangdong, China – 528400",https://wsrv.nl/?url=https%3A%2F%2Fi.ibb.co%2FvCMkrhG0%2Fupsilon-09-dark-gray-default.png&output=webp&q=78
Upsilon,TSL080X,48V DC,NA,5000K, CRI>97,Φ75*H60mm,15°,12W,AJ/CG,ATAS1275/50/15/BB,R-41231258,IS 10322 (PART 5/SEC 1) : 2012,14999,"Guangdong Sat Technology Co. Ltd., No. 11 Lianbao Rd, Shengfeng District, Xiaolan Town, Zhongshan City, Guangdong, China – 528400",https://wsrv.nl/?url=https%3A%2F%2Fi.ibb.co%2FHfTrTXN9%2Fupsilon-05-ballet-blue.png&output=webp&q=78
Upsilon,TSL080X,48V DC,NA,5000K, CRI>97,Φ75*H60mm,15°,12W,AJ/CG,ATAS1275/50/15/CH,R-41231258,IS 10322 (PART 5/SEC 1) : 2012,14999,"Guangdong Sat Technology Co. Ltd., No. 11 Lianbao Rd, Shengfeng District, Xiaolan Town, Zhongshan City, Guangdong, China – 528400",https://wsrv.nl/?url=https%3A%2F%2Fi.ibb.co%2FPZ9SzqWv%2Fupsilon-01-chrome.png&output=webp&q=78
Upsilon,TSL080X,48V DC,NA,5000K, CRI>97,Φ75*H60mm,15°,12W,AJ/CG,ATAS1275/50/15/CHB,R-41231258,IS 10322 (PART 5/SEC 1) : 2012,14999,"Guangdong Sat Technology Co. Ltd., No. 11 Lianbao Rd, Shengfeng District, Xiaolan Town, Zhongshan City, Guangdong, China – 528400",https://wsrv.nl/?url=https%3A%2F%2Fi.ibb.co%2FHfNf9pmj%2Fupsilon-02-chrome-black.png&output=webp&q=78
Upsilon,TSL080X,48V DC,NA,2700K, CRI>97,Φ75*H60mm,24°,12W,AJ/CG,ATAS1275/27/24/W,R-41231258,IS 10322 (PART 5/SEC 1) : 2012,13999,"Guangdong Sat Technology Co. Ltd., No. 11 Lianbao Rd, Shengfeng District, Xiaolan Town, Zhongshan City, Guangdong, China – 528400",https://wsrv.nl/?url=https%3A%2F%2Fi.ibb.co%2FJRzcZJzz%2Fupsilon-05-white-2.png&output=webp&q=78
Upsilon,TSL080X,48V DC,NA,2700K, CRI>97,Φ75*H60mm,24°,12W,AJ/CG,ATAS1275/27/24/B,R-41231258,IS 10322 (PART 5/SEC 1) : 2012,13999,"Guangdong Sat Technology Co. Ltd., No. 11 Lianbao Rd, Shengfeng District, Xiaolan Town, Zhongshan City, Guangdong, China – 528400",https://wsrv.nl/?url=https%3A%2F%2Fi.ibb.co%2F20WQWpwx%2Fupsilon-03-mat-black-default.png&output=webp&q=78
Upsilon,TSL080X,48V DC,NA,2700K, CRI>97,Φ75*H60mm,24°,12W,AJ/CG,ATAS1275/27/24/CG,R-41231258,IS 10322 (PART 5/SEC 1) : 2012,14999,"Guangdong Sat Technology Co. Ltd., No. 11 Lianbao Rd, Shengfeng District, Xiaolan Town, Zhongshan City, Guangdong, China – 528400",https://wsrv.nl/?url=https%3A%2F%2Fi.ibb.co%2FmVR6TTRx%2Fupsilon-04-champeing-gold.png&output=webp&q=78
Upsilon,TSL080X,48V DC,NA,2700K, CRI>97,Φ75*H60mm,24°,12W,AJ/CG,ATAS1275/27/24/RG,R-41231258,IS 10322 (PART 5/SEC 1) : 2012,14999,"Guangdong Sat Technology Co. Ltd., No. 11 Lianbao Rd, Shengfeng District, Xiaolan Town, Zhongshan City, Guangdong, China – 528400",https://wsrv.nl/?url=https%3A%2F%2Fi.ibb.co%2F0pkKbYC7%2Fupsilon-08-rose-gold.png&output=webp&q=78
Upsilon,TSL080X,48V DC,NA,2700K, CRI>97,Φ75*H60mm,24°,12W,AJ/CG,ATAS1275/27/24/BR,R-41231258,IS 10322 (PART 5/SEC 1) : 2012,14999,"Guangdong Sat Technology Co. Ltd., No. 11 Lianbao Rd, Shengfeng District, Xiaolan Town, Zhongshan City, Guangdong, China – 528400",https://wsrv.nl/?url=https%3A%2F%2Fi.ibb.co%2FBH9n410X%2Fupsilon-10-brown.png&output=webp&q=78
Upsilon,TSL080X,48V DC,NA,2700K, CRI>97,Φ75*H60mm,24°,12W,AJ/CG,ATAS1275/27/24/COF,R-41231258,IS 10322 (PART 5/SEC 1) : 2012,14999,"Guangdong Sat Technology Co. Ltd., No. 11 Lianbao Rd, Shengfeng District, Xiaolan Town, Zhongshan City, Guangdong, China – 528400",https://wsrv.nl/?url=https%3A%2F%2Fi.ibb.co%2FHfdrbWd4%2Fupsilon-07-coffee.png&output=webp&q=78
Upsilon,TSL080X,48V DC,NA,2700K, CRI>97,Φ75*H60mm,24°,12W,AJ/CG,ATAS1275/27/24/DGR,R-41231258,IS 10322 (PART 5/SEC 1) : 2012,14999,"Guangdong Sat Technology Co. Ltd., No. 11 Lianbao Rd, Shengfeng District, Xiaolan Town, Zhongshan City, Guangdong, China – 528400",https://wsrv.nl/?url=https%3A%2F%2Fi.ibb.co%2FvCMkrhG0%2Fupsilon-09-dark-gray-default.png&output=webp&q=78
Upsilon,TSL080X,48V DC,NA,2700K, CRI>97,Φ75*H60mm,24°,12W,AJ/CG,ATAS1275/27/24/BB,R-41231258,IS 10322 (PART 5/SEC 1) : 2012,14999,"Guangdong Sat Technology Co. Ltd., No. 11 Lianbao Rd, Shengfeng District, Xiaolan Town, Zhongshan City, Guangdong, China – 528400",https://wsrv.nl/?url=https%3A%2F%2Fi.ibb.co%2FHfTrTXN9%2Fupsilon-05-ballet-blue.png&output=webp&q=78
Upsilon,TSL080X,48V DC,NA,2700K, CRI>97,Φ75*H60mm,24°,12W,AJ/CG,ATAS1275/27/24/CH,R-41231258,IS 10322 (PART 5/SEC 1) : 2012,14999,"Guangdong Sat Technology Co. Ltd., No. 11 Lianbao Rd, Shengfeng District, Xiaolan Town, Zhongshan City, Guangdong, China – 528400",https://wsrv.nl/?url=https%3A%2F%2Fi.ibb.co%2FPZ9SzqWv%2Fupsilon-01-chrome.png&output=webp&q=78
Upsilon,TSL080X,48V DC,NA,2700K, CRI>97,Φ75*H60mm,24°,12W,AJ/CG,ATAS1275/27/24/CHB,R-41231258,IS 10322 (PART 5/SEC 1) : 2012,14999,"Guangdong Sat Technology Co. Ltd., No. 11 Lianbao Rd, Shengfeng District, Xiaolan Town, Zhongshan City, Guangdong, China – 528400",https://wsrv.nl/?url=https%3A%2F%2Fi.ibb.co%2FHfNf9pmj%2Fupsilon-02-chrome-black.png&output=webp&q=78
Upsilon,TSL080X,48V DC,NA,3000K, CRI>97,Φ75*H60mm,24°,12W,AJ/CG,ATAS1275/30/24/W,R-41231258,IS 10322 (PART 5/SEC 1) : 2012,13999,"Guangdong Sat Technology Co. Ltd., No. 11 Lianbao Rd, Shengfeng District, Xiaolan Town, Zhongshan City, Guangdong, China – 528400",https://wsrv.nl/?url=https%3A%2F%2Fi.ibb.co%2FJRzcZJzz%2Fupsilon-05-white-2.png&output=webp&q=78
Upsilon,TSL080X,48V DC,NA,3000K, CRI>97,Φ75*H60mm,24°,12W,AJ/CG,ATAS1275/30/24/B,R-41231258,IS 10322 (PART 5/SEC 1) : 2012,13999,"Guangdong Sat Technology Co. Ltd., No. 11 Lianbao Rd, Shengfeng District, Xiaolan Town, Zhongshan City, Guangdong, China – 528400",https://wsrv.nl/?url=https%3A%2F%2Fi.ibb.co%2F20WQWpwx%2Fupsilon-03-mat-black-default.png&output=webp&q=78
Upsilon,TSL080X,48V DC,NA,3000K, CRI>97,Φ75*H60mm,24°,12W,AJ/CG,ATAS1275/30/24/CG,R-41231258,IS 10322 (PART 5/SEC 1) : 2012,14999,"Guangdong Sat Technology Co. Ltd., No. 11 Lianbao Rd, Shengfeng District, Xiaolan Town, Zhongshan City, Guangdong, China – 528400",https://wsrv.nl/?url=https%3A%2F%2Fi.ibb.co%2FmVR6TTRx%2Fupsilon-04-champeing-gold.png&output=webp&q=78
Upsilon,TSL080X,48V DC,NA,3000K, CRI>97,Φ75*H60mm,24°,12W,AJ/CG,ATAS1275/30/24/RG,R-41231258,IS 10322 (PART 5/SEC 1) : 2012,14999,"Guangdong Sat Technology Co. Ltd., No. 11 Lianbao Rd, Shengfeng District, Xiaolan Town, Zhongshan City, Guangdong, China – 528400",https://wsrv.nl/?url=https%3A%2F%2Fi.ibb.co%2F0pkKbYC7%2Fupsilon-08-rose-gold.png&output=webp&q=78
Upsilon,TSL080X,48V DC,NA,3000K, CRI>97,Φ75*H60mm,24°,12W,AJ/CG,ATAS1275/30/24/BR,R-41231258,IS 10322 (PART 5/SEC 1) : 2012,14999,"Guangdong Sat Technology Co. Ltd., No. 11 Lianbao Rd, Shengfeng District, Xiaolan Town, Zhongshan City, Guangdong, China – 528400",https://wsrv.nl/?url=https%3A%2F%2Fi.ibb.co%2FBH9n410X%2Fupsilon-10-brown.png&output=webp&q=78
Upsilon,TSL080X,48V DC,NA,3000K, CRI>97,Φ75*H60mm,24°,12W,AJ/CG,ATAS1275/30/24/COF,R-41231258,IS 10322 (PART 5/SEC 1) : 2012,14999,"Guangdong Sat Technology Co. Ltd., No. 11 Lianbao Rd, Shengfeng District, Xiaolan Town, Zhongshan City, Guangdong, China – 528400",https://wsrv.nl/?url=https%3A%2F%2Fi.ibb.co%2FHfdrbWd4%2Fupsilon-07-coffee.png&output=webp&q=78
Upsilon,TSL080X,48V DC,NA,3000K, CRI>97,Φ75*H60mm,24°,12W,AJ/CG,ATAS1275/30/24/DGR,R-41231258,IS 10322 (PART 5/SEC 1) : 2012,14999,"Guangdong Sat Technology Co. Ltd., No. 11 Lianbao Rd, Shengfeng District, Xiaolan Town, Zhongshan City, Guangdong, China – 528400",https://wsrv.nl/?url=https%3A%2F%2Fi.ibb.co%2FvCMkrhG0%2Fupsilon-09-dark-gray-default.png&output=webp&q=78
Upsilon,TSL080X,48V DC,NA,3000K, CRI>97,Φ75*H60mm,24°,12W,AJ/CG,ATAS1275/30/24/BB,R-41231258,IS 10322 (PART 5/SEC 1) : 2012,14999,"Guangdong Sat Technology Co. Ltd., No. 11 Lianbao Rd, Shengfeng District, Xiaolan Town, Zhongshan City, Guangdong, China – 528400",https://wsrv.nl/?url=https%3A%2F%2Fi.ibb.co%2FHfTrTXN9%2Fupsilon-05-ballet-blue.png&output=webp&q=78
Upsilon,TSL080X,48V DC,NA,3000K, CRI>97,Φ75*H60mm,24°,12W,AJ/CG,ATAS1275/30/24/CH,R-41231258,IS 10322 (PART 5/SEC 1) : 2012,14999,"Guangdong Sat Technology Co. Ltd., No. 11 Lianbao Rd, Shengfeng District, Xiaolan Town, Zhongshan City, Guangdong, China – 528400",https://wsrv.nl/?url=https%3A%2F%2Fi.ibb.co%2FPZ9SzqWv%2Fupsilon-01-chrome.png&output=webp&q=78
Upsilon,TSL080X,48V DC,NA,3000K, CRI>97,Φ75*H60mm,24°,12W,AJ/CG,ATAS1275/30/24/CHB,R-41231258,IS 10322 (PART 5/SEC 1) : 2012,14999,"Guangdong Sat Technology Co. Ltd., No. 11 Lianbao Rd, Shengfeng District, Xiaolan Town, Zhongshan City, Guangdong, China – 528400",https://wsrv.nl/?url=https%3A%2F%2Fi.ibb.co%2FHfNf9pmj%2Fupsilon-02-chrome-black.png&output=webp&q=78
Upsilon,TSL080X,48V DC,NA,3500K, CRI>97,Φ75*H60mm,24°,12W,AJ/CG,ATAS1275/35/24/W,R-41231258,IS 10322 (PART 5/SEC 1) : 2012,13999,"Guangdong Sat Technology Co. Ltd., No. 11 Lianbao Rd, Shengfeng District, Xiaolan Town, Zhongshan City, Guangdong, China – 528400",https://wsrv.nl/?url=https%3A%2F%2Fi.ibb.co%2FJRzcZJzz%2Fupsilon-05-white-2.png&output=webp&q=78
Upsilon,TSL080X,48V DC,NA,3500K, CRI>97,Φ75*H60mm,24°,12W,AJ/CG,ATAS1275/35/24/B,R-41231258,IS 10322 (PART 5/SEC 1) : 2012,13999,"Guangdong Sat Technology Co. Ltd., No. 11 Lianbao Rd, Shengfeng District, Xiaolan Town, Zhongshan City, Guangdong, China – 528400",https://wsrv.nl/?url=https%3A%2F%2Fi.ibb.co%2F20WQWpwx%2Fupsilon-03-mat-black-default.png&output=webp&q=78
Upsilon,TSL080X,48V DC,NA,3500K, CRI>97,Φ75*H60mm,24°,12W,AJ/CG,ATAS1275/35/24/CG,R-41231258,IS 10322 (PART 5/SEC 1) : 2012,14999,"Guangdong Sat Technology Co. Ltd., No. 11 Lianbao Rd, Shengfeng District, Xiaolan Town, Zhongshan City, Guangdong, China – 528400",https://wsrv.nl/?url=https%3A%2F%2Fi.ibb.co%2FmVR6TTRx%2Fupsilon-04-champeing-gold.png&output=webp&q=78
Upsilon,TSL080X,48V DC,NA,3500K, CRI>97,Φ75*H60mm,24°,12W,AJ/CG,ATAS1275/35/24/RG,R-41231258,IS 10322 (PART 5/SEC 1) : 2012,14999,"Guangdong Sat Technology Co. Ltd., No. 11 Lianbao Rd, Shengfeng District, Xiaolan Town, Zhongshan City, Guangdong, China – 528400",https://wsrv.nl/?url=https%3A%2F%2Fi.ibb.co%2F0pkKbYC7%2Fupsilon-08-rose-gold.png&output=webp&q=78
Upsilon,TSL080X,48V DC,NA,3500K, CRI>97,Φ75*H60mm,24°,12W,AJ/CG,ATAS1275/35/24/BR,R-41231258,IS 10322 (PART 5/SEC 1) : 2012,14999,"Guangdong Sat Technology Co. Ltd., No. 11 Lianbao Rd, Shengfeng District, Xiaolan Town, Zhongshan City, Guangdong, China – 528400",https://wsrv.nl/?url=https%3A%2F%2Fi.ibb.co%2FBH9n410X%2Fupsilon-10-brown.png&output=webp&q=78
Upsilon,TSL080X,48V DC,NA,3500K, CRI>97,Φ75*H60mm,24°,12W,AJ/CG,ATAS1275/35/24/COF,R-41231258,IS 10322 (PART 5/SEC 1) : 2012,14999,"Guangdong Sat Technology Co. Ltd., No. 11 Lianbao Rd, Shengfeng District, Xiaolan Town, Zhongshan City, Guangdong, China – 528400",https://wsrv.nl/?url=https%3A%2F%2Fi.ibb.co%2FHfdrbWd4%2Fupsilon-07-coffee.png&output=webp&q=78
Upsilon,TSL080X,48V DC,NA,3500K, CRI>97,Φ75*H60mm,24°,12W,AJ/CG,ATAS1275/35/24/DGR,R-41231258,IS 10322 (PART 5/SEC 1) : 2012,14999,"Guangdong Sat Technology Co. Ltd., No. 11 Lianbao Rd, Shengfeng District, Xiaolan Town, Zhongshan City, Guangdong, China – 528400",https://wsrv.nl/?url=https%3A%2F%2Fi.ibb.co%2FvCMkrhG0%2Fupsilon-09-dark-gray-default.png&output=webp&q=78
Upsilon,TSL080X,48V DC,NA,3500K, CRI>97,Φ75*H60mm,24°,12W,AJ/CG,ATAS1275/35/24/BB,R-41231258,IS 10322 (PART 5/SEC 1) : 2012,14999,"Guangdong Sat Technology Co. Ltd., No. 11 Lianbao Rd, Shengfeng District, Xiaolan Town, Zhongshan City, Guangdong, China – 528400",https://wsrv.nl/?url=https%3A%2F%2Fi.ibb.co%2FHfTrTXN9%2Fupsilon-05-ballet-blue.png&output=webp&q=78
Upsilon,TSL080X,48V DC,NA,3500K, CRI>97,Φ75*H60mm,24°,12W,AJ/CG,ATAS1275/35/24/CH,R-41231258,IS 10322 (PART 5/SEC 1) : 2012,14999,"Guangdong Sat Technology Co. Ltd., No. 11 Lianbao Rd, Shengfeng District, Xiaolan Town, Zhongshan City, Guangdong, China – 528400",https://wsrv.nl/?url=https%3A%2F%2Fi.ibb.co%2FPZ9SzqWv%2Fupsilon-01-chrome.png&output=webp&q=78
Upsilon,TSL080X,48V DC,NA,3500K, CRI>97,Φ75*H60mm,24°,12W,AJ/CG,ATAS1275/35/24/CHB,R-41231258,IS 10322 (PART 5/SEC 1) : 2012,14999,"Guangdong Sat Technology Co. Ltd., No. 11 Lianbao Rd, Shengfeng District, Xiaolan Town, Zhongshan City, Guangdong, China – 528400",https://wsrv.nl/?url=https%3A%2F%2Fi.ibb.co%2FHfNf9pmj%2Fupsilon-02-chrome-black.png&output=webp&q=78
Upsilon,TSL080X,48V DC,NA,4000K, CRI>97,Φ75*H60mm,24°,12W,AJ/CG,ATAS1275/40/24/W,R-41231258,IS 10322 (PART 5/SEC 1) : 2012,13999,"Guangdong Sat Technology Co. Ltd., No. 11 Lianbao Rd, Shengfeng District, Xiaolan Town, Zhongshan City, Guangdong, China – 528400",https://wsrv.nl/?url=https%3A%2F%2Fi.ibb.co%2FJRzcZJzz%2Fupsilon-05-white-2.png&output=webp&q=78
Upsilon,TSL080X,48V DC,NA,4000K, CRI>97,Φ75*H60mm,24°,12W,AJ/CG,ATAS1275/40/24/B,R-41231258,IS 10322 (PART 5/SEC 1) : 2012,13999,"Guangdong Sat Technology Co. Ltd., No. 11 Lianbao Rd, Shengfeng District, Xiaolan Town, Zhongshan City, Guangdong, China – 528400",https://wsrv.nl/?url=https%3A%2F%2Fi.ibb.co%2F20WQWpwx%2Fupsilon-03-mat-black-default.png&output=webp&q=78
Upsilon,TSL080X,48V DC,NA,4000K, CRI>97,Φ75*H60mm,24°,12W,AJ/CG,ATAS1275/40/24/CG,R-41231258,IS 10322 (PART 5/SEC 1) : 2012,14999,"Guangdong Sat Technology Co. Ltd., No. 11 Lianbao Rd, Shengfeng District, Xiaolan Town, Zhongshan City, Guangdong, China – 528400",https://wsrv.nl/?url=https%3A%2F%2Fi.ibb.co%2FmVR6TTRx%2Fupsilon-04-champeing-gold.png&output=webp&q=78
Upsilon,TSL080X,48V DC,NA,4000K, CRI>97,Φ75*H60mm,24°,12W,AJ/CG,ATAS1275/40/24/RG,R-41231258,IS 10322 (PART 5/SEC 1) : 2012,14999,"Guangdong Sat Technology Co. Ltd., No. 11 Lianbao Rd, Shengfeng District, Xiaolan Town, Zhongshan City, Guangdong, China – 528400",https://wsrv.nl/?url=https%3A%2F%2Fi.ibb.co%2F0pkKbYC7%2Fupsilon-08-rose-gold.png&output=webp&q=78
Upsilon,TSL080X,48V DC,NA,4000K, CRI>97,Φ75*H60mm,24°,12W,AJ/CG,ATAS1275/40/24/BR,R-41231258,IS 10322 (PART 5/SEC 1) : 2012,14999,"Guangdong Sat Technology Co. Ltd., No. 11 Lianbao Rd, Shengfeng District, Xiaolan Town, Zhongshan City, Guangdong, China – 528400",https://wsrv.nl/?url=https%3A%2F%2Fi.ibb.co%2FBH9n410X%2Fupsilon-10-brown.png&output=webp&q=78
Upsilon,TSL080X,48V DC,NA,4000K, CRI>97,Φ75*H60mm,24°,12W,AJ/CG,ATAS1275/40/24/COF,R-41231258,IS 10322 (PART 5/SEC 1) : 2012,14999,"Guangdong Sat Technology Co. Ltd., No. 11 Lianbao Rd, Shengfeng District, Xiaolan Town, Zhongshan City, Guangdong, China – 528400",https://wsrv.nl/?url=https%3A%2F%2Fi.ibb.co%2FHfdrbWd4%2Fupsilon-07-coffee.png&output=webp&q=78
Upsilon,TSL080X,48V DC,NA,4000K, CRI>97,Φ75*H60mm,24°,12W,AJ/CG,ATAS1275/40/24/DGR,R-41231258,IS 10322 (PART 5/SEC 1) : 2012,14999,"Guangdong Sat Technology Co. Ltd., No. 11 Lianbao Rd, Shengfeng District, Xiaolan Town, Zhongshan City, Guangdong, China – 528400",https://wsrv.nl/?url=https%3A%2F%2Fi.ibb.co%2FvCMkrhG0%2Fupsilon-09-dark-gray-default.png&output=webp&q=78
Upsilon,TSL080X,48V DC,NA,4000K, CRI>97,Φ75*H60mm,24°,12W,AJ/CG,ATAS1275/40/24/BB,R-41231258,IS 10322 (PART 5/SEC 1) : 2012,14999,"Guangdong Sat Technology Co. Ltd., No. 11 Lianbao Rd, Shengfeng District, Xiaolan Town, Zhongshan City, Guangdong, China – 528400",https://wsrv.nl/?url=https%3A%2F%2Fi.ibb.co%2FHfTrTXN9%2Fupsilon-05-ballet-blue.png&output=webp&q=78
Upsilon,TSL080X,48V DC,NA,4000K, CRI>97,Φ75*H60mm,24°,12W,AJ/CG,ATAS1275/40/24/CH,R-41231258,IS 10322 (PART 5/SEC 1) : 2012,14999,"Guangdong Sat Technology Co. Ltd., No. 11 Lianbao Rd, Shengfeng District, Xiaolan Town, Zhongshan City, Guangdong, China – 528400",https://wsrv.nl/?url=https%3A%2F%2Fi.ibb.co%2FPZ9SzqWv%2Fupsilon-01-chrome.png&output=webp&q=78
Upsilon,TSL080X,48V DC,NA,4000K, CRI>97,Φ75*H60mm,24°,12W,AJ/CG,ATAS1275/40/24/CHB,R-41231258,IS 10322 (PART 5/SEC 1) : 2012,14999,"Guangdong Sat Technology Co. Ltd., No. 11 Lianbao Rd, Shengfeng District, Xiaolan Town, Zhongshan City, Guangdong, China – 528400",https://wsrv.nl/?url=https%3A%2F%2Fi.ibb.co%2FHfNf9pmj%2Fupsilon-02-chrome-black.png&output=webp&q=78
Upsilon,TSL080X,48V DC,NA,5000K, CRI>97,Φ75*H60mm,24°,12W,AJ/CG,ATAS1275/50/24/W,R-41231258,IS 10322 (PART 5/SEC 1) : 2012,13999,"Guangdong Sat Technology Co. Ltd., No. 11 Lianbao Rd, Shengfeng District, Xiaolan Town, Zhongshan City, Guangdong, China – 528400",https://wsrv.nl/?url=https%3A%2F%2Fi.ibb.co%2FJRzcZJzz%2Fupsilon-05-white-2.png&output=webp&q=78
Upsilon,TSL080X,48V DC,NA,5000K, CRI>97,Φ75*H60mm,24°,12W,AJ/CG,ATAS1275/50/24/B,R-41231258,IS 10322 (PART 5/SEC 1) : 2012,13999,"Guangdong Sat Technology Co. Ltd., No. 11 Lianbao Rd, Shengfeng District, Xiaolan Town, Zhongshan City, Guangdong, China – 528400",https://wsrv.nl/?url=https%3A%2F%2Fi.ibb.co%2F20WQWpwx%2Fupsilon-03-mat-black-default.png&output=webp&q=78
Upsilon,TSL080X,48V DC,NA,5000K, CRI>97,Φ75*H60mm,24°,12W,AJ/CG,ATAS1275/50/24/CG,R-41231258,IS 10322 (PART 5/SEC 1) : 2012,14999,"Guangdong Sat Technology Co. Ltd., No. 11 Lianbao Rd, Shengfeng District, Xiaolan Town, Zhongshan City, Guangdong, China – 528400",https://wsrv.nl/?url=https%3A%2F%2Fi.ibb.co%2FmVR6TTRx%2Fupsilon-04-champeing-gold.png&output=webp&q=78
Upsilon,TSL080X,48V DC,NA,5000K, CRI>97,Φ75*H60mm,24°,12W,AJ/CG,ATAS1275/50/24/RG,R-41231258,IS 10322 (PART 5/SEC 1) : 2012,14999,"Guangdong Sat Technology Co. Ltd., No. 11 Lianbao Rd, Shengfeng District, Xiaolan Town, Zhongshan City, Guangdong, China – 528400",https://wsrv.nl/?url=https%3A%2F%2Fi.ibb.co%2F0pkKbYC7%2Fupsilon-08-rose-gold.png&output=webp&q=78
Upsilon,TSL080X,48V DC,NA,5000K, CRI>97,Φ75*H60mm,24°,12W,AJ/CG,ATAS1275/50/24/BR,R-41231258,IS 10322 (PART 5/SEC 1) : 2012,14999,"Guangdong Sat Technology Co. Ltd., No. 11 Lianbao Rd, Shengfeng District, Xiaolan Town, Zhongshan City, Guangdong, China – 528400",https://wsrv.nl/?url=https%3A%2F%2Fi.ibb.co%2FBH9n410X%2Fupsilon-10-brown.png&output=webp&q=78
Upsilon,TSL080X,48V DC,NA,5000K, CRI>97,Φ75*H60mm,24°,12W,AJ/CG,ATAS1275/50/24/COF,R-41231258,IS 10322 (PART 5/SEC 1) : 2012,14999,"Guangdong Sat Technology Co. Ltd., No. 11 Lianbao Rd, Shengfeng District, Xiaolan Town, Zhongshan City, Guangdong, China – 528400",https://wsrv.nl/?url=https%3A%2F%2Fi.ibb.co%2FHfdrbWd4%2Fupsilon-07-coffee.png&output=webp&q=78
Upsilon,TSL080X,48V DC,NA,5000K, CRI>97,Φ75*H60mm,24°,12W,AJ/CG,ATAS1275/50/24/DGR,R-41231258,IS 10322 (PART 5/SEC 1) : 2012,14999,"Guangdong Sat Technology Co. Ltd., No. 11 Lianbao Rd, Shengfeng District, Xiaolan Town, Zhongshan City, Guangdong, China – 528400",https://wsrv.nl/?url=https%3A%2F%2Fi.ibb.co%2FvCMkrhG0%2Fupsilon-09-dark-gray-default.png&output=webp&q=78
Upsilon,TSL080X,48V DC,NA,5000K, CRI>97,Φ75*H60mm,24°,12W,AJ/CG,ATAS1275/50/24/BB,R-41231258,IS 10322 (PART 5/SEC 1) : 2012,14999,"Guangdong Sat Technology Co. Ltd., No. 11 Lianbao Rd, Shengfeng District, Xiaolan Town, Zhongshan City, Guangdong, China – 528400",https://wsrv.nl/?url=https%3A%2F%2Fi.ibb.co%2FHfTrTXN9%2Fupsilon-05-ballet-blue.png&output=webp&q=78
Upsilon,TSL080X,48V DC,NA,5000K, CRI>97,Φ75*H60mm,24°,12W,AJ/CG,ATAS1275/50/24/CH,R-41231258,IS 10322 (PART 5/SEC 1) : 2012,14999,"Guangdong Sat Technology Co. Ltd., No. 11 Lianbao Rd, Shengfeng District, Xiaolan Town, Zhongshan City, Guangdong, China – 528400",https://wsrv.nl/?url=https%3A%2F%2Fi.ibb.co%2FPZ9SzqWv%2Fupsilon-01-chrome.png&output=webp&q=78
Upsilon,TSL080X,48V DC,NA,5000K, CRI>97,Φ75*H60mm,24°,12W,AJ/CG,ATAS1275/50/24/CHB,R-41231258,IS 10322 (PART 5/SEC 1) : 2012,14999,"Guangdong Sat Technology Co. Ltd., No. 11 Lianbao Rd, Shengfeng District, Xiaolan Town, Zhongshan City, Guangdong, China – 528400",https://wsrv.nl/?url=https%3A%2F%2Fi.ibb.co%2FHfNf9pmj%2Fupsilon-02-chrome-black.png&output=webp&q=78
Upsilon,TSL080X,48V DC,NA,2700K, CRI>97,Φ75*H60mm,36°,12W,AJ/CG,ATAS1275/27/36/W,R-41231258,IS 10322 (PART 5/SEC 1) : 2012,13999,"Guangdong Sat Technology Co. Ltd., No. 11 Lianbao Rd, Shengfeng District, Xiaolan Town, Zhongshan City, Guangdong, China – 528400",https://wsrv.nl/?url=https%3A%2F%2Fi.ibb.co%2FJRzcZJzz%2Fupsilon-05-white-2.png&output=webp&q=78
Upsilon,TSL080X,48V DC,NA,2700K, CRI>97,Φ75*H60mm,36°,12W,AJ/CG,ATAS1275/27/36/B,R-41231258,IS 10322 (PART 5/SEC 1) : 2012,13999,"Guangdong Sat Technology Co. Ltd., No. 11 Lianbao Rd, Shengfeng District, Xiaolan Town, Zhongshan City, Guangdong, China – 528400",https://wsrv.nl/?url=https%3A%2F%2Fi.ibb.co%2F20WQWpwx%2Fupsilon-03-mat-black-default.png&output=webp&q=78
Upsilon,TSL080X,48V DC,NA,2700K, CRI>97,Φ75*H60mm,36°,12W,AJ/CG,ATAS1275/27/36/CG,R-41231258,IS 10322 (PART 5/SEC 1) : 2012,14999,"Guangdong Sat Technology Co. Ltd., No. 11 Lianbao Rd, Shengfeng District, Xiaolan Town, Zhongshan City, Guangdong, China – 528400",https://wsrv.nl/?url=https%3A%2F%2Fi.ibb.co%2FmVR6TTRx%2Fupsilon-04-champeing-gold.png&output=webp&q=78
Upsilon,TSL080X,48V DC,NA,2700K, CRI>97,Φ75*H60mm,36°,12W,AJ/CG,ATAS1275/27/36/RG,R-41231258,IS 10322 (PART 5/SEC 1) : 2012,14999,"Guangdong Sat Technology Co. Ltd., No. 11 Lianbao Rd, Shengfeng District, Xiaolan Town, Zhongshan City, Guangdong, China – 528400",https://wsrv.nl/?url=https%3A%2F%2Fi.ibb.co%2F0pkKbYC7%2Fupsilon-08-rose-gold.png&output=webp&q=78
Upsilon,TSL080X,48V DC,NA,2700K, CRI>97,Φ75*H60mm,36°,12W,AJ/CG,ATAS1275/27/36/BR,R-41231258,IS 10322 (PART 5/SEC 1) : 2012,14999,"Guangdong Sat Technology Co. Ltd., No. 11 Lianbao Rd, Shengfeng District, Xiaolan Town, Zhongshan City, Guangdong, China – 528400",https://wsrv.nl/?url=https%3A%2F%2Fi.ibb.co%2FBH9n410X%2Fupsilon-10-brown.png&output=webp&q=78
Upsilon,TSL080X,48V DC,NA,2700K, CRI>97,Φ75*H60mm,36°,12W,AJ/CG,ATAS1275/27/36/COF,R-41231258,IS 10322 (PART 5/SEC 1) : 2012,14999,"Guangdong Sat Technology Co. Ltd., No. 11 Lianbao Rd, Shengfeng District, Xiaolan Town, Zhongshan City, Guangdong, China – 528400",https://wsrv.nl/?url=https%3A%2F%2Fi.ibb.co%2FHfdrbWd4%2Fupsilon-07-coffee.png&output=webp&q=78
Upsilon,TSL080X,48V DC,NA,2700K, CRI>97,Φ75*H60mm,36°,12W,AJ/CG,ATAS1275/27/36/DGR,R-41231258,IS 10322 (PART 5/SEC 1) : 2012,14999,"Guangdong Sat Technology Co. Ltd., No. 11 Lianbao Rd, Shengfeng District, Xiaolan Town, Zhongshan City, Guangdong, China – 528400",https://wsrv.nl/?url=https%3A%2F%2Fi.ibb.co%2FvCMkrhG0%2Fupsilon-09-dark-gray-default.png&output=webp&q=78
Upsilon,TSL080X,48V DC,NA,2700K, CRI>97,Φ75*H60mm,36°,12W,AJ/CG,ATAS1275/27/36/BB,R-41231258,IS 10322 (PART 5/SEC 1) : 2012,14999,"Guangdong Sat Technology Co. Ltd., No. 11 Lianbao Rd, Shengfeng District, Xiaolan Town, Zhongshan City, Guangdong, China – 528400",https://wsrv.nl/?url=https%3A%2F%2Fi.ibb.co%2FHfTrTXN9%2Fupsilon-05-ballet-blue.png&output=webp&q=78
Upsilon,TSL080X,48V DC,NA,2700K, CRI>97,Φ75*H60mm,36°,12W,AJ/CG,ATAS1275/27/36/CH,R-41231258,IS 10322 (PART 5/SEC 1) : 2012,14999,"Guangdong Sat Technology Co. Ltd., No. 11 Lianbao Rd, Shengfeng District, Xiaolan Town, Zhongshan City, Guangdong, China – 528400",https://wsrv.nl/?url=https%3A%2F%2Fi.ibb.co%2FPZ9SzqWv%2Fupsilon-01-chrome.png&output=webp&q=78
Upsilon,TSL080X,48V DC,NA,2700K, CRI>97,Φ75*H60mm,36°,12W,AJ/CG,ATAS1275/27/36/CHB,R-41231258,IS 10322 (PART 5/SEC 1) : 2012,14999,"Guangdong Sat Technology Co. Ltd., No. 11 Lianbao Rd, Shengfeng District, Xiaolan Town, Zhongshan City, Guangdong, China – 528400",https://wsrv.nl/?url=https%3A%2F%2Fi.ibb.co%2FHfNf9pmj%2Fupsilon-02-chrome-black.png&output=webp&q=78
Upsilon,TSL080X,48V DC,NA,3000K, CRI>97,Φ75*H60mm,36°,12W,AJ/CG,ATAS1275/30/36/W,R-41231258,IS 10322 (PART 5/SEC 1) : 2012,13999,"Guangdong Sat Technology Co. Ltd., No. 11 Lianbao Rd, Shengfeng District, Xiaolan Town, Zhongshan City, Guangdong, China – 528400",https://wsrv.nl/?url=https%3A%2F%2Fi.ibb.co%2FJRzcZJzz%2Fupsilon-05-white-2.png&output=webp&q=78
Upsilon,TSL080X,48V DC,NA,3000K, CRI>97,Φ75*H60mm,36°,12W,AJ/CG,ATAS1275/30/36/B,R-41231258,IS 10322 (PART 5/SEC 1) : 2012,13999,"Guangdong Sat Technology Co. Ltd., No. 11 Lianbao Rd, Shengfeng District, Xiaolan Town, Zhongshan City, Guangdong, China – 528400",https://wsrv.nl/?url=https%3A%2F%2Fi.ibb.co%2F20WQWpwx%2Fupsilon-03-mat-black-default.png&output=webp&q=78
Upsilon,TSL080X,48V DC,NA,3000K, CRI>97,Φ75*H60mm,36°,12W,AJ/CG,ATAS1275/30/36/CG,R-41231258,IS 10322 (PART 5/SEC 1) : 2012,14999,"Guangdong Sat Technology Co. Ltd., No. 11 Lianbao Rd, Shengfeng District, Xiaolan Town, Zhongshan City, Guangdong, China – 528400",https://wsrv.nl/?url=https%3A%2F%2Fi.ibb.co%2FmVR6TTRx%2Fupsilon-04-champeing-gold.png&output=webp&q=78
Upsilon,TSL080X,48V DC,NA,3000K, CRI>97,Φ75*H60mm,36°,12W,AJ/CG,ATAS1275/30/36/RG,R-41231258,IS 10322 (PART 5/SEC 1) : 2012,14999,"Guangdong Sat Technology Co. Ltd., No. 11 Lianbao Rd, Shengfeng District, Xiaolan Town, Zhongshan City, Guangdong, China – 528400",https://wsrv.nl/?url=https%3A%2F%2Fi.ibb.co%2F0pkKbYC7%2Fupsilon-08-rose-gold.png&output=webp&q=78
Upsilon,TSL080X,48V DC,NA,3000K, CRI>97,Φ75*H60mm,36°,12W,AJ/CG,ATAS1275/30/36/BR,R-41231258,IS 10322 (PART 5/SEC 1) : 2012,14999,"Guangdong Sat Technology Co. Ltd., No. 11 Lianbao Rd, Shengfeng District, Xiaolan Town, Zhongshan City, Guangdong, China – 528400",https://wsrv.nl/?url=https%3A%2F%2Fi.ibb.co%2FBH9n410X%2Fupsilon-10-brown.png&output=webp&q=78
Upsilon,TSL080X,48V DC,NA,3000K, CRI>97,Φ75*H60mm,36°,12W,AJ/CG,ATAS1275/30/36/COF,R-41231258,IS 10322 (PART 5/SEC 1) : 2012,14999,"Guangdong Sat Technology Co. Ltd., No. 11 Lianbao Rd, Shengfeng District, Xiaolan Town, Zhongshan City, Guangdong, China – 528400",https://wsrv.nl/?url=https%3A%2F%2Fi.ibb.co%2FHfdrbWd4%2Fupsilon-07-coffee.png&output=webp&q=78
Upsilon,TSL080X,48V DC,NA,3000K, CRI>97,Φ75*H60mm,36°,12W,AJ/CG,ATAS1275/30/36/DGR,R-41231258,IS 10322 (PART 5/SEC 1) : 2012,14999,"Guangdong Sat Technology Co. Ltd., No. 11 Lianbao Rd, Shengfeng District, Xiaolan Town, Zhongshan City, Guangdong, China – 528400",https://wsrv.nl/?url=https%3A%2F%2Fi.ibb.co%2FvCMkrhG0%2Fupsilon-09-dark-gray-default.png&output=webp&q=78
Upsilon,TSL080X,48V DC,NA,3000K, CRI>97,Φ75*H60mm,36°,12W,AJ/CG,ATAS1275/30/36/BB,R-41231258,IS 10322 (PART 5/SEC 1) : 2012,14999,"Guangdong Sat Technology Co. Ltd., No. 11 Lianbao Rd, Shengfeng District, Xiaolan Town, Zhongshan City, Guangdong, China – 528400",https://wsrv.nl/?url=https%3A%2F%2Fi.ibb.co%2FHfTrTXN9%2Fupsilon-05-ballet-blue.png&output=webp&q=78
Upsilon,TSL080X,48V DC,NA,3000K, CRI>97,Φ75*H60mm,36°,12W,AJ/CG,ATAS1275/30/36/CH,R-41231258,IS 10322 (PART 5/SEC 1) : 2012,14999,"Guangdong Sat Technology Co. Ltd., No. 11 Lianbao Rd, Shengfeng District, Xiaolan Town, Zhongshan City, Guangdong, China – 528400",https://wsrv.nl/?url=https%3A%2F%2Fi.ibb.co%2FPZ9SzqWv%2Fupsilon-01-chrome.png&output=webp&q=78
Upsilon,TSL080X,48V DC,NA,3000K, CRI>97,Φ75*H60mm,36°,12W,AJ/CG,ATAS1275/30/36/CHB,R-41231258,IS 10322 (PART 5/SEC 1) : 2012,14999,"Guangdong Sat Technology Co. Ltd., No. 11 Lianbao Rd, Shengfeng District, Xiaolan Town, Zhongshan City, Guangdong, China – 528400",https://wsrv.nl/?url=https%3A%2F%2Fi.ibb.co%2FHfNf9pmj%2Fupsilon-02-chrome-black.png&output=webp&q=78
Upsilon,TSL080X,48V DC,NA,3500K, CRI>97,Φ75*H60mm,36°,12W,AJ/CG,ATAS1275/35/36/W,R-41231258,IS 10322 (PART 5/SEC 1) : 2012,13999,"Guangdong Sat Technology Co. Ltd., No. 11 Lianbao Rd, Shengfeng District, Xiaolan Town, Zhongshan City, Guangdong, China – 528400",https://wsrv.nl/?url=https%3A%2F%2Fi.ibb.co%2FJRzcZJzz%2Fupsilon-05-white-2.png&output=webp&q=78
Upsilon,TSL080X,48V DC,NA,3500K, CRI>97,Φ75*H60mm,36°,12W,AJ/CG,ATAS1275/35/36/B,R-41231258,IS 10322 (PART 5/SEC 1) : 2012,13999,"Guangdong Sat Technology Co. Ltd., No. 11 Lianbao Rd, Shengfeng District, Xiaolan Town, Zhongshan City, Guangdong, China – 528400",https://wsrv.nl/?url=https%3A%2F%2Fi.ibb.co%2F20WQWpwx%2Fupsilon-03-mat-black-default.png&output=webp&q=78
Upsilon,TSL080X,48V DC,NA,3500K, CRI>97,Φ75*H60mm,36°,12W,AJ/CG,ATAS1275/35/36/CG,R-41231258,IS 10322 (PART 5/SEC 1) : 2012,14999,"Guangdong Sat Technology Co. Ltd., No. 11 Lianbao Rd, Shengfeng District, Xiaolan Town, Zhongshan City, Guangdong, China – 528400",https://wsrv.nl/?url=https%3A%2F%2Fi.ibb.co%2FmVR6TTRx%2Fupsilon-04-champeing-gold.png&output=webp&q=78
Upsilon,TSL080X,48V DC,NA,3500K, CRI>97,Φ75*H60mm,36°,12W,AJ/CG,ATAS1275/35/36/RG,R-41231258,IS 10322 (PART 5/SEC 1) : 2012,14999,"Guangdong Sat Technology Co. Ltd., No. 11 Lianbao Rd, Shengfeng District, Xiaolan Town, Zhongshan City, Guangdong, China – 528400",https://wsrv.nl/?url=https%3A%2F%2Fi.ibb.co%2F0pkKbYC7%2Fupsilon-08-rose-gold.png&output=webp&q=78
Upsilon,TSL080X,48V DC,NA,3500K, CRI>97,Φ75*H60mm,36°,12W,AJ/CG,ATAS1275/35/36/BR,R-41231258,IS 10322 (PART 5/SEC 1) : 2012,14999,"Guangdong Sat Technology Co. Ltd., No. 11 Lianbao Rd, Shengfeng District, Xiaolan Town, Zhongshan City, Guangdong, China – 528400",https://wsrv.nl/?url=https%3A%2F%2Fi.ibb.co%2FBH9n410X%2Fupsilon-10-brown.png&output=webp&q=78
Upsilon,TSL080X,48V DC,NA,3500K, CRI>97,Φ75*H60mm,36°,12W,AJ/CG,ATAS1275/35/36/COF,R-41231258,IS 10322 (PART 5/SEC 1) : 2012,14999,"Guangdong Sat Technology Co. Ltd., No. 11 Lianbao Rd, Shengfeng District, Xiaolan Town, Zhongshan City, Guangdong, China – 528400",https://wsrv.nl/?url=https%3A%2F%2Fi.ibb.co%2FHfdrbWd4%2Fupsilon-07-coffee.png&output=webp&q=78
Upsilon,TSL080X,48V DC,NA,3500K, CRI>97,Φ75*H60mm,36°,12W,AJ/CG,ATAS1275/35/36/DGR,R-41231258,IS 10322 (PART 5/SEC 1) : 2012,14999,"Guangdong Sat Technology Co. Ltd., No. 11 Lianbao Rd, Shengfeng District, Xiaolan Town, Zhongshan City, Guangdong, China – 528400",https://wsrv.nl/?url=https%3A%2F%2Fi.ibb.co%2FvCMkrhG0%2Fupsilon-09-dark-gray-default.png&output=webp&q=78
Upsilon,TSL080X,48V DC,NA,3500K, CRI>97,Φ75*H60mm,36°,12W,AJ/CG,ATAS1275/35/36/BB,R-41231258,IS 10322 (PART 5/SEC 1) : 2012,14999,"Guangdong Sat Technology Co. Ltd., No. 11 Lianbao Rd, Shengfeng District, Xiaolan Town, Zhongshan City, Guangdong, China – 528400",https://wsrv.nl/?url=https%3A%2F%2Fi.ibb.co%2FHfTrTXN9%2Fupsilon-05-ballet-blue.png&output=webp&q=78
Upsilon,TSL080X,48V DC,NA,3500K, CRI>97,Φ75*H60mm,36°,12W,AJ/CG,ATAS1275/35/36/CH,R-41231258,IS 10322 (PART 5/SEC 1) : 2012,14999,"Guangdong Sat Technology Co. Ltd., No. 11 Lianbao Rd, Shengfeng District, Xiaolan Town, Zhongshan City, Guangdong, China – 528400",https://wsrv.nl/?url=https%3A%2F%2Fi.ibb.co%2FPZ9SzqWv%2Fupsilon-01-chrome.png&output=webp&q=78
Upsilon,TSL080X,48V DC,NA,3500K, CRI>97,Φ75*H60mm,36°,12W,AJ/CG,ATAS1275/35/36/CHB,R-41231258,IS 10322 (PART 5/SEC 1) : 2012,14999,"Guangdong Sat Technology Co. Ltd., No. 11 Lianbao Rd, Shengfeng District, Xiaolan Town, Zhongshan City, Guangdong, China – 528400",https://wsrv.nl/?url=https%3A%2F%2Fi.ibb.co%2FHfNf9pmj%2Fupsilon-02-chrome-black.png&output=webp&q=78
Upsilon,TSL080X,48V DC,NA,4000K, CRI>97,Φ75*H60mm,36°,12W,AJ/CG,ATAS1275/40/36/W,R-41231258,IS 10322 (PART 5/SEC 1) : 2012,13999,"Guangdong Sat Technology Co. Ltd., No. 11 Lianbao Rd, Shengfeng District, Xiaolan Town, Zhongshan City, Guangdong, China – 528400",https://wsrv.nl/?url=https%3A%2F%2Fi.ibb.co%2FJRzcZJzz%2Fupsilon-05-white-2.png&output=webp&q=78
Upsilon,TSL080X,48V DC,NA,4000K, CRI>97,Φ75*H60mm,36°,12W,AJ/CG,ATAS1275/40/36/B,R-41231258,IS 10322 (PART 5/SEC 1) : 2012,13999,"Guangdong Sat Technology Co. Ltd., No. 11 Lianbao Rd, Shengfeng District, Xiaolan Town, Zhongshan City, Guangdong, China – 528400",https://wsrv.nl/?url=https%3A%2F%2Fi.ibb.co%2F20WQWpwx%2Fupsilon-03-mat-black-default.png&output=webp&q=78
Upsilon,TSL080X,48V DC,NA,4000K, CRI>97,Φ75*H60mm,36°,12W,AJ/CG,ATAS1275/40/36/CG,R-41231258,IS 10322 (PART 5/SEC 1) : 2012,14999,"Guangdong Sat Technology Co. Ltd., No. 11 Lianbao Rd, Shengfeng District, Xiaolan Town, Zhongshan City, Guangdong, China – 528400",https://wsrv.nl/?url=https%3A%2F%2Fi.ibb.co%2FmVR6TTRx%2Fupsilon-04-champeing-gold.png&output=webp&q=78
Upsilon,TSL080X,48V DC,NA,4000K, CRI>97,Φ75*H60mm,36°,12W,AJ/CG,ATAS1275/40/36/RG,R-41231258,IS 10322 (PART 5/SEC 1) : 2012,14999,"Guangdong Sat Technology Co. Ltd., No. 11 Lianbao Rd, Shengfeng District, Xiaolan Town, Zhongshan City, Guangdong, China – 528400",https://wsrv.nl/?url=https%3A%2F%2Fi.ibb.co%2F0pkKbYC7%2Fupsilon-08-rose-gold.png&output=webp&q=78
Upsilon,TSL080X,48V DC,NA,4000K, CRI>97,Φ75*H60mm,36°,12W,AJ/CG,ATAS1275/40/36/BR,R-41231258,IS 10322 (PART 5/SEC 1) : 2012,14999,"Guangdong Sat Technology Co. Ltd., No. 11 Lianbao Rd, Shengfeng District, Xiaolan Town, Zhongshan City, Guangdong, China – 528400",https://wsrv.nl/?url=https%3A%2F%2Fi.ibb.co%2FBH9n410X%2Fupsilon-10-brown.png&output=webp&q=78
Upsilon,TSL080X,48V DC,NA,4000K, CRI>97,Φ75*H60mm,36°,12W,AJ/CG,ATAS1275/40/36/COF,R-41231258,IS 10322 (PART 5/SEC 1) : 2012,14999,"Guangdong Sat Technology Co. Ltd., No. 11 Lianbao Rd, Shengfeng District, Xiaolan Town, Zhongshan City, Guangdong, China – 528400",https://wsrv.nl/?url=https%3A%2F%2Fi.ibb.co%2FHfdrbWd4%2Fupsilon-07-coffee.png&output=webp&q=78
Upsilon,TSL080X,48V DC,NA,4000K, CRI>97,Φ75*H60mm,36°,12W,AJ/CG,ATAS1275/40/36/DGR,R-41231258,IS 10322 (PART 5/SEC 1) : 2012,14999,"Guangdong Sat Technology Co. Ltd., No. 11 Lianbao Rd, Shengfeng District, Xiaolan Town, Zhongshan City, Guangdong, China – 528400",https://wsrv.nl/?url=https%3A%2F%2Fi.ibb.co%2FvCMkrhG0%2Fupsilon-09-dark-gray-default.png&output=webp&q=78
Upsilon,TSL080X,48V DC,NA,4000K, CRI>97,Φ75*H60mm,36°,12W,AJ/CG,ATAS1275/40/36/BB,R-41231258,IS 10322 (PART 5/SEC 1) : 2012,14999,"Guangdong Sat Technology Co. Ltd., No. 11 Lianbao Rd, Shengfeng District, Xiaolan Town, Zhongshan City, Guangdong, China – 528400",https://wsrv.nl/?url=https%3A%2F%2Fi.ibb.co%2FHfTrTXN9%2Fupsilon-05-ballet-blue.png&output=webp&q=78
Upsilon,TSL080X,48V DC,NA,4000K, CRI>97,Φ75*H60mm,36°,12W,AJ/CG,ATAS1275/40/36/CH,R-41231258,IS 10322 (PART 5/SEC 1) : 2012,14999,"Guangdong Sat Technology Co. Ltd., No. 11 Lianbao Rd, Shengfeng District, Xiaolan Town, Zhongshan City, Guangdong, China – 528400",https://wsrv.nl/?url=https%3A%2F%2Fi.ibb.co%2FPZ9SzqWv%2Fupsilon-01-chrome.png&output=webp&q=78
Upsilon,TSL080X,48V DC,NA,4000K, CRI>97,Φ75*H60mm,36°,12W,AJ/CG,ATAS1275/40/36/CHB,R-41231258,IS 10322 (PART 5/SEC 1) : 2012,14999,"Guangdong Sat Technology Co. Ltd., No. 11 Lianbao Rd, Shengfeng District, Xiaolan Town, Zhongshan City, Guangdong, China – 528400",https://wsrv.nl/?url=https%3A%2F%2Fi.ibb.co%2FHfNf9pmj%2Fupsilon-02-chrome-black.png&output=webp&q=78
Upsilon,TSL080X,48V DC,NA,5000K, CRI>97,Φ75*H60mm,36°,12W,AJ/CG,ATAS1275/50/36/W,R-41231258,IS 10322 (PART 5/SEC 1) : 2012,13999,"Guangdong Sat Technology Co. Ltd., No. 11 Lianbao Rd, Shengfeng District, Xiaolan Town, Zhongshan City, Guangdong, China – 528400",https://wsrv.nl/?url=https%3A%2F%2Fi.ibb.co%2FJRzcZJzz%2Fupsilon-05-white-2.png&output=webp&q=78
Upsilon,TSL080X,48V DC,NA,5000K, CRI>97,Φ75*H60mm,36°,12W,AJ/CG,ATAS1275/50/36/B,R-41231258,IS 10322 (PART 5/SEC 1) : 2012,13999,"Guangdong Sat Technology Co. Ltd., No. 11 Lianbao Rd, Shengfeng District, Xiaolan Town, Zhongshan City, Guangdong, China – 528400",https://wsrv.nl/?url=https%3A%2F%2Fi.ibb.co%2F20WQWpwx%2Fupsilon-03-mat-black-default.png&output=webp&q=78
Upsilon,TSL080X,48V DC,NA,5000K, CRI>97,Φ75*H60mm,36°,12W,AJ/CG,ATAS1275/50/36/CG,R-41231258,IS 10322 (PART 5/SEC 1) : 2012,14999,"Guangdong Sat Technology Co. Ltd., No. 11 Lianbao Rd, Shengfeng District, Xiaolan Town, Zhongshan City, Guangdong, China – 528400",https://wsrv.nl/?url=https%3A%2F%2Fi.ibb.co%2FmVR6TTRx%2Fupsilon-04-champeing-gold.png&output=webp&q=78
Upsilon,TSL080X,48V DC,NA,5000K, CRI>97,Φ75*H60mm,36°,12W,AJ/CG,ATAS1275/50/36/RG,R-41231258,IS 10322 (PART 5/SEC 1) : 2012,14999,"Guangdong Sat Technology Co. Ltd., No. 11 Lianbao Rd, Shengfeng District, Xiaolan Town, Zhongshan City, Guangdong, China – 528400",https://wsrv.nl/?url=https%3A%2F%2Fi.ibb.co%2F0pkKbYC7%2Fupsilon-08-rose-gold.png&output=webp&q=78
Upsilon,TSL080X,48V DC,NA,5000K, CRI>97,Φ75*H60mm,36°,12W,AJ/CG,ATAS1275/50/36/BR,R-41231258,IS 10322 (PART 5/SEC 1) : 2012,14999,"Guangdong Sat Technology Co. Ltd., No. 11 Lianbao Rd, Shengfeng District, Xiaolan Town, Zhongshan City, Guangdong, China – 528400",https://wsrv.nl/?url=https%3A%2F%2Fi.ibb.co%2FBH9n410X%2Fupsilon-10-brown.png&output=webp&q=78
Upsilon,TSL080X,48V DC,NA,5000K, CRI>97,Φ75*H60mm,36°,12W,AJ/CG,ATAS1275/50/36/COF,R-41231258,IS 10322 (PART 5/SEC 1) : 2012,14999,"Guangdong Sat Technology Co. Ltd., No. 11 Lianbao Rd, Shengfeng District, Xiaolan Town, Zhongshan City, Guangdong, China – 528400",https://wsrv.nl/?url=https%3A%2F%2Fi.ibb.co%2FHfdrbWd4%2Fupsilon-07-coffee.png&output=webp&q=78
Upsilon,TSL080X,48V DC,NA,5000K, CRI>97,Φ75*H60mm,36°,12W,AJ/CG,ATAS1275/50/36/DGR,R-41231258,IS 10322 (PART 5/SEC 1) : 2012,14999,"Guangdong Sat Technology Co. Ltd., No. 11 Lianbao Rd, Shengfeng District, Xiaolan Town, Zhongshan City, Guangdong, China – 528400",https://wsrv.nl/?url=https%3A%2F%2Fi.ibb.co%2FvCMkrhG0%2Fupsilon-09-dark-gray-default.png&output=webp&q=78
Upsilon,TSL080X,48V DC,NA,5000K, CRI>97,Φ75*H60mm,36°,12W,AJ/CG,ATAS1275/50/36/BB,R-41231258,IS 10322 (PART 5/SEC 1) : 2012,14999,"Guangdong Sat Technology Co. Ltd., No. 11 Lianbao Rd, Shengfeng District, Xiaolan Town, Zhongshan City, Guangdong, China – 528400",https://wsrv.nl/?url=https%3A%2F%2Fi.ibb.co%2FHfTrTXN9%2Fupsilon-05-ballet-blue.png&output=webp&q=78
Upsilon,TSL080X,48V DC,NA,5000K, CRI>97,Φ75*H60mm,36°,12W,AJ/CG,ATAS1275/50/36/CH,R-41231258,IS 10322 (PART 5/SEC 1) : 2012,14999,"Guangdong Sat Technology Co. Ltd., No. 11 Lianbao Rd, Shengfeng District, Xiaolan Town, Zhongshan City, Guangdong, China – 528400",https://wsrv.nl/?url=https%3A%2F%2Fi.ibb.co%2FPZ9SzqWv%2Fupsilon-01-chrome.png&output=webp&q=78
Upsilon,TSL080X,48V DC,NA,5000K, CRI>97,Φ75*H60mm,36°,12W,AJ/CG,ATAS1275/50/36/CHB,R-41231258,IS 10322 (PART 5/SEC 1) : 2012,14999,"Guangdong Sat Technology Co. Ltd., No. 11 Lianbao Rd, Shengfeng District, Xiaolan Town, Zhongshan City, Guangdong, China – 528400",https://wsrv.nl/?url=https%3A%2F%2Fi.ibb.co%2FHfNf9pmj%2Fupsilon-02-chrome-black.png&output=webp&q=78
Upsilon Tunable,TSL080X,48V DC,NA,2700K~6500K, CRI>97,Φ75*H60mm,15°,12W,AJ/CG,ATAS1275/CT/15/W,R-41231258,IS 10322 (PART 5/SEC 1) : 2012,15199,"Guangdong Sat Technology Co. Ltd., No. 11 Lianbao Rd, Shengfeng District, Xiaolan Town, Zhongshan City, Guangdong, China – 528400",https://wsrv.nl/?url=https%3A%2F%2Fi.ibb.co%2FJRzcZJzz%2Fupsilon-05-white-2.png&output=webp&q=78
Upsilon Tunable,TSL080X,48V DC,NA,2700K~6500K, CRI>97,Φ75*H60mm,15°,12W,AJ/CG,ATAS1275/CT/15/B,R-41231258,IS 10322 (PART 5/SEC 1) : 2012,15199,"Guangdong Sat Technology Co. Ltd., No. 11 Lianbao Rd, Shengfeng District, Xiaolan Town, Zhongshan City, Guangdong, China – 528400",https://wsrv.nl/?url=https%3A%2F%2Fi.ibb.co%2F20WQWpwx%2Fupsilon-03-mat-black-default.png&output=webp&q=78
Upsilon Tunable,TSL080X,48V DC,NA,2700K~6500K, CRI>97,Φ75*H60mm,15°,12W,AJ/CG,ATAS1275/CT/15/CG,R-41231258,IS 10322 (PART 5/SEC 1) : 2012,16199,"Guangdong Sat Technology Co. Ltd., No. 11 Lianbao Rd, Shengfeng District, Xiaolan Town, Zhongshan City, Guangdong, China – 528400",https://wsrv.nl/?url=https%3A%2F%2Fi.ibb.co%2FmVR6TTRx%2Fupsilon-04-champeing-gold.png&output=webp&q=78
Upsilon Tunable,TSL080X,48V DC,NA,2700K~6500K, CRI>97,Φ75*H60mm,15°,12W,AJ/CG,ATAS1275/CT/15/RG,R-41231258,IS 10322 (PART 5/SEC 1) : 2012,16199,"Guangdong Sat Technology Co. Ltd., No. 11 Lianbao Rd, Shengfeng District, Xiaolan Town, Zhongshan City, Guangdong, China – 528400",https://wsrv.nl/?url=https%3A%2F%2Fi.ibb.co%2F0pkKbYC7%2Fupsilon-08-rose-gold.png&output=webp&q=78
Upsilon Tunable,TSL080X,48V DC,NA,2700K~6500K, CRI>97,Φ75*H60mm,15°,12W,AJ/CG,ATAS1275/CT/15/BR,R-41231258,IS 10322 (PART 5/SEC 1) : 2012,16199,"Guangdong Sat Technology Co. Ltd., No. 11 Lianbao Rd, Shengfeng District, Xiaolan Town, Zhongshan City, Guangdong, China – 528400",https://wsrv.nl/?url=https%3A%2F%2Fi.ibb.co%2FBH9n410X%2Fupsilon-10-brown.png&output=webp&q=78
Upsilon Tunable,TSL080X,48V DC,NA,2700K~6500K, CRI>97,Φ75*H60mm,15°,12W,AJ/CG,ATAS1275/CT/15/COF,R-41231258,IS 10322 (PART 5/SEC 1) : 2012,16199,"Guangdong Sat Technology Co. Ltd., No. 11 Lianbao Rd, Shengfeng District, Xiaolan Town, Zhongshan City, Guangdong, China – 528400",https://wsrv.nl/?url=https%3A%2F%2Fi.ibb.co%2FHfdrbWd4%2Fupsilon-07-coffee.png&output=webp&q=78
Upsilon Tunable,TSL080X,48V DC,NA,2700K~6500K, CRI>97,Φ75*H60mm,15°,12W,AJ/CG,ATAS1275/CT/15/DGR,R-41231258,IS 10322 (PART 5/SEC 1) : 2012,16199,"Guangdong Sat Technology Co. Ltd., No. 11 Lianbao Rd, Shengfeng District, Xiaolan Town, Zhongshan City, Guangdong, China – 528400",https://wsrv.nl/?url=https%3A%2F%2Fi.ibb.co%2FvCMkrhG0%2Fupsilon-09-dark-gray-default.png&output=webp&q=78
Upsilon Tunable,TSL080X,48V DC,NA,2700K~6500K, CRI>97,Φ75*H60mm,15°,12W,AJ/CG,ATAS1275/CT/15/BB,R-41231258,IS 10322 (PART 5/SEC 1) : 2012,16199,"Guangdong Sat Technology Co. Ltd., No. 11 Lianbao Rd, Shengfeng District, Xiaolan Town, Zhongshan City, Guangdong, China – 528400",https://wsrv.nl/?url=https%3A%2F%2Fi.ibb.co%2FHfTrTXN9%2Fupsilon-05-ballet-blue.png&output=webp&q=78
Upsilon Tunable,TSL080X,48V DC,NA,2700K~6500K, CRI>97,Φ75*H60mm,15°,12W,AJ/CG,ATAS1275/CT/15/CH,R-41231258,IS 10322 (PART 5/SEC 1) : 2012,16199,"Guangdong Sat Technology Co. Ltd., No. 11 Lianbao Rd, Shengfeng District, Xiaolan Town, Zhongshan City, Guangdong, China – 528400",https://wsrv.nl/?url=https%3A%2F%2Fi.ibb.co%2FPZ9SzqWv%2Fupsilon-01-chrome.png&output=webp&q=78
Upsilon Tunable,TSL080X,48V DC,NA,2700K~6500K, CRI>97,Φ75*H60mm,15°,12W,AJ/CG,ATAS1275/CT/15/CHB,R-41231258,IS 10322 (PART 5/SEC 1) : 2012,16199,"Guangdong Sat Technology Co. Ltd., No. 11 Lianbao Rd, Shengfeng District, Xiaolan Town, Zhongshan City, Guangdong, China – 528400",https://wsrv.nl/?url=https%3A%2F%2Fi.ibb.co%2FHfNf9pmj%2Fupsilon-02-chrome-black.png&output=webp&q=78
Upsilon Tunable,TSL080X,48V DC,NA,2700K~6500K, CRI>97,Φ75*H60mm,24°,12W,AJ/CG,ATAS1275/CT/24/W,R-41231258,IS 10322 (PART 5/SEC 1) : 2012,15199,"Guangdong Sat Technology Co. Ltd., No. 11 Lianbao Rd, Shengfeng District, Xiaolan Town, Zhongshan City, Guangdong, China – 528400",https://wsrv.nl/?url=https%3A%2F%2Fi.ibb.co%2FJRzcZJzz%2Fupsilon-05-white-2.png&output=webp&q=78
Upsilon Tunable,TSL080X,48V DC,NA,2700K~6500K, CRI>97,Φ75*H60mm,24°,12W,AJ/CG,ATAS1275/CT/24/B,R-41231258,IS 10322 (PART 5/SEC 1) : 2012,15199,"Guangdong Sat Technology Co. Ltd., No. 11 Lianbao Rd, Shengfeng District, Xiaolan Town, Zhongshan City, Guangdong, China – 528400",https://wsrv.nl/?url=https%3A%2F%2Fi.ibb.co%2F20WQWpwx%2Fupsilon-03-mat-black-default.png&output=webp&q=78
Upsilon Tunable,TSL080X,48V DC,NA,2700K~6500K, CRI>97,Φ75*H60mm,24°,12W,AJ/CG,ATAS1275/CT/24/CG,R-41231258,IS 10322 (PART 5/SEC 1) : 2012,16199,"Guangdong Sat Technology Co. Ltd., No. 11 Lianbao Rd, Shengfeng District, Xiaolan Town, Zhongshan City, Guangdong, China – 528400",https://wsrv.nl/?url=https%3A%2F%2Fi.ibb.co%2FmVR6TTRx%2Fupsilon-04-champeing-gold.png&output=webp&q=78
Upsilon Tunable,TSL080X,48V DC,NA,2700K~6500K, CRI>97,Φ75*H60mm,24°,12W,AJ/CG,ATAS1275/CT/24/RG,R-41231258,IS 10322 (PART 5/SEC 1) : 2012,16199,"Guangdong Sat Technology Co. Ltd., No. 11 Lianbao Rd, Shengfeng District, Xiaolan Town, Zhongshan City, Guangdong, China – 528400",https://wsrv.nl/?url=https%3A%2F%2Fi.ibb.co%2F0pkKbYC7%2Fupsilon-08-rose-gold.png&output=webp&q=78
Upsilon Tunable,TSL080X,48V DC,NA,2700K~6500K, CRI>97,Φ75*H60mm,24°,12W,AJ/CG,ATAS1275/CT/24/BR,R-41231258,IS 10322 (PART 5/SEC 1) : 2012,16199,"Guangdong Sat Technology Co. Ltd., No. 11 Lianbao Rd, Shengfeng District, Xiaolan Town, Zhongshan City, Guangdong, China – 528400",https://wsrv.nl/?url=https%3A%2F%2Fi.ibb.co%2FBH9n410X%2Fupsilon-10-brown.png&output=webp&q=78
Upsilon Tunable,TSL080X,48V DC,NA,2700K~6500K, CRI>97,Φ75*H60mm,24°,12W,AJ/CG,ATAS1275/CT/24/COF,R-41231258,IS 10322 (PART 5/SEC 1) : 2012,16199,"Guangdong Sat Technology Co. Ltd., No. 11 Lianbao Rd, Shengfeng District, Xiaolan Town, Zhongshan City, Guangdong, China – 528400",https://wsrv.nl/?url=https%3A%2F%2Fi.ibb.co%2FHfdrbWd4%2Fupsilon-07-coffee.png&output=webp&q=78
Upsilon Tunable,TSL080X,48V DC,NA,2700K~6500K, CRI>97,Φ75*H60mm,24°,12W,AJ/CG,ATAS1275/CT/24/DGR,R-41231258,IS 10322 (PART 5/SEC 1) : 2012,16199,"Guangdong Sat Technology Co. Ltd., No. 11 Lianbao Rd, Shengfeng District, Xiaolan Town, Zhongshan City, Guangdong, China – 528400",https://wsrv.nl/?url=https%3A%2F%2Fi.ibb.co%2FvCMkrhG0%2Fupsilon-09-dark-gray-default.png&output=webp&q=78
Upsilon Tunable,TSL080X,48V DC,NA,2700K~6500K, CRI>97,Φ75*H60mm,24°,12W,AJ/CG,ATAS1275/CT/24/BB,R-41231258,IS 10322 (PART 5/SEC 1) : 2012,16199,"Guangdong Sat Technology Co. Ltd., No. 11 Lianbao Rd, Shengfeng District, Xiaolan Town, Zhongshan City, Guangdong, China – 528400",https://wsrv.nl/?url=https%3A%2F%2Fi.ibb.co%2FHfTrTXN9%2Fupsilon-05-ballet-blue.png&output=webp&q=78
Upsilon Tunable,TSL080X,48V DC,NA,2700K~6500K, CRI>97,Φ75*H60mm,24°,12W,AJ/CG,ATAS1275/CT/24/CH,R-41231258,IS 10322 (PART 5/SEC 1) : 2012,16199,"Guangdong Sat Technology Co. Ltd., No. 11 Lianbao Rd, Shengfeng District, Xiaolan Town, Zhongshan City, Guangdong, China – 528400",https://wsrv.nl/?url=https%3A%2F%2Fi.ibb.co%2FPZ9SzqWv%2Fupsilon-01-chrome.png&output=webp&q=78
Upsilon Tunable,TSL080X,48V DC,NA,2700K~6500K, CRI>97,Φ75*H60mm,24°,12W,AJ/CG,ATAS1275/CT/24/CHB,R-41231258,IS 10322 (PART 5/SEC 1) : 2012,16199,"Guangdong Sat Technology Co. Ltd., No. 11 Lianbao Rd, Shengfeng District, Xiaolan Town, Zhongshan City, Guangdong, China – 528400",https://wsrv.nl/?url=https%3A%2F%2Fi.ibb.co%2FHfNf9pmj%2Fupsilon-02-chrome-black.png&output=webp&q=78
Upsilon Tunable,TSL080X,48V DC,NA,2700K~6500K, CRI>97,Φ75*H60mm,36°,12W,AJ/CG,ATAS1275/CT/36/W,R-41231258,IS 10322 (PART 5/SEC 1) : 2012,15199,"Guangdong Sat Technology Co. Ltd., No. 11 Lianbao Rd, Shengfeng District, Xiaolan Town, Zhongshan City, Guangdong, China – 528400",https://wsrv.nl/?url=https%3A%2F%2Fi.ibb.co%2FJRzcZJzz%2Fupsilon-05-white-2.png&output=webp&q=78
Upsilon Tunable,TSL080X,48V DC,NA,2700K~6500K, CRI>97,Φ75*H60mm,36°,12W,AJ/CG,ATAS1275/CT/36/B,R-41231258,IS 10322 (PART 5/SEC 1) : 2012,15199,"Guangdong Sat Technology Co. Ltd., No. 11 Lianbao Rd, Shengfeng District, Xiaolan Town, Zhongshan City, Guangdong, China – 528400",https://wsrv.nl/?url=https%3A%2F%2Fi.ibb.co%2F20WQWpwx%2Fupsilon-03-mat-black-default.png&output=webp&q=78
Upsilon Tunable,TSL080X,48V DC,NA,2700K~6500K, CRI>97,Φ75*H60mm,36°,12W,AJ/CG,ATAS1275/CT/36/CG,R-41231258,IS 10322 (PART 5/SEC 1) : 2012,16199,"Guangdong Sat Technology Co. Ltd., No. 11 Lianbao Rd, Shengfeng District, Xiaolan Town, Zhongshan City, Guangdong, China – 528400",https://wsrv.nl/?url=https%3A%2F%2Fi.ibb.co%2FmVR6TTRx%2Fupsilon-04-champeing-gold.png&output=webp&q=78
Upsilon Tunable,TSL080X,48V DC,NA,2700K~6500K, CRI>97,Φ75*H60mm,36°,12W,AJ/CG,ATAS1275/CT/36/RG,R-41231258,IS 10322 (PART 5/SEC 1) : 2012,16199,"Guangdong Sat Technology Co. Ltd., No. 11 Lianbao Rd, Shengfeng District, Xiaolan Town, Zhongshan City, Guangdong, China – 528400",https://wsrv.nl/?url=https%3A%2F%2Fi.ibb.co%2F0pkKbYC7%2Fupsilon-08-rose-gold.png&output=webp&q=78
Upsilon Tunable,TSL080X,48V DC,NA,2700K~6500K, CRI>97,Φ75*H60mm,36°,12W,AJ/CG,ATAS1275/CT/36/BR,R-41231258,IS 10322 (PART 5/SEC 1) : 2012,16199,"Guangdong Sat Technology Co. Ltd., No. 11 Lianbao Rd, Shengfeng District, Xiaolan Town, Zhongshan City, Guangdong, China – 528400",https://wsrv.nl/?url=https%3A%2F%2Fi.ibb.co%2FBH9n410X%2Fupsilon-10-brown.png&output=webp&q=78
Upsilon Tunable,TSL080X,48V DC,NA,2700K~6500K, CRI>97,Φ75*H60mm,36°,12W,AJ/CG,ATAS1275/CT/36/COF,R-41231258,IS 10322 (PART 5/SEC 1) : 2012,16199,"Guangdong Sat Technology Co. Ltd., No. 11 Lianbao Rd, Shengfeng District, Xiaolan Town, Zhongshan City, Guangdong, China – 528400",https://wsrv.nl/?url=https%3A%2F%2Fi.ibb.co%2FHfdrbWd4%2Fupsilon-07-coffee.png&output=webp&q=78
Upsilon Tunable,TSL080X,48V DC,NA,2700K~6500K, CRI>97,Φ75*H60mm,36°,12W,AJ/CG,ATAS1275/CT/36/DGR,R-41231258,IS 10322 (PART 5/SEC 1) : 2012,16199,"Guangdong Sat Technology Co. Ltd., No. 11 Lianbao Rd, Shengfeng District, Xiaolan Town, Zhongshan City, Guangdong, China – 528400",https://wsrv.nl/?url=https%3A%2F%2Fi.ibb.co%2FvCMkrhG0%2Fupsilon-09-dark-gray-default.png&output=webp&q=78
Upsilon Tunable,TSL080X,48V DC,NA,2700K~6500K, CRI>97,Φ75*H60mm,36°,12W,AJ/CG,ATAS1275/CT/36/BB,R-41231258,IS 10322 (PART 5/SEC 1) : 2012,16199,"Guangdong Sat Technology Co. Ltd., No. 11 Lianbao Rd, Shengfeng District, Xiaolan Town, Zhongshan City, Guangdong, China – 528400",https://wsrv.nl/?url=https%3A%2F%2Fi.ibb.co%2FHfTrTXN9%2Fupsilon-05-ballet-blue.png&output=webp&q=78
Upsilon Tunable,TSL080X,48V DC,NA,2700K~6500K, CRI>97,Φ75*H60mm,36°,12W,AJ/CG,ATAS1275/CT/36/CH,R-41231258,IS 10322 (PART 5/SEC 1) : 2012,16199,"Guangdong Sat Technology Co. Ltd., No. 11 Lianbao Rd, Shengfeng District, Xiaolan Town, Zhongshan City, Guangdong, China – 528400",https://wsrv.nl/?url=https%3A%2F%2Fi.ibb.co%2FPZ9SzqWv%2Fupsilon-01-chrome.png&output=webp&q=78
Upsilon Tunable,TSL080X,48V DC,NA,2700K~6500K, CRI>97,Φ75*H60mm,36°,12W,AJ/CG,ATAS1275/CT/36/CHB,R-41231258,IS 10322 (PART 5/SEC 1) : 2012,16199,"Guangdong Sat Technology Co. Ltd., No. 11 Lianbao Rd, Shengfeng District, Xiaolan Town, Zhongshan City, Guangdong, China – 528400",https://wsrv.nl/?url=https%3A%2F%2Fi.ibb.co%2FHfNf9pmj%2Fupsilon-02-chrome-black.png&output=webp&q=78
Veritate,TTT050A,48V DC,NA,2700K, CRI>97,Φ214*H78mm,45°,20W,AJ/CG,ATAG2021/27/W,R-41231258,IS 10322 (PART 5/SEC 1) : 2012,16399,"Guangdong Sat Technology Co. Ltd., No. 11 Lianbao Rd, Shengfeng District, Xiaolan Town, Zhongshan City, Guangdong, China – 528400",https://wsrv.nl/?url=https%3A%2F%2Fi.ibb.co%2FWTnwj7K%2Fveritate-05-white.png&output=webp&q=78
Veritate,TTT050A,48V DC,NA,2700K, CRI>97,Φ214*H78mm,45°,20W,AJ/CG,ATAG2021/27/B,R-41231258,IS 10322 (PART 5/SEC 1) : 2012,16399,"Guangdong Sat Technology Co. Ltd., No. 11 Lianbao Rd, Shengfeng District, Xiaolan Town, Zhongshan City, Guangdong, China – 528400",https://wsrv.nl/?url=https%3A%2F%2Fi.ibb.co%2FfGCrCsqV%2Fveritate-03-mat-black-default.png&output=webp&q=78
Veritate,TTT050A,48V DC,NA,2700K, CRI>97,Φ214*H78mm,45°,20W,AJ/CG,ATAG2021/27/CG,R-41231258,IS 10322 (PART 5/SEC 1) : 2012,17399,"Guangdong Sat Technology Co. Ltd., No. 11 Lianbao Rd, Shengfeng District, Xiaolan Town, Zhongshan City, Guangdong, China – 528400",https://wsrv.nl/?url=https%3A%2F%2Fi.ibb.co%2Fkgybmzgc%2Fveritate-04-champeing-gold.png&output=webp&q=78
Veritate,TTT050A,48V DC,NA,2700K, CRI>97,Φ214*H78mm,45°,20W,AJ/CG,ATAG2021/27/RG,R-41231258,IS 10322 (PART 5/SEC 1) : 2012,17399,"Guangdong Sat Technology Co. Ltd., No. 11 Lianbao Rd, Shengfeng District, Xiaolan Town, Zhongshan City, Guangdong, China – 528400",https://wsrv.nl/?url=https%3A%2F%2Fi.ibb.co%2FNdtMvmfW%2Fveritate-08-rose-gold.png&output=webp&q=78
Veritate,TTT050A,48V DC,NA,2700K, CRI>97,Φ214*H78mm,45°,20W,AJ/CG,ATAG2021/27/BR,R-41231258,IS 10322 (PART 5/SEC 1) : 2012,17399,"Guangdong Sat Technology Co. Ltd., No. 11 Lianbao Rd, Shengfeng District, Xiaolan Town, Zhongshan City, Guangdong, China – 528400",https://wsrv.nl/?url=https%3A%2F%2Fi.ibb.co%2FmCrBWWhQ%2Fveritate-10-brown.png&output=webp&q=78
Veritate,TTT050A,48V DC,NA,2700K, CRI>97,Φ214*H78mm,45°,20W,AJ/CG,ATAG2021/27/COF,R-41231258,IS 10322 (PART 5/SEC 1) : 2012,17399,"Guangdong Sat Technology Co. Ltd., No. 11 Lianbao Rd, Shengfeng District, Xiaolan Town, Zhongshan City, Guangdong, China – 528400",https://wsrv.nl/?url=https%3A%2F%2Fi.ibb.co%2F1fxwJD14%2Fveritate-07-coffee.png&output=webp&q=78
Veritate,TTT050A,48V DC,NA,2700K, CRI>97,Φ214*H78mm,45°,20W,AJ/CG,ATAG2021/27/DGR,R-41231258,IS 10322 (PART 5/SEC 1) : 2012,17399,"Guangdong Sat Technology Co. Ltd., No. 11 Lianbao Rd, Shengfeng District, Xiaolan Town, Zhongshan City, Guangdong, China – 528400",https://wsrv.nl/?url=https%3A%2F%2Fi.ibb.co%2F1Jf7T6sr%2Fveritate-09-dark-gray-default.png&output=webp&q=78
Veritate,TTT050A,48V DC,NA,2700K, CRI>97,Φ214*H78mm,45°,20W,AJ/CG,ATAG2021/27/BB,R-41231258,IS 10322 (PART 5/SEC 1) : 2012,17399,"Guangdong Sat Technology Co. Ltd., No. 11 Lianbao Rd, Shengfeng District, Xiaolan Town, Zhongshan City, Guangdong, China – 528400",https://wsrv.nl/?url=https%3A%2F%2Fi.ibb.co%2FY4B4Cz5r%2Fveritate-06-ballet-blue.png&output=webp&q=78
Veritate,TTT050A,48V DC,NA,2700K, CRI>97,Φ214*H78mm,45°,20W,AJ/CG,ATAG2021/27/CH,R-41231258,IS 10322 (PART 5/SEC 1) : 2012,17399,"Guangdong Sat Technology Co. Ltd., No. 11 Lianbao Rd, Shengfeng District, Xiaolan Town, Zhongshan City, Guangdong, China – 528400",https://wsrv.nl/?url=https%3A%2F%2Fi.ibb.co%2F39Hzx6YP%2Fveritate-01-chrome.png&output=webp&q=78
Veritate,TTT050A,48V DC,NA,2700K, CRI>97,Φ214*H78mm,45°,20W,AJ/CG,ATAG2021/27/CHB,R-41231258,IS 10322 (PART 5/SEC 1) : 2012,17399,"Guangdong Sat Technology Co. Ltd., No. 11 Lianbao Rd, Shengfeng District, Xiaolan Town, Zhongshan City, Guangdong, China – 528400",https://wsrv.nl/?url=https%3A%2F%2Fi.ibb.co%2FpBrt22Fs%2Fveritate-02-chrome-black.png&output=webp&q=78
Veritate,TTT050A,48V DC,NA,3000K, CRI>97,Φ214*H78mm,45°,20W,AJ/CG,ATAG2021/30/W,R-41231258,IS 10322 (PART 5/SEC 1) : 2012,16399,"Guangdong Sat Technology Co. Ltd., No. 11 Lianbao Rd, Shengfeng District, Xiaolan Town, Zhongshan City, Guangdong, China – 528400",https://wsrv.nl/?url=https%3A%2F%2Fi.ibb.co%2FWTnwj7K%2Fveritate-05-white.png&output=webp&q=78
Veritate,TTT050A,48V DC,NA,3000K, CRI>97,Φ214*H78mm,45°,20W,AJ/CG,ATAG2021/30/B,R-41231258,IS 10322 (PART 5/SEC 1) : 2012,16399,"Guangdong Sat Technology Co. Ltd., No. 11 Lianbao Rd, Shengfeng District, Xiaolan Town, Zhongshan City, Guangdong, China – 528400",https://wsrv.nl/?url=https%3A%2F%2Fi.ibb.co%2FfGCrCsqV%2Fveritate-03-mat-black-default.png&output=webp&q=78
Veritate,TTT050A,48V DC,NA,3000K, CRI>97,Φ214*H78mm,45°,20W,AJ/CG,ATAG2021/30/CG,R-41231258,IS 10322 (PART 5/SEC 1) : 2012,17399,"Guangdong Sat Technology Co. Ltd., No. 11 Lianbao Rd, Shengfeng District, Xiaolan Town, Zhongshan City, Guangdong, China – 528400",https://wsrv.nl/?url=https%3A%2F%2Fi.ibb.co%2Fkgybmzgc%2Fveritate-04-champeing-gold.png&output=webp&q=78
Veritate,TTT050A,48V DC,NA,3000K, CRI>97,Φ214*H78mm,45°,20W,AJ/CG,ATAG2021/30/RG,R-41231258,IS 10322 (PART 5/SEC 1) : 2012,17399,"Guangdong Sat Technology Co. Ltd., No. 11 Lianbao Rd, Shengfeng District, Xiaolan Town, Zhongshan City, Guangdong, China – 528400",https://wsrv.nl/?url=https%3A%2F%2Fi.ibb.co%2FNdtMvmfW%2Fveritate-08-rose-gold.png&output=webp&q=78
Veritate,TTT050A,48V DC,NA,3000K, CRI>97,Φ214*H78mm,45°,20W,AJ/CG,ATAG2021/30/BR,R-41231258,IS 10322 (PART 5/SEC 1) : 2012,17399,"Guangdong Sat Technology Co. Ltd., No. 11 Lianbao Rd, Shengfeng District, Xiaolan Town, Zhongshan City, Guangdong, China – 528400",https://wsrv.nl/?url=https%3A%2F%2Fi.ibb.co%2FmCrBWWhQ%2Fveritate-10-brown.png&output=webp&q=78
Veritate,TTT050A,48V DC,NA,3000K, CRI>97,Φ214*H78mm,45°,20W,AJ/CG,ATAG2021/30/COF,R-41231258,IS 10322 (PART 5/SEC 1) : 2012,17399,"Guangdong Sat Technology Co. Ltd., No. 11 Lianbao Rd, Shengfeng District, Xiaolan Town, Zhongshan City, Guangdong, China – 528400",https://wsrv.nl/?url=https%3A%2F%2Fi.ibb.co%2F1fxwJD14%2Fveritate-07-coffee.png&output=webp&q=78
Veritate,TTT050A,48V DC,NA,3000K, CRI>97,Φ214*H78mm,45°,20W,AJ/CG,ATAG2021/30/DGR,R-41231258,IS 10322 (PART 5/SEC 1) : 2012,17399,"Guangdong Sat Technology Co. Ltd., No. 11 Lianbao Rd, Shengfeng District, Xiaolan Town, Zhongshan City, Guangdong, China – 528400",https://wsrv.nl/?url=https%3A%2F%2Fi.ibb.co%2F1Jf7T6sr%2Fveritate-09-dark-gray-default.png&output=webp&q=78
Veritate,TTT050A,48V DC,NA,3000K, CRI>97,Φ214*H78mm,45°,20W,AJ/CG,ATAG2021/30/BB,R-41231258,IS 10322 (PART 5/SEC 1) : 2012,17399,"Guangdong Sat Technology Co. Ltd., No. 11 Lianbao Rd, Shengfeng District, Xiaolan Town, Zhongshan City, Guangdong, China – 528400",https://wsrv.nl/?url=https%3A%2F%2Fi.ibb.co%2FY4B4Cz5r%2Fveritate-06-ballet-blue.png&output=webp&q=78
Veritate,TTT050A,48V DC,NA,3000K, CRI>97,Φ214*H78mm,45°,20W,AJ/CG,ATAG2021/30/CH,R-41231258,IS 10322 (PART 5/SEC 1) : 2012,17399,"Guangdong Sat Technology Co. Ltd., No. 11 Lianbao Rd, Shengfeng District, Xiaolan Town, Zhongshan City, Guangdong, China – 528400",https://wsrv.nl/?url=https%3A%2F%2Fi.ibb.co%2F39Hzx6YP%2Fveritate-01-chrome.png&output=webp&q=78
Veritate,TTT050A,48V DC,NA,3000K, CRI>97,Φ214*H78mm,45°,20W,AJ/CG,ATAG2021/30/CHB,R-41231258,IS 10322 (PART 5/SEC 1) : 2012,17399,"Guangdong Sat Technology Co. Ltd., No. 11 Lianbao Rd, Shengfeng District, Xiaolan Town, Zhongshan City, Guangdong, China – 528400",https://wsrv.nl/?url=https%3A%2F%2Fi.ibb.co%2FpBrt22Fs%2Fveritate-02-chrome-black.png&output=webp&q=78
Veritate,TTT050A,48V DC,NA,3500K, CRI>97,Φ214*H78mm,45°,20W,AJ/CG,ATAG2021/35/W,R-41231258,IS 10322 (PART 5/SEC 1) : 2012,16399,"Guangdong Sat Technology Co. Ltd., No. 11 Lianbao Rd, Shengfeng District, Xiaolan Town, Zhongshan City, Guangdong, China – 528400",https://wsrv.nl/?url=https%3A%2F%2Fi.ibb.co%2FWTnwj7K%2Fveritate-05-white.png&output=webp&q=78
Veritate,TTT050A,48V DC,NA,3500K, CRI>97,Φ214*H78mm,45°,20W,AJ/CG,ATAG2021/35/B,R-41231258,IS 10322 (PART 5/SEC 1) : 2012,16399,"Guangdong Sat Technology Co. Ltd., No. 11 Lianbao Rd, Shengfeng District, Xiaolan Town, Zhongshan City, Guangdong, China – 528400",https://wsrv.nl/?url=https%3A%2F%2Fi.ibb.co%2FfGCrCsqV%2Fveritate-03-mat-black-default.png&output=webp&q=78
Veritate,TTT050A,48V DC,NA,3500K, CRI>97,Φ214*H78mm,45°,20W,AJ/CG,ATAG2021/35/CG,R-41231258,IS 10322 (PART 5/SEC 1) : 2012,17399,"Guangdong Sat Technology Co. Ltd., No. 11 Lianbao Rd, Shengfeng District, Xiaolan Town, Zhongshan City, Guangdong, China – 528400",https://wsrv.nl/?url=https%3A%2F%2Fi.ibb.co%2Fkgybmzgc%2Fveritate-04-champeing-gold.png&output=webp&q=78
Veritate,TTT050A,48V DC,NA,3500K, CRI>97,Φ214*H78mm,45°,20W,AJ/CG,ATAG2021/35/RG,R-41231258,IS 10322 (PART 5/SEC 1) : 2012,17399,"Guangdong Sat Technology Co. Ltd., No. 11 Lianbao Rd, Shengfeng District, Xiaolan Town, Zhongshan City, Guangdong, China – 528400",https://wsrv.nl/?url=https%3A%2F%2Fi.ibb.co%2FNdtMvmfW%2Fveritate-08-rose-gold.png&output=webp&q=78
Veritate,TTT050A,48V DC,NA,3500K, CRI>97,Φ214*H78mm,45°,20W,AJ/CG,ATAG2021/35/BR,R-41231258,IS 10322 (PART 5/SEC 1) : 2012,17399,"Guangdong Sat Technology Co. Ltd., No. 11 Lianbao Rd, Shengfeng District, Xiaolan Town, Zhongshan City, Guangdong, China – 528400",https://wsrv.nl/?url=https%3A%2F%2Fi.ibb.co%2FmCrBWWhQ%2Fveritate-10-brown.png&output=webp&q=78
Veritate,TTT050A,48V DC,NA,3500K, CRI>97,Φ214*H78mm,45°,20W,AJ/CG,ATAG2021/35/COF,R-41231258,IS 10322 (PART 5/SEC 1) : 2012,17399,"Guangdong Sat Technology Co. Ltd., No. 11 Lianbao Rd, Shengfeng District, Xiaolan Town, Zhongshan City, Guangdong, China – 528400",https://wsrv.nl/?url=https%3A%2F%2Fi.ibb.co%2F1fxwJD14%2Fveritate-07-coffee.png&output=webp&q=78
Veritate,TTT050A,48V DC,NA,3500K, CRI>97,Φ214*H78mm,45°,20W,AJ/CG,ATAG2021/35/DGR,R-41231258,IS 10322 (PART 5/SEC 1) : 2012,17399,"Guangdong Sat Technology Co. Ltd., No. 11 Lianbao Rd, Shengfeng District, Xiaolan Town, Zhongshan City, Guangdong, China – 528400",https://wsrv.nl/?url=https%3A%2F%2Fi.ibb.co%2F1Jf7T6sr%2Fveritate-09-dark-gray-default.png&output=webp&q=78
Veritate,TTT050A,48V DC,NA,3500K, CRI>97,Φ214*H78mm,45°,20W,AJ/CG,ATAG2021/35/BB,R-41231258,IS 10322 (PART 5/SEC 1) : 2012,17399,"Guangdong Sat Technology Co. Ltd., No. 11 Lianbao Rd, Shengfeng District, Xiaolan Town, Zhongshan City, Guangdong, China – 528400",https://wsrv.nl/?url=https%3A%2F%2Fi.ibb.co%2FY4B4Cz5r%2Fveritate-06-ballet-blue.png&output=webp&q=78
Veritate,TTT050A,48V DC,NA,3500K, CRI>97,Φ214*H78mm,45°,20W,AJ/CG,ATAG2021/35/CH,R-41231258,IS 10322 (PART 5/SEC 1) : 2012,17399,"Guangdong Sat Technology Co. Ltd., No. 11 Lianbao Rd, Shengfeng District, Xiaolan Town, Zhongshan City, Guangdong, China – 528400",https://wsrv.nl/?url=https%3A%2F%2Fi.ibb.co%2F39Hzx6YP%2Fveritate-01-chrome.png&output=webp&q=78
Veritate,TTT050A,48V DC,NA,3500K, CRI>97,Φ214*H78mm,45°,20W,AJ/CG,ATAG2021/35/CHB,R-41231258,IS 10322 (PART 5/SEC 1) : 2012,17399,"Guangdong Sat Technology Co. Ltd., No. 11 Lianbao Rd, Shengfeng District, Xiaolan Town, Zhongshan City, Guangdong, China – 528400",https://wsrv.nl/?url=https%3A%2F%2Fi.ibb.co%2FpBrt22Fs%2Fveritate-02-chrome-black.png&output=webp&q=78
Veritate,TTT050A,48V DC,NA,4000K, CRI>97,Φ214*H78mm,45°,20W,AJ/CG,ATAG2021/40/W,R-41231258,IS 10322 (PART 5/SEC 1) : 2012,16399,"Guangdong Sat Technology Co. Ltd., No. 11 Lianbao Rd, Shengfeng District, Xiaolan Town, Zhongshan City, Guangdong, China – 528400",https://wsrv.nl/?url=https%3A%2F%2Fi.ibb.co%2FWTnwj7K%2Fveritate-05-white.png&output=webp&q=78
Veritate,TTT050A,48V DC,NA,4000K, CRI>97,Φ214*H78mm,45°,20W,AJ/CG,ATAG2021/40/B,R-41231258,IS 10322 (PART 5/SEC 1) : 2012,16399,"Guangdong Sat Technology Co. Ltd., No. 11 Lianbao Rd, Shengfeng District, Xiaolan Town, Zhongshan City, Guangdong, China – 528400",https://wsrv.nl/?url=https%3A%2F%2Fi.ibb.co%2FfGCrCsqV%2Fveritate-03-mat-black-default.png&output=webp&q=78
Veritate,TTT050A,48V DC,NA,4000K, CRI>97,Φ214*H78mm,45°,20W,AJ/CG,ATAG2021/40/CG,R-41231258,IS 10322 (PART 5/SEC 1) : 2012,17399,"Guangdong Sat Technology Co. Ltd., No. 11 Lianbao Rd, Shengfeng District, Xiaolan Town, Zhongshan City, Guangdong, China – 528400",https://wsrv.nl/?url=https%3A%2F%2Fi.ibb.co%2Fkgybmzgc%2Fveritate-04-champeing-gold.png&output=webp&q=78
Veritate,TTT050A,48V DC,NA,4000K, CRI>97,Φ214*H78mm,45°,20W,AJ/CG,ATAG2021/40/RG,R-41231258,IS 10322 (PART 5/SEC 1) : 2012,17399,"Guangdong Sat Technology Co. Ltd., No. 11 Lianbao Rd, Shengfeng District, Xiaolan Town, Zhongshan City, Guangdong, China – 528400",https://wsrv.nl/?url=https%3A%2F%2Fi.ibb.co%2FNdtMvmfW%2Fveritate-08-rose-gold.png&output=webp&q=78
Veritate,TTT050A,48V DC,NA,4000K, CRI>97,Φ214*H78mm,45°,20W,AJ/CG,ATAG2021/40/BR,R-41231258,IS 10322 (PART 5/SEC 1) : 2012,17399,"Guangdong Sat Technology Co. Ltd., No. 11 Lianbao Rd, Shengfeng District, Xiaolan Town, Zhongshan City, Guangdong, China – 528400",https://wsrv.nl/?url=https%3A%2F%2Fi.ibb.co%2FmCrBWWhQ%2Fveritate-10-brown.png&output=webp&q=78
Veritate,TTT050A,48V DC,NA,4000K, CRI>97,Φ214*H78mm,45°,20W,AJ/CG,ATAG2021/40/COF,R-41231258,IS 10322 (PART 5/SEC 1) : 2012,17399,"Guangdong Sat Technology Co. Ltd., No. 11 Lianbao Rd, Shengfeng District, Xiaolan Town, Zhongshan City, Guangdong, China – 528400",https://wsrv.nl/?url=https%3A%2F%2Fi.ibb.co%2F1fxwJD14%2Fveritate-07-coffee.png&output=webp&q=78
Veritate,TTT050A,48V DC,NA,4000K, CRI>97,Φ214*H78mm,45°,20W,AJ/CG,ATAG2021/40/DGR,R-41231258,IS 10322 (PART 5/SEC 1) : 2012,17399,"Guangdong Sat Technology Co. Ltd., No. 11 Lianbao Rd, Shengfeng District, Xiaolan Town, Zhongshan City, Guangdong, China – 528400",https://wsrv.nl/?url=https%3A%2F%2Fi.ibb.co%2F1Jf7T6sr%2Fveritate-09-dark-gray-default.png&output=webp&q=78
Veritate,TTT050A,48V DC,NA,4000K, CRI>97,Φ214*H78mm,45°,20W,AJ/CG,ATAG2021/40/BB,R-41231258,IS 10322 (PART 5/SEC 1) : 2012,17399,"Guangdong Sat Technology Co. Ltd., No. 11 Lianbao Rd, Shengfeng District, Xiaolan Town, Zhongshan City, Guangdong, China – 528400",https://wsrv.nl/?url=https%3A%2F%2Fi.ibb.co%2FY4B4Cz5r%2Fveritate-06-ballet-blue.png&output=webp&q=78
Veritate,TTT050A,48V DC,NA,4000K, CRI>97,Φ214*H78mm,45°,20W,AJ/CG,ATAG2021/40/CH,R-41231258,IS 10322 (PART 5/SEC 1) : 2012,17399,"Guangdong Sat Technology Co. Ltd., No. 11 Lianbao Rd, Shengfeng District, Xiaolan Town, Zhongshan City, Guangdong, China – 528400",https://wsrv.nl/?url=https%3A%2F%2Fi.ibb.co%2F39Hzx6YP%2Fveritate-01-chrome.png&output=webp&q=78
Veritate,TTT050A,48V DC,NA,4000K, CRI>97,Φ214*H78mm,45°,20W,AJ/CG,ATAG2021/40/CHB,R-41231258,IS 10322 (PART 5/SEC 1) : 2012,17399,"Guangdong Sat Technology Co. Ltd., No. 11 Lianbao Rd, Shengfeng District, Xiaolan Town, Zhongshan City, Guangdong, China – 528400",https://wsrv.nl/?url=https%3A%2F%2Fi.ibb.co%2FpBrt22Fs%2Fveritate-02-chrome-black.png&output=webp&q=78
Veritate,TTT050A,48V DC,NA,5000K, CRI>97,Φ214*H78mm,45°,20W,AJ/CG,ATAG2021/50/W,R-41231258,IS 10322 (PART 5/SEC 1) : 2012,16399,"Guangdong Sat Technology Co. Ltd., No. 11 Lianbao Rd, Shengfeng District, Xiaolan Town, Zhongshan City, Guangdong, China – 528400",https://wsrv.nl/?url=https%3A%2F%2Fi.ibb.co%2FWTnwj7K%2Fveritate-05-white.png&output=webp&q=78
Veritate,TTT050A,48V DC,NA,5000K, CRI>97,Φ214*H78mm,45°,20W,AJ/CG,ATAG2021/50/B,R-41231258,IS 10322 (PART 5/SEC 1) : 2012,16399,"Guangdong Sat Technology Co. Ltd., No. 11 Lianbao Rd, Shengfeng District, Xiaolan Town, Zhongshan City, Guangdong, China – 528400",https://wsrv.nl/?url=https%3A%2F%2Fi.ibb.co%2FfGCrCsqV%2Fveritate-03-mat-black-default.png&output=webp&q=78
Veritate,TTT050A,48V DC,NA,5000K, CRI>97,Φ214*H78mm,45°,20W,AJ/CG,ATAG2021/50/CG,R-41231258,IS 10322 (PART 5/SEC 1) : 2012,17399,"Guangdong Sat Technology Co. Ltd., No. 11 Lianbao Rd, Shengfeng District, Xiaolan Town, Zhongshan City, Guangdong, China – 528400",https://wsrv.nl/?url=https%3A%2F%2Fi.ibb.co%2Fkgybmzgc%2Fveritate-04-champeing-gold.png&output=webp&q=78
Veritate,TTT050A,48V DC,NA,5000K, CRI>97,Φ214*H78mm,45°,20W,AJ/CG,ATAG2021/50/RG,R-41231258,IS 10322 (PART 5/SEC 1) : 2012,17399,"Guangdong Sat Technology Co. Ltd., No. 11 Lianbao Rd, Shengfeng District, Xiaolan Town, Zhongshan City, Guangdong, China – 528400",https://wsrv.nl/?url=https%3A%2F%2Fi.ibb.co%2FNdtMvmfW%2Fveritate-08-rose-gold.png&output=webp&q=78
Veritate,TTT050A,48V DC,NA,5000K, CRI>97,Φ214*H78mm,45°,20W,AJ/CG,ATAG2021/50/BR,R-41231258,IS 10322 (PART 5/SEC 1) : 2012,17399,"Guangdong Sat Technology Co. Ltd., No. 11 Lianbao Rd, Shengfeng District, Xiaolan Town, Zhongshan City, Guangdong, China – 528400",https://wsrv.nl/?url=https%3A%2F%2Fi.ibb.co%2FmCrBWWhQ%2Fveritate-10-brown.png&output=webp&q=78
Veritate,TTT050A,48V DC,NA,5000K, CRI>97,Φ214*H78mm,45°,20W,AJ/CG,ATAG2021/50/COF,R-41231258,IS 10322 (PART 5/SEC 1) : 2012,17399,"Guangdong Sat Technology Co. Ltd., No. 11 Lianbao Rd, Shengfeng District, Xiaolan Town, Zhongshan City, Guangdong, China – 528400",https://wsrv.nl/?url=https%3A%2F%2Fi.ibb.co%2F1fxwJD14%2Fveritate-07-coffee.png&output=webp&q=78
Veritate,TTT050A,48V DC,NA,5000K, CRI>97,Φ214*H78mm,45°,20W,AJ/CG,ATAG2021/50/DGR,R-41231258,IS 10322 (PART 5/SEC 1) : 2012,17399,"Guangdong Sat Technology Co. Ltd., No. 11 Lianbao Rd, Shengfeng District, Xiaolan Town, Zhongshan City, Guangdong, China – 528400",https://wsrv.nl/?url=https%3A%2F%2Fi.ibb.co%2F1Jf7T6sr%2Fveritate-09-dark-gray-default.png&output=webp&q=78
Veritate,TTT050A,48V DC,NA,5000K, CRI>97,Φ214*H78mm,45°,20W,AJ/CG,ATAG2021/50/BB,R-41231258,IS 10322 (PART 5/SEC 1) : 2012,17399,"Guangdong Sat Technology Co. Ltd., No. 11 Lianbao Rd, Shengfeng District, Xiaolan Town, Zhongshan City, Guangdong, China – 528400",https://wsrv.nl/?url=https%3A%2F%2Fi.ibb.co%2FY4B4Cz5r%2Fveritate-06-ballet-blue.png&output=webp&q=78
Veritate,TTT050A,48V DC,NA,5000K, CRI>97,Φ214*H78mm,45°,20W,AJ/CG,ATAG2021/50/CH,R-41231258,IS 10322 (PART 5/SEC 1) : 2012,17399,"Guangdong Sat Technology Co. Ltd., No. 11 Lianbao Rd, Shengfeng District, Xiaolan Town, Zhongshan City, Guangdong, China – 528400",https://wsrv.nl/?url=https%3A%2F%2Fi.ibb.co%2F39Hzx6YP%2Fveritate-01-chrome.png&output=webp&q=78
Veritate,TTT050A,48V DC,NA,5000K, CRI>97,Φ214*H78mm,45°,20W,AJ/CG,ATAG2021/50/CHB,R-41231258,IS 10322 (PART 5/SEC 1) : 2012,17399,"Guangdong Sat Technology Co. Ltd., No. 11 Lianbao Rd, Shengfeng District, Xiaolan Town, Zhongshan City, Guangdong, China – 528400",https://wsrv.nl/?url=https%3A%2F%2Fi.ibb.co%2FpBrt22Fs%2Fveritate-02-chrome-black.png&output=webp&q=78
Veritate Tunable,TTT050A,48V DC,NA,2700K~6500K, CRI>97,Φ214*H78mm,45°,20W,AJ/CG,ATAG2021/CT/W,R-41231258,IS 10322 (PART 5/SEC 1) : 2012,17599,"Guangdong Sat Technology Co. Ltd., No. 11 Lianbao Rd, Shengfeng District, Xiaolan Town, Zhongshan City, Guangdong, China – 528400",https://wsrv.nl/?url=https%3A%2F%2Fi.ibb.co%2FWTnwj7K%2Fveritate-05-white.png&output=webp&q=78
Veritate Tunable,TTT050A,48V DC,NA,2700K~6500K, CRI>97,Φ214*H78mm,45°,20W,AJ/CG,ATAG2021/CT/B,R-41231258,IS 10322 (PART 5/SEC 1) : 2012,17599,"Guangdong Sat Technology Co. Ltd., No. 11 Lianbao Rd, Shengfeng District, Xiaolan Town, Zhongshan City, Guangdong, China – 528400",https://wsrv.nl/?url=https%3A%2F%2Fi.ibb.co%2FfGCrCsqV%2Fveritate-03-mat-black-default.png&output=webp&q=78
Veritate Tunable,TTT050A,48V DC,NA,2700K~6500K, CRI>97,Φ214*H78mm,45°,20W,AJ/CG,ATAG2021/CT/CG,R-41231258,IS 10322 (PART 5/SEC 1) : 2012,18599,"Guangdong Sat Technology Co. Ltd., No. 11 Lianbao Rd, Shengfeng District, Xiaolan Town, Zhongshan City, Guangdong, China – 528400",https://wsrv.nl/?url=https%3A%2F%2Fi.ibb.co%2Fkgybmzgc%2Fveritate-04-champeing-gold.png&output=webp&q=78
Veritate Tunable,TTT050A,48V DC,NA,2700K~6500K, CRI>97,Φ214*H78mm,45°,20W,AJ/CG,ATAG2021/CT/RG,R-41231258,IS 10322 (PART 5/SEC 1) : 2012,18599,"Guangdong Sat Technology Co. Ltd., No. 11 Lianbao Rd, Shengfeng District, Xiaolan Town, Zhongshan City, Guangdong, China – 528400",https://wsrv.nl/?url=https%3A%2F%2Fi.ibb.co%2FNdtMvmfW%2Fveritate-08-rose-gold.png&output=webp&q=78
Veritate Tunable,TTT050A,48V DC,NA,2700K~6500K, CRI>97,Φ214*H78mm,45°,20W,AJ/CG,ATAG2021/CT/BR,R-41231258,IS 10322 (PART 5/SEC 1) : 2012,18599,"Guangdong Sat Technology Co. Ltd., No. 11 Lianbao Rd, Shengfeng District, Xiaolan Town, Zhongshan City, Guangdong, China – 528400",https://wsrv.nl/?url=https%3A%2F%2Fi.ibb.co%2FmCrBWWhQ%2Fveritate-10-brown.png&output=webp&q=78
Veritate Tunable,TTT050A,48V DC,NA,2700K~6500K, CRI>97,Φ214*H78mm,45°,20W,AJ/CG,ATAG2021/CT/COF,R-41231258,IS 10322 (PART 5/SEC 1) : 2012,18599,"Guangdong Sat Technology Co. Ltd., No. 11 Lianbao Rd, Shengfeng District, Xiaolan Town, Zhongshan City, Guangdong, China – 528400",https://wsrv.nl/?url=https%3A%2F%2Fi.ibb.co%2F1fxwJD14%2Fveritate-07-coffee.png&output=webp&q=78
Veritate Tunable,TTT050A,48V DC,NA,2700K~6500K, CRI>97,Φ214*H78mm,45°,20W,AJ/CG,ATAG2021/CT/DGR,R-41231258,IS 10322 (PART 5/SEC 1) : 2012,18599,"Guangdong Sat Technology Co. Ltd., No. 11 Lianbao Rd, Shengfeng District, Xiaolan Town, Zhongshan City, Guangdong, China – 528400",https://wsrv.nl/?url=https%3A%2F%2Fi.ibb.co%2F1Jf7T6sr%2Fveritate-09-dark-gray-default.png&output=webp&q=78
Veritate Tunable,TTT050A,48V DC,NA,2700K~6500K, CRI>97,Φ214*H78mm,45°,20W,AJ/CG,ATAG2021/CT/BB,R-41231258,IS 10322 (PART 5/SEC 1) : 2012,18599,"Guangdong Sat Technology Co. Ltd., No. 11 Lianbao Rd, Shengfeng District, Xiaolan Town, Zhongshan City, Guangdong, China – 528400",https://wsrv.nl/?url=https%3A%2F%2Fi.ibb.co%2FY4B4Cz5r%2Fveritate-06-ballet-blue.png&output=webp&q=78
Veritate Tunable,TTT050A,48V DC,NA,2700K~6500K, CRI>97,Φ214*H78mm,45°,20W,AJ/CG,ATAG2021/CT/CH,R-41231258,IS 10322 (PART 5/SEC 1) : 2012,18599,"Guangdong Sat Technology Co. Ltd., No. 11 Lianbao Rd, Shengfeng District, Xiaolan Town, Zhongshan City, Guangdong, China – 528400",https://wsrv.nl/?url=https%3A%2F%2Fi.ibb.co%2F39Hzx6YP%2Fveritate-01-chrome.png&output=webp&q=78
Veritate Tunable,TTT050A,48V DC,NA,2700K~6500K, CRI>97,Φ214*H78mm,45°,20W,AJ/CG,ATAG2021/CT/CHB,R-41231258,IS 10322 (PART 5/SEC 1) : 2012,18599,"Guangdong Sat Technology Co. Ltd., No. 11 Lianbao Rd, Shengfeng District, Xiaolan Town, Zhongshan City, Guangdong, China – 528400",https://wsrv.nl/?url=https%3A%2F%2Fi.ibb.co%2FpBrt22Fs%2Fveritate-02-chrome-black.png&output=webp&q=78
Adhil Mini 6,TTT060X,48V DC,NA,2700K, CRI>97, φ30*80mm,15°,6W,AJ/CG,ASTS0630/27/15/B,R-41231258,IS 10322 (PART 5/SEC 1) : 2012,14099,"Guangdong Sat Technology Co. Ltd., No. 11 Lianbao Rd, Shengfeng District, Xiaolan Town, Zhongshan City, Guangdong, China – 528400",https://wsrv.nl/?url=https%3A%2F%2Fi.ibb.co%2FVp5VXDSz%2Fadhil-mini-6-03-mat-black-default.png&output=webp&q=78
Adhil Mini 6,TTT060X,48V DC,NA,2700K, CRI>97, φ30*80mm,15°,6W,AJ/CG,ASTS0630/27/15/W,R-41231258,IS 10322 (PART 5/SEC 1) : 2012,14099,"Guangdong Sat Technology Co. Ltd., No. 11 Lianbao Rd, Shengfeng District, Xiaolan Town, Zhongshan City, Guangdong, China – 528400",https://wsrv.nl/?url=https%3A%2F%2Fi.ibb.co%2FKz0FRVY2%2Fadhil-mini-6-06-white.png&output=webp&q=78
Adhil Mini 6,TTT060X,48V DC,NA,2700K, CRI>97, φ30*80mm,15°,6W,AJ/CG,ASTS0630/27/15/CG,R-41231258,IS 10322 (PART 5/SEC 1) : 2012,15099,"Guangdong Sat Technology Co. Ltd., No. 11 Lianbao Rd, Shengfeng District, Xiaolan Town, Zhongshan City, Guangdong, China – 528400",https://wsrv.nl/?url=https%3A%2F%2Fi.ibb.co%2FHLcCCkvV%2Fadhil-mini-6-04-champeing-gold.png&output=webp&q=78
Adhil Mini 6,TTT060X,48V DC,NA,2700K, CRI>97, φ30*80mm,15°,6W,AJ/CG,ASTS0630/27/15/RG,R-41231258,IS 10322 (PART 5/SEC 1) : 2012,15099,"Guangdong Sat Technology Co. Ltd., No. 11 Lianbao Rd, Shengfeng District, Xiaolan Town, Zhongshan City, Guangdong, China – 528400",https://wsrv.nl/?url=https%3A%2F%2Fi.ibb.co%2FKzWnYp9P%2Fadhil-mini-6-08-rose-gold.png&output=webp&q=78
Adhil Mini 6,TTT060X,48V DC,NA,2700K, CRI>97, φ30*80mm,15°,6W,AJ/CG,ASTS0630/27/15/BR,R-41231258,IS 10322 (PART 5/SEC 1) : 2012,15099,"Guangdong Sat Technology Co. Ltd., No. 11 Lianbao Rd, Shengfeng District, Xiaolan Town, Zhongshan City, Guangdong, China – 528400",https://wsrv.nl/?url=https%3A%2F%2Fi.ibb.co%2FWW0fRZ7X%2Fadhil-mini-6-10-brown.png&output=webp&q=78
Adhil Mini 6,TTT060X,48V DC,NA,2700K, CRI>97, φ30*80mm,15°,6W,AJ/CG,ASTS0630/27/15/BB,R-41231258,IS 10322 (PART 5/SEC 1) : 2012,15099,"Guangdong Sat Technology Co. Ltd., No. 11 Lianbao Rd, Shengfeng District, Xiaolan Town, Zhongshan City, Guangdong, China – 528400",https://wsrv.nl/?url=https%3A%2F%2Fi.ibb.co%2FqFDVYc5B%2Fadhil-mini-6-06-ballet-blue.png&output=webp&q=78
Adhil Mini 6,TTT060X,48V DC,NA,2700K, CRI>97, φ30*80mm,15°,6W,AJ/CG,ASTS0630/27/15/COF,R-41231258,IS 10322 (PART 5/SEC 1) : 2012,15099,"Guangdong Sat Technology Co. Ltd., No. 11 Lianbao Rd, Shengfeng District, Xiaolan Town, Zhongshan City, Guangdong, China – 528400",https://wsrv.nl/?url=https%3A%2F%2Fi.ibb.co%2Fpj1LV7m3%2Fadhil-mini-6-07-coffee.png&output=webp&q=78
Adhil Mini 6,TTT060X,48V DC,NA,2700K, CRI>97, φ30*80mm,15°,6W,AJ/CG,ASTS0630/27/15/DGR,R-41231258,IS 10322 (PART 5/SEC 1) : 2012,15099,"Guangdong Sat Technology Co. Ltd., No. 11 Lianbao Rd, Shengfeng District, Xiaolan Town, Zhongshan City, Guangdong, China – 528400",https://wsrv.nl/?url=https%3A%2F%2Fi.ibb.co%2FjkJgZ2t6%2Fadhil-mini-6-09-dark-gray-default.png&output=webp&q=78
Adhil Mini 6,TTT060X,48V DC,NA,2700K, CRI>97, φ30*80mm,15°,6W,AJ/CG,ASTS0630/27/15/CH,R-41231258,IS 10322 (PART 5/SEC 1) : 2012,15099,"Guangdong Sat Technology Co. Ltd., No. 11 Lianbao Rd, Shengfeng District, Xiaolan Town, Zhongshan City, Guangdong, China – 528400",https://wsrv.nl/?url=https%3A%2F%2Fi.ibb.co%2FLhR815Tf%2Fadhil-mini-6-01-chrome.png&output=webp&q=78
Adhil Mini 6,TTT060X,48V DC,NA,2700K, CRI>97, φ30*80mm,15°,6W,AJ/CG,ASTS0630/27/15/CHB,R-41231258,IS 10322 (PART 5/SEC 1) : 2012,15099,"Guangdong Sat Technology Co. Ltd., No. 11 Lianbao Rd, Shengfeng District, Xiaolan Town, Zhongshan City, Guangdong, China – 528400",https://wsrv.nl/?url=https%3A%2F%2Fi.ibb.co%2FWvcjCJky%2Fadhil-mini-6-02-chrome-black.png&output=webp&q=78
Adhil Mini 6,TTT060X,48V DC,NA,2700K, CRI>97, φ30*80mm,24°,6W,AJ/CG,ASTS0630/27/24/B,R-41231258,IS 10322 (PART 5/SEC 1) : 2012,14099,"Guangdong Sat Technology Co. Ltd., No. 11 Lianbao Rd, Shengfeng District, Xiaolan Town, Zhongshan City, Guangdong, China – 528400",https://wsrv.nl/?url=https%3A%2F%2Fi.ibb.co%2FVp5VXDSz%2Fadhil-mini-6-03-mat-black-default.png&output=webp&q=78
Adhil Mini 6,TTT060X,48V DC,NA,2700K, CRI>97, φ30*80mm,24°,6W,AJ/CG,ASTS0630/27/24/W,R-41231258,IS 10322 (PART 5/SEC 1) : 2012,14099,"Guangdong Sat Technology Co. Ltd., No. 11 Lianbao Rd, Shengfeng District, Xiaolan Town, Zhongshan City, Guangdong, China – 528400",https://wsrv.nl/?url=https%3A%2F%2Fi.ibb.co%2FKz0FRVY2%2Fadhil-mini-6-06-white.png&output=webp&q=78
Adhil Mini 6,TTT060X,48V DC,NA,2700K, CRI>97, φ30*80mm,24°,6W,AJ/CG,ASTS0630/27/24/CG,R-41231258,IS 10322 (PART 5/SEC 1) : 2012,15099,"Guangdong Sat Technology Co. Ltd., No. 11 Lianbao Rd, Shengfeng District, Xiaolan Town, Zhongshan City, Guangdong, China – 528400",https://wsrv.nl/?url=https%3A%2F%2Fi.ibb.co%2FHLcCCkvV%2Fadhil-mini-6-04-champeing-gold.png&output=webp&q=78
Adhil Mini 6,TTT060X,48V DC,NA,2700K, CRI>97, φ30*80mm,24°,6W,AJ/CG,ASTS0630/27/24/RG,R-41231258,IS 10322 (PART 5/SEC 1) : 2012,15099,"Guangdong Sat Technology Co. Ltd., No. 11 Lianbao Rd, Shengfeng District, Xiaolan Town, Zhongshan City, Guangdong, China – 528400",https://wsrv.nl/?url=https%3A%2F%2Fi.ibb.co%2FKzWnYp9P%2Fadhil-mini-6-08-rose-gold.png&output=webp&q=78
Adhil Mini 6,TTT060X,48V DC,NA,2700K, CRI>97, φ30*80mm,24°,6W,AJ/CG,ASTS0630/27/24/BR,R-41231258,IS 10322 (PART 5/SEC 1) : 2012,15099,"Guangdong Sat Technology Co. Ltd., No. 11 Lianbao Rd, Shengfeng District, Xiaolan Town, Zhongshan City, Guangdong, China – 528400",https://wsrv.nl/?url=https%3A%2F%2Fi.ibb.co%2FWW0fRZ7X%2Fadhil-mini-6-10-brown.png&output=webp&q=78
Adhil Mini 6,TTT060X,48V DC,NA,2700K, CRI>97, φ30*80mm,24°,6W,AJ/CG,ASTS0630/27/24/BB,R-41231258,IS 10322 (PART 5/SEC 1) : 2012,15099,"Guangdong Sat Technology Co. Ltd., No. 11 Lianbao Rd, Shengfeng District, Xiaolan Town, Zhongshan City, Guangdong, China – 528400",https://wsrv.nl/?url=https%3A%2F%2Fi.ibb.co%2FqFDVYc5B%2Fadhil-mini-6-06-ballet-blue.png&output=webp&q=78
Adhil Mini 6,TTT060X,48V DC,NA,2700K, CRI>97, φ30*80mm,24°,6W,AJ/CG,ASTS0630/27/24/COF,R-41231258,IS 10322 (PART 5/SEC 1) : 2012,15099,"Guangdong Sat Technology Co. Ltd., No. 11 Lianbao Rd, Shengfeng District, Xiaolan Town, Zhongshan City, Guangdong, China – 528400",https://wsrv.nl/?url=https%3A%2F%2Fi.ibb.co%2Fpj1LV7m3%2Fadhil-mini-6-07-coffee.png&output=webp&q=78
Adhil Mini 6,TTT060X,48V DC,NA,2700K, CRI>97, φ30*80mm,24°,6W,AJ/CG,ASTS0630/27/24/DGR,R-41231258,IS 10322 (PART 5/SEC 1) : 2012,15099,"Guangdong Sat Technology Co. Ltd., No. 11 Lianbao Rd, Shengfeng District, Xiaolan Town, Zhongshan City, Guangdong, China – 528400",https://wsrv.nl/?url=https%3A%2F%2Fi.ibb.co%2FjkJgZ2t6%2Fadhil-mini-6-09-dark-gray-default.png&output=webp&q=78
Adhil Mini 6,TTT060X,48V DC,NA,2700K, CRI>97, φ30*80mm,24°,6W,AJ/CG,ASTS0630/27/24/CH,R-41231258,IS 10322 (PART 5/SEC 1) : 2012,15099,"Guangdong Sat Technology Co. Ltd., No. 11 Lianbao Rd, Shengfeng District, Xiaolan Town, Zhongshan City, Guangdong, China – 528400",https://wsrv.nl/?url=https%3A%2F%2Fi.ibb.co%2FLhR815Tf%2Fadhil-mini-6-01-chrome.png&output=webp&q=78
Adhil Mini 6,TTT060X,48V DC,NA,2700K, CRI>97, φ30*80mm,24°,6W,AJ/CG,ASTS0630/27/24/CHB,R-41231258,IS 10322 (PART 5/SEC 1) : 2012,15099,"Guangdong Sat Technology Co. Ltd., No. 11 Lianbao Rd, Shengfeng District, Xiaolan Town, Zhongshan City, Guangdong, China – 528400",https://wsrv.nl/?url=https%3A%2F%2Fi.ibb.co%2FWvcjCJky%2Fadhil-mini-6-02-chrome-black.png&output=webp&q=78
Adhil Mini 6,TTT060X,48V DC,NA,2700K, CRI>97, φ30*80mm,36°,6W,AJ/CG,ASTS0630/27/36/B,R-41231258,IS 10322 (PART 5/SEC 1) : 2012,14099,"Guangdong Sat Technology Co. Ltd., No. 11 Lianbao Rd, Shengfeng District, Xiaolan Town, Zhongshan City, Guangdong, China – 528400",https://wsrv.nl/?url=https%3A%2F%2Fi.ibb.co%2FVp5VXDSz%2Fadhil-mini-6-03-mat-black-default.png&output=webp&q=78
Adhil Mini 6,TTT060X,48V DC,NA,2700K, CRI>97, φ30*80mm,36°,6W,AJ/CG,ASTS0630/27/36/W,R-41231258,IS 10322 (PART 5/SEC 1) : 2012,14099,"Guangdong Sat Technology Co. Ltd., No. 11 Lianbao Rd, Shengfeng District, Xiaolan Town, Zhongshan City, Guangdong, China – 528400",https://wsrv.nl/?url=https%3A%2F%2Fi.ibb.co%2FKz0FRVY2%2Fadhil-mini-6-06-white.png&output=webp&q=78
Adhil Mini 6,TTT060X,48V DC,NA,2700K, CRI>97, φ30*80mm,36°,6W,AJ/CG,ASTS0630/27/36/CG,R-41231258,IS 10322 (PART 5/SEC 1) : 2012,15099,"Guangdong Sat Technology Co. Ltd., No. 11 Lianbao Rd, Shengfeng District, Xiaolan Town, Zhongshan City, Guangdong, China – 528400",https://wsrv.nl/?url=https%3A%2F%2Fi.ibb.co%2FHLcCCkvV%2Fadhil-mini-6-04-champeing-gold.png&output=webp&q=78
Adhil Mini 6,TTT060X,48V DC,NA,2700K, CRI>97, φ30*80mm,36°,6W,AJ/CG,ASTS0630/27/36/RG,R-41231258,IS 10322 (PART 5/SEC 1) : 2012,15099,"Guangdong Sat Technology Co. Ltd., No. 11 Lianbao Rd, Shengfeng District, Xiaolan Town, Zhongshan City, Guangdong, China – 528400",https://wsrv.nl/?url=https%3A%2F%2Fi.ibb.co%2FKzWnYp9P%2Fadhil-mini-6-08-rose-gold.png&output=webp&q=78
Adhil Mini 6,TTT060X,48V DC,NA,2700K, CRI>97, φ30*80mm,36°,6W,AJ/CG,ASTS0630/27/36/BR,R-41231258,IS 10322 (PART 5/SEC 1) : 2012,15099,"Guangdong Sat Technology Co. Ltd., No. 11 Lianbao Rd, Shengfeng District, Xiaolan Town, Zhongshan City, Guangdong, China – 528400",https://wsrv.nl/?url=https%3A%2F%2Fi.ibb.co%2FWW0fRZ7X%2Fadhil-mini-6-10-brown.png&output=webp&q=78
Adhil Mini 6,TTT060X,48V DC,NA,2700K, CRI>97, φ30*80mm,36°,6W,AJ/CG,ASTS0630/27/36/BB,R-41231258,IS 10322 (PART 5/SEC 1) : 2012,15099,"Guangdong Sat Technology Co. Ltd., No. 11 Lianbao Rd, Shengfeng District, Xiaolan Town, Zhongshan City, Guangdong, China – 528400",https://wsrv.nl/?url=https%3A%2F%2Fi.ibb.co%2FqFDVYc5B%2Fadhil-mini-6-06-ballet-blue.png&output=webp&q=78
Adhil Mini 6,TTT060X,48V DC,NA,2700K, CRI>97, φ30*80mm,36°,6W,AJ/CG,ASTS0630/27/36/COF,R-41231258,IS 10322 (PART 5/SEC 1) : 2012,15099,"Guangdong Sat Technology Co. Ltd., No. 11 Lianbao Rd, Shengfeng District, Xiaolan Town, Zhongshan City, Guangdong, China – 528400",https://wsrv.nl/?url=https%3A%2F%2Fi.ibb.co%2Fpj1LV7m3%2Fadhil-mini-6-07-coffee.png&output=webp&q=78
Adhil Mini 6,TTT060X,48V DC,NA,2700K, CRI>97, φ30*80mm,36°,6W,AJ/CG,ASTS0630/27/36/DGR,R-41231258,IS 10322 (PART 5/SEC 1) : 2012,15099,"Guangdong Sat Technology Co. Ltd., No. 11 Lianbao Rd, Shengfeng District, Xiaolan Town, Zhongshan City, Guangdong, China – 528400",https://wsrv.nl/?url=https%3A%2F%2Fi.ibb.co%2FjkJgZ2t6%2Fadhil-mini-6-09-dark-gray-default.png&output=webp&q=78
Adhil Mini 6,TTT060X,48V DC,NA,2700K, CRI>97, φ30*80mm,36°,6W,AJ/CG,ASTS0630/27/36/CH,R-41231258,IS 10322 (PART 5/SEC 1) : 2012,15099,"Guangdong Sat Technology Co. Ltd., No. 11 Lianbao Rd, Shengfeng District, Xiaolan Town, Zhongshan City, Guangdong, China – 528400",https://wsrv.nl/?url=https%3A%2F%2Fi.ibb.co%2FLhR815Tf%2Fadhil-mini-6-01-chrome.png&output=webp&q=78
Adhil Mini 6,TTT060X,48V DC,NA,2700K, CRI>97, φ30*80mm,36°,6W,AJ/CG,ASTS0630/27/36/CHB,R-41231258,IS 10322 (PART 5/SEC 1) : 2012,15099,"Guangdong Sat Technology Co. Ltd., No. 11 Lianbao Rd, Shengfeng District, Xiaolan Town, Zhongshan City, Guangdong, China – 528400",https://wsrv.nl/?url=https%3A%2F%2Fi.ibb.co%2FWvcjCJky%2Fadhil-mini-6-02-chrome-black.png&output=webp&q=78
Adhil Mini 6,TTT060X,48V DC,NA,3000K, CRI>97, φ30*80mm,15°,6W,AJ/CG,ASTS0630/30/15/B,R-41231258,IS 10322 (PART 5/SEC 1) : 2012,14099,"Guangdong Sat Technology Co. Ltd., No. 11 Lianbao Rd, Shengfeng District, Xiaolan Town, Zhongshan City, Guangdong, China – 528400",https://wsrv.nl/?url=https%3A%2F%2Fi.ibb.co%2FVp5VXDSz%2Fadhil-mini-6-03-mat-black-default.png&output=webp&q=78
Adhil Mini 6,TTT060X,48V DC,NA,3000K, CRI>97, φ30*80mm,15°,6W,AJ/CG,ASTS0630/30/15/W,R-41231258,IS 10322 (PART 5/SEC 1) : 2012,14099,"Guangdong Sat Technology Co. Ltd., No. 11 Lianbao Rd, Shengfeng District, Xiaolan Town, Zhongshan City, Guangdong, China – 528400",https://wsrv.nl/?url=https%3A%2F%2Fi.ibb.co%2FKz0FRVY2%2Fadhil-mini-6-06-white.png&output=webp&q=78
Adhil Mini 6,TTT060X,48V DC,NA,3000K, CRI>97, φ30*80mm,15°,6W,AJ/CG,ASTS0630/30/15/CG,R-41231258,IS 10322 (PART 5/SEC 1) : 2012,15099,"Guangdong Sat Technology Co. Ltd., No. 11 Lianbao Rd, Shengfeng District, Xiaolan Town, Zhongshan City, Guangdong, China – 528400",https://wsrv.nl/?url=https%3A%2F%2Fi.ibb.co%2FHLcCCkvV%2Fadhil-mini-6-04-champeing-gold.png&output=webp&q=78
Adhil Mini 6,TTT060X,48V DC,NA,3000K, CRI>97, φ30*80mm,15°,6W,AJ/CG,ASTS0630/30/15/RG,R-41231258,IS 10322 (PART 5/SEC 1) : 2012,15099,"Guangdong Sat Technology Co. Ltd., No. 11 Lianbao Rd, Shengfeng District, Xiaolan Town, Zhongshan City, Guangdong, China – 528400",https://wsrv.nl/?url=https%3A%2F%2Fi.ibb.co%2FKzWnYp9P%2Fadhil-mini-6-08-rose-gold.png&output=webp&q=78
Adhil Mini 6,TTT060X,48V DC,NA,3000K, CRI>97, φ30*80mm,15°,6W,AJ/CG,ASTS0630/30/15/BR,R-41231258,IS 10322 (PART 5/SEC 1) : 2012,15099,"Guangdong Sat Technology Co. Ltd., No. 11 Lianbao Rd, Shengfeng District, Xiaolan Town, Zhongshan City, Guangdong, China – 528400",https://wsrv.nl/?url=https%3A%2F%2Fi.ibb.co%2FWW0fRZ7X%2Fadhil-mini-6-10-brown.png&output=webp&q=78
Adhil Mini 6,TTT060X,48V DC,NA,3000K, CRI>97, φ30*80mm,15°,6W,AJ/CG,ASTS0630/30/15/BB,R-41231258,IS 10322 (PART 5/SEC 1) : 2012,15099,"Guangdong Sat Technology Co. Ltd., No. 11 Lianbao Rd, Shengfeng District, Xiaolan Town, Zhongshan City, Guangdong, China – 528400",https://wsrv.nl/?url=https%3A%2F%2Fi.ibb.co%2FqFDVYc5B%2Fadhil-mini-6-06-ballet-blue.png&output=webp&q=78
Adhil Mini 6,TTT060X,48V DC,NA,3000K, CRI>97, φ30*80mm,15°,6W,AJ/CG,ASTS0630/30/15/COF,R-41231258,IS 10322 (PART 5/SEC 1) : 2012,15099,"Guangdong Sat Technology Co. Ltd., No. 11 Lianbao Rd, Shengfeng District, Xiaolan Town, Zhongshan City, Guangdong, China – 528400",https://wsrv.nl/?url=https%3A%2F%2Fi.ibb.co%2Fpj1LV7m3%2Fadhil-mini-6-07-coffee.png&output=webp&q=78
Adhil Mini 6,TTT060X,48V DC,NA,3000K, CRI>97, φ30*80mm,15°,6W,AJ/CG,ASTS0630/30/15/DGR,R-41231258,IS 10322 (PART 5/SEC 1) : 2012,15099,"Guangdong Sat Technology Co. Ltd., No. 11 Lianbao Rd, Shengfeng District, Xiaolan Town, Zhongshan City, Guangdong, China – 528400",https://wsrv.nl/?url=https%3A%2F%2Fi.ibb.co%2FjkJgZ2t6%2Fadhil-mini-6-09-dark-gray-default.png&output=webp&q=78
Adhil Mini 6,TTT060X,48V DC,NA,3000K, CRI>97, φ30*80mm,15°,6W,AJ/CG,ASTS0630/30/15/CH,R-41231258,IS 10322 (PART 5/SEC 1) : 2012,15099,"Guangdong Sat Technology Co. Ltd., No. 11 Lianbao Rd, Shengfeng District, Xiaolan Town, Zhongshan City, Guangdong, China – 528400",https://wsrv.nl/?url=https%3A%2F%2Fi.ibb.co%2FLhR815Tf%2Fadhil-mini-6-01-chrome.png&output=webp&q=78
Adhil Mini 6,TTT060X,48V DC,NA,3000K, CRI>97, φ30*80mm,15°,6W,AJ/CG,ASTS0630/30/15/CHB,R-41231258,IS 10322 (PART 5/SEC 1) : 2012,15099,"Guangdong Sat Technology Co. Ltd., No. 11 Lianbao Rd, Shengfeng District, Xiaolan Town, Zhongshan City, Guangdong, China – 528400",https://wsrv.nl/?url=https%3A%2F%2Fi.ibb.co%2FWvcjCJky%2Fadhil-mini-6-02-chrome-black.png&output=webp&q=78
Adhil Mini 6,TTT060X,48V DC,NA,3000K, CRI>97, φ30*80mm,24°,6W,AJ/CG,ASTS0630/30/24/B,R-41231258,IS 10322 (PART 5/SEC 1) : 2012,14099,"Guangdong Sat Technology Co. Ltd., No. 11 Lianbao Rd, Shengfeng District, Xiaolan Town, Zhongshan City, Guangdong, China – 528400",https://wsrv.nl/?url=https%3A%2F%2Fi.ibb.co%2FVp5VXDSz%2Fadhil-mini-6-03-mat-black-default.png&output=webp&q=78
Adhil Mini 6,TTT060X,48V DC,NA,3000K, CRI>97, φ30*80mm,24°,6W,AJ/CG,ASTS0630/30/24/W,R-41231258,IS 10322 (PART 5/SEC 1) : 2012,14099,"Guangdong Sat Technology Co. Ltd., No. 11 Lianbao Rd, Shengfeng District, Xiaolan Town, Zhongshan City, Guangdong, China – 528400",https://wsrv.nl/?url=https%3A%2F%2Fi.ibb.co%2FKz0FRVY2%2Fadhil-mini-6-06-white.png&output=webp&q=78
Adhil Mini 6,TTT060X,48V DC,NA,3000K, CRI>97, φ30*80mm,24°,6W,AJ/CG,ASTS0630/30/24/COF,R-41231258,IS 10322 (PART 5/SEC 1) : 2012,15099,"Guangdong Sat Technology Co. Ltd., No. 11 Lianbao Rd, Shengfeng District, Xiaolan Town, Zhongshan City, Guangdong, China – 528400",https://wsrv.nl/?url=https%3A%2F%2Fi.ibb.co%2Fpj1LV7m3%2Fadhil-mini-6-07-coffee.png&output=webp&q=78
Adhil Mini 6,TTT060X,48V DC,NA,3000K, CRI>97, φ30*80mm,24°,6W,AJ/CG,ASTS0630/30/24/DGR,R-41231258,IS 10322 (PART 5/SEC 1) : 2012,15099,"Guangdong Sat Technology Co. Ltd., No. 11 Lianbao Rd, Shengfeng District, Xiaolan Town, Zhongshan City, Guangdong, China – 528400",https://wsrv.nl/?url=https%3A%2F%2Fi.ibb.co%2FjkJgZ2t6%2Fadhil-mini-6-09-dark-gray-default.png&output=webp&q=78
Adhil Mini 6,TTT060X,48V DC,NA,3000K, CRI>97, φ30*80mm,24°,6W,AJ/CG,ASTS0630/30/24/CH,R-41231258,IS 10322 (PART 5/SEC 1) : 2012,15099,"Guangdong Sat Technology Co. Ltd., No. 11 Lianbao Rd, Shengfeng District, Xiaolan Town, Zhongshan City, Guangdong, China – 528400",https://wsrv.nl/?url=https%3A%2F%2Fi.ibb.co%2FLhR815Tf%2Fadhil-mini-6-01-chrome.png&output=webp&q=78
Adhil Mini 6,TTT060X,48V DC,NA,3000K, CRI>97, φ30*80mm,24°,6W,AJ/CG,ASTS0630/30/24/CG,R-41231258,IS 10322 (PART 5/SEC 1) : 2012,15099,"Guangdong Sat Technology Co. Ltd., No. 11 Lianbao Rd, Shengfeng District, Xiaolan Town, Zhongshan City, Guangdong, China – 528400",https://wsrv.nl/?url=https%3A%2F%2Fi.ibb.co%2FHLcCCkvV%2Fadhil-mini-6-04-champeing-gold.png&output=webp&q=78
Adhil Mini 6,TTT060X,48V DC,NA,3000K, CRI>97, φ30*80mm,24°,6W,AJ/CG,ASTS0630/30/24/RG,R-41231258,IS 10322 (PART 5/SEC 1) : 2012,15099,"Guangdong Sat Technology Co. Ltd., No. 11 Lianbao Rd, Shengfeng District, Xiaolan Town, Zhongshan City, Guangdong, China – 528400",https://wsrv.nl/?url=https%3A%2F%2Fi.ibb.co%2FKzWnYp9P%2Fadhil-mini-6-08-rose-gold.png&output=webp&q=78
Adhil Mini 6,TTT060X,48V DC,NA,3000K, CRI>97, φ30*80mm,24°,6W,AJ/CG,ASTS0630/30/24/BR,R-41231258,IS 10322 (PART 5/SEC 1) : 2012,15099,"Guangdong Sat Technology Co. Ltd., No. 11 Lianbao Rd, Shengfeng District, Xiaolan Town, Zhongshan City, Guangdong, China – 528400",https://wsrv.nl/?url=https%3A%2F%2Fi.ibb.co%2FWW0fRZ7X%2Fadhil-mini-6-10-brown.png&output=webp&q=78
Adhil Mini 6,TTT060X,48V DC,NA,3000K, CRI>97, φ30*80mm,24°,6W,AJ/CG,ASTS0630/30/24/BB,R-41231258,IS 10322 (PART 5/SEC 1) : 2012,15099,"Guangdong Sat Technology Co. Ltd., No. 11 Lianbao Rd, Shengfeng District, Xiaolan Town, Zhongshan City, Guangdong, China – 528400",https://wsrv.nl/?url=https%3A%2F%2Fi.ibb.co%2FqFDVYc5B%2Fadhil-mini-6-06-ballet-blue.png&output=webp&q=78
Adhil Mini 6,TTT060X,48V DC,NA,3000K, CRI>97, φ30*80mm,24°,6W,AJ/CG,ASTS0630/30/24/CHB,R-41231258,IS 10322 (PART 5/SEC 1) : 2012,15099,"Guangdong Sat Technology Co. Ltd., No. 11 Lianbao Rd, Shengfeng District, Xiaolan Town, Zhongshan City, Guangdong, China – 528400",https://wsrv.nl/?url=https%3A%2F%2Fi.ibb.co%2FWvcjCJky%2Fadhil-mini-6-02-chrome-black.png&output=webp&q=78
Adhil Mini 6,TTT060X,48V DC,NA,3000K, CRI>97, φ30*80mm,36°,6W,AJ/CG,ASTS0630/30/36/B,R-41231258,IS 10322 (PART 5/SEC 1) : 2012,14099,"Guangdong Sat Technology Co. Ltd., No. 11 Lianbao Rd, Shengfeng District, Xiaolan Town, Zhongshan City, Guangdong, China – 528400",https://wsrv.nl/?url=https%3A%2F%2Fi.ibb.co%2FVp5VXDSz%2Fadhil-mini-6-03-mat-black-default.png&output=webp&q=78
Adhil Mini 6,TTT060X,48V DC,NA,3000K, CRI>97, φ30*80mm,36°,6W,AJ/CG,ASTS0630/30/36/W,R-41231258,IS 10322 (PART 5/SEC 1) : 2012,14099,"Guangdong Sat Technology Co. Ltd., No. 11 Lianbao Rd, Shengfeng District, Xiaolan Town, Zhongshan City, Guangdong, China – 528400",https://wsrv.nl/?url=https%3A%2F%2Fi.ibb.co%2FKz0FRVY2%2Fadhil-mini-6-06-white.png&output=webp&q=78
Adhil Mini 6,TTT060X,48V DC,NA,3000K, CRI>97, φ30*80mm,36°,6W,AJ/CG,ASTS0630/30/36/COF,R-41231258,IS 10322 (PART 5/SEC 1) : 2012,15099,"Guangdong Sat Technology Co. Ltd., No. 11 Lianbao Rd, Shengfeng District, Xiaolan Town, Zhongshan City, Guangdong, China – 528400",https://wsrv.nl/?url=https%3A%2F%2Fi.ibb.co%2Fpj1LV7m3%2Fadhil-mini-6-07-coffee.png&output=webp&q=78
Adhil Mini 6,TTT060X,48V DC,NA,3000K, CRI>97, φ30*80mm,36°,6W,AJ/CG,ASTS0630/30/36/DGR,R-41231258,IS 10322 (PART 5/SEC 1) : 2012,15099,"Guangdong Sat Technology Co. Ltd., No. 11 Lianbao Rd, Shengfeng District, Xiaolan Town, Zhongshan City, Guangdong, China – 528400",https://wsrv.nl/?url=https%3A%2F%2Fi.ibb.co%2FjkJgZ2t6%2Fadhil-mini-6-09-dark-gray-default.png&output=webp&q=78
Adhil Mini 6,TTT060X,48V DC,NA,3000K, CRI>97, φ30*80mm,36°,6W,AJ/CG,ASTS0630/30/36/CH,R-41231258,IS 10322 (PART 5/SEC 1) : 2012,15099,"Guangdong Sat Technology Co. Ltd., No. 11 Lianbao Rd, Shengfeng District, Xiaolan Town, Zhongshan City, Guangdong, China – 528400",https://wsrv.nl/?url=https%3A%2F%2Fi.ibb.co%2FLhR815Tf%2Fadhil-mini-6-01-chrome.png&output=webp&q=78
Adhil Mini 6,TTT060X,48V DC,NA,3000K, CRI>97, φ30*80mm,36°,6W,AJ/CG,ASTS0630/30/36/CG,R-41231258,IS 10322 (PART 5/SEC 1) : 2012,15099,"Guangdong Sat Technology Co. Ltd., No. 11 Lianbao Rd, Shengfeng District, Xiaolan Town, Zhongshan City, Guangdong, China – 528400",https://wsrv.nl/?url=https%3A%2F%2Fi.ibb.co%2FHLcCCkvV%2Fadhil-mini-6-04-champeing-gold.png&output=webp&q=78
Adhil Mini 6,TTT060X,48V DC,NA,3000K, CRI>97, φ30*80mm,36°,6W,AJ/CG,ASTS0630/30/36/RG,R-41231258,IS 10322 (PART 5/SEC 1) : 2012,15099,"Guangdong Sat Technology Co. Ltd., No. 11 Lianbao Rd, Shengfeng District, Xiaolan Town, Zhongshan City, Guangdong, China – 528400",https://wsrv.nl/?url=https%3A%2F%2Fi.ibb.co%2FKzWnYp9P%2Fadhil-mini-6-08-rose-gold.png&output=webp&q=78
Adhil Mini 6,TTT060X,48V DC,NA,3000K, CRI>97, φ30*80mm,36°,6W,AJ/CG,ASTS0630/30/36/BR,R-41231258,IS 10322 (PART 5/SEC 1) : 2012,15099,"Guangdong Sat Technology Co. Ltd., No. 11 Lianbao Rd, Shengfeng District, Xiaolan Town, Zhongshan City, Guangdong, China – 528400",https://wsrv.nl/?url=https%3A%2F%2Fi.ibb.co%2FWW0fRZ7X%2Fadhil-mini-6-10-brown.png&output=webp&q=78
Adhil Mini 6,TTT060X,48V DC,NA,3000K, CRI>97, φ30*80mm,36°,6W,AJ/CG,ASTS0630/30/36/BB,R-41231258,IS 10322 (PART 5/SEC 1) : 2012,15099,"Guangdong Sat Technology Co. Ltd., No. 11 Lianbao Rd, Shengfeng District, Xiaolan Town, Zhongshan City, Guangdong, China – 528400",https://wsrv.nl/?url=https%3A%2F%2Fi.ibb.co%2FqFDVYc5B%2Fadhil-mini-6-06-ballet-blue.png&output=webp&q=78
Adhil Mini 6,TTT060X,48V DC,NA,3000K, CRI>97, φ30*80mm,36°,6W,AJ/CG,ASTS0630/30/36/CHB,R-41231258,IS 10322 (PART 5/SEC 1) : 2012,15099,"Guangdong Sat Technology Co. Ltd., No. 11 Lianbao Rd, Shengfeng District, Xiaolan Town, Zhongshan City, Guangdong, China – 528400",https://wsrv.nl/?url=https%3A%2F%2Fi.ibb.co%2FWvcjCJky%2Fadhil-mini-6-02-chrome-black.png&output=webp&q=78
Adhil Mini 6,TTT060X,48V DC,NA,3500K, CRI>97, φ30*80mm,15°,6W,AJ/CG,ASTS0630/35/15/B,R-41231258,IS 10322 (PART 5/SEC 1) : 2012,14099,"Guangdong Sat Technology Co. Ltd., No. 11 Lianbao Rd, Shengfeng District, Xiaolan Town, Zhongshan City, Guangdong, China – 528400",https://wsrv.nl/?url=https%3A%2F%2Fi.ibb.co%2FVp5VXDSz%2Fadhil-mini-6-03-mat-black-default.png&output=webp&q=78
Adhil Mini 6,TTT060X,48V DC,NA,3500K, CRI>97, φ30*80mm,15°,6W,AJ/CG,ASTS0630/35/15/W,R-41231258,IS 10322 (PART 5/SEC 1) : 2012,14099,"Guangdong Sat Technology Co. Ltd., No. 11 Lianbao Rd, Shengfeng District, Xiaolan Town, Zhongshan City, Guangdong, China – 528400",https://wsrv.nl/?url=https%3A%2F%2Fi.ibb.co%2FKz0FRVY2%2Fadhil-mini-6-06-white.png&output=webp&q=78
Adhil Mini 6,TTT060X,48V DC,NA,3500K, CRI>97, φ30*80mm,15°,6W,AJ/CG,ASTS0630/35/15/COF,R-41231258,IS 10322 (PART 5/SEC 1) : 2012,15099,"Guangdong Sat Technology Co. Ltd., No. 11 Lianbao Rd, Shengfeng District, Xiaolan Town, Zhongshan City, Guangdong, China – 528400",https://wsrv.nl/?url=https%3A%2F%2Fi.ibb.co%2Fpj1LV7m3%2Fadhil-mini-6-07-coffee.png&output=webp&q=78
Adhil Mini 6,TTT060X,48V DC,NA,3500K, CRI>97, φ30*80mm,15°,6W,AJ/CG,ASTS0630/35/15/DGR,R-41231258,IS 10322 (PART 5/SEC 1) : 2012,15099,"Guangdong Sat Technology Co. Ltd., No. 11 Lianbao Rd, Shengfeng District, Xiaolan Town, Zhongshan City, Guangdong, China – 528400",https://wsrv.nl/?url=https%3A%2F%2Fi.ibb.co%2FjkJgZ2t6%2Fadhil-mini-6-09-dark-gray-default.png&output=webp&q=78
Adhil Mini 6,TTT060X,48V DC,NA,3500K, CRI>97, φ30*80mm,15°,6W,AJ/CG,ASTS0630/35/15/CH,R-41231258,IS 10322 (PART 5/SEC 1) : 2012,15099,"Guangdong Sat Technology Co. Ltd., No. 11 Lianbao Rd, Shengfeng District, Xiaolan Town, Zhongshan City, Guangdong, China – 528400",https://wsrv.nl/?url=https%3A%2F%2Fi.ibb.co%2FLhR815Tf%2Fadhil-mini-6-01-chrome.png&output=webp&q=78
Adhil Mini 6,TTT060X,48V DC,NA,3500K, CRI>97, φ30*80mm,15°,6W,AJ/CG,ASTS0630/35/15/CG,R-41231258,IS 10322 (PART 5/SEC 1) : 2012,15099,"Guangdong Sat Technology Co. Ltd., No. 11 Lianbao Rd, Shengfeng District, Xiaolan Town, Zhongshan City, Guangdong, China – 528400",https://wsrv.nl/?url=https%3A%2F%2Fi.ibb.co%2FHLcCCkvV%2Fadhil-mini-6-04-champeing-gold.png&output=webp&q=78
Adhil Mini 6,TTT060X,48V DC,NA,3500K, CRI>97, φ30*80mm,15°,6W,AJ/CG,ASTS0630/35/15/RG,R-41231258,IS 10322 (PART 5/SEC 1) : 2012,15099,"Guangdong Sat Technology Co. Ltd., No. 11 Lianbao Rd, Shengfeng District, Xiaolan Town, Zhongshan City, Guangdong, China – 528400",https://wsrv.nl/?url=https%3A%2F%2Fi.ibb.co%2FKzWnYp9P%2Fadhil-mini-6-08-rose-gold.png&output=webp&q=78
Adhil Mini 6,TTT060X,48V DC,NA,3500K, CRI>97, φ30*80mm,15°,6W,AJ/CG,ASTS0630/35/15/BR,R-41231258,IS 10322 (PART 5/SEC 1) : 2012,15099,"Guangdong Sat Technology Co. Ltd., No. 11 Lianbao Rd, Shengfeng District, Xiaolan Town, Zhongshan City, Guangdong, China – 528400",https://wsrv.nl/?url=https%3A%2F%2Fi.ibb.co%2FWW0fRZ7X%2Fadhil-mini-6-10-brown.png&output=webp&q=78
Adhil Mini 6,TTT060X,48V DC,NA,3500K, CRI>97, φ30*80mm,15°,6W,AJ/CG,ASTS0630/35/15/BB,R-41231258,IS 10322 (PART 5/SEC 1) : 2012,15099,"Guangdong Sat Technology Co. Ltd., No. 11 Lianbao Rd, Shengfeng District, Xiaolan Town, Zhongshan City, Guangdong, China – 528400",https://wsrv.nl/?url=https%3A%2F%2Fi.ibb.co%2FqFDVYc5B%2Fadhil-mini-6-06-ballet-blue.png&output=webp&q=78
Adhil Mini 6,TTT060X,48V DC,NA,3500K, CRI>97, φ30*80mm,15°,6W,AJ/CG,ASTS0630/35/15/CHB,R-41231258,IS 10322 (PART 5/SEC 1) : 2012,15099,"Guangdong Sat Technology Co. Ltd., No. 11 Lianbao Rd, Shengfeng District, Xiaolan Town, Zhongshan City, Guangdong, China – 528400",https://wsrv.nl/?url=https%3A%2F%2Fi.ibb.co%2FWvcjCJky%2Fadhil-mini-6-02-chrome-black.png&output=webp&q=78
Adhil Mini 6,TTT060X,48V DC,NA,3500K, CRI>97, φ30*80mm,24°,6W,AJ/CG,ASTS0630/35/24/B,R-41231258,IS 10322 (PART 5/SEC 1) : 2012,14099,"Guangdong Sat Technology Co. Ltd., No. 11 Lianbao Rd, Shengfeng District, Xiaolan Town, Zhongshan City, Guangdong, China – 528400",https://wsrv.nl/?url=https%3A%2F%2Fi.ibb.co%2FVp5VXDSz%2Fadhil-mini-6-03-mat-black-default.png&output=webp&q=78
Adhil Mini 6,TTT060X,48V DC,NA,3500K, CRI>97, φ30*80mm,24°,6W,AJ/CG,ASTS0630/35/24/W,R-41231258,IS 10322 (PART 5/SEC 1) : 2012,14099,"Guangdong Sat Technology Co. Ltd., No. 11 Lianbao Rd, Shengfeng District, Xiaolan Town, Zhongshan City, Guangdong, China – 528400",https://wsrv.nl/?url=https%3A%2F%2Fi.ibb.co%2FKz0FRVY2%2Fadhil-mini-6-06-white.png&output=webp&q=78
Adhil Mini 6,TTT060X,48V DC,NA,3500K, CRI>97, φ30*80mm,24°,6W,AJ/CG,ASTS0630/35/24/COF,R-41231258,IS 10322 (PART 5/SEC 1) : 2012,15099,"Guangdong Sat Technology Co. Ltd., No. 11 Lianbao Rd, Shengfeng District, Xiaolan Town, Zhongshan City, Guangdong, China – 528400",https://wsrv.nl/?url=https%3A%2F%2Fi.ibb.co%2Fpj1LV7m3%2Fadhil-mini-6-07-coffee.png&output=webp&q=78
Adhil Mini 6,TTT060X,48V DC,NA,3500K, CRI>97, φ30*80mm,24°,6W,AJ/CG,ASTS0630/35/24/DGR,R-41231258,IS 10322 (PART 5/SEC 1) : 2012,15099,"Guangdong Sat Technology Co. Ltd., No. 11 Lianbao Rd, Shengfeng District, Xiaolan Town, Zhongshan City, Guangdong, China – 528400",https://wsrv.nl/?url=https%3A%2F%2Fi.ibb.co%2FjkJgZ2t6%2Fadhil-mini-6-09-dark-gray-default.png&output=webp&q=78
Adhil Mini 6,TTT060X,48V DC,NA,3500K, CRI>97, φ30*80mm,24°,6W,AJ/CG,ASTS0630/35/24/CH,R-41231258,IS 10322 (PART 5/SEC 1) : 2012,15099,"Guangdong Sat Technology Co. Ltd., No. 11 Lianbao Rd, Shengfeng District, Xiaolan Town, Zhongshan City, Guangdong, China – 528400",https://wsrv.nl/?url=https%3A%2F%2Fi.ibb.co%2FLhR815Tf%2Fadhil-mini-6-01-chrome.png&output=webp&q=78
Adhil Mini 6,TTT060X,48V DC,NA,3500K, CRI>97, φ30*80mm,24°,6W,AJ/CG,ASTS0630/35/24/CG,R-41231258,IS 10322 (PART 5/SEC 1) : 2012,15099,"Guangdong Sat Technology Co. Ltd., No. 11 Lianbao Rd, Shengfeng District, Xiaolan Town, Zhongshan City, Guangdong, China – 528400",https://wsrv.nl/?url=https%3A%2F%2Fi.ibb.co%2FHLcCCkvV%2Fadhil-mini-6-04-champeing-gold.png&output=webp&q=78
Adhil Mini 6,TTT060X,48V DC,NA,3500K, CRI>97, φ30*80mm,24°,6W,AJ/CG,ASTS0630/35/24/RG,R-41231258,IS 10322 (PART 5/SEC 1) : 2012,15099,"Guangdong Sat Technology Co. Ltd., No. 11 Lianbao Rd, Shengfeng District, Xiaolan Town, Zhongshan City, Guangdong, China – 528400",https://wsrv.nl/?url=https%3A%2F%2Fi.ibb.co%2FKzWnYp9P%2Fadhil-mini-6-08-rose-gold.png&output=webp&q=78
Adhil Mini 6,TTT060X,48V DC,NA,3500K, CRI>97, φ30*80mm,24°,6W,AJ/CG,ASTS0630/35/24/BR,R-41231258,IS 10322 (PART 5/SEC 1) : 2012,15099,"Guangdong Sat Technology Co. Ltd., No. 11 Lianbao Rd, Shengfeng District, Xiaolan Town, Zhongshan City, Guangdong, China – 528400",https://wsrv.nl/?url=https%3A%2F%2Fi.ibb.co%2FWW0fRZ7X%2Fadhil-mini-6-10-brown.png&output=webp&q=78
Adhil Mini 6,TTT060X,48V DC,NA,3500K, CRI>97, φ30*80mm,24°,6W,AJ/CG,ASTS0630/35/24/BB,R-41231258,IS 10322 (PART 5/SEC 1) : 2012,15099,"Guangdong Sat Technology Co. Ltd., No. 11 Lianbao Rd, Shengfeng District, Xiaolan Town, Zhongshan City, Guangdong, China – 528400",https://wsrv.nl/?url=https%3A%2F%2Fi.ibb.co%2FqFDVYc5B%2Fadhil-mini-6-06-ballet-blue.png&output=webp&q=78
Adhil Mini 6,TTT060X,48V DC,NA,3500K, CRI>97, φ30*80mm,24°,6W,AJ/CG,ASTS0630/35/24/CHB,R-41231258,IS 10322 (PART 5/SEC 1) : 2012,15099,"Guangdong Sat Technology Co. Ltd., No. 11 Lianbao Rd, Shengfeng District, Xiaolan Town, Zhongshan City, Guangdong, China – 528400",https://wsrv.nl/?url=https%3A%2F%2Fi.ibb.co%2FWvcjCJky%2Fadhil-mini-6-02-chrome-black.png&output=webp&q=78
Adhil Mini 6,TTT060X,48V DC,NA,3500K, CRI>97, φ30*80mm,36°,6W,AJ/CG,ASTS0630/35/36/B,R-41231258,IS 10322 (PART 5/SEC 1) : 2012,14099,"Guangdong Sat Technology Co. Ltd., No. 11 Lianbao Rd, Shengfeng District, Xiaolan Town, Zhongshan City, Guangdong, China – 528400",https://wsrv.nl/?url=https%3A%2F%2Fi.ibb.co%2FVp5VXDSz%2Fadhil-mini-6-03-mat-black-default.png&output=webp&q=78
Adhil Mini 6,TTT060X,48V DC,NA,3500K, CRI>97, φ30*80mm,36°,6W,AJ/CG,ASTS0630/35/36/W,R-41231258,IS 10322 (PART 5/SEC 1) : 2012,14099,"Guangdong Sat Technology Co. Ltd., No. 11 Lianbao Rd, Shengfeng District, Xiaolan Town, Zhongshan City, Guangdong, China – 528400",https://wsrv.nl/?url=https%3A%2F%2Fi.ibb.co%2FKz0FRVY2%2Fadhil-mini-6-06-white.png&output=webp&q=78
Adhil Mini 6,TTT060X,48V DC,NA,3500K, CRI>97, φ30*80mm,36°,6W,AJ/CG,ASTS0630/35/36/COF,R-41231258,IS 10322 (PART 5/SEC 1) : 2012,15099,"Guangdong Sat Technology Co. Ltd., No. 11 Lianbao Rd, Shengfeng District, Xiaolan Town, Zhongshan City, Guangdong, China – 528400",https://wsrv.nl/?url=https%3A%2F%2Fi.ibb.co%2Fpj1LV7m3%2Fadhil-mini-6-07-coffee.png&output=webp&q=78
Adhil Mini 6,TTT060X,48V DC,NA,3500K, CRI>97, φ30*80mm,36°,6W,AJ/CG,ASTS0630/35/36/DGR,R-41231258,IS 10322 (PART 5/SEC 1) : 2012,15099,"Guangdong Sat Technology Co. Ltd., No. 11 Lianbao Rd, Shengfeng District, Xiaolan Town, Zhongshan City, Guangdong, China – 528400",https://wsrv.nl/?url=https%3A%2F%2Fi.ibb.co%2FjkJgZ2t6%2Fadhil-mini-6-09-dark-gray-default.png&output=webp&q=78
Adhil Mini 6,TTT060X,48V DC,NA,3500K, CRI>97, φ30*80mm,36°,6W,AJ/CG,ASTS0630/35/36/CH,R-41231258,IS 10322 (PART 5/SEC 1) : 2012,15099,"Guangdong Sat Technology Co. Ltd., No. 11 Lianbao Rd, Shengfeng District, Xiaolan Town, Zhongshan City, Guangdong, China – 528400",https://wsrv.nl/?url=https%3A%2F%2Fi.ibb.co%2FLhR815Tf%2Fadhil-mini-6-01-chrome.png&output=webp&q=78
Adhil Mini 6,TTT060X,48V DC,NA,3500K, CRI>97, φ30*80mm,36°,6W,AJ/CG,ASTS0630/35/36/CG,R-41231258,IS 10322 (PART 5/SEC 1) : 2012,15099,"Guangdong Sat Technology Co. Ltd., No. 11 Lianbao Rd, Shengfeng District, Xiaolan Town, Zhongshan City, Guangdong, China – 528400",https://wsrv.nl/?url=https%3A%2F%2Fi.ibb.co%2FHLcCCkvV%2Fadhil-mini-6-04-champeing-gold.png&output=webp&q=78
Adhil Mini 6,TTT060X,48V DC,NA,3500K, CRI>97, φ30*80mm,36°,6W,AJ/CG,ASTS0630/35/36/RG,R-41231258,IS 10322 (PART 5/SEC 1) : 2012,15099,"Guangdong Sat Technology Co. Ltd., No. 11 Lianbao Rd, Shengfeng District, Xiaolan Town, Zhongshan City, Guangdong, China – 528400",https://wsrv.nl/?url=https%3A%2F%2Fi.ibb.co%2FKzWnYp9P%2Fadhil-mini-6-08-rose-gold.png&output=webp&q=78
Adhil Mini 6,TTT060X,48V DC,NA,3500K, CRI>97, φ30*80mm,36°,6W,AJ/CG,ASTS0630/35/36/BR,R-41231258,IS 10322 (PART 5/SEC 1) : 2012,15099,"Guangdong Sat Technology Co. Ltd., No. 11 Lianbao Rd, Shengfeng District, Xiaolan Town, Zhongshan City, Guangdong, China – 528400",https://wsrv.nl/?url=https%3A%2F%2Fi.ibb.co%2FWW0fRZ7X%2Fadhil-mini-6-10-brown.png&output=webp&q=78
Adhil Mini 6,TTT060X,48V DC,NA,3500K, CRI>97, φ30*80mm,36°,6W,AJ/CG,ASTS0630/35/36/BB,R-41231258,IS 10322 (PART 5/SEC 1) : 2012,15099,"Guangdong Sat Technology Co. Ltd., No. 11 Lianbao Rd, Shengfeng District, Xiaolan Town, Zhongshan City, Guangdong, China – 528400",https://wsrv.nl/?url=https%3A%2F%2Fi.ibb.co%2FqFDVYc5B%2Fadhil-mini-6-06-ballet-blue.png&output=webp&q=78
Adhil Mini 6,TTT060X,48V DC,NA,3500K, CRI>97, φ30*80mm,36°,6W,AJ/CG,ASTS0630/35/36/CHB,R-41231258,IS 10322 (PART 5/SEC 1) : 2012,15099,"Guangdong Sat Technology Co. Ltd., No. 11 Lianbao Rd, Shengfeng District, Xiaolan Town, Zhongshan City, Guangdong, China – 528400",https://wsrv.nl/?url=https%3A%2F%2Fi.ibb.co%2FWvcjCJky%2Fadhil-mini-6-02-chrome-black.png&output=webp&q=78
Adhil Mini 6,TTT060X,48V DC,NA,4000K, CRI>97, φ30*80mm,15°,6W,AJ/CG,ASTS0630/40/15/B,R-41231258,IS 10322 (PART 5/SEC 1) : 2012,14099,"Guangdong Sat Technology Co. Ltd., No. 11 Lianbao Rd, Shengfeng District, Xiaolan Town, Zhongshan City, Guangdong, China – 528400",https://wsrv.nl/?url=https%3A%2F%2Fi.ibb.co%2FVp5VXDSz%2Fadhil-mini-6-03-mat-black-default.png&output=webp&q=78
Adhil Mini 6,TTT060X,48V DC,NA,4000K, CRI>97, φ30*80mm,15°,6W,AJ/CG,ASTS0630/40/15/W,R-41231258,IS 10322 (PART 5/SEC 1) : 2012,14099,"Guangdong Sat Technology Co. Ltd., No. 11 Lianbao Rd, Shengfeng District, Xiaolan Town, Zhongshan City, Guangdong, China – 528400",https://wsrv.nl/?url=https%3A%2F%2Fi.ibb.co%2FKz0FRVY2%2Fadhil-mini-6-06-white.png&output=webp&q=78
Adhil Mini 6,TTT060X,48V DC,NA,4000K, CRI>97, φ30*80mm,15°,6W,AJ/CG,ASTS0630/40/15/COF,R-41231258,IS 10322 (PART 5/SEC 1) : 2012,15099,"Guangdong Sat Technology Co. Ltd., No. 11 Lianbao Rd, Shengfeng District, Xiaolan Town, Zhongshan City, Guangdong, China – 528400",https://wsrv.nl/?url=https%3A%2F%2Fi.ibb.co%2Fpj1LV7m3%2Fadhil-mini-6-07-coffee.png&output=webp&q=78
Adhil Mini 6,TTT060X,48V DC,NA,4000K, CRI>97, φ30*80mm,15°,6W,AJ/CG,ASTS0630/40/15/DGR,R-41231258,IS 10322 (PART 5/SEC 1) : 2012,15099,"Guangdong Sat Technology Co. Ltd., No. 11 Lianbao Rd, Shengfeng District, Xiaolan Town, Zhongshan City, Guangdong, China – 528400",https://wsrv.nl/?url=https%3A%2F%2Fi.ibb.co%2FjkJgZ2t6%2Fadhil-mini-6-09-dark-gray-default.png&output=webp&q=78
Adhil Mini 6,TTT060X,48V DC,NA,4000K, CRI>97, φ30*80mm,15°,6W,AJ/CG,ASTS0630/40/15/CH,R-41231258,IS 10322 (PART 5/SEC 1) : 2012,15099,"Guangdong Sat Technology Co. Ltd., No. 11 Lianbao Rd, Shengfeng District, Xiaolan Town, Zhongshan City, Guangdong, China – 528400",https://wsrv.nl/?url=https%3A%2F%2Fi.ibb.co%2FLhR815Tf%2Fadhil-mini-6-01-chrome.png&output=webp&q=78
Adhil Mini 6,TTT060X,48V DC,NA,4000K, CRI>97, φ30*80mm,15°,6W,AJ/CG,ASTS0630/40/15/CG,R-41231258,IS 10322 (PART 5/SEC 1) : 2012,15099,"Guangdong Sat Technology Co. Ltd., No. 11 Lianbao Rd, Shengfeng District, Xiaolan Town, Zhongshan City, Guangdong, China – 528400",https://wsrv.nl/?url=https%3A%2F%2Fi.ibb.co%2FHLcCCkvV%2Fadhil-mini-6-04-champeing-gold.png&output=webp&q=78
Adhil Mini 6,TTT060X,48V DC,NA,4000K, CRI>97, φ30*80mm,15°,6W,AJ/CG,ASTS0630/40/15/RG,R-41231258,IS 10322 (PART 5/SEC 1) : 2012,15099,"Guangdong Sat Technology Co. Ltd., No. 11 Lianbao Rd, Shengfeng District, Xiaolan Town, Zhongshan City, Guangdong, China – 528400",https://wsrv.nl/?url=https%3A%2F%2Fi.ibb.co%2FKzWnYp9P%2Fadhil-mini-6-08-rose-gold.png&output=webp&q=78
Adhil Mini 6,TTT060X,48V DC,NA,4000K, CRI>97, φ30*80mm,15°,6W,AJ/CG,ASTS0630/40/15/BR,R-41231258,IS 10322 (PART 5/SEC 1) : 2012,15099,"Guangdong Sat Technology Co. Ltd., No. 11 Lianbao Rd, Shengfeng District, Xiaolan Town, Zhongshan City, Guangdong, China – 528400",https://wsrv.nl/?url=https%3A%2F%2Fi.ibb.co%2FWW0fRZ7X%2Fadhil-mini-6-10-brown.png&output=webp&q=78
Adhil Mini 6,TTT060X,48V DC,NA,4000K, CRI>97, φ30*80mm,15°,6W,AJ/CG,ASTS0630/40/15/BB,R-41231258,IS 10322 (PART 5/SEC 1) : 2012,15099,"Guangdong Sat Technology Co. Ltd., No. 11 Lianbao Rd, Shengfeng District, Xiaolan Town, Zhongshan City, Guangdong, China – 528400",https://wsrv.nl/?url=https%3A%2F%2Fi.ibb.co%2FqFDVYc5B%2Fadhil-mini-6-06-ballet-blue.png&output=webp&q=78
Adhil Mini 6,TTT060X,48V DC,NA,4000K, CRI>97, φ30*80mm,15°,6W,AJ/CG,ASTS0630/40/15/CHB,R-41231258,IS 10322 (PART 5/SEC 1) : 2012,15099,"Guangdong Sat Technology Co. Ltd., No. 11 Lianbao Rd, Shengfeng District, Xiaolan Town, Zhongshan City, Guangdong, China – 528400",https://wsrv.nl/?url=https%3A%2F%2Fi.ibb.co%2FWvcjCJky%2Fadhil-mini-6-02-chrome-black.png&output=webp&q=78
Adhil Mini 6,TTT060X,48V DC,NA,4000K, CRI>97, φ30*80mm,24°,6W,AJ/CG,ASTS0630/40/24/B,R-41231258,IS 10322 (PART 5/SEC 1) : 2012,14099,"Guangdong Sat Technology Co. Ltd., No. 11 Lianbao Rd, Shengfeng District, Xiaolan Town, Zhongshan City, Guangdong, China – 528400",https://wsrv.nl/?url=https%3A%2F%2Fi.ibb.co%2FVp5VXDSz%2Fadhil-mini-6-03-mat-black-default.png&output=webp&q=78
Adhil Mini 6,TTT060X,48V DC,NA,4000K, CRI>97, φ30*80mm,24°,6W,AJ/CG,ASTS0630/40/24/W,R-41231258,IS 10322 (PART 5/SEC 1) : 2012,14099,"Guangdong Sat Technology Co. Ltd., No. 11 Lianbao Rd, Shengfeng District, Xiaolan Town, Zhongshan City, Guangdong, China – 528400",https://wsrv.nl/?url=https%3A%2F%2Fi.ibb.co%2FKz0FRVY2%2Fadhil-mini-6-06-white.png&output=webp&q=78
Adhil Mini 6,TTT060X,48V DC,NA,4000K, CRI>97, φ30*80mm,24°,6W,AJ/CG,ASTS0630/40/24/COF,R-41231258,IS 10322 (PART 5/SEC 1) : 2012,15099,"Guangdong Sat Technology Co. Ltd., No. 11 Lianbao Rd, Shengfeng District, Xiaolan Town, Zhongshan City, Guangdong, China – 528400",https://wsrv.nl/?url=https%3A%2F%2Fi.ibb.co%2Fpj1LV7m3%2Fadhil-mini-6-07-coffee.png&output=webp&q=78
Adhil Mini 6,TTT060X,48V DC,NA,4000K, CRI>97, φ30*80mm,24°,6W,AJ/CG,ASTS0630/40/24/DGR,R-41231258,IS 10322 (PART 5/SEC 1) : 2012,15099,"Guangdong Sat Technology Co. Ltd., No. 11 Lianbao Rd, Shengfeng District, Xiaolan Town, Zhongshan City, Guangdong, China – 528400",https://wsrv.nl/?url=https%3A%2F%2Fi.ibb.co%2FjkJgZ2t6%2Fadhil-mini-6-09-dark-gray-default.png&output=webp&q=78
Adhil Mini 6,TTT060X,48V DC,NA,4000K, CRI>97, φ30*80mm,24°,6W,AJ/CG,ASTS0630/40/24/CH,R-41231258,IS 10322 (PART 5/SEC 1) : 2012,15099,"Guangdong Sat Technology Co. Ltd., No. 11 Lianbao Rd, Shengfeng District, Xiaolan Town, Zhongshan City, Guangdong, China – 528400",https://wsrv.nl/?url=https%3A%2F%2Fi.ibb.co%2FLhR815Tf%2Fadhil-mini-6-01-chrome.png&output=webp&q=78
Adhil Mini 6,TTT060X,48V DC,NA,4000K, CRI>97, φ30*80mm,24°,6W,AJ/CG,ASTS0630/40/24/CG,R-41231258,IS 10322 (PART 5/SEC 1) : 2012,15099,"Guangdong Sat Technology Co. Ltd., No. 11 Lianbao Rd, Shengfeng District, Xiaolan Town, Zhongshan City, Guangdong, China – 528400",https://wsrv.nl/?url=https%3A%2F%2Fi.ibb.co%2FHLcCCkvV%2Fadhil-mini-6-04-champeing-gold.png&output=webp&q=78
Adhil Mini 6,TTT060X,48V DC,NA,4000K, CRI>97, φ30*80mm,24°,6W,AJ/CG,ASTS0630/40/24/RG,R-41231258,IS 10322 (PART 5/SEC 1) : 2012,15099,"Guangdong Sat Technology Co. Ltd., No. 11 Lianbao Rd, Shengfeng District, Xiaolan Town, Zhongshan City, Guangdong, China – 528400",https://wsrv.nl/?url=https%3A%2F%2Fi.ibb.co%2FKzWnYp9P%2Fadhil-mini-6-08-rose-gold.png&output=webp&q=78
Adhil Mini 6,TTT060X,48V DC,NA,4000K, CRI>97, φ30*80mm,24°,6W,AJ/CG,ASTS0630/40/24/BR,R-41231258,IS 10322 (PART 5/SEC 1) : 2012,15099,"Guangdong Sat Technology Co. Ltd., No. 11 Lianbao Rd, Shengfeng District, Xiaolan Town, Zhongshan City, Guangdong, China – 528400",https://wsrv.nl/?url=https%3A%2F%2Fi.ibb.co%2FWW0fRZ7X%2Fadhil-mini-6-10-brown.png&output=webp&q=78
Adhil Mini 6,TTT060X,48V DC,NA,4000K, CRI>97, φ30*80mm,24°,6W,AJ/CG,ASTS0630/40/24/BB,R-41231258,IS 10322 (PART 5/SEC 1) : 2012,15099,"Guangdong Sat Technology Co. Ltd., No. 11 Lianbao Rd, Shengfeng District, Xiaolan Town, Zhongshan City, Guangdong, China – 528400",https://wsrv.nl/?url=https%3A%2F%2Fi.ibb.co%2FqFDVYc5B%2Fadhil-mini-6-06-ballet-blue.png&output=webp&q=78
Adhil Mini 6,TTT060X,48V DC,NA,4000K, CRI>97, φ30*80mm,24°,6W,AJ/CG,ASTS0630/40/24/CHB,R-41231258,IS 10322 (PART 5/SEC 1) : 2012,15099,"Guangdong Sat Technology Co. Ltd., No. 11 Lianbao Rd, Shengfeng District, Xiaolan Town, Zhongshan City, Guangdong, China – 528400",https://wsrv.nl/?url=https%3A%2F%2Fi.ibb.co%2FWvcjCJky%2Fadhil-mini-6-02-chrome-black.png&output=webp&q=78
Adhil Mini 6,TTT060X,48V DC,NA,4000K, CRI>97, φ30*80mm,36°,6W,AJ/CG,ASTS0630/40/36/B,R-41231258,IS 10322 (PART 5/SEC 1) : 2012,14099,"Guangdong Sat Technology Co. Ltd., No. 11 Lianbao Rd, Shengfeng District, Xiaolan Town, Zhongshan City, Guangdong, China – 528400",https://wsrv.nl/?url=https%3A%2F%2Fi.ibb.co%2FVp5VXDSz%2Fadhil-mini-6-03-mat-black-default.png&output=webp&q=78
Adhil Mini 6,TTT060X,48V DC,NA,4000K, CRI>97, φ30*80mm,36°,6W,AJ/CG,ASTS0630/40/36/W,R-41231258,IS 10322 (PART 5/SEC 1) : 2012,14099,"Guangdong Sat Technology Co. Ltd., No. 11 Lianbao Rd, Shengfeng District, Xiaolan Town, Zhongshan City, Guangdong, China – 528400",https://wsrv.nl/?url=https%3A%2F%2Fi.ibb.co%2FKz0FRVY2%2Fadhil-mini-6-06-white.png&output=webp&q=78
Adhil Mini 6,TTT060X,48V DC,NA,4000K, CRI>97, φ30*80mm,36°,6W,AJ/CG,ASTS0630/40/36/COF,R-41231258,IS 10322 (PART 5/SEC 1) : 2012,15099,"Guangdong Sat Technology Co. Ltd., No. 11 Lianbao Rd, Shengfeng District, Xiaolan Town, Zhongshan City, Guangdong, China – 528400",https://wsrv.nl/?url=https%3A%2F%2Fi.ibb.co%2Fpj1LV7m3%2Fadhil-mini-6-07-coffee.png&output=webp&q=78
Adhil Mini 6,TTT060X,48V DC,NA,4000K, CRI>97, φ30*80mm,36°,6W,AJ/CG,ASTS0630/40/36/DGR,R-41231258,IS 10322 (PART 5/SEC 1) : 2012,15099,"Guangdong Sat Technology Co. Ltd., No. 11 Lianbao Rd, Shengfeng District, Xiaolan Town, Zhongshan City, Guangdong, China – 528400",https://wsrv.nl/?url=https%3A%2F%2Fi.ibb.co%2FjkJgZ2t6%2Fadhil-mini-6-09-dark-gray-default.png&output=webp&q=78
Adhil Mini 6,TTT060X,48V DC,NA,4000K, CRI>97, φ30*80mm,36°,6W,AJ/CG,ASTS0630/40/36/CH,R-41231258,IS 10322 (PART 5/SEC 1) : 2012,15099,"Guangdong Sat Technology Co. Ltd., No. 11 Lianbao Rd, Shengfeng District, Xiaolan Town, Zhongshan City, Guangdong, China – 528400",https://wsrv.nl/?url=https%3A%2F%2Fi.ibb.co%2FLhR815Tf%2Fadhil-mini-6-01-chrome.png&output=webp&q=78
Adhil Mini 6,TTT060X,48V DC,NA,4000K, CRI>97, φ30*80mm,36°,6W,AJ/CG,ASTS0630/40/36/CG,R-41231258,IS 10322 (PART 5/SEC 1) : 2012,15099,"Guangdong Sat Technology Co. Ltd., No. 11 Lianbao Rd, Shengfeng District, Xiaolan Town, Zhongshan City, Guangdong, China – 528400",https://wsrv.nl/?url=https%3A%2F%2Fi.ibb.co%2FHLcCCkvV%2Fadhil-mini-6-04-champeing-gold.png&output=webp&q=78
Adhil Mini 6,TTT060X,48V DC,NA,4000K, CRI>97, φ30*80mm,36°,6W,AJ/CG,ASTS0630/40/36/RG,R-41231258,IS 10322 (PART 5/SEC 1) : 2012,15099,"Guangdong Sat Technology Co. Ltd., No. 11 Lianbao Rd, Shengfeng District, Xiaolan Town, Zhongshan City, Guangdong, China – 528400",https://wsrv.nl/?url=https%3A%2F%2Fi.ibb.co%2FKzWnYp9P%2Fadhil-mini-6-08-rose-gold.png&output=webp&q=78
Adhil Mini 6,TTT060X,48V DC,NA,4000K, CRI>97, φ30*80mm,36°,6W,AJ/CG,ASTS0630/40/36/BR,R-41231258,IS 10322 (PART 5/SEC 1) : 2012,15099,"Guangdong Sat Technology Co. Ltd., No. 11 Lianbao Rd, Shengfeng District, Xiaolan Town, Zhongshan City, Guangdong, China – 528400",https://wsrv.nl/?url=https%3A%2F%2Fi.ibb.co%2FWW0fRZ7X%2Fadhil-mini-6-10-brown.png&output=webp&q=78
Adhil Mini 6,TTT060X,48V DC,NA,4000K, CRI>97, φ30*80mm,36°,6W,AJ/CG,ASTS0630/40/36/BB,R-41231258,IS 10322 (PART 5/SEC 1) : 2012,15099,"Guangdong Sat Technology Co. Ltd., No. 11 Lianbao Rd, Shengfeng District, Xiaolan Town, Zhongshan City, Guangdong, China – 528400",https://wsrv.nl/?url=https%3A%2F%2Fi.ibb.co%2FqFDVYc5B%2Fadhil-mini-6-06-ballet-blue.png&output=webp&q=78
Adhil Mini 6,TTT060X,48V DC,NA,4000K, CRI>97, φ30*80mm,36°,6W,AJ/CG,ASTS0630/40/36/CHB,R-41231258,IS 10322 (PART 5/SEC 1) : 2012,15099,"Guangdong Sat Technology Co. Ltd., No. 11 Lianbao Rd, Shengfeng District, Xiaolan Town, Zhongshan City, Guangdong, China – 528400",https://wsrv.nl/?url=https%3A%2F%2Fi.ibb.co%2FWvcjCJky%2Fadhil-mini-6-02-chrome-black.png&output=webp&q=78
Adhil Mini 6,TTT060X,48V DC,NA,5000K, CRI>97, φ30*80mm,15°,6W,AJ/CG,ASTS0630/50/15/B,R-41231258,IS 10322 (PART 5/SEC 1) : 2012,14099,"Guangdong Sat Technology Co. Ltd., No. 11 Lianbao Rd, Shengfeng District, Xiaolan Town, Zhongshan City, Guangdong, China – 528400",https://wsrv.nl/?url=https%3A%2F%2Fi.ibb.co%2FVp5VXDSz%2Fadhil-mini-6-03-mat-black-default.png&output=webp&q=78
Adhil Mini 6,TTT060X,48V DC,NA,5000K, CRI>97, φ30*80mm,15°,6W,AJ/CG,ASTS0630/50/15/W,R-41231258,IS 10322 (PART 5/SEC 1) : 2012,14099,"Guangdong Sat Technology Co. Ltd., No. 11 Lianbao Rd, Shengfeng District, Xiaolan Town, Zhongshan City, Guangdong, China – 528400",https://wsrv.nl/?url=https%3A%2F%2Fi.ibb.co%2FKz0FRVY2%2Fadhil-mini-6-06-white.png&output=webp&q=78
Adhil Mini 6,TTT060X,48V DC,NA,5000K, CRI>97, φ30*80mm,15°,6W,AJ/CG,ASTS0630/50/15/COF,R-41231258,IS 10322 (PART 5/SEC 1) : 2012,15099,"Guangdong Sat Technology Co. Ltd., No. 11 Lianbao Rd, Shengfeng District, Xiaolan Town, Zhongshan City, Guangdong, China – 528400",https://wsrv.nl/?url=https%3A%2F%2Fi.ibb.co%2Fpj1LV7m3%2Fadhil-mini-6-07-coffee.png&output=webp&q=78
Adhil Mini 6,TTT060X,48V DC,NA,5000K, CRI>97, φ30*80mm,15°,6W,AJ/CG,ASTS0630/50/15/DGR,R-41231258,IS 10322 (PART 5/SEC 1) : 2012,15099,"Guangdong Sat Technology Co. Ltd., No. 11 Lianbao Rd, Shengfeng District, Xiaolan Town, Zhongshan City, Guangdong, China – 528400",https://wsrv.nl/?url=https%3A%2F%2Fi.ibb.co%2FjkJgZ2t6%2Fadhil-mini-6-09-dark-gray-default.png&output=webp&q=78
Adhil Mini 6,TTT060X,48V DC,NA,5000K, CRI>97, φ30*80mm,15°,6W,AJ/CG,ASTS0630/50/15/CH,R-41231258,IS 10322 (PART 5/SEC 1) : 2012,15099,"Guangdong Sat Technology Co. Ltd., No. 11 Lianbao Rd, Shengfeng District, Xiaolan Town, Zhongshan City, Guangdong, China – 528400",https://wsrv.nl/?url=https%3A%2F%2Fi.ibb.co%2FLhR815Tf%2Fadhil-mini-6-01-chrome.png&output=webp&q=78
Adhil Mini 6,TTT060X,48V DC,NA,5000K, CRI>97, φ30*80mm,15°,6W,AJ/CG,ASTS0630/50/15/CG,R-41231258,IS 10322 (PART 5/SEC 1) : 2012,15099,"Guangdong Sat Technology Co. Ltd., No. 11 Lianbao Rd, Shengfeng District, Xiaolan Town, Zhongshan City, Guangdong, China – 528400",https://wsrv.nl/?url=https%3A%2F%2Fi.ibb.co%2FHLcCCkvV%2Fadhil-mini-6-04-champeing-gold.png&output=webp&q=78
Adhil Mini 6,TTT060X,48V DC,NA,5000K, CRI>97, φ30*80mm,15°,6W,AJ/CG,ASTS0630/50/15/RG,R-41231258,IS 10322 (PART 5/SEC 1) : 2012,15099,"Guangdong Sat Technology Co. Ltd., No. 11 Lianbao Rd, Shengfeng District, Xiaolan Town, Zhongshan City, Guangdong, China – 528400",https://wsrv.nl/?url=https%3A%2F%2Fi.ibb.co%2FKzWnYp9P%2Fadhil-mini-6-08-rose-gold.png&output=webp&q=78
Adhil Mini 6,TTT060X,48V DC,NA,5000K, CRI>97, φ30*80mm,15°,6W,AJ/CG,ASTS0630/50/15/BR,R-41231258,IS 10322 (PART 5/SEC 1) : 2012,15099,"Guangdong Sat Technology Co. Ltd., No. 11 Lianbao Rd, Shengfeng District, Xiaolan Town, Zhongshan City, Guangdong, China – 528400",https://wsrv.nl/?url=https%3A%2F%2Fi.ibb.co%2FWW0fRZ7X%2Fadhil-mini-6-10-brown.png&output=webp&q=78
Adhil Mini 6,TTT060X,48V DC,NA,5000K, CRI>97, φ30*80mm,15°,6W,AJ/CG,ASTS0630/50/15/BB,R-41231258,IS 10322 (PART 5/SEC 1) : 2012,15099,"Guangdong Sat Technology Co. Ltd., No. 11 Lianbao Rd, Shengfeng District, Xiaolan Town, Zhongshan City, Guangdong, China – 528400",https://wsrv.nl/?url=https%3A%2F%2Fi.ibb.co%2FqFDVYc5B%2Fadhil-mini-6-06-ballet-blue.png&output=webp&q=78
Adhil Mini 6,TTT060X,48V DC,NA,5000K, CRI>97, φ30*80mm,15°,6W,AJ/CG,ASTS0630/50/15/CHB,R-41231258,IS 10322 (PART 5/SEC 1) : 2012,15099,"Guangdong Sat Technology Co. Ltd., No. 11 Lianbao Rd, Shengfeng District, Xiaolan Town, Zhongshan City, Guangdong, China – 528400",https://wsrv.nl/?url=https%3A%2F%2Fi.ibb.co%2FWvcjCJky%2Fadhil-mini-6-02-chrome-black.png&output=webp&q=78
Adhil Mini 6,TTT060X,48V DC,NA,5000K, CRI>97, φ30*80mm,24°,6W,AJ/CG,ASTS0630/50/24/B,R-41231258,IS 10322 (PART 5/SEC 1) : 2012,14099,"Guangdong Sat Technology Co. Ltd., No. 11 Lianbao Rd, Shengfeng District, Xiaolan Town, Zhongshan City, Guangdong, China – 528400",https://wsrv.nl/?url=https%3A%2F%2Fi.ibb.co%2FVp5VXDSz%2Fadhil-mini-6-03-mat-black-default.png&output=webp&q=78
Adhil Mini 6,TTT060X,48V DC,NA,5000K, CRI>97, φ30*80mm,24°,6W,AJ/CG,ASTS0630/50/24/W,R-41231258,IS 10322 (PART 5/SEC 1) : 2012,14099,"Guangdong Sat Technology Co. Ltd., No. 11 Lianbao Rd, Shengfeng District, Xiaolan Town, Zhongshan City, Guangdong, China – 528400",https://wsrv.nl/?url=https%3A%2F%2Fi.ibb.co%2FKz0FRVY2%2Fadhil-mini-6-06-white.png&output=webp&q=78
Adhil Mini 6,TTT060X,48V DC,NA,5000K, CRI>97, φ30*80mm,24°,6W,AJ/CG,ASTS0630/50/24/COF,R-41231258,IS 10322 (PART 5/SEC 1) : 2012,15099,"Guangdong Sat Technology Co. Ltd., No. 11 Lianbao Rd, Shengfeng District, Xiaolan Town, Zhongshan City, Guangdong, China – 528400",https://wsrv.nl/?url=https%3A%2F%2Fi.ibb.co%2Fpj1LV7m3%2Fadhil-mini-6-07-coffee.png&output=webp&q=78
Adhil Mini 6,TTT060X,48V DC,NA,5000K, CRI>97, φ30*80mm,24°,6W,AJ/CG,ASTS0630/50/24/DGR,R-41231258,IS 10322 (PART 5/SEC 1) : 2012,15099,"Guangdong Sat Technology Co. Ltd., No. 11 Lianbao Rd, Shengfeng District, Xiaolan Town, Zhongshan City, Guangdong, China – 528400",https://wsrv.nl/?url=https%3A%2F%2Fi.ibb.co%2FjkJgZ2t6%2Fadhil-mini-6-09-dark-gray-default.png&output=webp&q=78
Adhil Mini 6,TTT060X,48V DC,NA,5000K, CRI>97, φ30*80mm,24°,6W,AJ/CG,ASTS0630/50/24/CH,R-41231258,IS 10322 (PART 5/SEC 1) : 2012,15099,"Guangdong Sat Technology Co. Ltd., No. 11 Lianbao Rd, Shengfeng District, Xiaolan Town, Zhongshan City, Guangdong, China – 528400",https://wsrv.nl/?url=https%3A%2F%2Fi.ibb.co%2FLhR815Tf%2Fadhil-mini-6-01-chrome.png&output=webp&q=78
Adhil Mini 6,TTT060X,48V DC,NA,5000K, CRI>97, φ30*80mm,24°,6W,AJ/CG,ASTS0630/50/24/CG,R-41231258,IS 10322 (PART 5/SEC 1) : 2012,15099,"Guangdong Sat Technology Co. Ltd., No. 11 Lianbao Rd, Shengfeng District, Xiaolan Town, Zhongshan City, Guangdong, China – 528400",https://wsrv.nl/?url=https%3A%2F%2Fi.ibb.co%2FHLcCCkvV%2Fadhil-mini-6-04-champeing-gold.png&output=webp&q=78
Adhil Mini 6,TTT060X,48V DC,NA,5000K, CRI>97, φ30*80mm,24°,6W,AJ/CG,ASTS0630/50/24/RG,R-41231258,IS 10322 (PART 5/SEC 1) : 2012,15099,"Guangdong Sat Technology Co. Ltd., No. 11 Lianbao Rd, Shengfeng District, Xiaolan Town, Zhongshan City, Guangdong, China – 528400",https://wsrv.nl/?url=https%3A%2F%2Fi.ibb.co%2FKzWnYp9P%2Fadhil-mini-6-08-rose-gold.png&output=webp&q=78
Adhil Mini 6,TTT060X,48V DC,NA,5000K, CRI>97, φ30*80mm,24°,6W,AJ/CG,ASTS0630/50/24/BR,R-41231258,IS 10322 (PART 5/SEC 1) : 2012,15099,"Guangdong Sat Technology Co. Ltd., No. 11 Lianbao Rd, Shengfeng District, Xiaolan Town, Zhongshan City, Guangdong, China – 528400",https://wsrv.nl/?url=https%3A%2F%2Fi.ibb.co%2FWW0fRZ7X%2Fadhil-mini-6-10-brown.png&output=webp&q=78
Adhil Mini 6,TTT060X,48V DC,NA,5000K, CRI>97, φ30*80mm,24°,6W,AJ/CG,ASTS0630/50/24/BB,R-41231258,IS 10322 (PART 5/SEC 1) : 2012,15099,"Guangdong Sat Technology Co. Ltd., No. 11 Lianbao Rd, Shengfeng District, Xiaolan Town, Zhongshan City, Guangdong, China – 528400",https://wsrv.nl/?url=https%3A%2F%2Fi.ibb.co%2FqFDVYc5B%2Fadhil-mini-6-06-ballet-blue.png&output=webp&q=78
Adhil Mini 6,TTT060X,48V DC,NA,5000K, CRI>97, φ30*80mm,24°,6W,AJ/CG,ASTS0630/50/24/CHB,R-41231258,IS 10322 (PART 5/SEC 1) : 2012,15099,"Guangdong Sat Technology Co. Ltd., No. 11 Lianbao Rd, Shengfeng District, Xiaolan Town, Zhongshan City, Guangdong, China – 528400",https://wsrv.nl/?url=https%3A%2F%2Fi.ibb.co%2FWvcjCJky%2Fadhil-mini-6-02-chrome-black.png&output=webp&q=78
Adhil Mini 6,TTT060X,48V DC,NA,5000K, CRI>97, φ30*80mm,36°,6W,AJ/CG,ASTS0630/50/36/B,R-41231258,IS 10322 (PART 5/SEC 1) : 2012,14099,"Guangdong Sat Technology Co. Ltd., No. 11 Lianbao Rd, Shengfeng District, Xiaolan Town, Zhongshan City, Guangdong, China – 528400",https://wsrv.nl/?url=https%3A%2F%2Fi.ibb.co%2FVp5VXDSz%2Fadhil-mini-6-03-mat-black-default.png&output=webp&q=78
Adhil Mini 6,TTT060X,48V DC,NA,5000K, CRI>97, φ30*80mm,36°,6W,AJ/CG,ASTS0630/50/36/W,R-41231258,IS 10322 (PART 5/SEC 1) : 2012,14099,"Guangdong Sat Technology Co. Ltd., No. 11 Lianbao Rd, Shengfeng District, Xiaolan Town, Zhongshan City, Guangdong, China – 528400",https://wsrv.nl/?url=https%3A%2F%2Fi.ibb.co%2FKz0FRVY2%2Fadhil-mini-6-06-white.png&output=webp&q=78
Adhil Mini 6,TTT060X,48V DC,NA,5000K, CRI>97, φ30*80mm,36°,6W,AJ/CG,ASTS0630/50/36/COF,R-41231258,IS 10322 (PART 5/SEC 1) : 2012,15099,"Guangdong Sat Technology Co. Ltd., No. 11 Lianbao Rd, Shengfeng District, Xiaolan Town, Zhongshan City, Guangdong, China – 528400",https://wsrv.nl/?url=https%3A%2F%2Fi.ibb.co%2Fpj1LV7m3%2Fadhil-mini-6-07-coffee.png&output=webp&q=78
Adhil Mini 6,TTT060X,48V DC,NA,5000K, CRI>97, φ30*80mm,36°,6W,AJ/CG,ASTS0630/50/36/DGR,R-41231258,IS 10322 (PART 5/SEC 1) : 2012,15099,"Guangdong Sat Technology Co. Ltd., No. 11 Lianbao Rd, Shengfeng District, Xiaolan Town, Zhongshan City, Guangdong, China – 528400",https://wsrv.nl/?url=https%3A%2F%2Fi.ibb.co%2FjkJgZ2t6%2Fadhil-mini-6-09-dark-gray-default.png&output=webp&q=78
Adhil Mini 6,TTT060X,48V DC,NA,5000K, CRI>97, φ30*80mm,36°,6W,AJ/CG,ASTS0630/50/36/CH,R-41231258,IS 10322 (PART 5/SEC 1) : 2012,15099,"Guangdong Sat Technology Co. Ltd., No. 11 Lianbao Rd, Shengfeng District, Xiaolan Town, Zhongshan City, Guangdong, China – 528400",https://wsrv.nl/?url=https%3A%2F%2Fi.ibb.co%2FLhR815Tf%2Fadhil-mini-6-01-chrome.png&output=webp&q=78
Adhil Mini 6,TTT060X,48V DC,NA,5000K, CRI>97, φ30*80mm,36°,6W,AJ/CG,ASTS0630/50/36/CG,R-41231258,IS 10322 (PART 5/SEC 1) : 2012,15099,"Guangdong Sat Technology Co. Ltd., No. 11 Lianbao Rd, Shengfeng District, Xiaolan Town, Zhongshan City, Guangdong, China – 528400",https://wsrv.nl/?url=https%3A%2F%2Fi.ibb.co%2FHLcCCkvV%2Fadhil-mini-6-04-champeing-gold.png&output=webp&q=78
Adhil Mini 6,TTT060X,48V DC,NA,5000K, CRI>97, φ30*80mm,36°,6W,AJ/CG,ASTS0630/50/36/RG,R-41231258,IS 10322 (PART 5/SEC 1) : 2012,15099,"Guangdong Sat Technology Co. Ltd., No. 11 Lianbao Rd, Shengfeng District, Xiaolan Town, Zhongshan City, Guangdong, China – 528400",https://wsrv.nl/?url=https%3A%2F%2Fi.ibb.co%2FKzWnYp9P%2Fadhil-mini-6-08-rose-gold.png&output=webp&q=78
Adhil Mini 6,TTT060X,48V DC,NA,5000K, CRI>97, φ30*80mm,36°,6W,AJ/CG,ASTS0630/50/36/BR,R-41231258,IS 10322 (PART 5/SEC 1) : 2012,15099,"Guangdong Sat Technology Co. Ltd., No. 11 Lianbao Rd, Shengfeng District, Xiaolan Town, Zhongshan City, Guangdong, China – 528400",https://wsrv.nl/?url=https%3A%2F%2Fi.ibb.co%2FWW0fRZ7X%2Fadhil-mini-6-10-brown.png&output=webp&q=78
Adhil Mini 6,TTT060X,48V DC,NA,5000K, CRI>97, φ30*80mm,36°,6W,AJ/CG,ASTS0630/50/36/BB,R-41231258,IS 10322 (PART 5/SEC 1) : 2012,15099,"Guangdong Sat Technology Co. Ltd., No. 11 Lianbao Rd, Shengfeng District, Xiaolan Town, Zhongshan City, Guangdong, China – 528400",https://wsrv.nl/?url=https%3A%2F%2Fi.ibb.co%2FqFDVYc5B%2Fadhil-mini-6-06-ballet-blue.png&output=webp&q=78
Adhil Mini 6,TTT060X,48V DC,NA,5000K, CRI>97, φ30*80mm,36°,6W,AJ/CG,ASTS0630/50/36/CHB,R-41231258,IS 10322 (PART 5/SEC 1) : 2012,15099,"Guangdong Sat Technology Co. Ltd., No. 11 Lianbao Rd, Shengfeng District, Xiaolan Town, Zhongshan City, Guangdong, China – 528400",https://wsrv.nl/?url=https%3A%2F%2Fi.ibb.co%2FWvcjCJky%2Fadhil-mini-6-02-chrome-black.png&output=webp&q=78
Adhil Mini 12,TTT080X,48V DC,NA,2700K, CRI>97,φ30*120mm,15°,12W,AJ/CG,ASTS1230/27/15/B,R-41231258,IS 10322 (PART 5/SEC 1) : 2012,16099,"Guangdong Sat Technology Co. Ltd., No. 11 Lianbao Rd, Shengfeng District, Xiaolan Town, Zhongshan City, Guangdong, China – 528400",https://wsrv.nl/?url=https%3A%2F%2Fi.ibb.co%2FC3wKxrGS%2Fadhil-mini-12-03-mat-black-default.png&output=webp&q=78
Adhil Mini 12,TTT080X,48V DC,NA,2700K, CRI>97,φ30*120mm,15°,12W,AJ/CG,ASTS1230/27/15/W,R-41231258,IS 10322 (PART 5/SEC 1) : 2012,16099,"Guangdong Sat Technology Co. Ltd., No. 11 Lianbao Rd, Shengfeng District, Xiaolan Town, Zhongshan City, Guangdong, China – 528400",https://wsrv.nl/?url=https%3A%2F%2Fi.ibb.co%2FBKyZ6Dv8%2Fadhil-mini-12-05-white.png&output=webp&q=78
Adhil Mini 12,TTT080X,48V DC,NA,2700K, CRI>97,φ30*120mm,15°,12W,AJ/CG,ASTS1230/27/15/CG,R-41231258,IS 10322 (PART 5/SEC 1) : 2012,17099,"Guangdong Sat Technology Co. Ltd., No. 11 Lianbao Rd, Shengfeng District, Xiaolan Town, Zhongshan City, Guangdong, China – 528400",https://wsrv.nl/?url=https%3A%2F%2Fi.ibb.co%2F7tN5hPgB%2Fadhil-mini-12-04-champeing-gold.png&output=webp&q=78
Adhil Mini 12,TTT080X,48V DC,NA,2700K, CRI>97,φ30*120mm,15°,12W,AJ/CG,ASTS1230/27/15/RG,R-41231258,IS 10322 (PART 5/SEC 1) : 2012,17099,"Guangdong Sat Technology Co. Ltd., No. 11 Lianbao Rd, Shengfeng District, Xiaolan Town, Zhongshan City, Guangdong, China – 528400",https://wsrv.nl/?url=https%3A%2F%2Fi.ibb.co%2FCKCPZBMb%2Fadhil-mini-12-08-rose-gold.png&output=webp&q=78
Adhil Mini 12,TTT080X,48V DC,NA,2700K, CRI>97,φ30*120mm,15°,12W,AJ/CG,ASTS1230/27/15/BR,R-41231258,IS 10322 (PART 5/SEC 1) : 2012,17099,"Guangdong Sat Technology Co. Ltd., No. 11 Lianbao Rd, Shengfeng District, Xiaolan Town, Zhongshan City, Guangdong, China – 528400",https://wsrv.nl/?url=https%3A%2F%2Fi.ibb.co%2F8gmKd7bf%2Fadhil-mini-12-10-brown.png&output=webp&q=78
Adhil Mini 12,TTT080X,48V DC,NA,2700K, CRI>97,φ30*120mm,15°,12W,AJ/CG,ASTS1230/27/15/BB,R-41231258,IS 10322 (PART 5/SEC 1) : 2012,17099,"Guangdong Sat Technology Co. Ltd., No. 11 Lianbao Rd, Shengfeng District, Xiaolan Town, Zhongshan City, Guangdong, China – 528400",https://wsrv.nl/?url=https%3A%2F%2Fi.ibb.co%2F20V5WwFM%2Fadhil-mini-12-06-ballet-blue.png&output=webp&q=78
Adhil Mini 12,TTT080X,48V DC,NA,2700K, CRI>97,φ30*120mm,15°,12W,AJ/CG,ASTS1230/27/15/CHB,R-41231258,IS 10322 (PART 5/SEC 1) : 2012,17099,"Guangdong Sat Technology Co. Ltd., No. 11 Lianbao Rd, Shengfeng District, Xiaolan Town, Zhongshan City, Guangdong, China – 528400",https://wsrv.nl/?url=https%3A%2F%2Fi.ibb.co%2FzTvxgv1D%2Fadhil-mini-12-02-chrome-black.png&output=webp&q=78
Adhil Mini 12,TTT080X,48V DC,NA,2700K, CRI>97,φ30*120mm,15°,12W,AJ/CG,ASTS1230/27/15/COF,R-41231258,IS 10322 (PART 5/SEC 1) : 2012,17099,"Guangdong Sat Technology Co. Ltd., No. 11 Lianbao Rd, Shengfeng District, Xiaolan Town, Zhongshan City, Guangdong, China – 528400",https://wsrv.nl/?url=https%3A%2F%2Fi.ibb.co%2FJfzQ04Q%2Fadhil-mini-12-07-coffee.png&output=webp&q=78
Adhil Mini 12,TTT080X,48V DC,NA,2700K, CRI>97,φ30*120mm,15°,12W,AJ/CG,ASTS1230/27/15/DGR,R-41231258,IS 10322 (PART 5/SEC 1) : 2012,17099,"Guangdong Sat Technology Co. Ltd., No. 11 Lianbao Rd, Shengfeng District, Xiaolan Town, Zhongshan City, Guangdong, China – 528400",https://wsrv.nl/?url=https%3A%2F%2Fi.ibb.co%2Fgb6dwCxb%2Fadhil-mini-12-09-dark-gray-default.png&output=webp&q=78
Adhil Mini 12,TTT080X,48V DC,NA,2700K, CRI>97,φ30*120mm,15°,12W,AJ/CG,ASTS1230/27/15/CH,R-41231258,IS 10322 (PART 5/SEC 1) : 2012,17099,"Guangdong Sat Technology Co. Ltd., No. 11 Lianbao Rd, Shengfeng District, Xiaolan Town, Zhongshan City, Guangdong, China – 528400",https://wsrv.nl/?url=https%3A%2F%2Fi.ibb.co%2F3y0SXDKZ%2Fadhil-mini-12-01-chrome.png&output=webp&q=78
Adhil Mini 12,TTT080X,48V DC,NA,2700K, CRI>97,φ30*120mm,15°,12W,AJ/CG,ASTS1230/30/15/B,R-41231258,IS 10322 (PART 5/SEC 1) : 2012,16099,"Guangdong Sat Technology Co. Ltd., No. 11 Lianbao Rd, Shengfeng District, Xiaolan Town, Zhongshan City, Guangdong, China – 528400",https://wsrv.nl/?url=https%3A%2F%2Fi.ibb.co%2FC3wKxrGS%2Fadhil-mini-12-03-mat-black-default.png&output=webp&q=78
Adhil Mini 12,TTT080X,48V DC,NA,2700K, CRI>97,φ30*120mm,15°,12W,AJ/CG,ASTS1230/30/15/W,R-41231258,IS 10322 (PART 5/SEC 1) : 2012,16099,"Guangdong Sat Technology Co. Ltd., No. 11 Lianbao Rd, Shengfeng District, Xiaolan Town, Zhongshan City, Guangdong, China – 528400",https://wsrv.nl/?url=https%3A%2F%2Fi.ibb.co%2FBKyZ6Dv8%2Fadhil-mini-12-05-white.png&output=webp&q=78
Adhil Mini 12,TTT080X,48V DC,NA,2700K, CRI>97,φ30*120mm,15°,12W,AJ/CG,ASTS1230/30/15/CG,R-41231258,IS 10322 (PART 5/SEC 1) : 2012,17099,"Guangdong Sat Technology Co. Ltd., No. 11 Lianbao Rd, Shengfeng District, Xiaolan Town, Zhongshan City, Guangdong, China – 528400",https://wsrv.nl/?url=https%3A%2F%2Fi.ibb.co%2F7tN5hPgB%2Fadhil-mini-12-04-champeing-gold.png&output=webp&q=78
Adhil Mini 12,TTT080X,48V DC,NA,2700K, CRI>97,φ30*120mm,15°,12W,AJ/CG,ASTS1230/30/15/RG,R-41231258,IS 10322 (PART 5/SEC 1) : 2012,17099,"Guangdong Sat Technology Co. Ltd., No. 11 Lianbao Rd, Shengfeng District, Xiaolan Town, Zhongshan City, Guangdong, China – 528400",https://wsrv.nl/?url=https%3A%2F%2Fi.ibb.co%2FCKCPZBMb%2Fadhil-mini-12-08-rose-gold.png&output=webp&q=78
Adhil Mini 12,TTT080X,48V DC,NA,2700K, CRI>97,φ30*120mm,15°,12W,AJ/CG,ASTS1230/30/15/BR,R-41231258,IS 10322 (PART 5/SEC 1) : 2012,17099,"Guangdong Sat Technology Co. Ltd., No. 11 Lianbao Rd, Shengfeng District, Xiaolan Town, Zhongshan City, Guangdong, China – 528400",https://wsrv.nl/?url=https%3A%2F%2Fi.ibb.co%2F8gmKd7bf%2Fadhil-mini-12-10-brown.png&output=webp&q=78
Adhil Mini 12,TTT080X,48V DC,NA,2700K, CRI>97,φ30*120mm,15°,12W,AJ/CG,ASTS1230/30/15/BB,R-41231258,IS 10322 (PART 5/SEC 1) : 2012,17099,"Guangdong Sat Technology Co. Ltd., No. 11 Lianbao Rd, Shengfeng District, Xiaolan Town, Zhongshan City, Guangdong, China – 528400",https://wsrv.nl/?url=https%3A%2F%2Fi.ibb.co%2F20V5WwFM%2Fadhil-mini-12-06-ballet-blue.png&output=webp&q=78
Adhil Mini 12,TTT080X,48V DC,NA,2700K, CRI>97,φ30*120mm,15°,12W,AJ/CG,ASTS1230/30/15/CHB,R-41231258,IS 10322 (PART 5/SEC 1) : 2012,17099,"Guangdong Sat Technology Co. Ltd., No. 11 Lianbao Rd, Shengfeng District, Xiaolan Town, Zhongshan City, Guangdong, China – 528400",https://wsrv.nl/?url=https%3A%2F%2Fi.ibb.co%2FzTvxgv1D%2Fadhil-mini-12-02-chrome-black.png&output=webp&q=78
Adhil Mini 12,TTT080X,48V DC,NA,2700K, CRI>97,φ30*120mm,15°,12W,AJ/CG,ASTS1230/30/15/COF,R-41231258,IS 10322 (PART 5/SEC 1) : 2012,17099,"Guangdong Sat Technology Co. Ltd., No. 11 Lianbao Rd, Shengfeng District, Xiaolan Town, Zhongshan City, Guangdong, China – 528400",https://wsrv.nl/?url=https%3A%2F%2Fi.ibb.co%2FJfzQ04Q%2Fadhil-mini-12-07-coffee.png&output=webp&q=78
Adhil Mini 12,TTT080X,48V DC,NA,2700K, CRI>97,φ30*120mm,15°,12W,AJ/CG,ASTS1230/30/15/DGR,R-41231258,IS 10322 (PART 5/SEC 1) : 2012,17099,"Guangdong Sat Technology Co. Ltd., No. 11 Lianbao Rd, Shengfeng District, Xiaolan Town, Zhongshan City, Guangdong, China – 528400",https://wsrv.nl/?url=https%3A%2F%2Fi.ibb.co%2Fgb6dwCxb%2Fadhil-mini-12-09-dark-gray-default.png&output=webp&q=78
Adhil Mini 12,TTT080X,48V DC,NA,2700K, CRI>97,φ30*120mm,15°,12W,AJ/CG,ASTS1230/30/15/CH,R-41231258,IS 10322 (PART 5/SEC 1) : 2012,17099,"Guangdong Sat Technology Co. Ltd., No. 11 Lianbao Rd, Shengfeng District, Xiaolan Town, Zhongshan City, Guangdong, China – 528400",https://wsrv.nl/?url=https%3A%2F%2Fi.ibb.co%2F3y0SXDKZ%2Fadhil-mini-12-01-chrome.png&output=webp&q=78
Adhil Mini 12,TTT080X,48V DC,NA,2700K, CRI>97,φ30*120mm,15°,12W,AJ/CG,ASTS1230/35/15/B,R-41231258,IS 10322 (PART 5/SEC 1) : 2012,16099,"Guangdong Sat Technology Co. Ltd., No. 11 Lianbao Rd, Shengfeng District, Xiaolan Town, Zhongshan City, Guangdong, China – 528400",https://wsrv.nl/?url=https%3A%2F%2Fi.ibb.co%2FC3wKxrGS%2Fadhil-mini-12-03-mat-black-default.png&output=webp&q=78
Adhil Mini 12,TTT080X,48V DC,NA,2700K, CRI>97,φ30*120mm,15°,12W,AJ/CG,ASTS1230/35/15/W,R-41231258,IS 10322 (PART 5/SEC 1) : 2012,16099,"Guangdong Sat Technology Co. Ltd., No. 11 Lianbao Rd, Shengfeng District, Xiaolan Town, Zhongshan City, Guangdong, China – 528400",https://wsrv.nl/?url=https%3A%2F%2Fi.ibb.co%2FBKyZ6Dv8%2Fadhil-mini-12-05-white.png&output=webp&q=78
Adhil Mini 12,TTT080X,48V DC,NA,2700K, CRI>97,φ30*120mm,15°,12W,AJ/CG,ASTS1230/35/15/CG,R-41231258,IS 10322 (PART 5/SEC 1) : 2012,17099,"Guangdong Sat Technology Co. Ltd., No. 11 Lianbao Rd, Shengfeng District, Xiaolan Town, Zhongshan City, Guangdong, China – 528400",https://wsrv.nl/?url=https%3A%2F%2Fi.ibb.co%2F7tN5hPgB%2Fadhil-mini-12-04-champeing-gold.png&output=webp&q=78
Adhil Mini 12,TTT080X,48V DC,NA,2700K, CRI>97,φ30*120mm,15°,12W,AJ/CG,ASTS1230/35/15/RG,R-41231258,IS 10322 (PART 5/SEC 1) : 2012,17099,"Guangdong Sat Technology Co. Ltd., No. 11 Lianbao Rd, Shengfeng District, Xiaolan Town, Zhongshan City, Guangdong, China – 528400",https://wsrv.nl/?url=https%3A%2F%2Fi.ibb.co%2FCKCPZBMb%2Fadhil-mini-12-08-rose-gold.png&output=webp&q=78
Adhil Mini 12,TTT080X,48V DC,NA,2700K, CRI>97,φ30*120mm,15°,12W,AJ/CG,ASTS1230/35/15/BR,R-41231258,IS 10322 (PART 5/SEC 1) : 2012,17099,"Guangdong Sat Technology Co. Ltd., No. 11 Lianbao Rd, Shengfeng District, Xiaolan Town, Zhongshan City, Guangdong, China – 528400",https://wsrv.nl/?url=https%3A%2F%2Fi.ibb.co%2F8gmKd7bf%2Fadhil-mini-12-10-brown.png&output=webp&q=78
Adhil Mini 12,TTT080X,48V DC,NA,2700K, CRI>97,φ30*120mm,15°,12W,AJ/CG,ASTS1230/35/15/BB,R-41231258,IS 10322 (PART 5/SEC 1) : 2012,17099,"Guangdong Sat Technology Co. Ltd., No. 11 Lianbao Rd, Shengfeng District, Xiaolan Town, Zhongshan City, Guangdong, China – 528400",https://wsrv.nl/?url=https%3A%2F%2Fi.ibb.co%2F20V5WwFM%2Fadhil-mini-12-06-ballet-blue.png&output=webp&q=78
Adhil Mini 12,TTT080X,48V DC,NA,2700K, CRI>97,φ30*120mm,15°,12W,AJ/CG,ASTS1230/35/15/CHB,R-41231258,IS 10322 (PART 5/SEC 1) : 2012,17099,"Guangdong Sat Technology Co. Ltd., No. 11 Lianbao Rd, Shengfeng District, Xiaolan Town, Zhongshan City, Guangdong, China – 528400",https://wsrv.nl/?url=https%3A%2F%2Fi.ibb.co%2FzTvxgv1D%2Fadhil-mini-12-02-chrome-black.png&output=webp&q=78
Adhil Mini 12,TTT080X,48V DC,NA,2700K, CRI>97,φ30*120mm,15°,12W,AJ/CG,ASTS1230/35/15/COF,R-41231258,IS 10322 (PART 5/SEC 1) : 2012,17099,"Guangdong Sat Technology Co. Ltd., No. 11 Lianbao Rd, Shengfeng District, Xiaolan Town, Zhongshan City, Guangdong, China – 528400",https://wsrv.nl/?url=https%3A%2F%2Fi.ibb.co%2FJfzQ04Q%2Fadhil-mini-12-07-coffee.png&output=webp&q=78
Adhil Mini 12,TTT080X,48V DC,NA,2700K, CRI>97,φ30*120mm,15°,12W,AJ/CG,ASTS1230/35/15/DGR,R-41231258,IS 10322 (PART 5/SEC 1) : 2012,17099,"Guangdong Sat Technology Co. Ltd., No. 11 Lianbao Rd, Shengfeng District, Xiaolan Town, Zhongshan City, Guangdong, China – 528400",https://wsrv.nl/?url=https%3A%2F%2Fi.ibb.co%2Fgb6dwCxb%2Fadhil-mini-12-09-dark-gray-default.png&output=webp&q=78
Adhil Mini 12,TTT080X,48V DC,NA,2700K, CRI>97,φ30*120mm,15°,12W,AJ/CG,ASTS1230/35/15/CH,R-41231258,IS 10322 (PART 5/SEC 1) : 2012,17099,"Guangdong Sat Technology Co. Ltd., No. 11 Lianbao Rd, Shengfeng District, Xiaolan Town, Zhongshan City, Guangdong, China – 528400",https://wsrv.nl/?url=https%3A%2F%2Fi.ibb.co%2F3y0SXDKZ%2Fadhil-mini-12-01-chrome.png&output=webp&q=78
Adhil Mini 12,TTT080X,48V DC,NA,3000K, CRI>97,φ30*120mm,15°,12W,AJ/CG,ASTS1230/40/15/B,R-41231258,IS 10322 (PART 5/SEC 1) : 2012,16099,"Guangdong Sat Technology Co. Ltd., No. 11 Lianbao Rd, Shengfeng District, Xiaolan Town, Zhongshan City, Guangdong, China – 528400",https://wsrv.nl/?url=https%3A%2F%2Fi.ibb.co%2FC3wKxrGS%2Fadhil-mini-12-03-mat-black-default.png&output=webp&q=78
Adhil Mini 12,TTT080X,48V DC,NA,3000K, CRI>97,φ30*120mm,15°,12W,AJ/CG,ASTS1230/40/15/W,R-41231258,IS 10322 (PART 5/SEC 1) : 2012,16099,"Guangdong Sat Technology Co. Ltd., No. 11 Lianbao Rd, Shengfeng District, Xiaolan Town, Zhongshan City, Guangdong, China – 528400",https://wsrv.nl/?url=https%3A%2F%2Fi.ibb.co%2FBKyZ6Dv8%2Fadhil-mini-12-05-white.png&output=webp&q=78
Adhil Mini 12,TTT080X,48V DC,NA,3000K, CRI>97,φ30*120mm,15°,12W,AJ/CG,ASTS1230/40/15/CG,R-41231258,IS 10322 (PART 5/SEC 1) : 2012,17099,"Guangdong Sat Technology Co. Ltd., No. 11 Lianbao Rd, Shengfeng District, Xiaolan Town, Zhongshan City, Guangdong, China – 528400",https://wsrv.nl/?url=https%3A%2F%2Fi.ibb.co%2F7tN5hPgB%2Fadhil-mini-12-04-champeing-gold.png&output=webp&q=78
Adhil Mini 12,TTT080X,48V DC,NA,3000K, CRI>97,φ30*120mm,15°,12W,AJ/CG,ASTS1230/40/15/RG,R-41231258,IS 10322 (PART 5/SEC 1) : 2012,17099,"Guangdong Sat Technology Co. Ltd., No. 11 Lianbao Rd, Shengfeng District, Xiaolan Town, Zhongshan City, Guangdong, China – 528400",https://wsrv.nl/?url=https%3A%2F%2Fi.ibb.co%2FCKCPZBMb%2Fadhil-mini-12-08-rose-gold.png&output=webp&q=78
Adhil Mini 12,TTT080X,48V DC,NA,3000K, CRI>97,φ30*120mm,15°,12W,AJ/CG,ASTS1230/40/15/BR,R-41231258,IS 10322 (PART 5/SEC 1) : 2012,17099,"Guangdong Sat Technology Co. Ltd., No. 11 Lianbao Rd, Shengfeng District, Xiaolan Town, Zhongshan City, Guangdong, China – 528400",https://wsrv.nl/?url=https%3A%2F%2Fi.ibb.co%2F8gmKd7bf%2Fadhil-mini-12-10-brown.png&output=webp&q=78
Adhil Mini 12,TTT080X,48V DC,NA,3000K, CRI>97,φ30*120mm,15°,12W,AJ/CG,ASTS1230/40/15/BB,R-41231258,IS 10322 (PART 5/SEC 1) : 2012,17099,"Guangdong Sat Technology Co. Ltd., No. 11 Lianbao Rd, Shengfeng District, Xiaolan Town, Zhongshan City, Guangdong, China – 528400",https://wsrv.nl/?url=https%3A%2F%2Fi.ibb.co%2F20V5WwFM%2Fadhil-mini-12-06-ballet-blue.png&output=webp&q=78
Adhil Mini 12,TTT080X,48V DC,NA,3000K, CRI>97,φ30*120mm,15°,12W,AJ/CG,ASTS1230/40/15/CHB,R-41231258,IS 10322 (PART 5/SEC 1) : 2012,17099,"Guangdong Sat Technology Co. Ltd., No. 11 Lianbao Rd, Shengfeng District, Xiaolan Town, Zhongshan City, Guangdong, China – 528400",https://wsrv.nl/?url=https%3A%2F%2Fi.ibb.co%2FzTvxgv1D%2Fadhil-mini-12-02-chrome-black.png&output=webp&q=78
Adhil Mini 12,TTT080X,48V DC,NA,3000K, CRI>97,φ30*120mm,15°,12W,AJ/CG,ASTS1230/40/15/COF,R-41231258,IS 10322 (PART 5/SEC 1) : 2012,17099,"Guangdong Sat Technology Co. Ltd., No. 11 Lianbao Rd, Shengfeng District, Xiaolan Town, Zhongshan City, Guangdong, China – 528400",https://wsrv.nl/?url=https%3A%2F%2Fi.ibb.co%2FJfzQ04Q%2Fadhil-mini-12-07-coffee.png&output=webp&q=78
Adhil Mini 12,TTT080X,48V DC,NA,3000K, CRI>97,φ30*120mm,15°,12W,AJ/CG,ASTS1230/40/15/DGR,R-41231258,IS 10322 (PART 5/SEC 1) : 2012,17099,"Guangdong Sat Technology Co. Ltd., No. 11 Lianbao Rd, Shengfeng District, Xiaolan Town, Zhongshan City, Guangdong, China – 528400",https://wsrv.nl/?url=https%3A%2F%2Fi.ibb.co%2Fgb6dwCxb%2Fadhil-mini-12-09-dark-gray-default.png&output=webp&q=78
Adhil Mini 12,TTT080X,48V DC,NA,3000K, CRI>97,φ30*120mm,15°,12W,AJ/CG,ASTS1230/40/15/CH,R-41231258,IS 10322 (PART 5/SEC 1) : 2012,17099,"Guangdong Sat Technology Co. Ltd., No. 11 Lianbao Rd, Shengfeng District, Xiaolan Town, Zhongshan City, Guangdong, China – 528400",https://wsrv.nl/?url=https%3A%2F%2Fi.ibb.co%2F3y0SXDKZ%2Fadhil-mini-12-01-chrome.png&output=webp&q=78
Adhil Mini 12,TTT080X,48V DC,NA,3000K, CRI>97,φ30*120mm,15°,12W,AJ/CG,ASTS1230/50/15/B,R-41231258,IS 10322 (PART 5/SEC 1) : 2012,16099,"Guangdong Sat Technology Co. Ltd., No. 11 Lianbao Rd, Shengfeng District, Xiaolan Town, Zhongshan City, Guangdong, China – 528400",https://wsrv.nl/?url=https%3A%2F%2Fi.ibb.co%2FC3wKxrGS%2Fadhil-mini-12-03-mat-black-default.png&output=webp&q=78
Adhil Mini 12,TTT080X,48V DC,NA,3000K, CRI>97,φ30*120mm,15°,12W,AJ/CG,ASTS1230/50/15/W,R-41231258,IS 10322 (PART 5/SEC 1) : 2012,16099,"Guangdong Sat Technology Co. Ltd., No. 11 Lianbao Rd, Shengfeng District, Xiaolan Town, Zhongshan City, Guangdong, China – 528400",https://wsrv.nl/?url=https%3A%2F%2Fi.ibb.co%2FBKyZ6Dv8%2Fadhil-mini-12-05-white.png&output=webp&q=78
Adhil Mini 12,TTT080X,48V DC,NA,3000K, CRI>97,φ30*120mm,15°,12W,AJ/CG,ASTS1230/50/15/CG,R-41231258,IS 10322 (PART 5/SEC 1) : 2012,17099,"Guangdong Sat Technology Co. Ltd., No. 11 Lianbao Rd, Shengfeng District, Xiaolan Town, Zhongshan City, Guangdong, China – 528400",https://wsrv.nl/?url=https%3A%2F%2Fi.ibb.co%2F7tN5hPgB%2Fadhil-mini-12-04-champeing-gold.png&output=webp&q=78
Adhil Mini 12,TTT080X,48V DC,NA,3000K, CRI>97,φ30*120mm,15°,12W,AJ/CG,ASTS1230/50/15/RG,R-41231258,IS 10322 (PART 5/SEC 1) : 2012,17099,"Guangdong Sat Technology Co. Ltd., No. 11 Lianbao Rd, Shengfeng District, Xiaolan Town, Zhongshan City, Guangdong, China – 528400",https://wsrv.nl/?url=https%3A%2F%2Fi.ibb.co%2FCKCPZBMb%2Fadhil-mini-12-08-rose-gold.png&output=webp&q=78
Adhil Mini 12,TTT080X,48V DC,NA,3000K, CRI>97,φ30*120mm,15°,12W,AJ/CG,ASTS1230/50/15/BR,R-41231258,IS 10322 (PART 5/SEC 1) : 2012,17099,"Guangdong Sat Technology Co. Ltd., No. 11 Lianbao Rd, Shengfeng District, Xiaolan Town, Zhongshan City, Guangdong, China – 528400",https://wsrv.nl/?url=https%3A%2F%2Fi.ibb.co%2F8gmKd7bf%2Fadhil-mini-12-10-brown.png&output=webp&q=78
Adhil Mini 12,TTT080X,48V DC,NA,3000K, CRI>97,φ30*120mm,15°,12W,AJ/CG,ASTS1230/50/15/BB,R-41231258,IS 10322 (PART 5/SEC 1) : 2012,17099,"Guangdong Sat Technology Co. Ltd., No. 11 Lianbao Rd, Shengfeng District, Xiaolan Town, Zhongshan City, Guangdong, China – 528400",https://wsrv.nl/?url=https%3A%2F%2Fi.ibb.co%2F20V5WwFM%2Fadhil-mini-12-06-ballet-blue.png&output=webp&q=78
Adhil Mini 12,TTT080X,48V DC,NA,3000K, CRI>97,φ30*120mm,15°,12W,AJ/CG,ASTS1230/50/15/CHB,R-41231258,IS 10322 (PART 5/SEC 1) : 2012,17099,"Guangdong Sat Technology Co. Ltd., No. 11 Lianbao Rd, Shengfeng District, Xiaolan Town, Zhongshan City, Guangdong, China – 528400",https://wsrv.nl/?url=https%3A%2F%2Fi.ibb.co%2FzTvxgv1D%2Fadhil-mini-12-02-chrome-black.png&output=webp&q=78
Adhil Mini 12,TTT080X,48V DC,NA,3000K, CRI>97,φ30*120mm,15°,12W,AJ/CG,ASTS1230/50/15/COF,R-41231258,IS 10322 (PART 5/SEC 1) : 2012,17099,"Guangdong Sat Technology Co. Ltd., No. 11 Lianbao Rd, Shengfeng District, Xiaolan Town, Zhongshan City, Guangdong, China – 528400",https://wsrv.nl/?url=https%3A%2F%2Fi.ibb.co%2FJfzQ04Q%2Fadhil-mini-12-07-coffee.png&output=webp&q=78
Adhil Mini 12,TTT080X,48V DC,NA,3000K, CRI>97,φ30*120mm,15°,12W,AJ/CG,ASTS1230/50/15/DGR,R-41231258,IS 10322 (PART 5/SEC 1) : 2012,17099,"Guangdong Sat Technology Co. Ltd., No. 11 Lianbao Rd, Shengfeng District, Xiaolan Town, Zhongshan City, Guangdong, China – 528400",https://wsrv.nl/?url=https%3A%2F%2Fi.ibb.co%2Fgb6dwCxb%2Fadhil-mini-12-09-dark-gray-default.png&output=webp&q=78
Adhil Mini 12,TTT080X,48V DC,NA,3000K, CRI>97,φ30*120mm,15°,12W,AJ/CG,ASTS1230/50/15/CH,R-41231258,IS 10322 (PART 5/SEC 1) : 2012,17099,"Guangdong Sat Technology Co. Ltd., No. 11 Lianbao Rd, Shengfeng District, Xiaolan Town, Zhongshan City, Guangdong, China – 528400",https://wsrv.nl/?url=https%3A%2F%2Fi.ibb.co%2F3y0SXDKZ%2Fadhil-mini-12-01-chrome.png&output=webp&q=78
Adhil Mini 12,TTT080X,48V DC,NA,3000K, CRI>97,φ30*120mm,24°,12W,AJ/CG,ASTS1230/27/24/B,R-41231258,IS 10322 (PART 5/SEC 1) : 2012,16099,"Guangdong Sat Technology Co. Ltd., No. 11 Lianbao Rd, Shengfeng District, Xiaolan Town, Zhongshan City, Guangdong, China – 528400",https://wsrv.nl/?url=https%3A%2F%2Fi.ibb.co%2FC3wKxrGS%2Fadhil-mini-12-03-mat-black-default.png&output=webp&q=78
Adhil Mini 12,TTT080X,48V DC,NA,3000K, CRI>97,φ30*120mm,24°,12W,AJ/CG,ASTS1230/27/24/W,R-41231258,IS 10322 (PART 5/SEC 1) : 2012,16099,"Guangdong Sat Technology Co. Ltd., No. 11 Lianbao Rd, Shengfeng District, Xiaolan Town, Zhongshan City, Guangdong, China – 528400",https://wsrv.nl/?url=https%3A%2F%2Fi.ibb.co%2FBKyZ6Dv8%2Fadhil-mini-12-05-white.png&output=webp&q=78
Adhil Mini 12,TTT080X,48V DC,NA,3000K, CRI>97,φ30*120mm,24°,12W,AJ/CG,ASTS1230/27/24/CG,R-41231258,IS 10322 (PART 5/SEC 1) : 2012,17099,"Guangdong Sat Technology Co. Ltd., No. 11 Lianbao Rd, Shengfeng District, Xiaolan Town, Zhongshan City, Guangdong, China – 528400",https://wsrv.nl/?url=https%3A%2F%2Fi.ibb.co%2F7tN5hPgB%2Fadhil-mini-12-04-champeing-gold.png&output=webp&q=78
Adhil Mini 12,TTT080X,48V DC,NA,3000K, CRI>97,φ30*120mm,24°,12W,AJ/CG,ASTS1230/27/24/RG,R-41231258,IS 10322 (PART 5/SEC 1) : 2012,17099,"Guangdong Sat Technology Co. Ltd., No. 11 Lianbao Rd, Shengfeng District, Xiaolan Town, Zhongshan City, Guangdong, China – 528400",https://wsrv.nl/?url=https%3A%2F%2Fi.ibb.co%2FCKCPZBMb%2Fadhil-mini-12-08-rose-gold.png&output=webp&q=78
Adhil Mini 12,TTT080X,48V DC,NA,3000K, CRI>97,φ30*120mm,24°,12W,AJ/CG,ASTS1230/27/24/BR,R-41231258,IS 10322 (PART 5/SEC 1) : 2012,17099,"Guangdong Sat Technology Co. Ltd., No. 11 Lianbao Rd, Shengfeng District, Xiaolan Town, Zhongshan City, Guangdong, China – 528400",https://wsrv.nl/?url=https%3A%2F%2Fi.ibb.co%2F8gmKd7bf%2Fadhil-mini-12-10-brown.png&output=webp&q=78
Adhil Mini 12,TTT080X,48V DC,NA,3000K, CRI>97,φ30*120mm,24°,12W,AJ/CG,ASTS1230/27/24/BB,R-41231258,IS 10322 (PART 5/SEC 1) : 2012,17099,"Guangdong Sat Technology Co. Ltd., No. 11 Lianbao Rd, Shengfeng District, Xiaolan Town, Zhongshan City, Guangdong, China – 528400",https://wsrv.nl/?url=https%3A%2F%2Fi.ibb.co%2F20V5WwFM%2Fadhil-mini-12-06-ballet-blue.png&output=webp&q=78
Adhil Mini 12,TTT080X,48V DC,NA,3000K, CRI>97,φ30*120mm,24°,12W,AJ/CG,ASTS1230/27/24/CHB,R-41231258,IS 10322 (PART 5/SEC 1) : 2012,17099,"Guangdong Sat Technology Co. Ltd., No. 11 Lianbao Rd, Shengfeng District, Xiaolan Town, Zhongshan City, Guangdong, China – 528400",https://wsrv.nl/?url=https%3A%2F%2Fi.ibb.co%2FzTvxgv1D%2Fadhil-mini-12-02-chrome-black.png&output=webp&q=78
Adhil Mini 12,TTT080X,48V DC,NA,3000K, CRI>97,φ30*120mm,24°,12W,AJ/CG,ASTS1230/27/24/COF,R-41231258,IS 10322 (PART 5/SEC 1) : 2012,17099,"Guangdong Sat Technology Co. Ltd., No. 11 Lianbao Rd, Shengfeng District, Xiaolan Town, Zhongshan City, Guangdong, China – 528400",https://wsrv.nl/?url=https%3A%2F%2Fi.ibb.co%2FJfzQ04Q%2Fadhil-mini-12-07-coffee.png&output=webp&q=78
Adhil Mini 12,TTT080X,48V DC,NA,3000K, CRI>97,φ30*120mm,24°,12W,AJ/CG,ASTS1230/27/24/DGR,R-41231258,IS 10322 (PART 5/SEC 1) : 2012,17099,"Guangdong Sat Technology Co. Ltd., No. 11 Lianbao Rd, Shengfeng District, Xiaolan Town, Zhongshan City, Guangdong, China – 528400",https://wsrv.nl/?url=https%3A%2F%2Fi.ibb.co%2Fgb6dwCxb%2Fadhil-mini-12-09-dark-gray-default.png&output=webp&q=78
Adhil Mini 12,TTT080X,48V DC,NA,3000K, CRI>97,φ30*120mm,24°,12W,AJ/CG,ASTS1230/27/24/CH,R-41231258,IS 10322 (PART 5/SEC 1) : 2012,17099,"Guangdong Sat Technology Co. Ltd., No. 11 Lianbao Rd, Shengfeng District, Xiaolan Town, Zhongshan City, Guangdong, China – 528400",https://wsrv.nl/?url=https%3A%2F%2Fi.ibb.co%2F3y0SXDKZ%2Fadhil-mini-12-01-chrome.png&output=webp&q=78
Adhil Mini 12,TTT080X,48V DC,NA,3500K, CRI>97,φ30*120mm,24°,12W,AJ/CG,ASTS1230/30/24/B,R-41231258,IS 10322 (PART 5/SEC 1) : 2012,16099,"Guangdong Sat Technology Co. Ltd., No. 11 Lianbao Rd, Shengfeng District, Xiaolan Town, Zhongshan City, Guangdong, China – 528400",https://wsrv.nl/?url=https%3A%2F%2Fi.ibb.co%2FC3wKxrGS%2Fadhil-mini-12-03-mat-black-default.png&output=webp&q=78
Adhil Mini 12,TTT080X,48V DC,NA,3500K, CRI>97,φ30*120mm,24°,12W,AJ/CG,ASTS1230/30/24/W,R-41231258,IS 10322 (PART 5/SEC 1) : 2012,16099,"Guangdong Sat Technology Co. Ltd., No. 11 Lianbao Rd, Shengfeng District, Xiaolan Town, Zhongshan City, Guangdong, China – 528400",https://wsrv.nl/?url=https%3A%2F%2Fi.ibb.co%2FBKyZ6Dv8%2Fadhil-mini-12-05-white.png&output=webp&q=78
Adhil Mini 12,TTT080X,48V DC,NA,3500K, CRI>97,φ30*120mm,24°,12W,AJ/CG,ASTS1230/30/24/CG,R-41231258,IS 10322 (PART 5/SEC 1) : 2012,17099,"Guangdong Sat Technology Co. Ltd., No. 11 Lianbao Rd, Shengfeng District, Xiaolan Town, Zhongshan City, Guangdong, China – 528400",https://wsrv.nl/?url=https%3A%2F%2Fi.ibb.co%2F7tN5hPgB%2Fadhil-mini-12-04-champeing-gold.png&output=webp&q=78
Adhil Mini 12,TTT080X,48V DC,NA,3500K, CRI>97,φ30*120mm,24°,12W,AJ/CG,ASTS1230/30/24/RG,R-41231258,IS 10322 (PART 5/SEC 1) : 2012,17099,"Guangdong Sat Technology Co. Ltd., No. 11 Lianbao Rd, Shengfeng District, Xiaolan Town, Zhongshan City, Guangdong, China – 528400",https://wsrv.nl/?url=https%3A%2F%2Fi.ibb.co%2FCKCPZBMb%2Fadhil-mini-12-08-rose-gold.png&output=webp&q=78
Adhil Mini 12,TTT080X,48V DC,NA,3500K, CRI>97,φ30*120mm,24°,12W,AJ/CG,ASTS1230/30/24/BR,R-41231258,IS 10322 (PART 5/SEC 1) : 2012,17099,"Guangdong Sat Technology Co. Ltd., No. 11 Lianbao Rd, Shengfeng District, Xiaolan Town, Zhongshan City, Guangdong, China – 528400",https://wsrv.nl/?url=https%3A%2F%2Fi.ibb.co%2F8gmKd7bf%2Fadhil-mini-12-10-brown.png&output=webp&q=78
Adhil Mini 12,TTT080X,48V DC,NA,3500K, CRI>97,φ30*120mm,24°,12W,AJ/CG,ASTS1230/30/24/BB,R-41231258,IS 10322 (PART 5/SEC 1) : 2012,17099,"Guangdong Sat Technology Co. Ltd., No. 11 Lianbao Rd, Shengfeng District, Xiaolan Town, Zhongshan City, Guangdong, China – 528400",https://wsrv.nl/?url=https%3A%2F%2Fi.ibb.co%2F20V5WwFM%2Fadhil-mini-12-06-ballet-blue.png&output=webp&q=78
Adhil Mini 12,TTT080X,48V DC,NA,3500K, CRI>97,φ30*120mm,24°,12W,AJ/CG,ASTS1230/30/24/CHB,R-41231258,IS 10322 (PART 5/SEC 1) : 2012,17099,"Guangdong Sat Technology Co. Ltd., No. 11 Lianbao Rd, Shengfeng District, Xiaolan Town, Zhongshan City, Guangdong, China – 528400",https://wsrv.nl/?url=https%3A%2F%2Fi.ibb.co%2FzTvxgv1D%2Fadhil-mini-12-02-chrome-black.png&output=webp&q=78
Adhil Mini 12,TTT080X,48V DC,NA,3500K, CRI>97,φ30*120mm,24°,12W,AJ/CG,ASTS1230/30/24/COF,R-41231258,IS 10322 (PART 5/SEC 1) : 2012,17099,"Guangdong Sat Technology Co. Ltd., No. 11 Lianbao Rd, Shengfeng District, Xiaolan Town, Zhongshan City, Guangdong, China – 528400",https://wsrv.nl/?url=https%3A%2F%2Fi.ibb.co%2FJfzQ04Q%2Fadhil-mini-12-07-coffee.png&output=webp&q=78
Adhil Mini 12,TTT080X,48V DC,NA,3500K, CRI>97,φ30*120mm,24°,12W,AJ/CG,ASTS1230/30/24/DGR,R-41231258,IS 10322 (PART 5/SEC 1) : 2012,17099,"Guangdong Sat Technology Co. Ltd., No. 11 Lianbao Rd, Shengfeng District, Xiaolan Town, Zhongshan City, Guangdong, China – 528400",https://wsrv.nl/?url=https%3A%2F%2Fi.ibb.co%2Fgb6dwCxb%2Fadhil-mini-12-09-dark-gray-default.png&output=webp&q=78
Adhil Mini 12,TTT080X,48V DC,NA,3500K, CRI>97,φ30*120mm,24°,12W,AJ/CG,ASTS1230/30/24/CH,R-41231258,IS 10322 (PART 5/SEC 1) : 2012,17099,"Guangdong Sat Technology Co. Ltd., No. 11 Lianbao Rd, Shengfeng District, Xiaolan Town, Zhongshan City, Guangdong, China – 528400",https://wsrv.nl/?url=https%3A%2F%2Fi.ibb.co%2F3y0SXDKZ%2Fadhil-mini-12-01-chrome.png&output=webp&q=78
Adhil Mini 12,TTT080X,48V DC,NA,3500K, CRI>97,φ30*120mm,24°,12W,AJ/CG,ASTS1230/35/24/B,R-41231258,IS 10322 (PART 5/SEC 1) : 2012,16099,"Guangdong Sat Technology Co. Ltd., No. 11 Lianbao Rd, Shengfeng District, Xiaolan Town, Zhongshan City, Guangdong, China – 528400",https://wsrv.nl/?url=https%3A%2F%2Fi.ibb.co%2FC3wKxrGS%2Fadhil-mini-12-03-mat-black-default.png&output=webp&q=78
Adhil Mini 12,TTT080X,48V DC,NA,3500K, CRI>97,φ30*120mm,24°,12W,AJ/CG,ASTS1230/35/24/W,R-41231258,IS 10322 (PART 5/SEC 1) : 2012,16099,"Guangdong Sat Technology Co. Ltd., No. 11 Lianbao Rd, Shengfeng District, Xiaolan Town, Zhongshan City, Guangdong, China – 528400",https://wsrv.nl/?url=https%3A%2F%2Fi.ibb.co%2FBKyZ6Dv8%2Fadhil-mini-12-05-white.png&output=webp&q=78
Adhil Mini 12,TTT080X,48V DC,NA,3500K, CRI>97,φ30*120mm,24°,12W,AJ/CG,ASTS1230/35/24/CG,R-41231258,IS 10322 (PART 5/SEC 1) : 2012,17099,"Guangdong Sat Technology Co. Ltd., No. 11 Lianbao Rd, Shengfeng District, Xiaolan Town, Zhongshan City, Guangdong, China – 528400",https://wsrv.nl/?url=https%3A%2F%2Fi.ibb.co%2F7tN5hPgB%2Fadhil-mini-12-04-champeing-gold.png&output=webp&q=78
Adhil Mini 12,TTT080X,48V DC,NA,3500K, CRI>97,φ30*120mm,24°,12W,AJ/CG,ASTS1230/35/24/RG,R-41231258,IS 10322 (PART 5/SEC 1) : 2012,17099,"Guangdong Sat Technology Co. Ltd., No. 11 Lianbao Rd, Shengfeng District, Xiaolan Town, Zhongshan City, Guangdong, China – 528400",https://wsrv.nl/?url=https%3A%2F%2Fi.ibb.co%2FCKCPZBMb%2Fadhil-mini-12-08-rose-gold.png&output=webp&q=78
Adhil Mini 12,TTT080X,48V DC,NA,3500K, CRI>97,φ30*120mm,24°,12W,AJ/CG,ASTS1230/35/24/BR,R-41231258,IS 10322 (PART 5/SEC 1) : 2012,17099,"Guangdong Sat Technology Co. Ltd., No. 11 Lianbao Rd, Shengfeng District, Xiaolan Town, Zhongshan City, Guangdong, China – 528400",https://wsrv.nl/?url=https%3A%2F%2Fi.ibb.co%2F8gmKd7bf%2Fadhil-mini-12-10-brown.png&output=webp&q=78
Adhil Mini 12,TTT080X,48V DC,NA,3500K, CRI>97,φ30*120mm,24°,12W,AJ/CG,ASTS1230/35/24/BB,R-41231258,IS 10322 (PART 5/SEC 1) : 2012,17099,"Guangdong Sat Technology Co. Ltd., No. 11 Lianbao Rd, Shengfeng District, Xiaolan Town, Zhongshan City, Guangdong, China – 528400",https://wsrv.nl/?url=https%3A%2F%2Fi.ibb.co%2F20V5WwFM%2Fadhil-mini-12-06-ballet-blue.png&output=webp&q=78
Adhil Mini 12,TTT080X,48V DC,NA,3500K, CRI>97,φ30*120mm,24°,12W,AJ/CG,ASTS1230/35/24/CHB,R-41231258,IS 10322 (PART 5/SEC 1) : 2012,17099,"Guangdong Sat Technology Co. Ltd., No. 11 Lianbao Rd, Shengfeng District, Xiaolan Town, Zhongshan City, Guangdong, China – 528400",https://wsrv.nl/?url=https%3A%2F%2Fi.ibb.co%2FzTvxgv1D%2Fadhil-mini-12-02-chrome-black.png&output=webp&q=78
Adhil Mini 12,TTT080X,48V DC,NA,3500K, CRI>97,φ30*120mm,24°,12W,AJ/CG,ASTS1230/35/24/COF,R-41231258,IS 10322 (PART 5/SEC 1) : 2012,17099,"Guangdong Sat Technology Co. Ltd., No. 11 Lianbao Rd, Shengfeng District, Xiaolan Town, Zhongshan City, Guangdong, China – 528400",https://wsrv.nl/?url=https%3A%2F%2Fi.ibb.co%2FJfzQ04Q%2Fadhil-mini-12-07-coffee.png&output=webp&q=78
Adhil Mini 12,TTT080X,48V DC,NA,3500K, CRI>97,φ30*120mm,24°,12W,AJ/CG,ASTS1230/35/24/DGR,R-41231258,IS 10322 (PART 5/SEC 1) : 2012,17099,"Guangdong Sat Technology Co. Ltd., No. 11 Lianbao Rd, Shengfeng District, Xiaolan Town, Zhongshan City, Guangdong, China – 528400",https://wsrv.nl/?url=https%3A%2F%2Fi.ibb.co%2Fgb6dwCxb%2Fadhil-mini-12-09-dark-gray-default.png&output=webp&q=78
Adhil Mini 12,TTT080X,48V DC,NA,3500K, CRI>97,φ30*120mm,24°,12W,AJ/CG,ASTS1230/35/24/CH,R-41231258,IS 10322 (PART 5/SEC 1) : 2012,17099,"Guangdong Sat Technology Co. Ltd., No. 11 Lianbao Rd, Shengfeng District, Xiaolan Town, Zhongshan City, Guangdong, China – 528400",https://wsrv.nl/?url=https%3A%2F%2Fi.ibb.co%2F3y0SXDKZ%2Fadhil-mini-12-01-chrome.png&output=webp&q=78
Adhil Mini 12,TTT080X,48V DC,NA,3500K, CRI>97,φ30*120mm,24°,12W,AJ/CG,ASTS1230/40/24/B,R-41231258,IS 10322 (PART 5/SEC 1) : 2012,16099,"Guangdong Sat Technology Co. Ltd., No. 11 Lianbao Rd, Shengfeng District, Xiaolan Town, Zhongshan City, Guangdong, China – 528400",https://wsrv.nl/?url=https%3A%2F%2Fi.ibb.co%2FC3wKxrGS%2Fadhil-mini-12-03-mat-black-default.png&output=webp&q=78
Adhil Mini 12,TTT080X,48V DC,NA,3500K, CRI>97,φ30*120mm,24°,12W,AJ/CG,ASTS1230/40/24/W,R-41231258,IS 10322 (PART 5/SEC 1) : 2012,16099,"Guangdong Sat Technology Co. Ltd., No. 11 Lianbao Rd, Shengfeng District, Xiaolan Town, Zhongshan City, Guangdong, China – 528400",https://wsrv.nl/?url=https%3A%2F%2Fi.ibb.co%2FBKyZ6Dv8%2Fadhil-mini-12-05-white.png&output=webp&q=78
Adhil Mini 12,TTT080X,48V DC,NA,3500K, CRI>97,φ30*120mm,24°,12W,AJ/CG,ASTS1230/40/24/CG,R-41231258,IS 10322 (PART 5/SEC 1) : 2012,17099,"Guangdong Sat Technology Co. Ltd., No. 11 Lianbao Rd, Shengfeng District, Xiaolan Town, Zhongshan City, Guangdong, China – 528400",https://wsrv.nl/?url=https%3A%2F%2Fi.ibb.co%2F7tN5hPgB%2Fadhil-mini-12-04-champeing-gold.png&output=webp&q=78
Adhil Mini 12,TTT080X,48V DC,NA,3500K, CRI>97,φ30*120mm,24°,12W,AJ/CG,ASTS1230/40/24/RG,R-41231258,IS 10322 (PART 5/SEC 1) : 2012,17099,"Guangdong Sat Technology Co. Ltd., No. 11 Lianbao Rd, Shengfeng District, Xiaolan Town, Zhongshan City, Guangdong, China – 528400",https://wsrv.nl/?url=https%3A%2F%2Fi.ibb.co%2FCKCPZBMb%2Fadhil-mini-12-08-rose-gold.png&output=webp&q=78
Adhil Mini 12,TTT080X,48V DC,NA,3500K, CRI>97,φ30*120mm,24°,12W,AJ/CG,ASTS1230/40/24/BR,R-41231258,IS 10322 (PART 5/SEC 1) : 2012,17099,"Guangdong Sat Technology Co. Ltd., No. 11 Lianbao Rd, Shengfeng District, Xiaolan Town, Zhongshan City, Guangdong, China – 528400",https://wsrv.nl/?url=https%3A%2F%2Fi.ibb.co%2F8gmKd7bf%2Fadhil-mini-12-10-brown.png&output=webp&q=78
Adhil Mini 12,TTT080X,48V DC,NA,3500K, CRI>97,φ30*120mm,24°,12W,AJ/CG,ASTS1230/40/24/BB,R-41231258,IS 10322 (PART 5/SEC 1) : 2012,17099,"Guangdong Sat Technology Co. Ltd., No. 11 Lianbao Rd, Shengfeng District, Xiaolan Town, Zhongshan City, Guangdong, China – 528400",https://wsrv.nl/?url=https%3A%2F%2Fi.ibb.co%2F20V5WwFM%2Fadhil-mini-12-06-ballet-blue.png&output=webp&q=78
Adhil Mini 12,TTT080X,48V DC,NA,3500K, CRI>97,φ30*120mm,24°,12W,AJ/CG,ASTS1230/40/24/CHB,R-41231258,IS 10322 (PART 5/SEC 1) : 2012,17099,"Guangdong Sat Technology Co. Ltd., No. 11 Lianbao Rd, Shengfeng District, Xiaolan Town, Zhongshan City, Guangdong, China – 528400",https://wsrv.nl/?url=https%3A%2F%2Fi.ibb.co%2FzTvxgv1D%2Fadhil-mini-12-02-chrome-black.png&output=webp&q=78
Adhil Mini 12,TTT080X,48V DC,NA,3500K, CRI>97,φ30*120mm,24°,12W,AJ/CG,ASTS1230/40/24/COF,R-41231258,IS 10322 (PART 5/SEC 1) : 2012,17099,"Guangdong Sat Technology Co. Ltd., No. 11 Lianbao Rd, Shengfeng District, Xiaolan Town, Zhongshan City, Guangdong, China – 528400",https://wsrv.nl/?url=https%3A%2F%2Fi.ibb.co%2FJfzQ04Q%2Fadhil-mini-12-07-coffee.png&output=webp&q=78
Adhil Mini 12,TTT080X,48V DC,NA,3500K, CRI>97,φ30*120mm,24°,12W,AJ/CG,ASTS1230/40/24/DGR,R-41231258,IS 10322 (PART 5/SEC 1) : 2012,17099,"Guangdong Sat Technology Co. Ltd., No. 11 Lianbao Rd, Shengfeng District, Xiaolan Town, Zhongshan City, Guangdong, China – 528400",https://wsrv.nl/?url=https%3A%2F%2Fi.ibb.co%2Fgb6dwCxb%2Fadhil-mini-12-09-dark-gray-default.png&output=webp&q=78
Adhil Mini 12,TTT080X,48V DC,NA,3500K, CRI>97,φ30*120mm,24°,12W,AJ/CG,ASTS1230/40/24/CH,R-41231258,IS 10322 (PART 5/SEC 1) : 2012,17099,"Guangdong Sat Technology Co. Ltd., No. 11 Lianbao Rd, Shengfeng District, Xiaolan Town, Zhongshan City, Guangdong, China – 528400",https://wsrv.nl/?url=https%3A%2F%2Fi.ibb.co%2F3y0SXDKZ%2Fadhil-mini-12-01-chrome.png&output=webp&q=78
Adhil Mini 12,TTT080X,48V DC,NA,4000K, CRI>97,φ30*120mm,24°,12W,AJ/CG,ASTS1230/50/24/B,R-41231258,IS 10322 (PART 5/SEC 1) : 2012,16099,"Guangdong Sat Technology Co. Ltd., No. 11 Lianbao Rd, Shengfeng District, Xiaolan Town, Zhongshan City, Guangdong, China – 528400",https://wsrv.nl/?url=https%3A%2F%2Fi.ibb.co%2FC3wKxrGS%2Fadhil-mini-12-03-mat-black-default.png&output=webp&q=78
Adhil Mini 12,TTT080X,48V DC,NA,4000K, CRI>97,φ30*120mm,24°,12W,AJ/CG,ASTS1230/50/24/W,R-41231258,IS 10322 (PART 5/SEC 1) : 2012,16099,"Guangdong Sat Technology Co. Ltd., No. 11 Lianbao Rd, Shengfeng District, Xiaolan Town, Zhongshan City, Guangdong, China – 528400",https://wsrv.nl/?url=https%3A%2F%2Fi.ibb.co%2FBKyZ6Dv8%2Fadhil-mini-12-05-white.png&output=webp&q=78
Adhil Mini 12,TTT080X,48V DC,NA,4000K, CRI>97,φ30*120mm,24°,12W,AJ/CG,ASTS1230/50/24/CG,R-41231258,IS 10322 (PART 5/SEC 1) : 2012,17099,"Guangdong Sat Technology Co. Ltd., No. 11 Lianbao Rd, Shengfeng District, Xiaolan Town, Zhongshan City, Guangdong, China – 528400",https://wsrv.nl/?url=https%3A%2F%2Fi.ibb.co%2F7tN5hPgB%2Fadhil-mini-12-04-champeing-gold.png&output=webp&q=78
Adhil Mini 12,TTT080X,48V DC,NA,4000K, CRI>97,φ30*120mm,24°,12W,AJ/CG,ASTS1230/50/24/RG,R-41231258,IS 10322 (PART 5/SEC 1) : 2012,17099,"Guangdong Sat Technology Co. Ltd., No. 11 Lianbao Rd, Shengfeng District, Xiaolan Town, Zhongshan City, Guangdong, China – 528400",https://wsrv.nl/?url=https%3A%2F%2Fi.ibb.co%2FCKCPZBMb%2Fadhil-mini-12-08-rose-gold.png&output=webp&q=78
Adhil Mini 12,TTT080X,48V DC,NA,4000K, CRI>97,φ30*120mm,24°,12W,AJ/CG,ASTS1230/50/24/BR,R-41231258,IS 10322 (PART 5/SEC 1) : 2012,17099,"Guangdong Sat Technology Co. Ltd., No. 11 Lianbao Rd, Shengfeng District, Xiaolan Town, Zhongshan City, Guangdong, China – 528400",https://wsrv.nl/?url=https%3A%2F%2Fi.ibb.co%2F8gmKd7bf%2Fadhil-mini-12-10-brown.png&output=webp&q=78
Adhil Mini 12,TTT080X,48V DC,NA,4000K, CRI>97,φ30*120mm,24°,12W,AJ/CG,ASTS1230/50/24/BB,R-41231258,IS 10322 (PART 5/SEC 1) : 2012,17099,"Guangdong Sat Technology Co. Ltd., No. 11 Lianbao Rd, Shengfeng District, Xiaolan Town, Zhongshan City, Guangdong, China – 528400",https://wsrv.nl/?url=https%3A%2F%2Fi.ibb.co%2F20V5WwFM%2Fadhil-mini-12-06-ballet-blue.png&output=webp&q=78
Adhil Mini 12,TTT080X,48V DC,NA,4000K, CRI>97,φ30*120mm,24°,12W,AJ/CG,ASTS1230/50/24/CHB,R-41231258,IS 10322 (PART 5/SEC 1) : 2012,17099,"Guangdong Sat Technology Co. Ltd., No. 11 Lianbao Rd, Shengfeng District, Xiaolan Town, Zhongshan City, Guangdong, China – 528400",https://wsrv.nl/?url=https%3A%2F%2Fi.ibb.co%2FzTvxgv1D%2Fadhil-mini-12-02-chrome-black.png&output=webp&q=78
Adhil Mini 12,TTT080X,48V DC,NA,4000K, CRI>97,φ30*120mm,24°,12W,AJ/CG,ASTS1230/50/24/COF,R-41231258,IS 10322 (PART 5/SEC 1) : 2012,17099,"Guangdong Sat Technology Co. Ltd., No. 11 Lianbao Rd, Shengfeng District, Xiaolan Town, Zhongshan City, Guangdong, China – 528400",https://wsrv.nl/?url=https%3A%2F%2Fi.ibb.co%2FJfzQ04Q%2Fadhil-mini-12-07-coffee.png&output=webp&q=78
Adhil Mini 12,TTT080X,48V DC,NA,4000K, CRI>97,φ30*120mm,24°,12W,AJ/CG,ASTS1230/50/24/DGR,R-41231258,IS 10322 (PART 5/SEC 1) : 2012,17099,"Guangdong Sat Technology Co. Ltd., No. 11 Lianbao Rd, Shengfeng District, Xiaolan Town, Zhongshan City, Guangdong, China – 528400",https://wsrv.nl/?url=https%3A%2F%2Fi.ibb.co%2Fgb6dwCxb%2Fadhil-mini-12-09-dark-gray-default.png&output=webp&q=78
Adhil Mini 12,TTT080X,48V DC,NA,4000K, CRI>97,φ30*120mm,24°,12W,AJ/CG,ASTS1230/50/24/CH,R-41231258,IS 10322 (PART 5/SEC 1) : 2012,17099,"Guangdong Sat Technology Co. Ltd., No. 11 Lianbao Rd, Shengfeng District, Xiaolan Town, Zhongshan City, Guangdong, China – 528400",https://wsrv.nl/?url=https%3A%2F%2Fi.ibb.co%2F3y0SXDKZ%2Fadhil-mini-12-01-chrome.png&output=webp&q=78
Adhil Mini 12,TTT080X,48V DC,NA,4000K, CRI>97,φ30*120mm,36°,12W,AJ/CG,ASTS1230/27/36/B,R-41231258,IS 10322 (PART 5/SEC 1) : 2012,16099,"Guangdong Sat Technology Co. Ltd., No. 11 Lianbao Rd, Shengfeng District, Xiaolan Town, Zhongshan City, Guangdong, China – 528400",https://wsrv.nl/?url=https%3A%2F%2Fi.ibb.co%2FC3wKxrGS%2Fadhil-mini-12-03-mat-black-default.png&output=webp&q=78
Adhil Mini 12,TTT080X,48V DC,NA,4000K, CRI>97,φ30*120mm,36°,12W,AJ/CG,ASTS1230/27/36/W,R-41231258,IS 10322 (PART 5/SEC 1) : 2012,16099,"Guangdong Sat Technology Co. Ltd., No. 11 Lianbao Rd, Shengfeng District, Xiaolan Town, Zhongshan City, Guangdong, China – 528400",https://wsrv.nl/?url=https%3A%2F%2Fi.ibb.co%2FBKyZ6Dv8%2Fadhil-mini-12-05-white.png&output=webp&q=78
Adhil Mini 12,TTT080X,48V DC,NA,4000K, CRI>97,φ30*120mm,36°,12W,AJ/CG,ASTS1230/27/36/CG,R-41231258,IS 10322 (PART 5/SEC 1) : 2012,17099,"Guangdong Sat Technology Co. Ltd., No. 11 Lianbao Rd, Shengfeng District, Xiaolan Town, Zhongshan City, Guangdong, China – 528400",https://wsrv.nl/?url=https%3A%2F%2Fi.ibb.co%2F7tN5hPgB%2Fadhil-mini-12-04-champeing-gold.png&output=webp&q=78
Adhil Mini 12,TTT080X,48V DC,NA,4000K, CRI>97,φ30*120mm,36°,12W,AJ/CG,ASTS1230/27/36/RG,R-41231258,IS 10322 (PART 5/SEC 1) : 2012,17099,"Guangdong Sat Technology Co. Ltd., No. 11 Lianbao Rd, Shengfeng District, Xiaolan Town, Zhongshan City, Guangdong, China – 528400",https://wsrv.nl/?url=https%3A%2F%2Fi.ibb.co%2FCKCPZBMb%2Fadhil-mini-12-08-rose-gold.png&output=webp&q=78
Adhil Mini 12,TTT080X,48V DC,NA,4000K, CRI>97,φ30*120mm,36°,12W,AJ/CG,ASTS1230/27/36/BR,R-41231258,IS 10322 (PART 5/SEC 1) : 2012,17099,"Guangdong Sat Technology Co. Ltd., No. 11 Lianbao Rd, Shengfeng District, Xiaolan Town, Zhongshan City, Guangdong, China – 528400",https://wsrv.nl/?url=https%3A%2F%2Fi.ibb.co%2F8gmKd7bf%2Fadhil-mini-12-10-brown.png&output=webp&q=78
Adhil Mini 12,TTT080X,48V DC,NA,4000K, CRI>97,φ30*120mm,36°,12W,AJ/CG,ASTS1230/27/36/BB,R-41231258,IS 10322 (PART 5/SEC 1) : 2012,17099,"Guangdong Sat Technology Co. Ltd., No. 11 Lianbao Rd, Shengfeng District, Xiaolan Town, Zhongshan City, Guangdong, China – 528400",https://wsrv.nl/?url=https%3A%2F%2Fi.ibb.co%2F20V5WwFM%2Fadhil-mini-12-06-ballet-blue.png&output=webp&q=78
Adhil Mini 12,TTT080X,48V DC,NA,4000K, CRI>97,φ30*120mm,36°,12W,AJ/CG,ASTS1230/27/36/CHB,R-41231258,IS 10322 (PART 5/SEC 1) : 2012,17099,"Guangdong Sat Technology Co. Ltd., No. 11 Lianbao Rd, Shengfeng District, Xiaolan Town, Zhongshan City, Guangdong, China – 528400",https://wsrv.nl/?url=https%3A%2F%2Fi.ibb.co%2FzTvxgv1D%2Fadhil-mini-12-02-chrome-black.png&output=webp&q=78
Adhil Mini 12,TTT080X,48V DC,NA,4000K, CRI>97,φ30*120mm,36°,12W,AJ/CG,ASTS1230/27/36/COF,R-41231258,IS 10322 (PART 5/SEC 1) : 2012,17099,"Guangdong Sat Technology Co. Ltd., No. 11 Lianbao Rd, Shengfeng District, Xiaolan Town, Zhongshan City, Guangdong, China – 528400",https://wsrv.nl/?url=https%3A%2F%2Fi.ibb.co%2FJfzQ04Q%2Fadhil-mini-12-07-coffee.png&output=webp&q=78
Adhil Mini 12,TTT080X,48V DC,NA,4000K, CRI>97,φ30*120mm,36°,12W,AJ/CG,ASTS1230/27/36/DGR,R-41231258,IS 10322 (PART 5/SEC 1) : 2012,17099,"Guangdong Sat Technology Co. Ltd., No. 11 Lianbao Rd, Shengfeng District, Xiaolan Town, Zhongshan City, Guangdong, China – 528400",https://wsrv.nl/?url=https%3A%2F%2Fi.ibb.co%2Fgb6dwCxb%2Fadhil-mini-12-09-dark-gray-default.png&output=webp&q=78
Adhil Mini 12,TTT080X,48V DC,NA,4000K, CRI>97,φ30*120mm,36°,12W,AJ/CG,ASTS1230/27/36/CH,R-41231258,IS 10322 (PART 5/SEC 1) : 2012,17099,"Guangdong Sat Technology Co. Ltd., No. 11 Lianbao Rd, Shengfeng District, Xiaolan Town, Zhongshan City, Guangdong, China – 528400",https://wsrv.nl/?url=https%3A%2F%2Fi.ibb.co%2F3y0SXDKZ%2Fadhil-mini-12-01-chrome.png&output=webp&q=78
Adhil Mini 12,TTT080X,48V DC,NA,4000K, CRI>97,φ30*120mm,36°,12W,AJ/CG,ASTS1230/30/36/B,R-41231258,IS 10322 (PART 5/SEC 1) : 2012,16099,"Guangdong Sat Technology Co. Ltd., No. 11 Lianbao Rd, Shengfeng District, Xiaolan Town, Zhongshan City, Guangdong, China – 528400",https://wsrv.nl/?url=https%3A%2F%2Fi.ibb.co%2FC3wKxrGS%2Fadhil-mini-12-03-mat-black-default.png&output=webp&q=78
Adhil Mini 12,TTT080X,48V DC,NA,4000K, CRI>97,φ30*120mm,36°,12W,AJ/CG,ASTS1230/30/36/W,R-41231258,IS 10322 (PART 5/SEC 1) : 2012,16099,"Guangdong Sat Technology Co. Ltd., No. 11 Lianbao Rd, Shengfeng District, Xiaolan Town, Zhongshan City, Guangdong, China – 528400",https://wsrv.nl/?url=https%3A%2F%2Fi.ibb.co%2FBKyZ6Dv8%2Fadhil-mini-12-05-white.png&output=webp&q=78
Adhil Mini 12,TTT080X,48V DC,NA,4000K, CRI>97,φ30*120mm,36°,12W,AJ/CG,ASTS1230/30/36/CG,R-41231258,IS 10322 (PART 5/SEC 1) : 2012,17099,"Guangdong Sat Technology Co. Ltd., No. 11 Lianbao Rd, Shengfeng District, Xiaolan Town, Zhongshan City, Guangdong, China – 528400",https://wsrv.nl/?url=https%3A%2F%2Fi.ibb.co%2F7tN5hPgB%2Fadhil-mini-12-04-champeing-gold.png&output=webp&q=78
Adhil Mini 12,TTT080X,48V DC,NA,4000K, CRI>97,φ30*120mm,36°,12W,AJ/CG,ASTS1230/30/36/RG,R-41231258,IS 10322 (PART 5/SEC 1) : 2012,17099,"Guangdong Sat Technology Co. Ltd., No. 11 Lianbao Rd, Shengfeng District, Xiaolan Town, Zhongshan City, Guangdong, China – 528400",https://wsrv.nl/?url=https%3A%2F%2Fi.ibb.co%2FCKCPZBMb%2Fadhil-mini-12-08-rose-gold.png&output=webp&q=78
Adhil Mini 12,TTT080X,48V DC,NA,4000K, CRI>97,φ30*120mm,36°,12W,AJ/CG,ASTS1230/30/36/BR,R-41231258,IS 10322 (PART 5/SEC 1) : 2012,17099,"Guangdong Sat Technology Co. Ltd., No. 11 Lianbao Rd, Shengfeng District, Xiaolan Town, Zhongshan City, Guangdong, China – 528400",https://wsrv.nl/?url=https%3A%2F%2Fi.ibb.co%2F8gmKd7bf%2Fadhil-mini-12-10-brown.png&output=webp&q=78
Adhil Mini 12,TTT080X,48V DC,NA,4000K, CRI>97,φ30*120mm,36°,12W,AJ/CG,ASTS1230/30/36/COF,R-41231258,IS 10322 (PART 5/SEC 1) : 2012,17099,"Guangdong Sat Technology Co. Ltd., No. 11 Lianbao Rd, Shengfeng District, Xiaolan Town, Zhongshan City, Guangdong, China – 528400",https://wsrv.nl/?url=https%3A%2F%2Fi.ibb.co%2F20V5WwFM%2Fadhil-mini-12-06-ballet-blue.png&output=webp&q=78
Adhil Mini 12,TTT080X,48V DC,NA,4000K, CRI>97,φ30*120mm,36°,12W,AJ/CG,ASTS1230/30/36/DGR,R-41231258,IS 10322 (PART 5/SEC 1) : 2012,17099,"Guangdong Sat Technology Co. Ltd., No. 11 Lianbao Rd, Shengfeng District, Xiaolan Town, Zhongshan City, Guangdong, China – 528400",https://wsrv.nl/?url=https%3A%2F%2Fi.ibb.co%2FzTvxgv1D%2Fadhil-mini-12-02-chrome-black.png&output=webp&q=78
Adhil Mini 12,TTT080X,48V DC,NA,4000K, CRI>97,φ30*120mm,36°,12W,AJ/CG,ASTS1230/30/36/BB,R-41231258,IS 10322 (PART 5/SEC 1) : 2012,17099,"Guangdong Sat Technology Co. Ltd., No. 11 Lianbao Rd, Shengfeng District, Xiaolan Town, Zhongshan City, Guangdong, China – 528400",https://wsrv.nl/?url=https%3A%2F%2Fi.ibb.co%2FJfzQ04Q%2Fadhil-mini-12-07-coffee.png&output=webp&q=78
Adhil Mini 12,TTT080X,48V DC,NA,4000K, CRI>97,φ30*120mm,36°,12W,AJ/CG,ASTS1230/30/36/CHB,R-41231258,IS 10322 (PART 5/SEC 1) : 2012,17099,"Guangdong Sat Technology Co. Ltd., No. 11 Lianbao Rd, Shengfeng District, Xiaolan Town, Zhongshan City, Guangdong, China – 528400",https://wsrv.nl/?url=https%3A%2F%2Fi.ibb.co%2Fgb6dwCxb%2Fadhil-mini-12-09-dark-gray-default.png&output=webp&q=78
Adhil Mini 12,TTT080X,48V DC,NA,4000K, CRI>97,φ30*120mm,36°,12W,AJ/CG,ASTS1230/30/36/CH,R-41231258,IS 10322 (PART 5/SEC 1) : 2012,17099,"Guangdong Sat Technology Co. Ltd., No. 11 Lianbao Rd, Shengfeng District, Xiaolan Town, Zhongshan City, Guangdong, China – 528400",https://wsrv.nl/?url=https%3A%2F%2Fi.ibb.co%2F3y0SXDKZ%2Fadhil-mini-12-01-chrome.png&output=webp&q=78
Adhil Mini 12,TTT080X,48V DC,NA,5000K, CRI>97,φ30*120mm,36°,12W,AJ/CG,ASTS1230/35/36/B,R-41231258,IS 10322 (PART 5/SEC 1) : 2012,16099,"Guangdong Sat Technology Co. Ltd., No. 11 Lianbao Rd, Shengfeng District, Xiaolan Town, Zhongshan City, Guangdong, China – 528400",https://wsrv.nl/?url=https%3A%2F%2Fi.ibb.co%2FC3wKxrGS%2Fadhil-mini-12-03-mat-black-default.png&output=webp&q=78
Adhil Mini 12,TTT080X,48V DC,NA,5000K, CRI>97,φ30*120mm,36°,12W,AJ/CG,ASTS1230/35/36/W,R-41231258,IS 10322 (PART 5/SEC 1) : 2012,16099,"Guangdong Sat Technology Co. Ltd., No. 11 Lianbao Rd, Shengfeng District, Xiaolan Town, Zhongshan City, Guangdong, China – 528400",https://wsrv.nl/?url=https%3A%2F%2Fi.ibb.co%2FBKyZ6Dv8%2Fadhil-mini-12-05-white.png&output=webp&q=78
Adhil Mini 12,TTT080X,48V DC,NA,5000K, CRI>97,φ30*120mm,36°,12W,AJ/CG,ASTS1230/35/36/CG,R-41231258,IS 10322 (PART 5/SEC 1) : 2012,17099,"Guangdong Sat Technology Co. Ltd., No. 11 Lianbao Rd, Shengfeng District, Xiaolan Town, Zhongshan City, Guangdong, China – 528400",https://wsrv.nl/?url=https%3A%2F%2Fi.ibb.co%2F7tN5hPgB%2Fadhil-mini-12-04-champeing-gold.png&output=webp&q=78
Adhil Mini 12,TTT080X,48V DC,NA,5000K, CRI>97,φ30*120mm,36°,12W,AJ/CG,ASTS1230/35/36/RG,R-41231258,IS 10322 (PART 5/SEC 1) : 2012,17099,"Guangdong Sat Technology Co. Ltd., No. 11 Lianbao Rd, Shengfeng District, Xiaolan Town, Zhongshan City, Guangdong, China – 528400",https://wsrv.nl/?url=https%3A%2F%2Fi.ibb.co%2FCKCPZBMb%2Fadhil-mini-12-08-rose-gold.png&output=webp&q=78
Adhil Mini 12,TTT080X,48V DC,NA,5000K, CRI>97,φ30*120mm,36°,12W,AJ/CG,ASTS1230/35/36/BR,R-41231258,IS 10322 (PART 5/SEC 1) : 2012,17099,"Guangdong Sat Technology Co. Ltd., No. 11 Lianbao Rd, Shengfeng District, Xiaolan Town, Zhongshan City, Guangdong, China – 528400",https://wsrv.nl/?url=https%3A%2F%2Fi.ibb.co%2F8gmKd7bf%2Fadhil-mini-12-10-brown.png&output=webp&q=78
Adhil Mini 12,TTT080X,48V DC,NA,5000K, CRI>97,φ30*120mm,36°,12W,AJ/CG,ASTS1230/35/36/BB,R-41231258,IS 10322 (PART 5/SEC 1) : 2012,17099,"Guangdong Sat Technology Co. Ltd., No. 11 Lianbao Rd, Shengfeng District, Xiaolan Town, Zhongshan City, Guangdong, China – 528400",https://wsrv.nl/?url=https%3A%2F%2Fi.ibb.co%2F20V5WwFM%2Fadhil-mini-12-06-ballet-blue.png&output=webp&q=78
Adhil Mini 12,TTT080X,48V DC,NA,5000K, CRI>97,φ30*120mm,36°,12W,AJ/CG,ASTS1230/35/36/CHB,R-41231258,IS 10322 (PART 5/SEC 1) : 2012,17099,"Guangdong Sat Technology Co. Ltd., No. 11 Lianbao Rd, Shengfeng District, Xiaolan Town, Zhongshan City, Guangdong, China – 528400",https://wsrv.nl/?url=https%3A%2F%2Fi.ibb.co%2FzTvxgv1D%2Fadhil-mini-12-02-chrome-black.png&output=webp&q=78
Adhil Mini 12,TTT080X,48V DC,NA,5000K, CRI>97,φ30*120mm,36°,12W,AJ/CG,ASTS1230/35/36/COF,R-41231258,IS 10322 (PART 5/SEC 1) : 2012,17099,"Guangdong Sat Technology Co. Ltd., No. 11 Lianbao Rd, Shengfeng District, Xiaolan Town, Zhongshan City, Guangdong, China – 528400",https://wsrv.nl/?url=https%3A%2F%2Fi.ibb.co%2FJfzQ04Q%2Fadhil-mini-12-07-coffee.png&output=webp&q=78
Adhil Mini 12,TTT080X,48V DC,NA,5000K, CRI>97,φ30*120mm,36°,12W,AJ/CG,ASTS1230/35/36/DGR,R-41231258,IS 10322 (PART 5/SEC 1) : 2012,17099,"Guangdong Sat Technology Co. Ltd., No. 11 Lianbao Rd, Shengfeng District, Xiaolan Town, Zhongshan City, Guangdong, China – 528400",https://wsrv.nl/?url=https%3A%2F%2Fi.ibb.co%2Fgb6dwCxb%2Fadhil-mini-12-09-dark-gray-default.png&output=webp&q=78
Adhil Mini 12,TTT080X,48V DC,NA,5000K, CRI>97,φ30*120mm,36°,12W,AJ/CG,ASTS1230/35/36/CH,R-41231258,IS 10322 (PART 5/SEC 1) : 2012,17099,"Guangdong Sat Technology Co. Ltd., No. 11 Lianbao Rd, Shengfeng District, Xiaolan Town, Zhongshan City, Guangdong, China – 528400",https://wsrv.nl/?url=https%3A%2F%2Fi.ibb.co%2F3y0SXDKZ%2Fadhil-mini-12-01-chrome.png&output=webp&q=78
Adhil Mini 12,TTT080X,48V DC,NA,5000K, CRI>97,φ30*120mm,36°,12W,AJ/CG,ASTS1230/40/36/B,R-41231258,IS 10322 (PART 5/SEC 1) : 2012,16099,"Guangdong Sat Technology Co. Ltd., No. 11 Lianbao Rd, Shengfeng District, Xiaolan Town, Zhongshan City, Guangdong, China – 528400",https://wsrv.nl/?url=https%3A%2F%2Fi.ibb.co%2FC3wKxrGS%2Fadhil-mini-12-03-mat-black-default.png&output=webp&q=78
Adhil Mini 12,TTT080X,48V DC,NA,5000K, CRI>97,φ30*120mm,36°,12W,AJ/CG,ASTS1230/40/36/W,R-41231258,IS 10322 (PART 5/SEC 1) : 2012,16099,"Guangdong Sat Technology Co. Ltd., No. 11 Lianbao Rd, Shengfeng District, Xiaolan Town, Zhongshan City, Guangdong, China – 528400",https://wsrv.nl/?url=https%3A%2F%2Fi.ibb.co%2FBKyZ6Dv8%2Fadhil-mini-12-05-white.png&output=webp&q=78
Adhil Mini 12,TTT080X,48V DC,NA,5000K, CRI>97,φ30*120mm,36°,12W,AJ/CG,ASTS1230/40/36/CG,R-41231258,IS 10322 (PART 5/SEC 1) : 2012,17099,"Guangdong Sat Technology Co. Ltd., No. 11 Lianbao Rd, Shengfeng District, Xiaolan Town, Zhongshan City, Guangdong, China – 528400",https://wsrv.nl/?url=https%3A%2F%2Fi.ibb.co%2F7tN5hPgB%2Fadhil-mini-12-04-champeing-gold.png&output=webp&q=78
Adhil Mini 12,TTT080X,48V DC,NA,5000K, CRI>97,φ30*120mm,36°,12W,AJ/CG,ASTS1230/40/36/RG,R-41231258,IS 10322 (PART 5/SEC 1) : 2012,17099,"Guangdong Sat Technology Co. Ltd., No. 11 Lianbao Rd, Shengfeng District, Xiaolan Town, Zhongshan City, Guangdong, China – 528400",https://wsrv.nl/?url=https%3A%2F%2Fi.ibb.co%2FCKCPZBMb%2Fadhil-mini-12-08-rose-gold.png&output=webp&q=78
Adhil Mini 12,TTT080X,48V DC,NA,5000K, CRI>97,φ30*120mm,36°,12W,AJ/CG,ASTS1230/40/36/BR,R-41231258,IS 10322 (PART 5/SEC 1) : 2012,17099,"Guangdong Sat Technology Co. Ltd., No. 11 Lianbao Rd, Shengfeng District, Xiaolan Town, Zhongshan City, Guangdong, China – 528400",https://wsrv.nl/?url=https%3A%2F%2Fi.ibb.co%2F8gmKd7bf%2Fadhil-mini-12-10-brown.png&output=webp&q=78
Adhil Mini 12,TTT080X,48V DC,NA,5000K, CRI>97,φ30*120mm,36°,12W,AJ/CG,ASTS1230/40/36/BB,R-41231258,IS 10322 (PART 5/SEC 1) : 2012,17099,"Guangdong Sat Technology Co. Ltd., No. 11 Lianbao Rd, Shengfeng District, Xiaolan Town, Zhongshan City, Guangdong, China – 528400",https://wsrv.nl/?url=https%3A%2F%2Fi.ibb.co%2F20V5WwFM%2Fadhil-mini-12-06-ballet-blue.png&output=webp&q=78
Adhil Mini 12,TTT080X,48V DC,NA,5000K, CRI>97,φ30*120mm,36°,12W,AJ/CG,ASTS1230/40/36/CHB,R-41231258,IS 10322 (PART 5/SEC 1) : 2012,17099,"Guangdong Sat Technology Co. Ltd., No. 11 Lianbao Rd, Shengfeng District, Xiaolan Town, Zhongshan City, Guangdong, China – 528400",https://wsrv.nl/?url=https%3A%2F%2Fi.ibb.co%2FzTvxgv1D%2Fadhil-mini-12-02-chrome-black.png&output=webp&q=78
Adhil Mini 12,TTT080X,48V DC,NA,5000K, CRI>97,φ30*120mm,36°,12W,AJ/CG,ASTS1230/40/36/COF,R-41231258,IS 10322 (PART 5/SEC 1) : 2012,17099,"Guangdong Sat Technology Co. Ltd., No. 11 Lianbao Rd, Shengfeng District, Xiaolan Town, Zhongshan City, Guangdong, China – 528400",https://wsrv.nl/?url=https%3A%2F%2Fi.ibb.co%2FJfzQ04Q%2Fadhil-mini-12-07-coffee.png&output=webp&q=78
Adhil Mini 12,TTT080X,48V DC,NA,5000K, CRI>97,φ30*120mm,36°,12W,AJ/CG,ASTS1230/40/36/DGR,R-41231258,IS 10322 (PART 5/SEC 1) : 2012,17099,"Guangdong Sat Technology Co. Ltd., No. 11 Lianbao Rd, Shengfeng District, Xiaolan Town, Zhongshan City, Guangdong, China – 528400",https://wsrv.nl/?url=https%3A%2F%2Fi.ibb.co%2Fgb6dwCxb%2Fadhil-mini-12-09-dark-gray-default.png&output=webp&q=78
Adhil Mini 12,TTT080X,48V DC,NA,5000K, CRI>97,φ30*120mm,36°,12W,AJ/CG,ASTS1230/40/36/CH,R-41231258,IS 10322 (PART 5/SEC 1) : 2012,17099,"Guangdong Sat Technology Co. Ltd., No. 11 Lianbao Rd, Shengfeng District, Xiaolan Town, Zhongshan City, Guangdong, China – 528400",https://wsrv.nl/?url=https%3A%2F%2Fi.ibb.co%2F3y0SXDKZ%2Fadhil-mini-12-01-chrome.png&output=webp&q=78
Adhil Mini 12,TTT080X,48V DC,NA,5000K, CRI>97,φ30*120mm,36°,12W,AJ/CG,ASTS1230/50/36/B,R-41231258,IS 10322 (PART 5/SEC 1) : 2012,16099,"Guangdong Sat Technology Co. Ltd., No. 11 Lianbao Rd, Shengfeng District, Xiaolan Town, Zhongshan City, Guangdong, China – 528400",https://wsrv.nl/?url=https%3A%2F%2Fi.ibb.co%2FC3wKxrGS%2Fadhil-mini-12-03-mat-black-default.png&output=webp&q=78
Adhil Mini 12,TTT080X,48V DC,NA,5000K, CRI>97,φ30*120mm,36°,12W,AJ/CG,ASTS1230/50/36/W,R-41231258,IS 10322 (PART 5/SEC 1) : 2012,16099,"Guangdong Sat Technology Co. Ltd., No. 11 Lianbao Rd, Shengfeng District, Xiaolan Town, Zhongshan City, Guangdong, China – 528400",https://wsrv.nl/?url=https%3A%2F%2Fi.ibb.co%2FBKyZ6Dv8%2Fadhil-mini-12-05-white.png&output=webp&q=78
Adhil Mini 12,TTT080X,48V DC,NA,5000K, CRI>97,φ30*120mm,36°,12W,AJ/CG,ASTS1230/50/36/CG,R-41231258,IS 10322 (PART 5/SEC 1) : 2012,17099,"Guangdong Sat Technology Co. Ltd., No. 11 Lianbao Rd, Shengfeng District, Xiaolan Town, Zhongshan City, Guangdong, China – 528400",https://wsrv.nl/?url=https%3A%2F%2Fi.ibb.co%2F7tN5hPgB%2Fadhil-mini-12-04-champeing-gold.png&output=webp&q=78
Adhil Mini 12,TTT080X,48V DC,NA,5000K, CRI>97,φ30*120mm,36°,12W,AJ/CG,ASTS1230/50/36/RG,R-41231258,IS 10322 (PART 5/SEC 1) : 2012,17099,"Guangdong Sat Technology Co. Ltd., No. 11 Lianbao Rd, Shengfeng District, Xiaolan Town, Zhongshan City, Guangdong, China – 528400",https://wsrv.nl/?url=https%3A%2F%2Fi.ibb.co%2FCKCPZBMb%2Fadhil-mini-12-08-rose-gold.png&output=webp&q=78
Adhil Mini 12,TTT080X,48V DC,NA,5000K, CRI>97,φ30*120mm,36°,12W,AJ/CG,ASTS1230/50/36/BR,R-41231258,IS 10322 (PART 5/SEC 1) : 2012,17099,"Guangdong Sat Technology Co. Ltd., No. 11 Lianbao Rd, Shengfeng District, Xiaolan Town, Zhongshan City, Guangdong, China – 528400",https://wsrv.nl/?url=https%3A%2F%2Fi.ibb.co%2F8gmKd7bf%2Fadhil-mini-12-10-brown.png&output=webp&q=78
Adhil Mini 12,TTT080X,48V DC,NA,5000K, CRI>97,φ30*120mm,36°,12W,AJ/CG,ASTS1230/50/36/BB,R-41231258,IS 10322 (PART 5/SEC 1) : 2012,17099,"Guangdong Sat Technology Co. Ltd., No. 11 Lianbao Rd, Shengfeng District, Xiaolan Town, Zhongshan City, Guangdong, China – 528400",https://wsrv.nl/?url=https%3A%2F%2Fi.ibb.co%2F20V5WwFM%2Fadhil-mini-12-06-ballet-blue.png&output=webp&q=78
Adhil Mini 12,TTT080X,48V DC,NA,5000K, CRI>97,φ30*120mm,36°,12W,AJ/CG,ASTS1230/50/36/CHB,R-41231258,IS 10322 (PART 5/SEC 1) : 2012,17099,"Guangdong Sat Technology Co. Ltd., No. 11 Lianbao Rd, Shengfeng District, Xiaolan Town, Zhongshan City, Guangdong, China – 528400",https://wsrv.nl/?url=https%3A%2F%2Fi.ibb.co%2FzTvxgv1D%2Fadhil-mini-12-02-chrome-black.png&output=webp&q=78
Adhil Mini 12,TTT080X,48V DC,NA,5000K, CRI>97,φ30*120mm,36°,12W,AJ/CG,ASTS1230/50/36/COF,R-41231258,IS 10322 (PART 5/SEC 1) : 2012,17099,"Guangdong Sat Technology Co. Ltd., No. 11 Lianbao Rd, Shengfeng District, Xiaolan Town, Zhongshan City, Guangdong, China – 528400",https://wsrv.nl/?url=https%3A%2F%2Fi.ibb.co%2FJfzQ04Q%2Fadhil-mini-12-07-coffee.png&output=webp&q=78
Adhil Mini 12,TTT080X,48V DC,NA,5000K, CRI>97,φ30*120mm,36°,12W,AJ/CG,ASTS1230/50/36/DGR,R-41231258,IS 10322 (PART 5/SEC 1) : 2012,17099,"Guangdong Sat Technology Co. Ltd., No. 11 Lianbao Rd, Shengfeng District, Xiaolan Town, Zhongshan City, Guangdong, China – 528400",https://wsrv.nl/?url=https%3A%2F%2Fi.ibb.co%2Fgb6dwCxb%2Fadhil-mini-12-09-dark-gray-default.png&output=webp&q=78
Adhil Mini 12,TTT080X,48V DC,NA,5000K, CRI>97,φ30*120mm,36°,12W,AJ/CG,ASTS1230/50/36/CH,R-41231258,IS 10322 (PART 5/SEC 1) : 2012,17099,"Guangdong Sat Technology Co. Ltd., No. 11 Lianbao Rd, Shengfeng District, Xiaolan Town, Zhongshan City, Guangdong, China – 528400",https://wsrv.nl/?url=https%3A%2F%2Fi.ibb.co%2F3y0SXDKZ%2Fadhil-mini-12-01-chrome.png&output=webp&q=78
Mirach Mini 6, TTT070X,48V DC,NA,2700K, CRI>97, L116*14.5*14.5mm,30°,6W,AJ/CG,ASTL0611/27/B,R-41231258,IS 10322 (PART 5/SEC 1) : 2012,13499,"Guangdong Sat Technology Co. Ltd., No. 11 Lianbao Rd, Shengfeng District, Xiaolan Town, Zhongshan City, Guangdong, China – 528400",https://wsrv.nl/?url=https%3A%2F%2Fi.ibb.co%2F8Lwm17fr%2Fmirach-mini-6-03-mat-black-default.png&output=webp&q=78
Mirach Mini 6, TTT070X,48V DC,NA,2700K, CRI>97, L116*14.5*14.5mm,30°,6W,AJ/CG,ASTL0611/27/W,R-41231258,IS 10322 (PART 5/SEC 1) : 2012,13499,"Guangdong Sat Technology Co. Ltd., No. 11 Lianbao Rd, Shengfeng District, Xiaolan Town, Zhongshan City, Guangdong, China – 528400",https://wsrv.nl/?url=https%3A%2F%2Fi.ibb.co%2FzWBKGc3L%2Fmirach-mini-6-05-white.png&output=webp&q=78
Mirach Mini 6, TTT070X,48V DC,NA,2700K, CRI>97, L116*14.5*14.5mm,30°,6W,AJ/CG,ASTL0611/27/CG,R-41231258,IS 10322 (PART 5/SEC 1) : 2012,14499,"Guangdong Sat Technology Co. Ltd., No. 11 Lianbao Rd, Shengfeng District, Xiaolan Town, Zhongshan City, Guangdong, China – 528400",https://wsrv.nl/?url=https%3A%2F%2Fi.ibb.co%2FynxwKq3q%2Fmirach-mini-6-04-champeing-gold.png&output=webp&q=78
Mirach Mini 6, TTT070X,48V DC,NA,2700K, CRI>97, L116*14.5*14.5mm,30°,6W,AJ/CG,ASTL0611/27/RG,R-41231258,IS 10322 (PART 5/SEC 1) : 2012,14499,"Guangdong Sat Technology Co. Ltd., No. 11 Lianbao Rd, Shengfeng District, Xiaolan Town, Zhongshan City, Guangdong, China – 528400",https://wsrv.nl/?url=https%3A%2F%2Fi.ibb.co%2F0Vp9BzpK%2Fmirach-mini-6-08-rose-gold.png&output=webp&q=78
Mirach Mini 6, TTT070X,48V DC,NA,2700K, CRI>97, L116*14.5*14.5mm,30°,6W,AJ/CG,ASTL0611/27/BR,R-41231258,IS 10322 (PART 5/SEC 1) : 2012,14499,"Guangdong Sat Technology Co. Ltd., No. 11 Lianbao Rd, Shengfeng District, Xiaolan Town, Zhongshan City, Guangdong, China – 528400",https://wsrv.nl/?url=https%3A%2F%2Fi.ibb.co%2FLXwvHvr5%2Fmirach-mini-6-10-brown.png&output=webp&q=78
Mirach Mini 6, TTT070X,48V DC,NA,2700K, CRI>97, L116*14.5*14.5mm,30°,6W,AJ/CG,ASTL0611/27/COF,R-41231258,IS 10322 (PART 5/SEC 1) : 2012,14499,"Guangdong Sat Technology Co. Ltd., No. 11 Lianbao Rd, Shengfeng District, Xiaolan Town, Zhongshan City, Guangdong, China – 528400",https://wsrv.nl/?url=https%3A%2F%2Fi.ibb.co%2F9Dg4Ysn%2Fmirach-mini-6-07-coffee.png&output=webp&q=78
Mirach Mini 6, TTT070X,48V DC,NA,2700K, CRI>97, L116*14.5*14.5mm,30°,6W,AJ/CG,ASTL0611/27/DGR,R-41231258,IS 10322 (PART 5/SEC 1) : 2012,14499,"Guangdong Sat Technology Co. Ltd., No. 11 Lianbao Rd, Shengfeng District, Xiaolan Town, Zhongshan City, Guangdong, China – 528400",https://wsrv.nl/?url=https%3A%2F%2Fi.ibb.co%2FGbFQwHN%2Fmirach-mini-6-09-dark-gray-default.png&output=webp&q=78
Mirach Mini 6, TTT070X,48V DC,NA,2700K, CRI>97, L116*14.5*14.5mm,30°,6W,AJ/CG,ASTL0611/27/BB,R-41231258,IS 10322 (PART 5/SEC 1) : 2012,14499,"Guangdong Sat Technology Co. Ltd., No. 11 Lianbao Rd, Shengfeng District, Xiaolan Town, Zhongshan City, Guangdong, China – 528400",https://wsrv.nl/?url=https%3A%2F%2Fi.ibb.co%2FdscXNyRV%2Fmirach-mini-6-06-ballet-blue.png&output=webp&q=78
Mirach Mini 6, TTT070X,48V DC,NA,2700K, CRI>97, L116*14.5*14.5mm,30°,6W,AJ/CG,ASTL0611/27/CH,R-41231258,IS 10322 (PART 5/SEC 1) : 2012,14499,"Guangdong Sat Technology Co. Ltd., No. 11 Lianbao Rd, Shengfeng District, Xiaolan Town, Zhongshan City, Guangdong, China – 528400",https://wsrv.nl/?url=https%3A%2F%2Fi.ibb.co%2FvCGmXbC1%2Fmirach-mini-6-01-chrome.png&output=webp&q=78
Mirach Mini 6, TTT070X,48V DC,NA,2700K, CRI>97, L116*14.5*14.5mm,30°,6W,AJ/CG,ASTL0611/27/CHB,R-41231258,IS 10322 (PART 5/SEC 1) : 2012,14499,"Guangdong Sat Technology Co. Ltd., No. 11 Lianbao Rd, Shengfeng District, Xiaolan Town, Zhongshan City, Guangdong, China – 528400",https://wsrv.nl/?url=https%3A%2F%2Fi.ibb.co%2FFf9Sk7T%2Fmirach-mini-6-02-chrome-black.png&output=webp&q=78
Mirach Mini 6, TTT070X,48V DC,NA,3000K, CRI>97, L116*14.5*14.5mm,30°,6W,AJ/CG,ASTL0611/30/B,R-41231258,IS 10322 (PART 5/SEC 1) : 2012,13499,"Guangdong Sat Technology Co. Ltd., No. 11 Lianbao Rd, Shengfeng District, Xiaolan Town, Zhongshan City, Guangdong, China – 528400",https://wsrv.nl/?url=https%3A%2F%2Fi.ibb.co%2F8Lwm17fr%2Fmirach-mini-6-03-mat-black-default.png&output=webp&q=78
Mirach Mini 6, TTT070X,48V DC,NA,3000K, CRI>97, L116*14.5*14.5mm,30°,6W,AJ/CG,ASTL0611/30/W,R-41231258,IS 10322 (PART 5/SEC 1) : 2012,13499,"Guangdong Sat Technology Co. Ltd., No. 11 Lianbao Rd, Shengfeng District, Xiaolan Town, Zhongshan City, Guangdong, China – 528400",https://wsrv.nl/?url=https%3A%2F%2Fi.ibb.co%2FzWBKGc3L%2Fmirach-mini-6-05-white.png&output=webp&q=78
Mirach Mini 6, TTT070X,48V DC,NA,3000K, CRI>97, L116*14.5*14.5mm,30°,6W,AJ/CG,ASTL0611/30/CG,R-41231258,IS 10322 (PART 5/SEC 1) : 2012,14499,"Guangdong Sat Technology Co. Ltd., No. 11 Lianbao Rd, Shengfeng District, Xiaolan Town, Zhongshan City, Guangdong, China – 528400",https://wsrv.nl/?url=https%3A%2F%2Fi.ibb.co%2FynxwKq3q%2Fmirach-mini-6-04-champeing-gold.png&output=webp&q=78
Mirach Mini 6, TTT070X,48V DC,NA,3000K, CRI>97, L116*14.5*14.5mm,30°,6W,AJ/CG,ASTL0611/30/RG,R-41231258,IS 10322 (PART 5/SEC 1) : 2012,14499,"Guangdong Sat Technology Co. Ltd., No. 11 Lianbao Rd, Shengfeng District, Xiaolan Town, Zhongshan City, Guangdong, China – 528400",https://wsrv.nl/?url=https%3A%2F%2Fi.ibb.co%2F0Vp9BzpK%2Fmirach-mini-6-08-rose-gold.png&output=webp&q=78
Mirach Mini 6, TTT070X,48V DC,NA,3000K, CRI>97, L116*14.5*14.5mm,30°,6W,AJ/CG,ASTL0611/30/BR,R-41231258,IS 10322 (PART 5/SEC 1) : 2012,14499,"Guangdong Sat Technology Co. Ltd., No. 11 Lianbao Rd, Shengfeng District, Xiaolan Town, Zhongshan City, Guangdong, China – 528400",https://wsrv.nl/?url=https%3A%2F%2Fi.ibb.co%2FLXwvHvr5%2Fmirach-mini-6-10-brown.png&output=webp&q=78
Mirach Mini 6, TTT070X,48V DC,NA,3000K, CRI>97, L116*14.5*14.5mm,30°,6W,AJ/CG,ASTL0611/30/COF,R-41231258,IS 10322 (PART 5/SEC 1) : 2012,14499,"Guangdong Sat Technology Co. Ltd., No. 11 Lianbao Rd, Shengfeng District, Xiaolan Town, Zhongshan City, Guangdong, China – 528400",https://wsrv.nl/?url=https%3A%2F%2Fi.ibb.co%2F9Dg4Ysn%2Fmirach-mini-6-07-coffee.png&output=webp&q=78
Mirach Mini 6, TTT070X,48V DC,NA,3000K, CRI>97, L116*14.5*14.5mm,30°,6W,AJ/CG,ASTL0611/30/DGR,R-41231258,IS 10322 (PART 5/SEC 1) : 2012,14499,"Guangdong Sat Technology Co. Ltd., No. 11 Lianbao Rd, Shengfeng District, Xiaolan Town, Zhongshan City, Guangdong, China – 528400",https://wsrv.nl/?url=https%3A%2F%2Fi.ibb.co%2FGbFQwHN%2Fmirach-mini-6-09-dark-gray-default.png&output=webp&q=78
Mirach Mini 6, TTT070X,48V DC,NA,3000K, CRI>97, L116*14.5*14.5mm,30°,6W,AJ/CG,ASTL0611/30/BB,R-41231258,IS 10322 (PART 5/SEC 1) : 2012,14499,"Guangdong Sat Technology Co. Ltd., No. 11 Lianbao Rd, Shengfeng District, Xiaolan Town, Zhongshan City, Guangdong, China – 528400",https://wsrv.nl/?url=https%3A%2F%2Fi.ibb.co%2FdscXNyRV%2Fmirach-mini-6-06-ballet-blue.png&output=webp&q=78
Mirach Mini 6, TTT070X,48V DC,NA,3000K, CRI>97, L116*14.5*14.5mm,30°,6W,AJ/CG,ASTL0611/30/CH,R-41231258,IS 10322 (PART 5/SEC 1) : 2012,14499,"Guangdong Sat Technology Co. Ltd., No. 11 Lianbao Rd, Shengfeng District, Xiaolan Town, Zhongshan City, Guangdong, China – 528400",https://wsrv.nl/?url=https%3A%2F%2Fi.ibb.co%2FvCGmXbC1%2Fmirach-mini-6-01-chrome.png&output=webp&q=78
Mirach Mini 6, TTT070X,48V DC,NA,3000K, CRI>97, L116*14.5*14.5mm,30°,6W,AJ/CG,ASTL0611/30/CHB,R-41231258,IS 10322 (PART 5/SEC 1) : 2012,14499,"Guangdong Sat Technology Co. Ltd., No. 11 Lianbao Rd, Shengfeng District, Xiaolan Town, Zhongshan City, Guangdong, China – 528400",https://wsrv.nl/?url=https%3A%2F%2Fi.ibb.co%2FFf9Sk7T%2Fmirach-mini-6-02-chrome-black.png&output=webp&q=78
Mirach Mini 6, TTT070X,48V DC,NA,3500K, CRI>97, L116*14.5*14.5mm,30°,6W,AJ/CG,ASTL0611/35/B,R-41231258,IS 10322 (PART 5/SEC 1) : 2012,13499,"Guangdong Sat Technology Co. Ltd., No. 11 Lianbao Rd, Shengfeng District, Xiaolan Town, Zhongshan City, Guangdong, China – 528400",https://wsrv.nl/?url=https%3A%2F%2Fi.ibb.co%2F8Lwm17fr%2Fmirach-mini-6-03-mat-black-default.png&output=webp&q=78
Mirach Mini 6, TTT070X,48V DC,NA,3500K, CRI>97, L116*14.5*14.5mm,30°,6W,AJ/CG,ASTL0611/35/W,R-41231258,IS 10322 (PART 5/SEC 1) : 2012,13499,"Guangdong Sat Technology Co. Ltd., No. 11 Lianbao Rd, Shengfeng District, Xiaolan Town, Zhongshan City, Guangdong, China – 528400",https://wsrv.nl/?url=https%3A%2F%2Fi.ibb.co%2FzWBKGc3L%2Fmirach-mini-6-05-white.png&output=webp&q=78
Mirach Mini 6, TTT070X,48V DC,NA,3500K, CRI>97, L116*14.5*14.5mm,30°,6W,AJ/CG,ASTL0611/35/CG,R-41231258,IS 10322 (PART 5/SEC 1) : 2012,14499,"Guangdong Sat Technology Co. Ltd., No. 11 Lianbao Rd, Shengfeng District, Xiaolan Town, Zhongshan City, Guangdong, China – 528400",https://wsrv.nl/?url=https%3A%2F%2Fi.ibb.co%2FynxwKq3q%2Fmirach-mini-6-04-champeing-gold.png&output=webp&q=78
Mirach Mini 6, TTT070X,48V DC,NA,3500K, CRI>97, L116*14.5*14.5mm,30°,6W,AJ/CG,ASTL0611/35/RG,R-41231258,IS 10322 (PART 5/SEC 1) : 2012,14499,"Guangdong Sat Technology Co. Ltd., No. 11 Lianbao Rd, Shengfeng District, Xiaolan Town, Zhongshan City, Guangdong, China – 528400",https://wsrv.nl/?url=https%3A%2F%2Fi.ibb.co%2F0Vp9BzpK%2Fmirach-mini-6-08-rose-gold.png&output=webp&q=78
Mirach Mini 6, TTT070X,48V DC,NA,3500K, CRI>97, L116*14.5*14.5mm,30°,6W,AJ/CG,ASTL0611/35/BR,R-41231258,IS 10322 (PART 5/SEC 1) : 2012,14499,"Guangdong Sat Technology Co. Ltd., No. 11 Lianbao Rd, Shengfeng District, Xiaolan Town, Zhongshan City, Guangdong, China – 528400",https://wsrv.nl/?url=https%3A%2F%2Fi.ibb.co%2FLXwvHvr5%2Fmirach-mini-6-10-brown.png&output=webp&q=78
Mirach Mini 6, TTT070X,48V DC,NA,3500K, CRI>97, L116*14.5*14.5mm,30°,6W,AJ/CG,ASTL0611/35/COF,R-41231258,IS 10322 (PART 5/SEC 1) : 2012,14499,"Guangdong Sat Technology Co. Ltd., No. 11 Lianbao Rd, Shengfeng District, Xiaolan Town, Zhongshan City, Guangdong, China – 528400",https://wsrv.nl/?url=https%3A%2F%2Fi.ibb.co%2F9Dg4Ysn%2Fmirach-mini-6-07-coffee.png&output=webp&q=78
Mirach Mini 6, TTT070X,48V DC,NA,3500K, CRI>97, L116*14.5*14.5mm,30°,6W,AJ/CG,ASTL0611/35/DGR,R-41231258,IS 10322 (PART 5/SEC 1) : 2012,14499,"Guangdong Sat Technology Co. Ltd., No. 11 Lianbao Rd, Shengfeng District, Xiaolan Town, Zhongshan City, Guangdong, China – 528400",https://wsrv.nl/?url=https%3A%2F%2Fi.ibb.co%2FGbFQwHN%2Fmirach-mini-6-09-dark-gray-default.png&output=webp&q=78
Mirach Mini 6, TTT070X,48V DC,NA,3500K, CRI>97, L116*14.5*14.5mm,30°,6W,AJ/CG,ASTL0611/35/BB,R-41231258,IS 10322 (PART 5/SEC 1) : 2012,14499,"Guangdong Sat Technology Co. Ltd., No. 11 Lianbao Rd, Shengfeng District, Xiaolan Town, Zhongshan City, Guangdong, China – 528400",https://wsrv.nl/?url=https%3A%2F%2Fi.ibb.co%2FdscXNyRV%2Fmirach-mini-6-06-ballet-blue.png&output=webp&q=78
Mirach Mini 6, TTT070X,48V DC,NA,3500K, CRI>97, L116*14.5*14.5mm,30°,6W,AJ/CG,ASTL0611/35/CH,R-41231258,IS 10322 (PART 5/SEC 1) : 2012,14499,"Guangdong Sat Technology Co. Ltd., No. 11 Lianbao Rd, Shengfeng District, Xiaolan Town, Zhongshan City, Guangdong, China – 528400",https://wsrv.nl/?url=https%3A%2F%2Fi.ibb.co%2FvCGmXbC1%2Fmirach-mini-6-01-chrome.png&output=webp&q=78
Mirach Mini 6, TTT070X,48V DC,NA,3500K, CRI>97, L116*14.5*14.5mm,30°,6W,AJ/CG,ASTL0611/35/CHB,R-41231258,IS 10322 (PART 5/SEC 1) : 2012,14499,"Guangdong Sat Technology Co. Ltd., No. 11 Lianbao Rd, Shengfeng District, Xiaolan Town, Zhongshan City, Guangdong, China – 528400",https://wsrv.nl/?url=https%3A%2F%2Fi.ibb.co%2FFf9Sk7T%2Fmirach-mini-6-02-chrome-black.png&output=webp&q=78
Mirach Mini 6, TTT070X,48V DC,NA,4000K, CRI>97, L116*14.5*14.5mm,30°,6W,AJ/CG,ASTL0611/40/B,R-41231258,IS 10322 (PART 5/SEC 1) : 2012,13499,"Guangdong Sat Technology Co. Ltd., No. 11 Lianbao Rd, Shengfeng District, Xiaolan Town, Zhongshan City, Guangdong, China – 528400",https://wsrv.nl/?url=https%3A%2F%2Fi.ibb.co%2F8Lwm17fr%2Fmirach-mini-6-03-mat-black-default.png&output=webp&q=78
Mirach Mini 6, TTT070X,48V DC,NA,4000K, CRI>97, L116*14.5*14.5mm,30°,6W,AJ/CG,ASTL0611/40/W,R-41231258,IS 10322 (PART 5/SEC 1) : 2012,13499,"Guangdong Sat Technology Co. Ltd., No. 11 Lianbao Rd, Shengfeng District, Xiaolan Town, Zhongshan City, Guangdong, China – 528400",https://wsrv.nl/?url=https%3A%2F%2Fi.ibb.co%2FzWBKGc3L%2Fmirach-mini-6-05-white.png&output=webp&q=78
Mirach Mini 6, TTT070X,48V DC,NA,4000K, CRI>97, L116*14.5*14.5mm,30°,6W,AJ/CG,ASTL0611/40/CG,R-41231258,IS 10322 (PART 5/SEC 1) : 2012,14499,"Guangdong Sat Technology Co. Ltd., No. 11 Lianbao Rd, Shengfeng District, Xiaolan Town, Zhongshan City, Guangdong, China – 528400",https://wsrv.nl/?url=https%3A%2F%2Fi.ibb.co%2FynxwKq3q%2Fmirach-mini-6-04-champeing-gold.png&output=webp&q=78
Mirach Mini 6, TTT070X,48V DC,NA,4000K, CRI>97, L116*14.5*14.5mm,30°,6W,AJ/CG,ASTL0611/40/RG,R-41231258,IS 10322 (PART 5/SEC 1) : 2012,14499,"Guangdong Sat Technology Co. Ltd., No. 11 Lianbao Rd, Shengfeng District, Xiaolan Town, Zhongshan City, Guangdong, China – 528400",https://wsrv.nl/?url=https%3A%2F%2Fi.ibb.co%2F0Vp9BzpK%2Fmirach-mini-6-08-rose-gold.png&output=webp&q=78
Mirach Mini 6, TTT070X,48V DC,NA,4000K, CRI>97, L116*14.5*14.5mm,30°,6W,AJ/CG,ASTL0611/40/BR,R-41231258,IS 10322 (PART 5/SEC 1) : 2012,14499,"Guangdong Sat Technology Co. Ltd., No. 11 Lianbao Rd, Shengfeng District, Xiaolan Town, Zhongshan City, Guangdong, China – 528400",https://wsrv.nl/?url=https%3A%2F%2Fi.ibb.co%2FLXwvHvr5%2Fmirach-mini-6-10-brown.png&output=webp&q=78
Mirach Mini 6, TTT070X,48V DC,NA,4000K, CRI>97, L116*14.5*14.5mm,30°,6W,AJ/CG,ASTL0611/40/COF,R-41231258,IS 10322 (PART 5/SEC 1) : 2012,14499,"Guangdong Sat Technology Co. Ltd., No. 11 Lianbao Rd, Shengfeng District, Xiaolan Town, Zhongshan City, Guangdong, China – 528400",https://wsrv.nl/?url=https%3A%2F%2Fi.ibb.co%2F9Dg4Ysn%2Fmirach-mini-6-07-coffee.png&output=webp&q=78
Mirach Mini 6, TTT070X,48V DC,NA,4000K, CRI>97, L116*14.5*14.5mm,30°,6W,AJ/CG,ASTL0611/40/DGR,R-41231258,IS 10322 (PART 5/SEC 1) : 2012,14499,"Guangdong Sat Technology Co. Ltd., No. 11 Lianbao Rd, Shengfeng District, Xiaolan Town, Zhongshan City, Guangdong, China – 528400",https://wsrv.nl/?url=https%3A%2F%2Fi.ibb.co%2FGbFQwHN%2Fmirach-mini-6-09-dark-gray-default.png&output=webp&q=78
Mirach Mini 6, TTT070X,48V DC,NA,4000K, CRI>97, L116*14.5*14.5mm,30°,6W,AJ/CG,ASTL0611/40/BB,R-41231258,IS 10322 (PART 5/SEC 1) : 2012,14499,"Guangdong Sat Technology Co. Ltd., No. 11 Lianbao Rd, Shengfeng District, Xiaolan Town, Zhongshan City, Guangdong, China – 528400",https://wsrv.nl/?url=https%3A%2F%2Fi.ibb.co%2FdscXNyRV%2Fmirach-mini-6-06-ballet-blue.png&output=webp&q=78
Mirach Mini 6, TTT070X,48V DC,NA,4000K, CRI>97, L116*14.5*14.5mm,30°,6W,AJ/CG,ASTL0611/40/CH,R-41231258,IS 10322 (PART 5/SEC 1) : 2012,14499,"Guangdong Sat Technology Co. Ltd., No. 11 Lianbao Rd, Shengfeng District, Xiaolan Town, Zhongshan City, Guangdong, China – 528400",https://wsrv.nl/?url=https%3A%2F%2Fi.ibb.co%2FvCGmXbC1%2Fmirach-mini-6-01-chrome.png&output=webp&q=78
Mirach Mini 6, TTT070X,48V DC,NA,4000K, CRI>97, L116*14.5*14.5mm,30°,6W,AJ/CG,ASTL0611/40/CHB,R-41231258,IS 10322 (PART 5/SEC 1) : 2012,14499,"Guangdong Sat Technology Co. Ltd., No. 11 Lianbao Rd, Shengfeng District, Xiaolan Town, Zhongshan City, Guangdong, China – 528400",https://wsrv.nl/?url=https%3A%2F%2Fi.ibb.co%2FFf9Sk7T%2Fmirach-mini-6-02-chrome-black.png&output=webp&q=78
Mirach Mini 6, TTT070X,48V DC,NA,5000K, CRI>97, L116*14.5*14.5mm,30°,6W,AJ/CG,ASTL0611/50/B,R-41231258,IS 10322 (PART 5/SEC 1) : 2012,13499,"Guangdong Sat Technology Co. Ltd., No. 11 Lianbao Rd, Shengfeng District, Xiaolan Town, Zhongshan City, Guangdong, China – 528400",https://wsrv.nl/?url=https%3A%2F%2Fi.ibb.co%2F8Lwm17fr%2Fmirach-mini-6-03-mat-black-default.png&output=webp&q=78
Mirach Mini 6, TTT070X,48V DC,NA,5000K, CRI>97, L116*14.5*14.5mm,30°,6W,AJ/CG,ASTL0611/50/W,R-41231258,IS 10322 (PART 5/SEC 1) : 2012,13499,"Guangdong Sat Technology Co. Ltd., No. 11 Lianbao Rd, Shengfeng District, Xiaolan Town, Zhongshan City, Guangdong, China – 528400",https://wsrv.nl/?url=https%3A%2F%2Fi.ibb.co%2FzWBKGc3L%2Fmirach-mini-6-05-white.png&output=webp&q=78
Mirach Mini 6, TTT070X,48V DC,NA,5000K, CRI>97, L116*14.5*14.5mm,30°,6W,AJ/CG,ASTL0611/50/CG,R-41231258,IS 10322 (PART 5/SEC 1) : 2012,14499,"Guangdong Sat Technology Co. Ltd., No. 11 Lianbao Rd, Shengfeng District, Xiaolan Town, Zhongshan City, Guangdong, China – 528400",https://wsrv.nl/?url=https%3A%2F%2Fi.ibb.co%2FynxwKq3q%2Fmirach-mini-6-04-champeing-gold.png&output=webp&q=78
Mirach Mini 6, TTT070X,48V DC,NA,5000K, CRI>97, L116*14.5*14.5mm,30°,6W,AJ/CG,ASTL0611/50/RG,R-41231258,IS 10322 (PART 5/SEC 1) : 2012,14499,"Guangdong Sat Technology Co. Ltd., No. 11 Lianbao Rd, Shengfeng District, Xiaolan Town, Zhongshan City, Guangdong, China – 528400",https://wsrv.nl/?url=https%3A%2F%2Fi.ibb.co%2F0Vp9BzpK%2Fmirach-mini-6-08-rose-gold.png&output=webp&q=78
Mirach Mini 6, TTT070X,48V DC,NA,5000K, CRI>97, L116*14.5*14.5mm,30°,6W,AJ/CG,ASTL0611/50/BR,R-41231258,IS 10322 (PART 5/SEC 1) : 2012,14499,"Guangdong Sat Technology Co. Ltd., No. 11 Lianbao Rd, Shengfeng District, Xiaolan Town, Zhongshan City, Guangdong, China – 528400",https://wsrv.nl/?url=https%3A%2F%2Fi.ibb.co%2FLXwvHvr5%2Fmirach-mini-6-10-brown.png&output=webp&q=78
Mirach Mini 6, TTT070X,48V DC,NA,5000K, CRI>97, L116*14.5*14.5mm,30°,6W,AJ/CG,ASTL0611/50/COF,R-41231258,IS 10322 (PART 5/SEC 1) : 2012,14499,"Guangdong Sat Technology Co. Ltd., No. 11 Lianbao Rd, Shengfeng District, Xiaolan Town, Zhongshan City, Guangdong, China – 528400",https://wsrv.nl/?url=https%3A%2F%2Fi.ibb.co%2F9Dg4Ysn%2Fmirach-mini-6-07-coffee.png&output=webp&q=78
Mirach Mini 6, TTT070X,48V DC,NA,5000K, CRI>97, L116*14.5*14.5mm,30°,6W,AJ/CG,ASTL0611/50/DGR,R-41231258,IS 10322 (PART 5/SEC 1) : 2012,14499,"Guangdong Sat Technology Co. Ltd., No. 11 Lianbao Rd, Shengfeng District, Xiaolan Town, Zhongshan City, Guangdong, China – 528400",https://wsrv.nl/?url=https%3A%2F%2Fi.ibb.co%2FGbFQwHN%2Fmirach-mini-6-09-dark-gray-default.png&output=webp&q=78
Mirach Mini 6, TTT070X,48V DC,NA,5000K, CRI>97, L116*14.5*14.5mm,30°,6W,AJ/CG,ASTL0611/50/BB,R-41231258,IS 10322 (PART 5/SEC 1) : 2012,14499,"Guangdong Sat Technology Co. Ltd., No. 11 Lianbao Rd, Shengfeng District, Xiaolan Town, Zhongshan City, Guangdong, China – 528400",https://wsrv.nl/?url=https%3A%2F%2Fi.ibb.co%2FdscXNyRV%2Fmirach-mini-6-06-ballet-blue.png&output=webp&q=78
Mirach Mini 6, TTT070X,48V DC,NA,5000K, CRI>97, L116*14.5*14.5mm,30°,6W,AJ/CG,ASTL0611/50/CH,R-41231258,IS 10322 (PART 5/SEC 1) : 2012,14499,"Guangdong Sat Technology Co. Ltd., No. 11 Lianbao Rd, Shengfeng District, Xiaolan Town, Zhongshan City, Guangdong, China – 528400",https://wsrv.nl/?url=https%3A%2F%2Fi.ibb.co%2FvCGmXbC1%2Fmirach-mini-6-01-chrome.png&output=webp&q=78
Mirach Mini 6, TTT070X,48V DC,NA,5000K, CRI>97, L116*14.5*14.5mm,30°,6W,AJ/CG,ASTL0611/50/CHB,R-41231258,IS 10322 (PART 5/SEC 1) : 2012,14499,"Guangdong Sat Technology Co. Ltd., No. 11 Lianbao Rd, Shengfeng District, Xiaolan Town, Zhongshan City, Guangdong, China – 528400",https://wsrv.nl/?url=https%3A%2F%2Fi.ibb.co%2FFf9Sk7T%2Fmirach-mini-6-02-chrome-black.png&output=webp&q=78
Mirach Mini 12,TSL060X,48V DC,NA,2700K, CRI>97,  L236*14.5*14.5mm,30°,12W,AJ/CG,ASTL1211/27/B,R-41231258,IS 10322 (PART 5/SEC 1) : 2012,14599,"Guangdong Sat Technology Co. Ltd., No. 11 Lianbao Rd, Shengfeng District, Xiaolan Town, Zhongshan City, Guangdong, China – 528400",https://wsrv.nl/?url=https%3A%2F%2Fi.ibb.co%2FXkvKbYMG%2Fmirach-mini-12-03-mat-black-default.png&output=webp&q=78
Mirach Mini 12,TSL060X,48V DC,NA,2700K, CRI>97,  L236*14.5*14.5mm,30°,12W,AJ/CG,ASTL1211/27/W,R-41231258,IS 10322 (PART 5/SEC 1) : 2012,14599,"Guangdong Sat Technology Co. Ltd., No. 11 Lianbao Rd, Shengfeng District, Xiaolan Town, Zhongshan City, Guangdong, China – 528400",https://wsrv.nl/?url=https%3A%2F%2Fi.ibb.co%2Fxn5CdCS%2Fmirach-mini-12-05-white.png&output=webp&q=78
Mirach Mini 12,TSL060X,48V DC,NA,2700K, CRI>97,  L236*14.5*14.5mm,30°,12W,AJ/CG,ASTL1211/27/CG,R-41231258,IS 10322 (PART 5/SEC 1) : 2012,15599,"Guangdong Sat Technology Co. Ltd., No. 11 Lianbao Rd, Shengfeng District, Xiaolan Town, Zhongshan City, Guangdong, China – 528400",https://wsrv.nl/?url=https%3A%2F%2Fi.ibb.co%2FgLk6BQ27%2Fmirach-mini-12-04-champeing-gold.png&output=webp&q=78
Mirach Mini 12,TSL060X,48V DC,NA,2700K, CRI>97,  L236*14.5*14.5mm,30°,12W,AJ/CG,ASTL1211/27/RG,R-41231258,IS 10322 (PART 5/SEC 1) : 2012,15599,"Guangdong Sat Technology Co. Ltd., No. 11 Lianbao Rd, Shengfeng District, Xiaolan Town, Zhongshan City, Guangdong, China – 528400",https://wsrv.nl/?url=https%3A%2F%2Fi.ibb.co%2FccShRpKJ%2Fmirach-mini-12-08-rose-gold.png&output=webp&q=78
Mirach Mini 12,TSL060X,48V DC,NA,2700K, CRI>97,  L236*14.5*14.5mm,30°,12W,AJ/CG,ASTL1211/27/BR,R-41231258,IS 10322 (PART 5/SEC 1) : 2012,15599,"Guangdong Sat Technology Co. Ltd., No. 11 Lianbao Rd, Shengfeng District, Xiaolan Town, Zhongshan City, Guangdong, China – 528400",https://wsrv.nl/?url=https%3A%2F%2Fi.ibb.co%2FDPy1P0pf%2Fmirach-mini-12-10-brown.png&output=webp&q=78
Mirach Mini 12,TSL060X,48V DC,NA,2700K, CRI>97,  L236*14.5*14.5mm,30°,12W,AJ/CG,ASTL1211/27/COF,R-41231258,IS 10322 (PART 5/SEC 1) : 2012,15599,"Guangdong Sat Technology Co. Ltd., No. 11 Lianbao Rd, Shengfeng District, Xiaolan Town, Zhongshan City, Guangdong, China – 528400",https://wsrv.nl/?url=https%3A%2F%2Fi.ibb.co%2FPzGB5g0D%2Fmirach-mini-12-07-coffee.png&output=webp&q=78
Mirach Mini 12,TSL060X,48V DC,NA,2700K, CRI>97,  L236*14.5*14.5mm,30°,12W,AJ/CG,ASTL1211/27/DGR,R-41231258,IS 10322 (PART 5/SEC 1) : 2012,15599,"Guangdong Sat Technology Co. Ltd., No. 11 Lianbao Rd, Shengfeng District, Xiaolan Town, Zhongshan City, Guangdong, China – 528400",https://wsrv.nl/?url=https%3A%2F%2Fi.ibb.co%2FLdbrKGbv%2Fmirach-mini-12-09-dark-gray-default.png&output=webp&q=78
Mirach Mini 12,TSL060X,48V DC,NA,2700K, CRI>97,  L236*14.5*14.5mm,30°,12W,AJ/CG,ASTL1211/27/BB,R-41231258,IS 10322 (PART 5/SEC 1) : 2012,15599,"Guangdong Sat Technology Co. Ltd., No. 11 Lianbao Rd, Shengfeng District, Xiaolan Town, Zhongshan City, Guangdong, China – 528400",https://wsrv.nl/?url=https%3A%2F%2Fi.ibb.co%2FrRsd4Sgv%2Fmirach-mini-12-06-ballet-blue.png&output=webp&q=78
Mirach Mini 12,TSL060X,48V DC,NA,2700K, CRI>97,  L236*14.5*14.5mm,30°,12W,AJ/CG,ASTL1211/27/CH,R-41231258,IS 10322 (PART 5/SEC 1) : 2012,15599,"Guangdong Sat Technology Co. Ltd., No. 11 Lianbao Rd, Shengfeng District, Xiaolan Town, Zhongshan City, Guangdong, China – 528400",https://wsrv.nl/?url=https%3A%2F%2Fi.ibb.co%2FRTxqPn8C%2Fmirach-mini-12-01-chrome.png&output=webp&q=78
Mirach Mini 12,TSL060X,48V DC,NA,2700K, CRI>97,  L236*14.5*14.5mm,30°,12W,AJ/CG,ASTL1211/27/CHB,R-41231258,IS 10322 (PART 5/SEC 1) : 2012,15599,"Guangdong Sat Technology Co. Ltd., No. 11 Lianbao Rd, Shengfeng District, Xiaolan Town, Zhongshan City, Guangdong, China – 528400",https://wsrv.nl/?url=https%3A%2F%2Fi.ibb.co%2FzWfgvKc2%2Fmirach-mini-12-02-chrome-black.png&output=webp&q=78
Mirach Mini 12,TSL060X,48V DC,NA,3000K, CRI>97,  L236*14.5*14.5mm,30°,12W,AJ/CG,ASTL1211/30/B,R-41231258,IS 10322 (PART 5/SEC 1) : 2012,14599,"Guangdong Sat Technology Co. Ltd., No. 11 Lianbao Rd, Shengfeng District, Xiaolan Town, Zhongshan City, Guangdong, China – 528400",https://wsrv.nl/?url=https%3A%2F%2Fi.ibb.co%2FXkvKbYMG%2Fmirach-mini-12-03-mat-black-default.png&output=webp&q=78
Mirach Mini 12,TSL060X,48V DC,NA,3000K, CRI>97,  L236*14.5*14.5mm,30°,12W,AJ/CG,ASTL1211/30/W,R-41231258,IS 10322 (PART 5/SEC 1) : 2012,14599,"Guangdong Sat Technology Co. Ltd., No. 11 Lianbao Rd, Shengfeng District, Xiaolan Town, Zhongshan City, Guangdong, China – 528400",https://wsrv.nl/?url=https%3A%2F%2Fi.ibb.co%2Fxn5CdCS%2Fmirach-mini-12-05-white.png&output=webp&q=78
Mirach Mini 12,TSL060X,48V DC,NA,3000K, CRI>97,  L236*14.5*14.5mm,30°,12W,AJ/CG,ASTL1211/30/CG,R-41231258,IS 10322 (PART 5/SEC 1) : 2012,15599,"Guangdong Sat Technology Co. Ltd., No. 11 Lianbao Rd, Shengfeng District, Xiaolan Town, Zhongshan City, Guangdong, China – 528400",https://wsrv.nl/?url=https%3A%2F%2Fi.ibb.co%2FgLk6BQ27%2Fmirach-mini-12-04-champeing-gold.png&output=webp&q=78
Mirach Mini 12,TSL060X,48V DC,NA,3000K, CRI>97,  L236*14.5*14.5mm,30°,12W,AJ/CG,ASTL1211/30/RG,R-41231258,IS 10322 (PART 5/SEC 1) : 2012,15599,"Guangdong Sat Technology Co. Ltd., No. 11 Lianbao Rd, Shengfeng District, Xiaolan Town, Zhongshan City, Guangdong, China – 528400",https://wsrv.nl/?url=https%3A%2F%2Fi.ibb.co%2FccShRpKJ%2Fmirach-mini-12-08-rose-gold.png&output=webp&q=78
Mirach Mini 12,TSL060X,48V DC,NA,3000K, CRI>97,  L236*14.5*14.5mm,30°,12W,AJ/CG,ASTL1211/30/BR,R-41231258,IS 10322 (PART 5/SEC 1) : 2012,15599,"Guangdong Sat Technology Co. Ltd., No. 11 Lianbao Rd, Shengfeng District, Xiaolan Town, Zhongshan City, Guangdong, China – 528400",https://wsrv.nl/?url=https%3A%2F%2Fi.ibb.co%2FDPy1P0pf%2Fmirach-mini-12-10-brown.png&output=webp&q=78
Mirach Mini 12,TSL060X,48V DC,NA,3000K, CRI>97,  L236*14.5*14.5mm,30°,12W,AJ/CG,ASTL1211/30/COF,R-41231258,IS 10322 (PART 5/SEC 1) : 2012,15599,"Guangdong Sat Technology Co. Ltd., No. 11 Lianbao Rd, Shengfeng District, Xiaolan Town, Zhongshan City, Guangdong, China – 528400",https://wsrv.nl/?url=https%3A%2F%2Fi.ibb.co%2FPzGB5g0D%2Fmirach-mini-12-07-coffee.png&output=webp&q=78
Mirach Mini 12,TSL060X,48V DC,NA,3000K, CRI>97,  L236*14.5*14.5mm,30°,12W,AJ/CG,ASTL1211/30/DGR,R-41231258,IS 10322 (PART 5/SEC 1) : 2012,15599,"Guangdong Sat Technology Co. Ltd., No. 11 Lianbao Rd, Shengfeng District, Xiaolan Town, Zhongshan City, Guangdong, China – 528400",https://wsrv.nl/?url=https%3A%2F%2Fi.ibb.co%2FLdbrKGbv%2Fmirach-mini-12-09-dark-gray-default.png&output=webp&q=78
Mirach Mini 12,TSL060X,48V DC,NA,3000K, CRI>97,  L236*14.5*14.5mm,30°,12W,AJ/CG,ASTL1211/30/BB,R-41231258,IS 10322 (PART 5/SEC 1) : 2012,15599,"Guangdong Sat Technology Co. Ltd., No. 11 Lianbao Rd, Shengfeng District, Xiaolan Town, Zhongshan City, Guangdong, China – 528400",https://wsrv.nl/?url=https%3A%2F%2Fi.ibb.co%2FrRsd4Sgv%2Fmirach-mini-12-06-ballet-blue.png&output=webp&q=78
Mirach Mini 12,TSL060X,48V DC,NA,3000K, CRI>97,  L236*14.5*14.5mm,30°,12W,AJ/CG,ASTL1211/30/CH,R-41231258,IS 10322 (PART 5/SEC 1) : 2012,15599,"Guangdong Sat Technology Co. Ltd., No. 11 Lianbao Rd, Shengfeng District, Xiaolan Town, Zhongshan City, Guangdong, China – 528400",https://wsrv.nl/?url=https%3A%2F%2Fi.ibb.co%2FRTxqPn8C%2Fmirach-mini-12-01-chrome.png&output=webp&q=78
Mirach Mini 12,TSL060X,48V DC,NA,3000K, CRI>97,  L236*14.5*14.5mm,30°,12W,AJ/CG,ASTL1211/30/CHB,R-41231258,IS 10322 (PART 5/SEC 1) : 2012,15599,"Guangdong Sat Technology Co. Ltd., No. 11 Lianbao Rd, Shengfeng District, Xiaolan Town, Zhongshan City, Guangdong, China – 528400",https://wsrv.nl/?url=https%3A%2F%2Fi.ibb.co%2FzWfgvKc2%2Fmirach-mini-12-02-chrome-black.png&output=webp&q=78
Mirach Mini 12,TSL060X,48V DC,NA,3500K, CRI>97,  L236*14.5*14.5mm,30°,12W,AJ/CG,ASTL1211/35/B,R-41231258,IS 10322 (PART 5/SEC 1) : 2012,14599,"Guangdong Sat Technology Co. Ltd., No. 11 Lianbao Rd, Shengfeng District, Xiaolan Town, Zhongshan City, Guangdong, China – 528400",https://wsrv.nl/?url=https%3A%2F%2Fi.ibb.co%2FXkvKbYMG%2Fmirach-mini-12-03-mat-black-default.png&output=webp&q=78
Mirach Mini 12,TSL060X,48V DC,NA,3500K, CRI>97,  L236*14.5*14.5mm,30°,12W,AJ/CG,ASTL1211/35/W,R-41231258,IS 10322 (PART 5/SEC 1) : 2012,14599,"Guangdong Sat Technology Co. Ltd., No. 11 Lianbao Rd, Shengfeng District, Xiaolan Town, Zhongshan City, Guangdong, China – 528400",https://wsrv.nl/?url=https%3A%2F%2Fi.ibb.co%2Fxn5CdCS%2Fmirach-mini-12-05-white.png&output=webp&q=78
Mirach Mini 12,TSL060X,48V DC,NA,3500K, CRI>97,  L236*14.5*14.5mm,30°,12W,AJ/CG,ASTL1211/35/CG,R-41231258,IS 10322 (PART 5/SEC 1) : 2012,15599,"Guangdong Sat Technology Co. Ltd., No. 11 Lianbao Rd, Shengfeng District, Xiaolan Town, Zhongshan City, Guangdong, China – 528400",https://wsrv.nl/?url=https%3A%2F%2Fi.ibb.co%2FgLk6BQ27%2Fmirach-mini-12-04-champeing-gold.png&output=webp&q=78
Mirach Mini 12,TSL060X,48V DC,NA,3500K, CRI>97,  L236*14.5*14.5mm,30°,12W,AJ/CG,ASTL1211/35/RG,R-41231258,IS 10322 (PART 5/SEC 1) : 2012,15599,"Guangdong Sat Technology Co. Ltd., No. 11 Lianbao Rd, Shengfeng District, Xiaolan Town, Zhongshan City, Guangdong, China – 528400",https://wsrv.nl/?url=https%3A%2F%2Fi.ibb.co%2FccShRpKJ%2Fmirach-mini-12-08-rose-gold.png&output=webp&q=78
Mirach Mini 12,TSL060X,48V DC,NA,3500K, CRI>97,  L236*14.5*14.5mm,30°,12W,AJ/CG,ASTL1211/35/BR,R-41231258,IS 10322 (PART 5/SEC 1) : 2012,15599,"Guangdong Sat Technology Co. Ltd., No. 11 Lianbao Rd, Shengfeng District, Xiaolan Town, Zhongshan City, Guangdong, China – 528400",https://wsrv.nl/?url=https%3A%2F%2Fi.ibb.co%2FDPy1P0pf%2Fmirach-mini-12-10-brown.png&output=webp&q=78
Mirach Mini 12,TSL060X,48V DC,NA,3500K, CRI>97,  L236*14.5*14.5mm,30°,12W,AJ/CG,ASTL1211/35/COF,R-41231258,IS 10322 (PART 5/SEC 1) : 2012,15599,"Guangdong Sat Technology Co. Ltd., No. 11 Lianbao Rd, Shengfeng District, Xiaolan Town, Zhongshan City, Guangdong, China – 528400",https://wsrv.nl/?url=https%3A%2F%2Fi.ibb.co%2FPzGB5g0D%2Fmirach-mini-12-07-coffee.png&output=webp&q=78
Mirach Mini 12,TSL060X,48V DC,NA,3500K, CRI>97,  L236*14.5*14.5mm,30°,12W,AJ/CG,ASTL1211/35/DGR,R-41231258,IS 10322 (PART 5/SEC 1) : 2012,15599,"Guangdong Sat Technology Co. Ltd., No. 11 Lianbao Rd, Shengfeng District, Xiaolan Town, Zhongshan City, Guangdong, China – 528400",https://wsrv.nl/?url=https%3A%2F%2Fi.ibb.co%2FLdbrKGbv%2Fmirach-mini-12-09-dark-gray-default.png&output=webp&q=78
Mirach Mini 12,TSL060X,48V DC,NA,3500K, CRI>97,  L236*14.5*14.5mm,30°,12W,AJ/CG,ASTL1211/35/BB,R-41231258,IS 10322 (PART 5/SEC 1) : 2012,15599,"Guangdong Sat Technology Co. Ltd., No. 11 Lianbao Rd, Shengfeng District, Xiaolan Town, Zhongshan City, Guangdong, China – 528400",https://wsrv.nl/?url=https%3A%2F%2Fi.ibb.co%2FrRsd4Sgv%2Fmirach-mini-12-06-ballet-blue.png&output=webp&q=78
Mirach Mini 12,TSL060X,48V DC,NA,3500K, CRI>97,  L236*14.5*14.5mm,30°,12W,AJ/CG,ASTL1211/35/CH,R-41231258,IS 10322 (PART 5/SEC 1) : 2012,15599,"Guangdong Sat Technology Co. Ltd., No. 11 Lianbao Rd, Shengfeng District, Xiaolan Town, Zhongshan City, Guangdong, China – 528400",https://wsrv.nl/?url=https%3A%2F%2Fi.ibb.co%2FRTxqPn8C%2Fmirach-mini-12-01-chrome.png&output=webp&q=78
Mirach Mini 12,TSL060X,48V DC,NA,3500K, CRI>97,  L236*14.5*14.5mm,30°,12W,AJ/CG,ASTL1211/35/CHB,R-41231258,IS 10322 (PART 5/SEC 1) : 2012,15599,"Guangdong Sat Technology Co. Ltd., No. 11 Lianbao Rd, Shengfeng District, Xiaolan Town, Zhongshan City, Guangdong, China – 528400",https://wsrv.nl/?url=https%3A%2F%2Fi.ibb.co%2FzWfgvKc2%2Fmirach-mini-12-02-chrome-black.png&output=webp&q=78
Mirach Mini 12,TSL060X,48V DC,NA,4000K, CRI>97,  L236*14.5*14.5mm,30°,12W,AJ/CG,ASTL1211/40/B,R-41231258,IS 10322 (PART 5/SEC 1) : 2012,14599,"Guangdong Sat Technology Co. Ltd., No. 11 Lianbao Rd, Shengfeng District, Xiaolan Town, Zhongshan City, Guangdong, China – 528400",https://wsrv.nl/?url=https%3A%2F%2Fi.ibb.co%2FXkvKbYMG%2Fmirach-mini-12-03-mat-black-default.png&output=webp&q=78
Mirach Mini 12,TSL060X,48V DC,NA,4000K, CRI>97,  L236*14.5*14.5mm,30°,12W,AJ/CG,ASTL1211/40/W,R-41231258,IS 10322 (PART 5/SEC 1) : 2012,14599,"Guangdong Sat Technology Co. Ltd., No. 11 Lianbao Rd, Shengfeng District, Xiaolan Town, Zhongshan City, Guangdong, China – 528400",https://wsrv.nl/?url=https%3A%2F%2Fi.ibb.co%2Fxn5CdCS%2Fmirach-mini-12-05-white.png&output=webp&q=78
Mirach Mini 12,TSL060X,48V DC,NA,4000K, CRI>97,  L236*14.5*14.5mm,30°,12W,AJ/CG,ASTL1211/40/CG,R-41231258,IS 10322 (PART 5/SEC 1) : 2012,15599,"Guangdong Sat Technology Co. Ltd., No. 11 Lianbao Rd, Shengfeng District, Xiaolan Town, Zhongshan City, Guangdong, China – 528400",https://wsrv.nl/?url=https%3A%2F%2Fi.ibb.co%2FgLk6BQ27%2Fmirach-mini-12-04-champeing-gold.png&output=webp&q=78
Mirach Mini 12,TSL060X,48V DC,NA,4000K, CRI>97,  L236*14.5*14.5mm,30°,12W,AJ/CG,ASTL1211/40/RG,R-41231258,IS 10322 (PART 5/SEC 1) : 2012,15599,"Guangdong Sat Technology Co. Ltd., No. 11 Lianbao Rd, Shengfeng District, Xiaolan Town, Zhongshan City, Guangdong, China – 528400",https://wsrv.nl/?url=https%3A%2F%2Fi.ibb.co%2FccShRpKJ%2Fmirach-mini-12-08-rose-gold.png&output=webp&q=78
Mirach Mini 12,TSL060X,48V DC,NA,4000K, CRI>97,  L236*14.5*14.5mm,30°,12W,AJ/CG,ASTL1211/40/BR,R-41231258,IS 10322 (PART 5/SEC 1) : 2012,15599,"Guangdong Sat Technology Co. Ltd., No. 11 Lianbao Rd, Shengfeng District, Xiaolan Town, Zhongshan City, Guangdong, China – 528400",https://wsrv.nl/?url=https%3A%2F%2Fi.ibb.co%2FDPy1P0pf%2Fmirach-mini-12-10-brown.png&output=webp&q=78
Mirach Mini 12,TSL060X,48V DC,NA,4000K, CRI>97,  L236*14.5*14.5mm,30°,12W,AJ/CG,ASTL1211/40/COF,R-41231258,IS 10322 (PART 5/SEC 1) : 2012,15599,"Guangdong Sat Technology Co. Ltd., No. 11 Lianbao Rd, Shengfeng District, Xiaolan Town, Zhongshan City, Guangdong, China – 528400",https://wsrv.nl/?url=https%3A%2F%2Fi.ibb.co%2FPzGB5g0D%2Fmirach-mini-12-07-coffee.png&output=webp&q=78
Mirach Mini 12,TSL060X,48V DC,NA,4000K, CRI>97,  L236*14.5*14.5mm,30°,12W,AJ/CG,ASTL1211/40/DGR,R-41231258,IS 10322 (PART 5/SEC 1) : 2012,15599,"Guangdong Sat Technology Co. Ltd., No. 11 Lianbao Rd, Shengfeng District, Xiaolan Town, Zhongshan City, Guangdong, China – 528400",https://wsrv.nl/?url=https%3A%2F%2Fi.ibb.co%2FLdbrKGbv%2Fmirach-mini-12-09-dark-gray-default.png&output=webp&q=78
Mirach Mini 12,TSL060X,48V DC,NA,4000K, CRI>97,  L236*14.5*14.5mm,30°,12W,AJ/CG,ASTL1211/40/BB,R-41231258,IS 10322 (PART 5/SEC 1) : 2012,15599,"Guangdong Sat Technology Co. Ltd., No. 11 Lianbao Rd, Shengfeng District, Xiaolan Town, Zhongshan City, Guangdong, China – 528400",https://wsrv.nl/?url=https%3A%2F%2Fi.ibb.co%2FrRsd4Sgv%2Fmirach-mini-12-06-ballet-blue.png&output=webp&q=78
Mirach Mini 12,TSL060X,48V DC,NA,4000K, CRI>97,  L236*14.5*14.5mm,30°,12W,AJ/CG,ASTL1211/40/CH,R-41231258,IS 10322 (PART 5/SEC 1) : 2012,15599,"Guangdong Sat Technology Co. Ltd., No. 11 Lianbao Rd, Shengfeng District, Xiaolan Town, Zhongshan City, Guangdong, China – 528400",https://wsrv.nl/?url=https%3A%2F%2Fi.ibb.co%2FRTxqPn8C%2Fmirach-mini-12-01-chrome.png&output=webp&q=78
Mirach Mini 12,TSL060X,48V DC,NA,4000K, CRI>97,  L236*14.5*14.5mm,30°,12W,AJ/CG,ASTL1211/40/CHB,R-41231258,IS 10322 (PART 5/SEC 1) : 2012,15599,"Guangdong Sat Technology Co. Ltd., No. 11 Lianbao Rd, Shengfeng District, Xiaolan Town, Zhongshan City, Guangdong, China – 528400",https://wsrv.nl/?url=https%3A%2F%2Fi.ibb.co%2FzWfgvKc2%2Fmirach-mini-12-02-chrome-black.png&output=webp&q=78
Mirach Mini 12,TSL060X,48V DC,NA,5000K, CRI>97,  L236*14.5*14.5mm,30°,12W,AJ/CG,ASTL1211/50/B,R-41231258,IS 10322 (PART 5/SEC 1) : 2012,14599,"Guangdong Sat Technology Co. Ltd., No. 11 Lianbao Rd, Shengfeng District, Xiaolan Town, Zhongshan City, Guangdong, China – 528400",https://wsrv.nl/?url=https%3A%2F%2Fi.ibb.co%2FXkvKbYMG%2Fmirach-mini-12-03-mat-black-default.png&output=webp&q=78
Mirach Mini 12,TSL060X,48V DC,NA,5000K, CRI>97,  L236*14.5*14.5mm,30°,12W,AJ/CG,ASTL1211/50/W,R-41231258,IS 10322 (PART 5/SEC 1) : 2012,14599,"Guangdong Sat Technology Co. Ltd., No. 11 Lianbao Rd, Shengfeng District, Xiaolan Town, Zhongshan City, Guangdong, China – 528400",https://wsrv.nl/?url=https%3A%2F%2Fi.ibb.co%2Fxn5CdCS%2Fmirach-mini-12-05-white.png&output=webp&q=78
Mirach Mini 12,TSL060X,48V DC,NA,5000K, CRI>97,  L236*14.5*14.5mm,30°,12W,AJ/CG,ASTL1211/50/CG,R-41231258,IS 10322 (PART 5/SEC 1) : 2012,15599,"Guangdong Sat Technology Co. Ltd., No. 11 Lianbao Rd, Shengfeng District, Xiaolan Town, Zhongshan City, Guangdong, China – 528400",https://wsrv.nl/?url=https%3A%2F%2Fi.ibb.co%2FgLk6BQ27%2Fmirach-mini-12-04-champeing-gold.png&output=webp&q=78
Mirach Mini 12,TSL060X,48V DC,NA,5000K, CRI>97,  L236*14.5*14.5mm,30°,12W,AJ/CG,ASTL1211/50/RG,R-41231258,IS 10322 (PART 5/SEC 1) : 2012,15599,"Guangdong Sat Technology Co. Ltd., No. 11 Lianbao Rd, Shengfeng District, Xiaolan Town, Zhongshan City, Guangdong, China – 528400",https://wsrv.nl/?url=https%3A%2F%2Fi.ibb.co%2FccShRpKJ%2Fmirach-mini-12-08-rose-gold.png&output=webp&q=78
Mirach Mini 12,TSL060X,48V DC,NA,5000K, CRI>97,  L236*14.5*14.5mm,30°,12W,AJ/CG,ASTL1211/50/BR,R-41231258,IS 10322 (PART 5/SEC 1) : 2012,15599,"Guangdong Sat Technology Co. Ltd., No. 11 Lianbao Rd, Shengfeng District, Xiaolan Town, Zhongshan City, Guangdong, China – 528400",https://wsrv.nl/?url=https%3A%2F%2Fi.ibb.co%2FDPy1P0pf%2Fmirach-mini-12-10-brown.png&output=webp&q=78
Mirach Mini 12,TSL060X,48V DC,NA,5000K, CRI>97,  L236*14.5*14.5mm,30°,12W,AJ/CG,ASTL1211/50/COF,R-41231258,IS 10322 (PART 5/SEC 1) : 2012,15599,"Guangdong Sat Technology Co. Ltd., No. 11 Lianbao Rd, Shengfeng District, Xiaolan Town, Zhongshan City, Guangdong, China – 528400",https://wsrv.nl/?url=https%3A%2F%2Fi.ibb.co%2FPzGB5g0D%2Fmirach-mini-12-07-coffee.png&output=webp&q=78
Mirach Mini 12,TSL060X,48V DC,NA,5000K, CRI>97,  L236*14.5*14.5mm,30°,12W,AJ/CG,ASTL1211/50/DGR,R-41231258,IS 10322 (PART 5/SEC 1) : 2012,15599,"Guangdong Sat Technology Co. Ltd., No. 11 Lianbao Rd, Shengfeng District, Xiaolan Town, Zhongshan City, Guangdong, China – 528400",https://wsrv.nl/?url=https%3A%2F%2Fi.ibb.co%2FLdbrKGbv%2Fmirach-mini-12-09-dark-gray-default.png&output=webp&q=78
Mirach Mini 12,TSL060X,48V DC,NA,5000K, CRI>97,  L236*14.5*14.5mm,30°,12W,AJ/CG,ASTL1211/50/BB,R-41231258,IS 10322 (PART 5/SEC 1) : 2012,15599,"Guangdong Sat Technology Co. Ltd., No. 11 Lianbao Rd, Shengfeng District, Xiaolan Town, Zhongshan City, Guangdong, China – 528400",https://wsrv.nl/?url=https%3A%2F%2Fi.ibb.co%2FrRsd4Sgv%2Fmirach-mini-12-06-ballet-blue.png&output=webp&q=78
Mirach Mini 12,TSL060X,48V DC,NA,5000K, CRI>97,  L236*14.5*14.5mm,30°,12W,AJ/CG,ASTL1211/50/CH,R-41231258,IS 10322 (PART 5/SEC 1) : 2012,15599,"Guangdong Sat Technology Co. Ltd., No. 11 Lianbao Rd, Shengfeng District, Xiaolan Town, Zhongshan City, Guangdong, China – 528400",https://wsrv.nl/?url=https%3A%2F%2Fi.ibb.co%2FRTxqPn8C%2Fmirach-mini-12-01-chrome.png&output=webp&q=78
Mirach Mini 12,TSL060X,48V DC,NA,5000K, CRI>97,  L236*14.5*14.5mm,30°,12W,AJ/CG,ASTL1211/50/CHB,R-41231258,IS 10322 (PART 5/SEC 1) : 2012,15599,"Guangdong Sat Technology Co. Ltd., No. 11 Lianbao Rd, Shengfeng District, Xiaolan Town, Zhongshan City, Guangdong, China – 528400",https://wsrv.nl/?url=https%3A%2F%2Fi.ibb.co%2FzWfgvKc2%2Fmirach-mini-12-02-chrome-black.png&output=webp&q=78
Almach Mini 6,ARFD1501,48V DC,NA,2700K, CRI>97, L116*14.5*53.4mm,30°,6W,AJ/CG,ASTA0611/27/B,R-41159492,IS 10322 (PART 5/SEC1):2012,14099,"Guangdong Sat Technology Co. Ltd., No. 11 Lianbao Rd, Shengfeng District, Xiaolan Town, Zhongshan City, Guangdong, China – 528400",https://wsrv.nl/?url=https%3A%2F%2Fi.ibb.co%2Fwrc9g3bT%2Falmach-mini-6-03-mat-black-default.png&output=webp&q=78
Almach Mini 6,ARFD1501,48V DC,NA,2700K, CRI>97, L116*14.5*53.4mm,30°,6W,AJ/CG,ASTA0611/27/W,R-41159492,IS 10322 (PART 5/SEC1):2012,14099,"Guangdong Sat Technology Co. Ltd., No. 11 Lianbao Rd, Shengfeng District, Xiaolan Town, Zhongshan City, Guangdong, China – 528400",https://wsrv.nl/?url=https%3A%2F%2Fi.ibb.co%2FHfQg5rgr%2Falmach-mini-6-05-white.png&output=webp&q=78
Almach Mini 6,ARFD1501,48V DC,NA,2700K, CRI>97, L116*14.5*53.4mm,30°,6W,AJ/CG,ASTA0611/27/CG,R-41159492,IS 10322 (PART 5/SEC1):2012,15099,"Guangdong Sat Technology Co. Ltd., No. 11 Lianbao Rd, Shengfeng District, Xiaolan Town, Zhongshan City, Guangdong, China – 528400",https://wsrv.nl/?url=https%3A%2F%2Fi.ibb.co%2FyB8PRrkZ%2Falmach-mini-6-04-champeing-gold.png&output=webp&q=78
Almach Mini 6,ARFD1501,48V DC,NA,2700K, CRI>97, L116*14.5*53.4mm,30°,6W,AJ/CG,ASTA0611/27/RG,R-41159492,IS 10322 (PART 5/SEC1):2012,15099,"Guangdong Sat Technology Co. Ltd., No. 11 Lianbao Rd, Shengfeng District, Xiaolan Town, Zhongshan City, Guangdong, China – 528400",https://wsrv.nl/?url=https%3A%2F%2Fi.ibb.co%2F0RvdCxM6%2Falmach-mini-6-08-rose-gold.png&output=webp&q=78
Almach Mini 6,ARFD1501,48V DC,NA,2700K, CRI>97, L116*14.5*53.4mm,30°,6W,AJ/CG,ASTA0611/27/BR,R-41159492,IS 10322 (PART 5/SEC1):2012,15099,"Guangdong Sat Technology Co. Ltd., No. 11 Lianbao Rd, Shengfeng District, Xiaolan Town, Zhongshan City, Guangdong, China – 528400",https://wsrv.nl/?url=https%3A%2F%2Fi.ibb.co%2FPGKLWkTW%2Falmach-mini-6-10-brown.png&output=webp&q=78
Almach Mini 6,ARFD1501,48V DC,NA,2700K, CRI>97, L116*14.5*53.4mm,30°,6W,AJ/CG,ASTA0611/27/BB,R-41159492,IS 10322 (PART 5/SEC1):2012,15099,"Guangdong Sat Technology Co. Ltd., No. 11 Lianbao Rd, Shengfeng District, Xiaolan Town, Zhongshan City, Guangdong, China – 528400",https://wsrv.nl/?url=https%3A%2F%2Fi.ibb.co%2FLz9h9C69%2Falmach-mini-6-06-ballet-blue.png&output=webp&q=78
Almach Mini 6,ARFD1501,48V DC,NA,2700K, CRI>97, L116*14.5*53.4mm,30°,6W,AJ/CG,ASTA0611/27/CHB,R-41159492,IS 10322 (PART 5/SEC1):2012,15099,"Guangdong Sat Technology Co. Ltd., No. 11 Lianbao Rd, Shengfeng District, Xiaolan Town, Zhongshan City, Guangdong, China – 528400",https://wsrv.nl/?url=https%3A%2F%2Fi.ibb.co%2FfzzfGMC8%2Falmach-mini-6-02-chrome-black.png&output=webp&q=78
Almach Mini 6,ARFD1501,48V DC,NA,2700K, CRI>97, L116*14.5*53.4mm,30°,6W,AJ/CG,ASTA0611/27/COF,R-41159492,IS 10322 (PART 5/SEC1):2012,15099,"Guangdong Sat Technology Co. Ltd., No. 11 Lianbao Rd, Shengfeng District, Xiaolan Town, Zhongshan City, Guangdong, China – 528400",https://wsrv.nl/?url=https%3A%2F%2Fi.ibb.co%2FKxMMHYxw%2Falmach-mini-6-07-coffee.png&output=webp&q=78
Almach Mini 6,ARFD1501,48V DC,NA,2700K, CRI>97, L116*14.5*53.4mm,30°,6W,AJ/CG,ASTA0611/27/DGR,R-41159492,IS 10322 (PART 5/SEC1):2012,15099,"Guangdong Sat Technology Co. Ltd., No. 11 Lianbao Rd, Shengfeng District, Xiaolan Town, Zhongshan City, Guangdong, China – 528400",https://wsrv.nl/?url=https%3A%2F%2Fi.ibb.co%2FJhNLv77%2Falmach-mini-6-09-dark-gray-default.png&output=webp&q=78
Almach Mini 6,ARFD1501,48V DC,NA,2700K, CRI>97, L116*14.5*53.4mm,30°,6W,AJ/CG,ASTA0611/27/CH,R-41159492,IS 10322 (PART 5/SEC1):2012,15099,"Guangdong Sat Technology Co. Ltd., No. 11 Lianbao Rd, Shengfeng District, Xiaolan Town, Zhongshan City, Guangdong, China – 528400",https://wsrv.nl/?url=https%3A%2F%2Fi.ibb.co%2FpB5xGjF8%2Falmach-mini-6-01-chrome.png&output=webp&q=78
Almach Mini 6,ARFD1501,48V DC,NA,3000K, CRI>97, L116*14.5*53.4mm,30°,6W,AJ/CG,ASTA0611/30/B,R-41159492,IS 10322 (PART 5/SEC1):2012,14099,"Guangdong Sat Technology Co. Ltd., No. 11 Lianbao Rd, Shengfeng District, Xiaolan Town, Zhongshan City, Guangdong, China – 528400",https://wsrv.nl/?url=https%3A%2F%2Fi.ibb.co%2Fwrc9g3bT%2Falmach-mini-6-03-mat-black-default.png&output=webp&q=78
Almach Mini 6,ARFD1501,48V DC,NA,3000K, CRI>97, L116*14.5*53.4mm,30°,6W,AJ/CG,ASTA0611/30/W,R-41159492,IS 10322 (PART 5/SEC1):2012,14099,"Guangdong Sat Technology Co. Ltd., No. 11 Lianbao Rd, Shengfeng District, Xiaolan Town, Zhongshan City, Guangdong, China – 528400",https://wsrv.nl/?url=https%3A%2F%2Fi.ibb.co%2FHfQg5rgr%2Falmach-mini-6-05-white.png&output=webp&q=78
Almach Mini 6,ARFD1501,48V DC,NA,3000K, CRI>97, L116*14.5*53.4mm,30°,6W,AJ/CG,ASTA0611/30/CG,R-41159492,IS 10322 (PART 5/SEC1):2012,15099,"Guangdong Sat Technology Co. Ltd., No. 11 Lianbao Rd, Shengfeng District, Xiaolan Town, Zhongshan City, Guangdong, China – 528400",https://wsrv.nl/?url=https%3A%2F%2Fi.ibb.co%2FyB8PRrkZ%2Falmach-mini-6-04-champeing-gold.png&output=webp&q=78
Almach Mini 6,ARFD1501,48V DC,NA,3000K, CRI>97, L116*14.5*53.4mm,30°,6W,AJ/CG,ASTA0611/30/RG,R-41159492,IS 10322 (PART 5/SEC1):2012,15099,"Guangdong Sat Technology Co. Ltd., No. 11 Lianbao Rd, Shengfeng District, Xiaolan Town, Zhongshan City, Guangdong, China – 528400",https://wsrv.nl/?url=https%3A%2F%2Fi.ibb.co%2F0RvdCxM6%2Falmach-mini-6-08-rose-gold.png&output=webp&q=78
Almach Mini 6,ARFD1501,48V DC,NA,3000K, CRI>97, L116*14.5*53.4mm,30°,6W,AJ/CG,ASTA0611/30/BR,R-41159492,IS 10322 (PART 5/SEC1):2012,15099,"Guangdong Sat Technology Co. Ltd., No. 11 Lianbao Rd, Shengfeng District, Xiaolan Town, Zhongshan City, Guangdong, China – 528400",https://wsrv.nl/?url=https%3A%2F%2Fi.ibb.co%2FPGKLWkTW%2Falmach-mini-6-10-brown.png&output=webp&q=78
Almach Mini 6,ARFD1501,48V DC,NA,3000K, CRI>97, L116*14.5*53.4mm,30°,6W,AJ/CG,ASTA0611/30/BB,R-41159492,IS 10322 (PART 5/SEC1):2012,15099,"Guangdong Sat Technology Co. Ltd., No. 11 Lianbao Rd, Shengfeng District, Xiaolan Town, Zhongshan City, Guangdong, China – 528400",https://wsrv.nl/?url=https%3A%2F%2Fi.ibb.co%2FLz9h9C69%2Falmach-mini-6-06-ballet-blue.png&output=webp&q=78
Almach Mini 6,ARFD1501,48V DC,NA,3000K, CRI>97, L116*14.5*53.4mm,30°,6W,AJ/CG,ASTA0611/30/CHB,R-41159492,IS 10322 (PART 5/SEC1):2012,15099,"Guangdong Sat Technology Co. Ltd., No. 11 Lianbao Rd, Shengfeng District, Xiaolan Town, Zhongshan City, Guangdong, China – 528400",https://wsrv.nl/?url=https%3A%2F%2Fi.ibb.co%2FfzzfGMC8%2Falmach-mini-6-02-chrome-black.png&output=webp&q=78
Almach Mini 6,ARFD1501,48V DC,NA,3000K, CRI>97, L116*14.5*53.4mm,30°,6W,AJ/CG,ASTA0611/30/COF,R-41159492,IS 10322 (PART 5/SEC1):2012,15099,"Guangdong Sat Technology Co. Ltd., No. 11 Lianbao Rd, Shengfeng District, Xiaolan Town, Zhongshan City, Guangdong, China – 528400",https://wsrv.nl/?url=https%3A%2F%2Fi.ibb.co%2FKxMMHYxw%2Falmach-mini-6-07-coffee.png&output=webp&q=78
Almach Mini 6,ARFD1501,48V DC,NA,3000K, CRI>97, L116*14.5*53.4mm,30°,6W,AJ/CG,ASTA0611/30/DGR,R-41159492,IS 10322 (PART 5/SEC1):2012,15099,"Guangdong Sat Technology Co. Ltd., No. 11 Lianbao Rd, Shengfeng District, Xiaolan Town, Zhongshan City, Guangdong, China – 528400",https://wsrv.nl/?url=https%3A%2F%2Fi.ibb.co%2FJhNLv77%2Falmach-mini-6-09-dark-gray-default.png&output=webp&q=78
Almach Mini 6,ARFD1501,48V DC,NA,3000K, CRI>97, L116*14.5*53.4mm,30°,6W,AJ/CG,ASTA0611/30/CH,R-41159492,IS 10322 (PART 5/SEC1):2012,15099,"Guangdong Sat Technology Co. Ltd., No. 11 Lianbao Rd, Shengfeng District, Xiaolan Town, Zhongshan City, Guangdong, China – 528400",https://wsrv.nl/?url=https%3A%2F%2Fi.ibb.co%2FpB5xGjF8%2Falmach-mini-6-01-chrome.png&output=webp&q=78
Almach Mini 6,ARFD1501,48V DC,NA,3500K, CRI>97, L116*14.5*53.4mm,30°,6W,AJ/CG,ASTA0611/35/B,R-41159492,IS 10322 (PART 5/SEC1):2012,14099,"Guangdong Sat Technology Co. Ltd., No. 11 Lianbao Rd, Shengfeng District, Xiaolan Town, Zhongshan City, Guangdong, China – 528400",https://wsrv.nl/?url=https%3A%2F%2Fi.ibb.co%2Fwrc9g3bT%2Falmach-mini-6-03-mat-black-default.png&output=webp&q=78
Almach Mini 6,ARFD1501,48V DC,NA,3500K, CRI>97, L116*14.5*53.4mm,30°,6W,AJ/CG,ASTA0611/35/W,R-41159492,IS 10322 (PART 5/SEC1):2012,14099,"Guangdong Sat Technology Co. Ltd., No. 11 Lianbao Rd, Shengfeng District, Xiaolan Town, Zhongshan City, Guangdong, China – 528400",https://wsrv.nl/?url=https%3A%2F%2Fi.ibb.co%2FHfQg5rgr%2Falmach-mini-6-05-white.png&output=webp&q=78
Almach Mini 6,ARFD1501,48V DC,NA,3500K, CRI>97, L116*14.5*53.4mm,30°,6W,AJ/CG,ASTA0611/35/CG,R-41159492,IS 10322 (PART 5/SEC1):2012,15099,"Guangdong Sat Technology Co. Ltd., No. 11 Lianbao Rd, Shengfeng District, Xiaolan Town, Zhongshan City, Guangdong, China – 528400",https://wsrv.nl/?url=https%3A%2F%2Fi.ibb.co%2FyB8PRrkZ%2Falmach-mini-6-04-champeing-gold.png&output=webp&q=78
Almach Mini 6,ARFD1501,48V DC,NA,3500K, CRI>97, L116*14.5*53.4mm,30°,6W,AJ/CG,ASTA0611/35/RG,R-41159492,IS 10322 (PART 5/SEC1):2012,15099,"Guangdong Sat Technology Co. Ltd., No. 11 Lianbao Rd, Shengfeng District, Xiaolan Town, Zhongshan City, Guangdong, China – 528400",https://wsrv.nl/?url=https%3A%2F%2Fi.ibb.co%2F0RvdCxM6%2Falmach-mini-6-08-rose-gold.png&output=webp&q=78
Almach Mini 6,ARFD1501,48V DC,NA,3500K, CRI>97, L116*14.5*53.4mm,30°,6W,AJ/CG,ASTA0611/35/BR,R-41159492,IS 10322 (PART 5/SEC1):2012,15099,"Guangdong Sat Technology Co. Ltd., No. 11 Lianbao Rd, Shengfeng District, Xiaolan Town, Zhongshan City, Guangdong, China – 528400",https://wsrv.nl/?url=https%3A%2F%2Fi.ibb.co%2FPGKLWkTW%2Falmach-mini-6-10-brown.png&output=webp&q=78
Almach Mini 6,ARFD1501,48V DC,NA,3500K, CRI>97, L116*14.5*53.4mm,30°,6W,AJ/CG,ASTA0611/35/BB,R-41159492,IS 10322 (PART 5/SEC1):2012,15099,"Guangdong Sat Technology Co. Ltd., No. 11 Lianbao Rd, Shengfeng District, Xiaolan Town, Zhongshan City, Guangdong, China – 528400",https://wsrv.nl/?url=https%3A%2F%2Fi.ibb.co%2FLz9h9C69%2Falmach-mini-6-06-ballet-blue.png&output=webp&q=78
Almach Mini 6,ARFD1501,48V DC,NA,3500K, CRI>97, L116*14.5*53.4mm,30°,6W,AJ/CG,ASTA0611/35/CHB,R-41159492,IS 10322 (PART 5/SEC1):2012,15099,"Guangdong Sat Technology Co. Ltd., No. 11 Lianbao Rd, Shengfeng District, Xiaolan Town, Zhongshan City, Guangdong, China – 528400",https://wsrv.nl/?url=https%3A%2F%2Fi.ibb.co%2FfzzfGMC8%2Falmach-mini-6-02-chrome-black.png&output=webp&q=78
Almach Mini 6,ARFD1501,48V DC,NA,3500K, CRI>97, L116*14.5*53.4mm,30°,6W,AJ/CG,ASTA0611/35/COF,R-41159492,IS 10322 (PART 5/SEC1):2012,15099,"Guangdong Sat Technology Co. Ltd., No. 11 Lianbao Rd, Shengfeng District, Xiaolan Town, Zhongshan City, Guangdong, China – 528400",https://wsrv.nl/?url=https%3A%2F%2Fi.ibb.co%2FKxMMHYxw%2Falmach-mini-6-07-coffee.png&output=webp&q=78
Almach Mini 6,ARFD1501,48V DC,NA,3500K, CRI>97, L116*14.5*53.4mm,30°,6W,AJ/CG,ASTA0611/35/DGR,R-41159492,IS 10322 (PART 5/SEC1):2012,15099,"Guangdong Sat Technology Co. Ltd., No. 11 Lianbao Rd, Shengfeng District, Xiaolan Town, Zhongshan City, Guangdong, China – 528400",https://wsrv.nl/?url=https%3A%2F%2Fi.ibb.co%2FJhNLv77%2Falmach-mini-6-09-dark-gray-default.png&output=webp&q=78
Almach Mini 6,ARFD1501,48V DC,NA,3500K, CRI>97, L116*14.5*53.4mm,30°,6W,AJ/CG,ASTA0611/35/CH,R-41159492,IS 10322 (PART 5/SEC1):2012,15099,"Guangdong Sat Technology Co. Ltd., No. 11 Lianbao Rd, Shengfeng District, Xiaolan Town, Zhongshan City, Guangdong, China – 528400",https://wsrv.nl/?url=https%3A%2F%2Fi.ibb.co%2FpB5xGjF8%2Falmach-mini-6-01-chrome.png&output=webp&q=78
Almach Mini 6,ARFD1501,48V DC,NA,4000K, CRI>97, L116*14.5*53.4mm,30°,6W,AJ/CG,ASTA0611/40/B,R-41159492,IS 10322 (PART 5/SEC1):2012,14099,"Guangdong Sat Technology Co. Ltd., No. 11 Lianbao Rd, Shengfeng District, Xiaolan Town, Zhongshan City, Guangdong, China – 528400",https://wsrv.nl/?url=https%3A%2F%2Fi.ibb.co%2Fwrc9g3bT%2Falmach-mini-6-03-mat-black-default.png&output=webp&q=78
Almach Mini 6,ARFD1501,48V DC,NA,4000K, CRI>97, L116*14.5*53.4mm,30°,6W,AJ/CG,ASTA0611/40/W,R-41159492,IS 10322 (PART 5/SEC1):2012,14099,"Guangdong Sat Technology Co. Ltd., No. 11 Lianbao Rd, Shengfeng District, Xiaolan Town, Zhongshan City, Guangdong, China – 528400",https://wsrv.nl/?url=https%3A%2F%2Fi.ibb.co%2FHfQg5rgr%2Falmach-mini-6-05-white.png&output=webp&q=78
Almach Mini 6,ARFD1501,48V DC,NA,4000K, CRI>97, L116*14.5*53.4mm,30°,6W,AJ/CG,ASTA0611/40/CG,R-41159492,IS 10322 (PART 5/SEC1):2012,15099,"Guangdong Sat Technology Co. Ltd., No. 11 Lianbao Rd, Shengfeng District, Xiaolan Town, Zhongshan City, Guangdong, China – 528400",https://wsrv.nl/?url=https%3A%2F%2Fi.ibb.co%2FyB8PRrkZ%2Falmach-mini-6-04-champeing-gold.png&output=webp&q=78
Almach Mini 6,ARFD1501,48V DC,NA,4000K, CRI>97, L116*14.5*53.4mm,30°,6W,AJ/CG,ASTA0611/40/RG,R-41159492,IS 10322 (PART 5/SEC1):2012,15099,"Guangdong Sat Technology Co. Ltd., No. 11 Lianbao Rd, Shengfeng District, Xiaolan Town, Zhongshan City, Guangdong, China – 528400",https://wsrv.nl/?url=https%3A%2F%2Fi.ibb.co%2F0RvdCxM6%2Falmach-mini-6-08-rose-gold.png&output=webp&q=78
Almach Mini 6,ARFD1501,48V DC,NA,4000K, CRI>97, L116*14.5*53.4mm,30°,6W,AJ/CG,ASTA0611/40/BR,R-41159492,IS 10322 (PART 5/SEC1):2012,15099,"Guangdong Sat Technology Co. Ltd., No. 11 Lianbao Rd, Shengfeng District, Xiaolan Town, Zhongshan City, Guangdong, China – 528400",https://wsrv.nl/?url=https%3A%2F%2Fi.ibb.co%2FPGKLWkTW%2Falmach-mini-6-10-brown.png&output=webp&q=78
Almach Mini 6,ARFD1501,48V DC,NA,4000K, CRI>97, L116*14.5*53.4mm,30°,6W,AJ/CG,ASTA0611/40/BB,R-41159492,IS 10322 (PART 5/SEC1):2012,15099,"Guangdong Sat Technology Co. Ltd., No. 11 Lianbao Rd, Shengfeng District, Xiaolan Town, Zhongshan City, Guangdong, China – 528400",https://wsrv.nl/?url=https%3A%2F%2Fi.ibb.co%2FLz9h9C69%2Falmach-mini-6-06-ballet-blue.png&output=webp&q=78
Almach Mini 6,ARFD1501,48V DC,NA,4000K, CRI>97, L116*14.5*53.4mm,30°,6W,AJ/CG,ASTA0611/40/CHB,R-41159492,IS 10322 (PART 5/SEC1):2012,15099,"Guangdong Sat Technology Co. Ltd., No. 11 Lianbao Rd, Shengfeng District, Xiaolan Town, Zhongshan City, Guangdong, China – 528400",https://wsrv.nl/?url=https%3A%2F%2Fi.ibb.co%2FfzzfGMC8%2Falmach-mini-6-02-chrome-black.png&output=webp&q=78
Almach Mini 6,ARFD1501,48V DC,NA,4000K, CRI>97, L116*14.5*53.4mm,30°,6W,AJ/CG,ASTA0611/40/COF,R-41159492,IS 10322 (PART 5/SEC1):2012,15099,"Guangdong Sat Technology Co. Ltd., No. 11 Lianbao Rd, Shengfeng District, Xiaolan Town, Zhongshan City, Guangdong, China – 528400",https://wsrv.nl/?url=https%3A%2F%2Fi.ibb.co%2FKxMMHYxw%2Falmach-mini-6-07-coffee.png&output=webp&q=78
Almach Mini 6,ARFD1501,48V DC,NA,4000K, CRI>97, L116*14.5*53.4mm,30°,6W,AJ/CG,ASTA0611/40/DGR,R-41159492,IS 10322 (PART 5/SEC1):2012,15099,"Guangdong Sat Technology Co. Ltd., No. 11 Lianbao Rd, Shengfeng District, Xiaolan Town, Zhongshan City, Guangdong, China – 528400",https://wsrv.nl/?url=https%3A%2F%2Fi.ibb.co%2FJhNLv77%2Falmach-mini-6-09-dark-gray-default.png&output=webp&q=78
Almach Mini 6,ARFD1501,48V DC,NA,4000K, CRI>97, L116*14.5*53.4mm,30°,6W,AJ/CG,ASTA0611/40/CH,R-41159492,IS 10322 (PART 5/SEC1):2012,15099,"Guangdong Sat Technology Co. Ltd., No. 11 Lianbao Rd, Shengfeng District, Xiaolan Town, Zhongshan City, Guangdong, China – 528400",https://wsrv.nl/?url=https%3A%2F%2Fi.ibb.co%2FpB5xGjF8%2Falmach-mini-6-01-chrome.png&output=webp&q=78
Almach Mini 6,ARFD1501,48V DC,NA,5000K, CRI>97, L116*14.5*53.4mm,30°,6W,AJ/CG,ASTA0611/50/B,R-41159492,IS 10322 (PART 5/SEC1):2012,14099,"Guangdong Sat Technology Co. Ltd., No. 11 Lianbao Rd, Shengfeng District, Xiaolan Town, Zhongshan City, Guangdong, China – 528400",https://wsrv.nl/?url=https%3A%2F%2Fi.ibb.co%2Fwrc9g3bT%2Falmach-mini-6-03-mat-black-default.png&output=webp&q=78
Almach Mini 6,ARFD1501,48V DC,NA,5000K, CRI>97, L116*14.5*53.4mm,30°,6W,AJ/CG,ASTA0611/50/W,R-41159492,IS 10322 (PART 5/SEC1):2012,14099,"Guangdong Sat Technology Co. Ltd., No. 11 Lianbao Rd, Shengfeng District, Xiaolan Town, Zhongshan City, Guangdong, China – 528400",https://wsrv.nl/?url=https%3A%2F%2Fi.ibb.co%2FHfQg5rgr%2Falmach-mini-6-05-white.png&output=webp&q=78
Almach Mini 6,ARFD1501,48V DC,NA,5000K, CRI>97, L116*14.5*53.4mm,30°,6W,AJ/CG,ASTA0611/50/CG,R-41159492,IS 10322 (PART 5/SEC1):2012,15099,"Guangdong Sat Technology Co. Ltd., No. 11 Lianbao Rd, Shengfeng District, Xiaolan Town, Zhongshan City, Guangdong, China – 528400",https://wsrv.nl/?url=https%3A%2F%2Fi.ibb.co%2FyB8PRrkZ%2Falmach-mini-6-04-champeing-gold.png&output=webp&q=78
Almach Mini 6,ARFD1501,48V DC,NA,5000K, CRI>97, L116*14.5*53.4mm,30°,6W,AJ/CG,ASTA0611/50/RG,R-41159492,IS 10322 (PART 5/SEC1):2012,15099,"Guangdong Sat Technology Co. Ltd., No. 11 Lianbao Rd, Shengfeng District, Xiaolan Town, Zhongshan City, Guangdong, China – 528400",https://wsrv.nl/?url=https%3A%2F%2Fi.ibb.co%2F0RvdCxM6%2Falmach-mini-6-08-rose-gold.png&output=webp&q=78
Almach Mini 6,ARFD1501,48V DC,NA,5000K, CRI>97, L116*14.5*53.4mm,30°,6W,AJ/CG,ASTA0611/50/BR,R-41159492,IS 10322 (PART 5/SEC1):2012,15099,"Guangdong Sat Technology Co. Ltd., No. 11 Lianbao Rd, Shengfeng District, Xiaolan Town, Zhongshan City, Guangdong, China – 528400",https://wsrv.nl/?url=https%3A%2F%2Fi.ibb.co%2FPGKLWkTW%2Falmach-mini-6-10-brown.png&output=webp&q=78
Almach Mini 6,ARFD1501,48V DC,NA,5000K, CRI>97, L116*14.5*53.4mm,30°,6W,AJ/CG,ASTA0611/50/BB,R-41159492,IS 10322 (PART 5/SEC1):2012,15099,"Guangdong Sat Technology Co. Ltd., No. 11 Lianbao Rd, Shengfeng District, Xiaolan Town, Zhongshan City, Guangdong, China – 528400",https://wsrv.nl/?url=https%3A%2F%2Fi.ibb.co%2FLz9h9C69%2Falmach-mini-6-06-ballet-blue.png&output=webp&q=78
Almach Mini 6,ARFD1501,48V DC,NA,5000K, CRI>97, L116*14.5*53.4mm,30°,6W,AJ/CG,ASTA0611/50/CHB,R-41159492,IS 10322 (PART 5/SEC1):2012,15099,"Guangdong Sat Technology Co. Ltd., No. 11 Lianbao Rd, Shengfeng District, Xiaolan Town, Zhongshan City, Guangdong, China – 528400",https://wsrv.nl/?url=https%3A%2F%2Fi.ibb.co%2FfzzfGMC8%2Falmach-mini-6-02-chrome-black.png&output=webp&q=78
Almach Mini 6,ARFD1501,48V DC,NA,5000K, CRI>97, L116*14.5*53.4mm,30°,6W,AJ/CG,ASTA0611/50/COF,R-41159492,IS 10322 (PART 5/SEC1):2012,15099,"Guangdong Sat Technology Co. Ltd., No. 11 Lianbao Rd, Shengfeng District, Xiaolan Town, Zhongshan City, Guangdong, China – 528400",https://wsrv.nl/?url=https%3A%2F%2Fi.ibb.co%2FKxMMHYxw%2Falmach-mini-6-07-coffee.png&output=webp&q=78
Almach Mini 6,ARFD1501,48V DC,NA,5000K, CRI>97, L116*14.5*53.4mm,30°,6W,AJ/CG,ASTA0611/50/DGR,R-41159492,IS 10322 (PART 5/SEC1):2012,15099,"Guangdong Sat Technology Co. Ltd., No. 11 Lianbao Rd, Shengfeng District, Xiaolan Town, Zhongshan City, Guangdong, China – 528400",https://wsrv.nl/?url=https%3A%2F%2Fi.ibb.co%2FJhNLv77%2Falmach-mini-6-09-dark-gray-default.png&output=webp&q=78
Almach Mini 6,ARFD1501,48V DC,NA,5000K, CRI>97, L116*14.5*53.4mm,30°,6W,AJ/CG,ASTA0611/50/CH,R-41159492,IS 10322 (PART 5/SEC1):2012,15099,"Guangdong Sat Technology Co. Ltd., No. 11 Lianbao Rd, Shengfeng District, Xiaolan Town, Zhongshan City, Guangdong, China – 528400",https://wsrv.nl/?url=https%3A%2F%2Fi.ibb.co%2FpB5xGjF8%2Falmach-mini-6-01-chrome.png&output=webp&q=78
Nembus Mini 6,TSL080A,48V DC,NA,2700K, CRI>97,  D60*H20mm,60°,6W,AJ/CG,ASTF0660/27/B,R-41231258,IS 10322 (PART 5/SEC 1) : 2012,14549,"Guangdong Sat Technology Co. Ltd., No. 11 Lianbao Rd, Shengfeng District, Xiaolan Town, Zhongshan City, Guangdong, China – 528400",https://wsrv.nl/?url=https%3A%2F%2Fi.ibb.co%2F9HD7Bd4n%2Fnembus-mini-03-mat-black-default.png&output=webp&q=78
Nembus Mini 6,TSL080A,48V DC,NA,2700K, CRI>97,  D60*H20mm,60°,6W,AJ/CG,ASTF0660/27/W,R-41231258,IS 10322 (PART 5/SEC 1) : 2012,14549,"Guangdong Sat Technology Co. Ltd., No. 11 Lianbao Rd, Shengfeng District, Xiaolan Town, Zhongshan City, Guangdong, China – 528400",https://wsrv.nl/?url=https%3A%2F%2Fi.ibb.co%2FxSXyLC3d%2Fnembus-mini-06-white.png&output=webp&q=78
Nembus Mini 6,TSL080A,48V DC,NA,2700K, CRI>97,  D60*H20mm,60°,6W,AJ/CG,ASTF0660/27/CG,R-41231258,IS 10322 (PART 5/SEC 1) : 2012,15549,"Guangdong Sat Technology Co. Ltd., No. 11 Lianbao Rd, Shengfeng District, Xiaolan Town, Zhongshan City, Guangdong, China – 528400",https://wsrv.nl/?url=https%3A%2F%2Fi.ibb.co%2FmVz3gwz0%2Fnembus-mini-04-champeing-gold.png&output=webp&q=78
Nembus Mini 6,TSL080A,48V DC,NA,2700K, CRI>97,  D60*H20mm,60°,6W,AJ/CG,ASTF0660/27/RG,R-41231258,IS 10322 (PART 5/SEC 1) : 2012,15549,"Guangdong Sat Technology Co. Ltd., No. 11 Lianbao Rd, Shengfeng District, Xiaolan Town, Zhongshan City, Guangdong, China – 528400",https://wsrv.nl/?url=https%3A%2F%2Fi.ibb.co%2FHfKDR4n8%2Fnembus-mini-08-rose-gold.png&output=webp&q=78
Nembus Mini 6,TSL080A,48V DC,NA,2700K, CRI>97,  D60*H20mm,60°,6W,AJ/CG,ASTF0660/27/BR,R-41231258,IS 10322 (PART 5/SEC 1) : 2012,15549,"Guangdong Sat Technology Co. Ltd., No. 11 Lianbao Rd, Shengfeng District, Xiaolan Town, Zhongshan City, Guangdong, China – 528400",https://wsrv.nl/?url=https%3A%2F%2Fi.ibb.co%2Fn8N72P8p%2Fnembus-mini-10-brown.png&output=webp&q=78
Nembus Mini 6,TSL080A,48V DC,NA,2700K, CRI>97,  D60*H20mm,60°,6W,AJ/CG,ASTF0660/27/COF,R-41231258,IS 10322 (PART 5/SEC 1) : 2012,15549,"Guangdong Sat Technology Co. Ltd., No. 11 Lianbao Rd, Shengfeng District, Xiaolan Town, Zhongshan City, Guangdong, China – 528400",https://wsrv.nl/?url=https%3A%2F%2Fi.ibb.co%2FkV4CPg6k%2Fnembus-mini-07-coffee.png&output=webp&q=78
Nembus Mini 6,TSL080A,48V DC,NA,2700K, CRI>97,  D60*H20mm,60°,6W,AJ/CG,ASTF0660/27/DGB,R-41231258,IS 10322 (PART 5/SEC 1) : 2012,15549,"Guangdong Sat Technology Co. Ltd., No. 11 Lianbao Rd, Shengfeng District, Xiaolan Town, Zhongshan City, Guangdong, China – 528400",https://wsrv.nl/?url=https%3A%2F%2Fi.ibb.co%2FqMwDS3Tq%2Fnembus-mini-09-dark-gray-default.png&output=webp&q=78
Nembus Mini 6,TSL080A,48V DC,NA,2700K, CRI>97,  D60*H20mm,60°,6W,AJ/CG,ASTF0660/27/BB,R-41231258,IS 10322 (PART 5/SEC 1) : 2012,15549,"Guangdong Sat Technology Co. Ltd., No. 11 Lianbao Rd, Shengfeng District, Xiaolan Town, Zhongshan City, Guangdong, China – 528400",https://wsrv.nl/?url=https%3A%2F%2Fi.ibb.co%2FvxvXpFB3%2Fnembus-mini-06-ballet-blue.png&output=webp&q=78
Nembus Mini 6,TSL080A,48V DC,NA,2700K, CRI>97,  D60*H20mm,60°,6W,AJ/CG,ASTF0660/27/CH,R-41231258,IS 10322 (PART 5/SEC 1) : 2012,15549,"Guangdong Sat Technology Co. Ltd., No. 11 Lianbao Rd, Shengfeng District, Xiaolan Town, Zhongshan City, Guangdong, China – 528400",https://wsrv.nl/?url=https%3A%2F%2Fi.ibb.co%2F7NJG8p0K%2Fnembus-mini-01-chrome.png&output=webp&q=78
Nembus Mini 6,TSL080A,48V DC,NA,2700K, CRI>97,  D60*H20mm,60°,6W,AJ/CG,ASTF0660/27/CHB,R-41231258,IS 10322 (PART 5/SEC 1) : 2012,15549,"Guangdong Sat Technology Co. Ltd., No. 11 Lianbao Rd, Shengfeng District, Xiaolan Town, Zhongshan City, Guangdong, China – 528400",https://wsrv.nl/?url=https%3A%2F%2Fi.ibb.co%2FspGzSKkm%2Fnembus-mini-02-chrome-black.png&output=webp&q=78
Nembus Mini 6,TSL080A,48V DC,NA,3000K, CRI>97,  D60*H20mm,60°,6W,AJ/CG,ASTF0660/30/B,R-41231258,IS 10322 (PART 5/SEC 1) : 2012,14549,"Guangdong Sat Technology Co. Ltd., No. 11 Lianbao Rd, Shengfeng District, Xiaolan Town, Zhongshan City, Guangdong, China – 528400",https://wsrv.nl/?url=https%3A%2F%2Fi.ibb.co%2F9HD7Bd4n%2Fnembus-mini-03-mat-black-default.png&output=webp&q=78
Nembus Mini 6,TSL080A,48V DC,NA,3000K, CRI>97,  D60*H20mm,60°,6W,AJ/CG,ASTF0660/30/W,R-41231258,IS 10322 (PART 5/SEC 1) : 2012,14549,"Guangdong Sat Technology Co. Ltd., No. 11 Lianbao Rd, Shengfeng District, Xiaolan Town, Zhongshan City, Guangdong, China – 528400",https://wsrv.nl/?url=https%3A%2F%2Fi.ibb.co%2FxSXyLC3d%2Fnembus-mini-06-white.png&output=webp&q=78
Nembus Mini 6,TSL080A,48V DC,NA,3000K, CRI>97,  D60*H20mm,60°,6W,AJ/CG,ASTF0660/30/CG,R-41231258,IS 10322 (PART 5/SEC 1) : 2012,15549,"Guangdong Sat Technology Co. Ltd., No. 11 Lianbao Rd, Shengfeng District, Xiaolan Town, Zhongshan City, Guangdong, China – 528400",https://wsrv.nl/?url=https%3A%2F%2Fi.ibb.co%2FmVz3gwz0%2Fnembus-mini-04-champeing-gold.png&output=webp&q=78
Nembus Mini 6,TSL080A,48V DC,NA,3000K, CRI>97,  D60*H20mm,60°,6W,AJ/CG,ASTF0660/30/RG,R-41231258,IS 10322 (PART 5/SEC 1) : 2012,15549,"Guangdong Sat Technology Co. Ltd., No. 11 Lianbao Rd, Shengfeng District, Xiaolan Town, Zhongshan City, Guangdong, China – 528400",https://wsrv.nl/?url=https%3A%2F%2Fi.ibb.co%2FHfKDR4n8%2Fnembus-mini-08-rose-gold.png&output=webp&q=78
Nembus Mini 6,TSL080A,48V DC,NA,3000K, CRI>97,  D60*H20mm,60°,6W,AJ/CG,ASTF0660/30/BR,R-41231258,IS 10322 (PART 5/SEC 1) : 2012,15549,"Guangdong Sat Technology Co. Ltd., No. 11 Lianbao Rd, Shengfeng District, Xiaolan Town, Zhongshan City, Guangdong, China – 528400",https://wsrv.nl/?url=https%3A%2F%2Fi.ibb.co%2Fn8N72P8p%2Fnembus-mini-10-brown.png&output=webp&q=78
Nembus Mini 6,TSL080A,48V DC,NA,3000K, CRI>97,  D60*H20mm,60°,6W,AJ/CG,ASTF0660/30/COF,R-41231258,IS 10322 (PART 5/SEC 1) : 2012,15549,"Guangdong Sat Technology Co. Ltd., No. 11 Lianbao Rd, Shengfeng District, Xiaolan Town, Zhongshan City, Guangdong, China – 528400",https://wsrv.nl/?url=https%3A%2F%2Fi.ibb.co%2FkV4CPg6k%2Fnembus-mini-07-coffee.png&output=webp&q=78
Nembus Mini 6,TSL080A,48V DC,NA,3000K, CRI>97,  D60*H20mm,60°,6W,AJ/CG,ASTF0660/30/DGB,R-41231258,IS 10322 (PART 5/SEC 1) : 2012,15549,"Guangdong Sat Technology Co. Ltd., No. 11 Lianbao Rd, Shengfeng District, Xiaolan Town, Zhongshan City, Guangdong, China – 528400",https://wsrv.nl/?url=https%3A%2F%2Fi.ibb.co%2FqMwDS3Tq%2Fnembus-mini-09-dark-gray-default.png&output=webp&q=78
Nembus Mini 6,TSL080A,48V DC,NA,3000K, CRI>97,  D60*H20mm,60°,6W,AJ/CG,ASTF0660/30/BB,R-41231258,IS 10322 (PART 5/SEC 1) : 2012,15549,"Guangdong Sat Technology Co. Ltd., No. 11 Lianbao Rd, Shengfeng District, Xiaolan Town, Zhongshan City, Guangdong, China – 528400",https://wsrv.nl/?url=https%3A%2F%2Fi.ibb.co%2FvxvXpFB3%2Fnembus-mini-06-ballet-blue.png&output=webp&q=78
Nembus Mini 6,TSL080A,48V DC,NA,3000K, CRI>97,  D60*H20mm,60°,6W,AJ/CG,ASTF0660/30/CH,R-41231258,IS 10322 (PART 5/SEC 1) : 2012,15549,"Guangdong Sat Technology Co. Ltd., No. 11 Lianbao Rd, Shengfeng District, Xiaolan Town, Zhongshan City, Guangdong, China – 528400",https://wsrv.nl/?url=https%3A%2F%2Fi.ibb.co%2F7NJG8p0K%2Fnembus-mini-01-chrome.png&output=webp&q=78
Nembus Mini 6,TSL080A,48V DC,NA,3000K, CRI>97,  D60*H20mm,60°,6W,AJ/CG,ASTF0660/30/CHB,R-41231258,IS 10322 (PART 5/SEC 1) : 2012,15549,"Guangdong Sat Technology Co. Ltd., No. 11 Lianbao Rd, Shengfeng District, Xiaolan Town, Zhongshan City, Guangdong, China – 528400",https://wsrv.nl/?url=https%3A%2F%2Fi.ibb.co%2FspGzSKkm%2Fnembus-mini-02-chrome-black.png&output=webp&q=78
Nembus Mini 6,TSL080A,48V DC,NA,3500K, CRI>97,  D60*H20mm,60°,6W,AJ/CG,ASTF0660/35/B,R-41231258,IS 10322 (PART 5/SEC 1) : 2012,14549,"Guangdong Sat Technology Co. Ltd., No. 11 Lianbao Rd, Shengfeng District, Xiaolan Town, Zhongshan City, Guangdong, China – 528400",https://wsrv.nl/?url=https%3A%2F%2Fi.ibb.co%2F9HD7Bd4n%2Fnembus-mini-03-mat-black-default.png&output=webp&q=78
Nembus Mini 6,TSL080A,48V DC,NA,3500K, CRI>97,  D60*H20mm,60°,6W,AJ/CG,ASTF0660/35/W,R-41231258,IS 10322 (PART 5/SEC 1) : 2012,14549,"Guangdong Sat Technology Co. Ltd., No. 11 Lianbao Rd, Shengfeng District, Xiaolan Town, Zhongshan City, Guangdong, China – 528400",https://wsrv.nl/?url=https%3A%2F%2Fi.ibb.co%2FxSXyLC3d%2Fnembus-mini-06-white.png&output=webp&q=78
Nembus Mini 6,TSL080A,48V DC,NA,3500K, CRI>97,  D60*H20mm,60°,6W,AJ/CG,ASTF0660/35/CG,R-41231258,IS 10322 (PART 5/SEC 1) : 2012,15549,"Guangdong Sat Technology Co. Ltd., No. 11 Lianbao Rd, Shengfeng District, Xiaolan Town, Zhongshan City, Guangdong, China – 528400",https://wsrv.nl/?url=https%3A%2F%2Fi.ibb.co%2FmVz3gwz0%2Fnembus-mini-04-champeing-gold.png&output=webp&q=78
Nembus Mini 6,TSL080A,48V DC,NA,3500K, CRI>97,  D60*H20mm,60°,6W,AJ/CG,ASTF0660/35/RG,R-41231258,IS 10322 (PART 5/SEC 1) : 2012,15549,"Guangdong Sat Technology Co. Ltd., No. 11 Lianbao Rd, Shengfeng District, Xiaolan Town, Zhongshan City, Guangdong, China – 528400",https://wsrv.nl/?url=https%3A%2F%2Fi.ibb.co%2FHfKDR4n8%2Fnembus-mini-08-rose-gold.png&output=webp&q=78
Nembus Mini 6,TSL080A,48V DC,NA,3500K, CRI>97,  D60*H20mm,60°,6W,AJ/CG,ASTF0660/35/BR,R-41231258,IS 10322 (PART 5/SEC 1) : 2012,15549,"Guangdong Sat Technology Co. Ltd., No. 11 Lianbao Rd, Shengfeng District, Xiaolan Town, Zhongshan City, Guangdong, China – 528400",https://wsrv.nl/?url=https%3A%2F%2Fi.ibb.co%2Fn8N72P8p%2Fnembus-mini-10-brown.png&output=webp&q=78
Nembus Mini 6,TSL080A,48V DC,NA,3500K, CRI>97,  D60*H20mm,60°,6W,AJ/CG,ASTF0660/35/COF,R-41231258,IS 10322 (PART 5/SEC 1) : 2012,15549,"Guangdong Sat Technology Co. Ltd., No. 11 Lianbao Rd, Shengfeng District, Xiaolan Town, Zhongshan City, Guangdong, China – 528400",https://wsrv.nl/?url=https%3A%2F%2Fi.ibb.co%2FkV4CPg6k%2Fnembus-mini-07-coffee.png&output=webp&q=78
Nembus Mini 6,TSL080A,48V DC,NA,3500K, CRI>97,  D60*H20mm,60°,6W,AJ/CG,ASTF0660/35/DGB,R-41231258,IS 10322 (PART 5/SEC 1) : 2012,15549,"Guangdong Sat Technology Co. Ltd., No. 11 Lianbao Rd, Shengfeng District, Xiaolan Town, Zhongshan City, Guangdong, China – 528400",https://wsrv.nl/?url=https%3A%2F%2Fi.ibb.co%2FqMwDS3Tq%2Fnembus-mini-09-dark-gray-default.png&output=webp&q=78
Nembus Mini 6,TSL080A,48V DC,NA,3500K, CRI>97,  D60*H20mm,60°,6W,AJ/CG,ASTF0660/35/BB,R-41231258,IS 10322 (PART 5/SEC 1) : 2012,15549,"Guangdong Sat Technology Co. Ltd., No. 11 Lianbao Rd, Shengfeng District, Xiaolan Town, Zhongshan City, Guangdong, China – 528400",https://wsrv.nl/?url=https%3A%2F%2Fi.ibb.co%2FvxvXpFB3%2Fnembus-mini-06-ballet-blue.png&output=webp&q=78
Nembus Mini 6,TSL080A,48V DC,NA,3500K, CRI>97,  D60*H20mm,60°,6W,AJ/CG,ASTF0660/35/CH,R-41231258,IS 10322 (PART 5/SEC 1) : 2012,15549,"Guangdong Sat Technology Co. Ltd., No. 11 Lianbao Rd, Shengfeng District, Xiaolan Town, Zhongshan City, Guangdong, China – 528400",https://wsrv.nl/?url=https%3A%2F%2Fi.ibb.co%2F7NJG8p0K%2Fnembus-mini-01-chrome.png&output=webp&q=78
Nembus Mini 6,TSL080A,48V DC,NA,3500K, CRI>97,  D60*H20mm,60°,6W,AJ/CG,ASTF0660/35/CHB,R-41231258,IS 10322 (PART 5/SEC 1) : 2012,15549,"Guangdong Sat Technology Co. Ltd., No. 11 Lianbao Rd, Shengfeng District, Xiaolan Town, Zhongshan City, Guangdong, China – 528400",https://wsrv.nl/?url=https%3A%2F%2Fi.ibb.co%2FspGzSKkm%2Fnembus-mini-02-chrome-black.png&output=webp&q=78
Nembus Mini 6,TSL080A,48V DC,NA,4000K, CRI>97,  D60*H20mm,60°,6W,AJ/CG,ASTF0660/40/B,R-41231258,IS 10322 (PART 5/SEC 1) : 2012,14549,"Guangdong Sat Technology Co. Ltd., No. 11 Lianbao Rd, Shengfeng District, Xiaolan Town, Zhongshan City, Guangdong, China – 528400",https://wsrv.nl/?url=https%3A%2F%2Fi.ibb.co%2F9HD7Bd4n%2Fnembus-mini-03-mat-black-default.png&output=webp&q=78
Nembus Mini 6,TSL080A,48V DC,NA,4000K, CRI>97,  D60*H20mm,60°,6W,AJ/CG,ASTF0660/40/W,R-41231258,IS 10322 (PART 5/SEC 1) : 2012,14549,"Guangdong Sat Technology Co. Ltd., No. 11 Lianbao Rd, Shengfeng District, Xiaolan Town, Zhongshan City, Guangdong, China – 528400",https://wsrv.nl/?url=https%3A%2F%2Fi.ibb.co%2FxSXyLC3d%2Fnembus-mini-06-white.png&output=webp&q=78
Nembus Mini 6,TSL080A,48V DC,NA,4000K, CRI>97,  D60*H20mm,60°,6W,AJ/CG,ASTF0660/40/CG,R-41231258,IS 10322 (PART 5/SEC 1) : 2012,15549,"Guangdong Sat Technology Co. Ltd., No. 11 Lianbao Rd, Shengfeng District, Xiaolan Town, Zhongshan City, Guangdong, China – 528400",https://wsrv.nl/?url=https%3A%2F%2Fi.ibb.co%2FmVz3gwz0%2Fnembus-mini-04-champeing-gold.png&output=webp&q=78
Nembus Mini 6,TSL080A,48V DC,NA,4000K, CRI>97,  D60*H20mm,60°,6W,AJ/CG,ASTF0660/40/RG,R-41231258,IS 10322 (PART 5/SEC 1) : 2012,15549,"Guangdong Sat Technology Co. Ltd., No. 11 Lianbao Rd, Shengfeng District, Xiaolan Town, Zhongshan City, Guangdong, China – 528400",https://wsrv.nl/?url=https%3A%2F%2Fi.ibb.co%2FHfKDR4n8%2Fnembus-mini-08-rose-gold.png&output=webp&q=78
Nembus Mini 6,TSL080A,48V DC,NA,4000K, CRI>97,  D60*H20mm,60°,6W,AJ/CG,ASTF0660/40/BR,R-41231258,IS 10322 (PART 5/SEC 1) : 2012,15549,"Guangdong Sat Technology Co. Ltd., No. 11 Lianbao Rd, Shengfeng District, Xiaolan Town, Zhongshan City, Guangdong, China – 528400",https://wsrv.nl/?url=https%3A%2F%2Fi.ibb.co%2Fn8N72P8p%2Fnembus-mini-10-brown.png&output=webp&q=78
Nembus Mini 6,TSL080A,48V DC,NA,4000K, CRI>97,  D60*H20mm,60°,6W,AJ/CG,ASTF0660/40/COF,R-41231258,IS 10322 (PART 5/SEC 1) : 2012,15549,"Guangdong Sat Technology Co. Ltd., No. 11 Lianbao Rd, Shengfeng District, Xiaolan Town, Zhongshan City, Guangdong, China – 528400",https://wsrv.nl/?url=https%3A%2F%2Fi.ibb.co%2FkV4CPg6k%2Fnembus-mini-07-coffee.png&output=webp&q=78
Nembus Mini 6,TSL080A,48V DC,NA,4000K, CRI>97,  D60*H20mm,60°,6W,AJ/CG,ASTF0660/40/DGB,R-41231258,IS 10322 (PART 5/SEC 1) : 2012,15549,"Guangdong Sat Technology Co. Ltd., No. 11 Lianbao Rd, Shengfeng District, Xiaolan Town, Zhongshan City, Guangdong, China – 528400",https://wsrv.nl/?url=https%3A%2F%2Fi.ibb.co%2FqMwDS3Tq%2Fnembus-mini-09-dark-gray-default.png&output=webp&q=78
Nembus Mini 6,TSL080A,48V DC,NA,4000K, CRI>97,  D60*H20mm,60°,6W,AJ/CG,ASTF0660/40/BB,R-41231258,IS 10322 (PART 5/SEC 1) : 2012,15549,"Guangdong Sat Technology Co. Ltd., No. 11 Lianbao Rd, Shengfeng District, Xiaolan Town, Zhongshan City, Guangdong, China – 528400",https://wsrv.nl/?url=https%3A%2F%2Fi.ibb.co%2FvxvXpFB3%2Fnembus-mini-06-ballet-blue.png&output=webp&q=78
Nembus Mini 6,TSL080A,48V DC,NA,4000K, CRI>97,  D60*H20mm,60°,6W,AJ/CG,ASTF0660/40/CH,R-41231258,IS 10322 (PART 5/SEC 1) : 2012,15549,"Guangdong Sat Technology Co. Ltd., No. 11 Lianbao Rd, Shengfeng District, Xiaolan Town, Zhongshan City, Guangdong, China – 528400",https://wsrv.nl/?url=https%3A%2F%2Fi.ibb.co%2F7NJG8p0K%2Fnembus-mini-01-chrome.png&output=webp&q=78
Nembus Mini 6,TSL080A,48V DC,NA,4000K, CRI>97,  D60*H20mm,60°,6W,AJ/CG,ASTF0660/40/CHB,R-41231258,IS 10322 (PART 5/SEC 1) : 2012,15549,"Guangdong Sat Technology Co. Ltd., No. 11 Lianbao Rd, Shengfeng District, Xiaolan Town, Zhongshan City, Guangdong, China – 528400",https://wsrv.nl/?url=https%3A%2F%2Fi.ibb.co%2FspGzSKkm%2Fnembus-mini-02-chrome-black.png&output=webp&q=78
Nembus Mini 6,TSL080A,48V DC,NA,5000K, CRI>97,  D60*H20mm,60°,6W,AJ/CG,ASTF0660/50/B,R-41231258,IS 10322 (PART 5/SEC 1) : 2012,14549,"Guangdong Sat Technology Co. Ltd., No. 11 Lianbao Rd, Shengfeng District, Xiaolan Town, Zhongshan City, Guangdong, China – 528400",https://wsrv.nl/?url=https%3A%2F%2Fi.ibb.co%2F9HD7Bd4n%2Fnembus-mini-03-mat-black-default.png&output=webp&q=78
Nembus Mini 6,TSL080A,48V DC,NA,5000K, CRI>97,  D60*H20mm,60°,6W,AJ/CG,ASTF0660/50/W,R-41231258,IS 10322 (PART 5/SEC 1) : 2012,14549,"Guangdong Sat Technology Co. Ltd., No. 11 Lianbao Rd, Shengfeng District, Xiaolan Town, Zhongshan City, Guangdong, China – 528400",https://wsrv.nl/?url=https%3A%2F%2Fi.ibb.co%2FxSXyLC3d%2Fnembus-mini-06-white.png&output=webp&q=78
Nembus Mini 6,TSL080A,48V DC,NA,5000K, CRI>97,  D60*H20mm,60°,6W,AJ/CG,ASTF0660/50/CG,R-41231258,IS 10322 (PART 5/SEC 1) : 2012,15549,"Guangdong Sat Technology Co. Ltd., No. 11 Lianbao Rd, Shengfeng District, Xiaolan Town, Zhongshan City, Guangdong, China – 528400",https://wsrv.nl/?url=https%3A%2F%2Fi.ibb.co%2FmVz3gwz0%2Fnembus-mini-04-champeing-gold.png&output=webp&q=78
Nembus Mini 6,TSL080A,48V DC,NA,5000K, CRI>97,  D60*H20mm,60°,6W,AJ/CG,ASTF0660/50/RG,R-41231258,IS 10322 (PART 5/SEC 1) : 2012,15549,"Guangdong Sat Technology Co. Ltd., No. 11 Lianbao Rd, Shengfeng District, Xiaolan Town, Zhongshan City, Guangdong, China – 528400",https://wsrv.nl/?url=https%3A%2F%2Fi.ibb.co%2FHfKDR4n8%2Fnembus-mini-08-rose-gold.png&output=webp&q=78
Nembus Mini 6,TSL080A,48V DC,NA,5000K, CRI>97,  D60*H20mm,60°,6W,AJ/CG,ASTF0660/50/BR,R-41231258,IS 10322 (PART 5/SEC 1) : 2012,15549,"Guangdong Sat Technology Co. Ltd., No. 11 Lianbao Rd, Shengfeng District, Xiaolan Town, Zhongshan City, Guangdong, China – 528400",https://wsrv.nl/?url=https%3A%2F%2Fi.ibb.co%2Fn8N72P8p%2Fnembus-mini-10-brown.png&output=webp&q=78
Nembus Mini 6,TSL080A,48V DC,NA,5000K, CRI>97,  D60*H20mm,60°,6W,AJ/CG,ASTF0660/50/COF,R-41231258,IS 10322 (PART 5/SEC 1) : 2012,15549,"Guangdong Sat Technology Co. Ltd., No. 11 Lianbao Rd, Shengfeng District, Xiaolan Town, Zhongshan City, Guangdong, China – 528400",https://wsrv.nl/?url=https%3A%2F%2Fi.ibb.co%2FkV4CPg6k%2Fnembus-mini-07-coffee.png&output=webp&q=78
Nembus Mini 6,TSL080A,48V DC,NA,5000K, CRI>97,  D60*H20mm,60°,6W,AJ/CG,ASTF0660/50/DGB,R-41231258,IS 10322 (PART 5/SEC 1) : 2012,15549,"Guangdong Sat Technology Co. Ltd., No. 11 Lianbao Rd, Shengfeng District, Xiaolan Town, Zhongshan City, Guangdong, China – 528400",https://wsrv.nl/?url=https%3A%2F%2Fi.ibb.co%2FqMwDS3Tq%2Fnembus-mini-09-dark-gray-default.png&output=webp&q=78
Nembus Mini 6,TSL080A,48V DC,NA,5000K, CRI>97,  D60*H20mm,60°,6W,AJ/CG,ASTF0660/50/BB,R-41231258,IS 10322 (PART 5/SEC 1) : 2012,15549,"Guangdong Sat Technology Co. Ltd., No. 11 Lianbao Rd, Shengfeng District, Xiaolan Town, Zhongshan City, Guangdong, China – 528400",https://wsrv.nl/?url=https%3A%2F%2Fi.ibb.co%2FvxvXpFB3%2Fnembus-mini-06-ballet-blue.png&output=webp&q=78
Nembus Mini 6,TSL080A,48V DC,NA,5000K, CRI>97,  D60*H20mm,60°,6W,AJ/CG,ASTF0660/50/CH,R-41231258,IS 10322 (PART 5/SEC 1) : 2012,15549,"Guangdong Sat Technology Co. Ltd., No. 11 Lianbao Rd, Shengfeng District, Xiaolan Town, Zhongshan City, Guangdong, China – 528400",https://wsrv.nl/?url=https%3A%2F%2Fi.ibb.co%2F7NJG8p0K%2Fnembus-mini-01-chrome.png&output=webp&q=78
Nembus Mini 6,TSL080A,48V DC,NA,5000K, CRI>97,  D60*H20mm,60°,6W,AJ/CG,ASTF0660/50/CHB,R-41231258,IS 10322 (PART 5/SEC 1) : 2012,15549,"Guangdong Sat Technology Co. Ltd., No. 11 Lianbao Rd, Shengfeng District, Xiaolan Town, Zhongshan City, Guangdong, China – 528400",https://wsrv.nl/?url=https%3A%2F%2Fi.ibb.co%2FspGzSKkm%2Fnembus-mini-02-chrome-black.png&output=webp&q=78
Kappa Mini 12,ARFD1504,48V DC,NA,2700K, CRI>97,  L300*30*20mm,100°,12W,AJ/CG,ASTL1230/27/B,R-41159492,IS 10322 (PART 5/SEC1):2012,15649,"Guangdong Sat Technology Co. Ltd., No. 11 Lianbao Rd, Shengfeng District, Xiaolan Town, Zhongshan City, Guangdong, China – 528400",https://wsrv.nl/?url=https%3A%2F%2Fi.ibb.co%2FvvgH6Cxw%2Fkappa-mini-03-mat-black-default.png&output=webp&q=78
Kappa Mini 12,ARFD1504,48V DC,NA,2700K, CRI>97,  L300*30*20mm,100°,12W,AJ/CG,ASTL1230/27/W,R-41159492,IS 10322 (PART 5/SEC1):2012,15649,"Guangdong Sat Technology Co. Ltd., No. 11 Lianbao Rd, Shengfeng District, Xiaolan Town, Zhongshan City, Guangdong, China – 528400",https://wsrv.nl/?url=https%3A%2F%2Fi.ibb.co%2FgLvPVm3G%2Fkappa-mini-06-white.png&output=webp&q=78
Kappa Mini 12,ARFD1504,48V DC,NA,2700K, CRI>97,  L300*30*20mm,100°,12W,AJ/CG,ASTL1230/27/CG,R-41159492,IS 10322 (PART 5/SEC1):2012,16649,"Guangdong Sat Technology Co. Ltd., No. 11 Lianbao Rd, Shengfeng District, Xiaolan Town, Zhongshan City, Guangdong, China – 528400",https://wsrv.nl/?url=https%3A%2F%2Fi.ibb.co%2FJw4zt6fc%2Fkappa-mini-04-champeing-gold.png&output=webp&q=78
Kappa Mini 12,ARFD1504,48V DC,NA,2700K, CRI>97,  L300*30*20mm,100°,12W,AJ/CG,ASTL1230/27/RG,R-41159492,IS 10322 (PART 5/SEC1):2012,16649,"Guangdong Sat Technology Co. Ltd., No. 11 Lianbao Rd, Shengfeng District, Xiaolan Town, Zhongshan City, Guangdong, China – 528400",https://wsrv.nl/?url=https%3A%2F%2Fi.ibb.co%2Fv6tjn6tp%2Fkappa-mini-08-rose-gold.png&output=webp&q=78
Kappa Mini 12,ARFD1504,48V DC,NA,2700K, CRI>97,  L300*30*20mm,100°,12W,AJ/CG,ASTL1230/27/BR,R-41159492,IS 10322 (PART 5/SEC1):2012,16649,"Guangdong Sat Technology Co. Ltd., No. 11 Lianbao Rd, Shengfeng District, Xiaolan Town, Zhongshan City, Guangdong, China – 528400",https://wsrv.nl/?url=https%3A%2F%2Fi.ibb.co%2F7dKmxf0w%2Fkappa-mini-10-brown.png&output=webp&q=78
Kappa Mini 12,ARFD1504,48V DC,NA,2700K, CRI>97,  L300*30*20mm,100°,12W,AJ/CG,ASTL1230/27/COF,R-41159492,IS 10322 (PART 5/SEC1):2012,16649,"Guangdong Sat Technology Co. Ltd., No. 11 Lianbao Rd, Shengfeng District, Xiaolan Town, Zhongshan City, Guangdong, China – 528400",https://wsrv.nl/?url=https%3A%2F%2Fi.ibb.co%2FGvZ8ZKPM%2Fkappa-mini-07-coffee.png&output=webp&q=78
Kappa Mini 12,ARFD1504,48V DC,NA,2700K, CRI>97,  L300*30*20mm,100°,12W,AJ/CG,ASTL1230/27/DGR,R-41159492,IS 10322 (PART 5/SEC1):2012,16649,"Guangdong Sat Technology Co. Ltd., No. 11 Lianbao Rd, Shengfeng District, Xiaolan Town, Zhongshan City, Guangdong, China – 528400",https://wsrv.nl/?url=https%3A%2F%2Fi.ibb.co%2FVpVhdQgC%2Fkappa-mini-09-dark-gray-default.png&output=webp&q=78
Kappa Mini 12,ARFD1504,48V DC,NA,2700K, CRI>97,  L300*30*20mm,100°,12W,AJ/CG,ASTL1230/27/BB,R-41159492,IS 10322 (PART 5/SEC1):2012,16649,"Guangdong Sat Technology Co. Ltd., No. 11 Lianbao Rd, Shengfeng District, Xiaolan Town, Zhongshan City, Guangdong, China – 528400",https://wsrv.nl/?url=https%3A%2F%2Fi.ibb.co%2Fhj2K1X9%2Fkappa-mini-06-ballet-blue.png&output=webp&q=78
Kappa Mini 12,ARFD1504,48V DC,NA,2700K, CRI>97,  L300*30*20mm,100°,12W,AJ/CG,ASTL1230/27/CH,R-41159492,IS 10322 (PART 5/SEC1):2012,16649,"Guangdong Sat Technology Co. Ltd., No. 11 Lianbao Rd, Shengfeng District, Xiaolan Town, Zhongshan City, Guangdong, China – 528400",https://wsrv.nl/?url=https%3A%2F%2Fi.ibb.co%2FHfjcRfLp%2Fkappa-mini-01-chrome.png&output=webp&q=78
Kappa Mini 12,ARFD1504,48V DC,NA,2700K, CRI>97,  L300*30*20mm,100°,12W,AJ/CG,ASTL1230/27/CHB,R-41159492,IS 10322 (PART 5/SEC1):2012,16649,"Guangdong Sat Technology Co. Ltd., No. 11 Lianbao Rd, Shengfeng District, Xiaolan Town, Zhongshan City, Guangdong, China – 528400",https://wsrv.nl/?url=https%3A%2F%2Fi.ibb.co%2F97PCVNr%2Fkappa-mini-02-chrome-black.png&output=webp&q=78
Kappa Mini 12,ARFD1504,48V DC,NA,3000K, CRI>97,  L300*30*20mm,100°,12W,AJ/CG,ASTL1230/30/B,R-41159492,IS 10322 (PART 5/SEC1):2012,15649,"Guangdong Sat Technology Co. Ltd., No. 11 Lianbao Rd, Shengfeng District, Xiaolan Town, Zhongshan City, Guangdong, China – 528400",https://wsrv.nl/?url=https%3A%2F%2Fi.ibb.co%2FvvgH6Cxw%2Fkappa-mini-03-mat-black-default.png&output=webp&q=78
Kappa Mini 12,ARFD1504,48V DC,NA,3000K, CRI>97,  L300*30*20mm,100°,12W,AJ/CG,ASTL1230/30/W,R-41159492,IS 10322 (PART 5/SEC1):2012,15649,"Guangdong Sat Technology Co. Ltd., No. 11 Lianbao Rd, Shengfeng District, Xiaolan Town, Zhongshan City, Guangdong, China – 528400",https://wsrv.nl/?url=https%3A%2F%2Fi.ibb.co%2FgLvPVm3G%2Fkappa-mini-06-white.png&output=webp&q=78
Kappa Mini 12,ARFD1504,48V DC,NA,3000K, CRI>97,  L300*30*20mm,100°,12W,AJ/CG,ASTL1230/30/CG,R-41159492,IS 10322 (PART 5/SEC1):2012,16649,"Guangdong Sat Technology Co. Ltd., No. 11 Lianbao Rd, Shengfeng District, Xiaolan Town, Zhongshan City, Guangdong, China – 528400",https://wsrv.nl/?url=https%3A%2F%2Fi.ibb.co%2FJw4zt6fc%2Fkappa-mini-04-champeing-gold.png&output=webp&q=78
Kappa Mini 12,ARFD1504,48V DC,NA,3000K, CRI>97,  L300*30*20mm,100°,12W,AJ/CG,ASTL1230/30/RG,R-41159492,IS 10322 (PART 5/SEC1):2012,16649,"Guangdong Sat Technology Co. Ltd., No. 11 Lianbao Rd, Shengfeng District, Xiaolan Town, Zhongshan City, Guangdong, China – 528400",https://wsrv.nl/?url=https%3A%2F%2Fi.ibb.co%2Fv6tjn6tp%2Fkappa-mini-08-rose-gold.png&output=webp&q=78
Kappa Mini 12,ARFD1504,48V DC,NA,3000K, CRI>97,  L300*30*20mm,100°,12W,AJ/CG,ASTL1230/30/BR,R-41159492,IS 10322 (PART 5/SEC1):2012,16649,"Guangdong Sat Technology Co. Ltd., No. 11 Lianbao Rd, Shengfeng District, Xiaolan Town, Zhongshan City, Guangdong, China – 528400",https://wsrv.nl/?url=https%3A%2F%2Fi.ibb.co%2F7dKmxf0w%2Fkappa-mini-10-brown.png&output=webp&q=78
Kappa Mini 12,ARFD1504,48V DC,NA,3000K, CRI>97,  L300*30*20mm,100°,12W,AJ/CG,ASTL1230/30/COF,R-41159492,IS 10322 (PART 5/SEC1):2012,16649,"Guangdong Sat Technology Co. Ltd., No. 11 Lianbao Rd, Shengfeng District, Xiaolan Town, Zhongshan City, Guangdong, China – 528400",https://wsrv.nl/?url=https%3A%2F%2Fi.ibb.co%2FGvZ8ZKPM%2Fkappa-mini-07-coffee.png&output=webp&q=78
Kappa Mini 12,ARFD1504,48V DC,NA,3000K, CRI>97,  L300*30*20mm,100°,12W,AJ/CG,ASTL1230/30/DGR,R-41159492,IS 10322 (PART 5/SEC1):2012,16649,"Guangdong Sat Technology Co. Ltd., No. 11 Lianbao Rd, Shengfeng District, Xiaolan Town, Zhongshan City, Guangdong, China – 528400",https://wsrv.nl/?url=https%3A%2F%2Fi.ibb.co%2FVpVhdQgC%2Fkappa-mini-09-dark-gray-default.png&output=webp&q=78
Kappa Mini 12,ARFD1504,48V DC,NA,3000K, CRI>97,  L300*30*20mm,100°,12W,AJ/CG,ASTL1230/30/BB,R-41159492,IS 10322 (PART 5/SEC1):2012,16649,"Guangdong Sat Technology Co. Ltd., No. 11 Lianbao Rd, Shengfeng District, Xiaolan Town, Zhongshan City, Guangdong, China – 528400",https://wsrv.nl/?url=https%3A%2F%2Fi.ibb.co%2Fhj2K1X9%2Fkappa-mini-06-ballet-blue.png&output=webp&q=78
Kappa Mini 12,ARFD1504,48V DC,NA,3000K, CRI>97,  L300*30*20mm,100°,12W,AJ/CG,ASTL1230/30/CH,R-41159492,IS 10322 (PART 5/SEC1):2012,16649,"Guangdong Sat Technology Co. Ltd., No. 11 Lianbao Rd, Shengfeng District, Xiaolan Town, Zhongshan City, Guangdong, China – 528400",https://wsrv.nl/?url=https%3A%2F%2Fi.ibb.co%2FHfjcRfLp%2Fkappa-mini-01-chrome.png&output=webp&q=78
Kappa Mini 12,ARFD1504,48V DC,NA,3000K, CRI>97,  L300*30*20mm,100°,12W,AJ/CG,ASTL1230/30/CHB,R-41159492,IS 10322 (PART 5/SEC1):2012,16649,"Guangdong Sat Technology Co. Ltd., No. 11 Lianbao Rd, Shengfeng District, Xiaolan Town, Zhongshan City, Guangdong, China – 528400",https://wsrv.nl/?url=https%3A%2F%2Fi.ibb.co%2F97PCVNr%2Fkappa-mini-02-chrome-black.png&output=webp&q=78
Kappa Mini 12,ARFD1504,48V DC,NA,3500K, CRI>97,  L300*30*20mm,100°,12W,AJ/CG,ASTL1230/35/B,R-41159492,IS 10322 (PART 5/SEC1):2012,15649,"Guangdong Sat Technology Co. Ltd., No. 11 Lianbao Rd, Shengfeng District, Xiaolan Town, Zhongshan City, Guangdong, China – 528400",https://wsrv.nl/?url=https%3A%2F%2Fi.ibb.co%2FvvgH6Cxw%2Fkappa-mini-03-mat-black-default.png&output=webp&q=78
Kappa Mini 12,ARFD1504,48V DC,NA,3500K, CRI>97,  L300*30*20mm,100°,12W,AJ/CG,ASTL1230/35/W,R-41159492,IS 10322 (PART 5/SEC1):2012,15649,"Guangdong Sat Technology Co. Ltd., No. 11 Lianbao Rd, Shengfeng District, Xiaolan Town, Zhongshan City, Guangdong, China – 528400",https://wsrv.nl/?url=https%3A%2F%2Fi.ibb.co%2FgLvPVm3G%2Fkappa-mini-06-white.png&output=webp&q=78
Kappa Mini 12,ARFD1504,48V DC,NA,3500K, CRI>97,  L300*30*20mm,100°,12W,AJ/CG,ASTL1230/35/CG,R-41159492,IS 10322 (PART 5/SEC1):2012,16649,"Guangdong Sat Technology Co. Ltd., No. 11 Lianbao Rd, Shengfeng District, Xiaolan Town, Zhongshan City, Guangdong, China – 528400",https://wsrv.nl/?url=https%3A%2F%2Fi.ibb.co%2FJw4zt6fc%2Fkappa-mini-04-champeing-gold.png&output=webp&q=78
Kappa Mini 12,ARFD1504,48V DC,NA,3500K, CRI>97,  L300*30*20mm,100°,12W,AJ/CG,ASTL1230/35/RG,R-41159492,IS 10322 (PART 5/SEC1):2012,16649,"Guangdong Sat Technology Co. Ltd., No. 11 Lianbao Rd, Shengfeng District, Xiaolan Town, Zhongshan City, Guangdong, China – 528400",https://wsrv.nl/?url=https%3A%2F%2Fi.ibb.co%2Fv6tjn6tp%2Fkappa-mini-08-rose-gold.png&output=webp&q=78
Kappa Mini 12,ARFD1504,48V DC,NA,3500K, CRI>97,  L300*30*20mm,100°,12W,AJ/CG,ASTL1230/35/BR,R-41159492,IS 10322 (PART 5/SEC1):2012,16649,"Guangdong Sat Technology Co. Ltd., No. 11 Lianbao Rd, Shengfeng District, Xiaolan Town, Zhongshan City, Guangdong, China – 528400",https://wsrv.nl/?url=https%3A%2F%2Fi.ibb.co%2F7dKmxf0w%2Fkappa-mini-10-brown.png&output=webp&q=78
Kappa Mini 12,ARFD1504,48V DC,NA,3500K, CRI>97,  L300*30*20mm,100°,12W,AJ/CG,ASTL1230/35/COF,R-41159492,IS 10322 (PART 5/SEC1):2012,16649,"Guangdong Sat Technology Co. Ltd., No. 11 Lianbao Rd, Shengfeng District, Xiaolan Town, Zhongshan City, Guangdong, China – 528400",https://wsrv.nl/?url=https%3A%2F%2Fi.ibb.co%2FGvZ8ZKPM%2Fkappa-mini-07-coffee.png&output=webp&q=78
Kappa Mini 12,ARFD1504,48V DC,NA,3500K, CRI>97,  L300*30*20mm,100°,12W,AJ/CG,ASTL1230/35/DGR,R-41159492,IS 10322 (PART 5/SEC1):2012,16649,"Guangdong Sat Technology Co. Ltd., No. 11 Lianbao Rd, Shengfeng District, Xiaolan Town, Zhongshan City, Guangdong, China – 528400",https://wsrv.nl/?url=https%3A%2F%2Fi.ibb.co%2FVpVhdQgC%2Fkappa-mini-09-dark-gray-default.png&output=webp&q=78
Kappa Mini 12,ARFD1504,48V DC,NA,3500K, CRI>97,  L300*30*20mm,100°,12W,AJ/CG,ASTL1230/35/BB,R-41159492,IS 10322 (PART 5/SEC1):2012,16649,"Guangdong Sat Technology Co. Ltd., No. 11 Lianbao Rd, Shengfeng District, Xiaolan Town, Zhongshan City, Guangdong, China – 528400",https://wsrv.nl/?url=https%3A%2F%2Fi.ibb.co%2Fhj2K1X9%2Fkappa-mini-06-ballet-blue.png&output=webp&q=78
Kappa Mini 12,ARFD1504,48V DC,NA,3500K, CRI>97,  L300*30*20mm,100°,12W,AJ/CG,ASTL1230/35/CH,R-41159492,IS 10322 (PART 5/SEC1):2012,16649,"Guangdong Sat Technology Co. Ltd., No. 11 Lianbao Rd, Shengfeng District, Xiaolan Town, Zhongshan City, Guangdong, China – 528400",https://wsrv.nl/?url=https%3A%2F%2Fi.ibb.co%2FHfjcRfLp%2Fkappa-mini-01-chrome.png&output=webp&q=78
Kappa Mini 12,ARFD1504,48V DC,NA,3500K, CRI>97,  L300*30*20mm,100°,12W,AJ/CG,ASTL1230/35/CHB,R-41159492,IS 10322 (PART 5/SEC1):2012,16649,"Guangdong Sat Technology Co. Ltd., No. 11 Lianbao Rd, Shengfeng District, Xiaolan Town, Zhongshan City, Guangdong, China – 528400",https://wsrv.nl/?url=https%3A%2F%2Fi.ibb.co%2F97PCVNr%2Fkappa-mini-02-chrome-black.png&output=webp&q=78
Kappa Mini 12,ARFD1504,48V DC,NA,4000K, CRI>97,  L300*30*20mm,100°,12W,AJ/CG,ASTL1230/40/B,R-41159492,IS 10322 (PART 5/SEC1):2012,15649,"Guangdong Sat Technology Co. Ltd., No. 11 Lianbao Rd, Shengfeng District, Xiaolan Town, Zhongshan City, Guangdong, China – 528400",https://wsrv.nl/?url=https%3A%2F%2Fi.ibb.co%2FvvgH6Cxw%2Fkappa-mini-03-mat-black-default.png&output=webp&q=78
Kappa Mini 12,ARFD1504,48V DC,NA,4000K, CRI>97,  L300*30*20mm,100°,12W,AJ/CG,ASTL1230/40/W,R-41159492,IS 10322 (PART 5/SEC1):2012,15649,"Guangdong Sat Technology Co. Ltd., No. 11 Lianbao Rd, Shengfeng District, Xiaolan Town, Zhongshan City, Guangdong, China – 528400",https://wsrv.nl/?url=https%3A%2F%2Fi.ibb.co%2FgLvPVm3G%2Fkappa-mini-06-white.png&output=webp&q=78
Kappa Mini 12,ARFD1504,48V DC,NA,4000K, CRI>97,  L300*30*20mm,100°,12W,AJ/CG,ASTL1230/40/CG,R-41159492,IS 10322 (PART 5/SEC1):2012,16649,"Guangdong Sat Technology Co. Ltd., No. 11 Lianbao Rd, Shengfeng District, Xiaolan Town, Zhongshan City, Guangdong, China – 528400",https://wsrv.nl/?url=https%3A%2F%2Fi.ibb.co%2FJw4zt6fc%2Fkappa-mini-04-champeing-gold.png&output=webp&q=78
Kappa Mini 12,ARFD1504,48V DC,NA,4000K, CRI>97,  L300*30*20mm,100°,12W,AJ/CG,ASTL1230/40/RG,R-41159492,IS 10322 (PART 5/SEC1):2012,16649,"Guangdong Sat Technology Co. Ltd., No. 11 Lianbao Rd, Shengfeng District, Xiaolan Town, Zhongshan City, Guangdong, China – 528400",https://wsrv.nl/?url=https%3A%2F%2Fi.ibb.co%2Fv6tjn6tp%2Fkappa-mini-08-rose-gold.png&output=webp&q=78
Kappa Mini 12,ARFD1504,48V DC,NA,4000K, CRI>97,  L300*30*20mm,100°,12W,AJ/CG,ASTL1230/40/BR,R-41159492,IS 10322 (PART 5/SEC1):2012,16649,"Guangdong Sat Technology Co. Ltd., No. 11 Lianbao Rd, Shengfeng District, Xiaolan Town, Zhongshan City, Guangdong, China – 528400",https://wsrv.nl/?url=https%3A%2F%2Fi.ibb.co%2F7dKmxf0w%2Fkappa-mini-10-brown.png&output=webp&q=78
Kappa Mini 12,ARFD1504,48V DC,NA,4000K, CRI>97,  L300*30*20mm,100°,12W,AJ/CG,ASTL1230/40/COF,R-41159492,IS 10322 (PART 5/SEC1):2012,16649,"Guangdong Sat Technology Co. Ltd., No. 11 Lianbao Rd, Shengfeng District, Xiaolan Town, Zhongshan City, Guangdong, China – 528400",https://wsrv.nl/?url=https%3A%2F%2Fi.ibb.co%2FGvZ8ZKPM%2Fkappa-mini-07-coffee.png&output=webp&q=78
Kappa Mini 12,ARFD1504,48V DC,NA,4000K, CRI>97,  L300*30*20mm,100°,12W,AJ/CG,ASTL1230/40/DGR,R-41159492,IS 10322 (PART 5/SEC1):2012,16649,"Guangdong Sat Technology Co. Ltd., No. 11 Lianbao Rd, Shengfeng District, Xiaolan Town, Zhongshan City, Guangdong, China – 528400",https://wsrv.nl/?url=https%3A%2F%2Fi.ibb.co%2FVpVhdQgC%2Fkappa-mini-09-dark-gray-default.png&output=webp&q=78
Kappa Mini 12,ARFD1504,48V DC,NA,4000K, CRI>97,  L300*30*20mm,100°,12W,AJ/CG,ASTL1230/40/BB,R-41159492,IS 10322 (PART 5/SEC1):2012,16649,"Guangdong Sat Technology Co. Ltd., No. 11 Lianbao Rd, Shengfeng District, Xiaolan Town, Zhongshan City, Guangdong, China – 528400",https://wsrv.nl/?url=https%3A%2F%2Fi.ibb.co%2Fhj2K1X9%2Fkappa-mini-06-ballet-blue.png&output=webp&q=78
Kappa Mini 12,ARFD1504,48V DC,NA,4000K, CRI>97,  L300*30*20mm,100°,12W,AJ/CG,ASTL1230/40/CH,R-41159492,IS 10322 (PART 5/SEC1):2012,16649,"Guangdong Sat Technology Co. Ltd., No. 11 Lianbao Rd, Shengfeng District, Xiaolan Town, Zhongshan City, Guangdong, China – 528400",https://wsrv.nl/?url=https%3A%2F%2Fi.ibb.co%2FHfjcRfLp%2Fkappa-mini-01-chrome.png&output=webp&q=78
Kappa Mini 12,ARFD1504,48V DC,NA,4000K, CRI>97,  L300*30*20mm,100°,12W,AJ/CG,ASTL1230/40/CHB,R-41159492,IS 10322 (PART 5/SEC1):2012,16649,"Guangdong Sat Technology Co. Ltd., No. 11 Lianbao Rd, Shengfeng District, Xiaolan Town, Zhongshan City, Guangdong, China – 528400",https://wsrv.nl/?url=https%3A%2F%2Fi.ibb.co%2F97PCVNr%2Fkappa-mini-02-chrome-black.png&output=webp&q=78
Kappa Mini 12,ARFD1504,48V DC,NA,5000K, CRI>97,  L300*30*20mm,100°,12W,AJ/CG,ASTL1230/50/B,R-41159492,IS 10322 (PART 5/SEC1):2012,15649,"Guangdong Sat Technology Co. Ltd., No. 11 Lianbao Rd, Shengfeng District, Xiaolan Town, Zhongshan City, Guangdong, China – 528400",https://wsrv.nl/?url=https%3A%2F%2Fi.ibb.co%2FvvgH6Cxw%2Fkappa-mini-03-mat-black-default.png&output=webp&q=78
Kappa Mini 12,ARFD1504,48V DC,NA,5000K, CRI>97,  L300*30*20mm,100°,12W,AJ/CG,ASTL1230/50/W,R-41159492,IS 10322 (PART 5/SEC1):2012,15649,"Guangdong Sat Technology Co. Ltd., No. 11 Lianbao Rd, Shengfeng District, Xiaolan Town, Zhongshan City, Guangdong, China – 528400",https://wsrv.nl/?url=https%3A%2F%2Fi.ibb.co%2FgLvPVm3G%2Fkappa-mini-06-white.png&output=webp&q=78
Kappa Mini 12,ARFD1504,48V DC,NA,5000K, CRI>97,  L300*30*20mm,100°,12W,AJ/CG,ASTL1230/50/CG,R-41159492,IS 10322 (PART 5/SEC1):2012,16649,"Guangdong Sat Technology Co. Ltd., No. 11 Lianbao Rd, Shengfeng District, Xiaolan Town, Zhongshan City, Guangdong, China – 528400",https://wsrv.nl/?url=https%3A%2F%2Fi.ibb.co%2FJw4zt6fc%2Fkappa-mini-04-champeing-gold.png&output=webp&q=78
Kappa Mini 12,ARFD1504,48V DC,NA,5000K, CRI>97,  L300*30*20mm,100°,12W,AJ/CG,ASTL1230/50/RG,R-41159492,IS 10322 (PART 5/SEC1):2012,16649,"Guangdong Sat Technology Co. Ltd., No. 11 Lianbao Rd, Shengfeng District, Xiaolan Town, Zhongshan City, Guangdong, China – 528400",https://wsrv.nl/?url=https%3A%2F%2Fi.ibb.co%2Fv6tjn6tp%2Fkappa-mini-08-rose-gold.png&output=webp&q=78
Kappa Mini 12,ARFD1504,48V DC,NA,5000K, CRI>97,  L300*30*20mm,100°,12W,AJ/CG,ASTL1230/50/BR,R-41159492,IS 10322 (PART 5/SEC1):2012,16649,"Guangdong Sat Technology Co. Ltd., No. 11 Lianbao Rd, Shengfeng District, Xiaolan Town, Zhongshan City, Guangdong, China – 528400",https://wsrv.nl/?url=https%3A%2F%2Fi.ibb.co%2F7dKmxf0w%2Fkappa-mini-10-brown.png&output=webp&q=78
Kappa Mini 12,ARFD1504,48V DC,NA,5000K, CRI>97,  L300*30*20mm,100°,12W,AJ/CG,ASTL1230/50/COF,R-41159492,IS 10322 (PART 5/SEC1):2012,16649,"Guangdong Sat Technology Co. Ltd., No. 11 Lianbao Rd, Shengfeng District, Xiaolan Town, Zhongshan City, Guangdong, China – 528400",https://wsrv.nl/?url=https%3A%2F%2Fi.ibb.co%2FGvZ8ZKPM%2Fkappa-mini-07-coffee.png&output=webp&q=78
Kappa Mini 12,ARFD1504,48V DC,NA,5000K, CRI>97,  L300*30*20mm,100°,12W,AJ/CG,ASTL1230/50/DGR,R-41159492,IS 10322 (PART 5/SEC1):2012,16649,"Guangdong Sat Technology Co. Ltd., No. 11 Lianbao Rd, Shengfeng District, Xiaolan Town, Zhongshan City, Guangdong, China – 528400",https://wsrv.nl/?url=https%3A%2F%2Fi.ibb.co%2FVpVhdQgC%2Fkappa-mini-09-dark-gray-default.png&output=webp&q=78
Kappa Mini 12,ARFD1504,48V DC,NA,5000K, CRI>97,  L300*30*20mm,100°,12W,AJ/CG,ASTL1230/50/BB,R-41159492,IS 10322 (PART 5/SEC1):2012,16649,"Guangdong Sat Technology Co. Ltd., No. 11 Lianbao Rd, Shengfeng District, Xiaolan Town, Zhongshan City, Guangdong, China – 528400",https://wsrv.nl/?url=https%3A%2F%2Fi.ibb.co%2Fhj2K1X9%2Fkappa-mini-06-ballet-blue.png&output=webp&q=78
Kappa Mini 12,ARFD1504,48V DC,NA,5000K, CRI>97,  L300*30*20mm,100°,12W,AJ/CG,ASTL1230/50/CH,R-41159492,IS 10322 (PART 5/SEC1):2012,16649,"Guangdong Sat Technology Co. Ltd., No. 11 Lianbao Rd, Shengfeng District, Xiaolan Town, Zhongshan City, Guangdong, China – 528400",https://wsrv.nl/?url=https%3A%2F%2Fi.ibb.co%2FHfjcRfLp%2Fkappa-mini-01-chrome.png&output=webp&q=78
Kappa Mini 12,ARFD1504,48V DC,NA,5000K, CRI>97,  L300*30*20mm,100°,12W,AJ/CG,ASTL1230/50/CHB,R-41159492,IS 10322 (PART 5/SEC1):2012,16649,"Guangdong Sat Technology Co. Ltd., No. 11 Lianbao Rd, Shengfeng District, Xiaolan Town, Zhongshan City, Guangdong, China – 528400",https://wsrv.nl/?url=https%3A%2F%2Fi.ibb.co%2F97PCVNr%2Fkappa-mini-02-chrome-black.png&output=webp&q=78
